,heatcool,light,total,vent,plug
2024-01-12 00:00:00,,,,,
2024-01-12 00:15:00,0.0,0.0,0.201171875,0.0,0.201171875
2024-01-12 00:30:00,0.0,0.0,0.099609375,0.0,0.099609375
2024-01-12 00:45:00,0.10009765625,0.0,0.19921875,0.10000610351568184,-0.0008850097656818434
2024-01-12 01:15:00,0.0,0.0,0.30078125,0.0,0.30078125
2024-01-12 01:30:00,0.0,0.0,0.0,0.0,0.0
2024-01-12 02:00:00,0.0,0.0,0.400390625,0.0,0.400390625
2024-01-12 02:30:00,0.0999755859375,0.0,0.19921875,0.0,0.0992431640625
2024-01-12 02:45:00,0.0,0.0,0.201171875,0.0,0.201171875
2024-01-12 03:00:00,0.0,0.0,0.19921875,0.0,0.19921875
2024-01-12 03:30:00,0.0,0.0,0.19921875,0.0,0.19921875
2024-01-12 03:45:00,0.0999755859375,0.0,0.1015625,0.0,0.0015869140625
2024-01-12 04:00:00,0.0,0.0,0.19921875,0.100006103515625,0.099212646484375
2024-01-12 05:00:00,0.0,0.199951171876819,0.80078125,0.0,0.600830078123181
2024-01-12 05:15:00,0.0999755859375,0.0,0.19921875,0.0,0.0992431640625
2024-01-12 05:30:00,0.0,0.10009765624818101,0.19921875,0.0,0.09912109375181899
2024-01-12 06:30:00,0.0999755859375,0.399902343751819,1.1015625,0.0,0.601684570310681
2024-01-12 06:45:00,0.0,0.10009765624818101,0.298828125,0.100006103515625,0.09872436523619399
2024-01-12 07:00:00,0.0,0.099853515625,0.30078125,0.0,0.200927734375
2024-01-12 07:30:00,0.0,0.900268554685681,1.400390625,0.0,0.500122070314319
2024-01-12 07:45:00,0.10009765625,0.499755859376819,0.8984375,0.0,0.298583984373181
2024-01-12 08:15:00,0.0999755859375,0.600341796875,1.201171875,0.0,0.5008544921875
2024-01-12 09:15:00,0.2999267578125,1.899658203125,4.0,0.0,1.8004150390625
2024-01-12 09:30:00,0.0,0.10009765625,0.400390625,0.0,0.30029296875
2024-01-12 10:15:00,0.2000732421875,1.5,3.599609375,0.10000610351568184,1.7995300292968182
2024-01-12 10:30:00,0.0999755859375,0.30029296875,0.69921875,0.0,0.2989501953125
2024-01-12 10:45:00,0.0,0.69970703125,1.701171875,0.0,1.00146484375
2024-01-12 11:30:00,0.199951171875,1.699951171873181,3.599609375,0.0,1.699707031251819
2024-01-12 12:15:00,0.10009765625,1.899963378908069,3.400390625,0.0,1.400329589841931
2024-01-12 12:45:00,0.0999755859375,1.30010986328125,2.099609375,0.0,0.69952392578125
2024-01-12 14:00:00,0.199951171875,4.100158691408069,7.19921875,0.09997558593738631,2.7991333007795447
2024-01-12 14:30:00,0.0,0.899719238279431,1.701171875,0.0,0.801452636720569
2024-01-12 14:45:00,0.0999755859375,1.300048828123181,2.19921875,0.0,0.799194335939319
2024-01-12 15:15:00,0.10009765625,0.90032958984375,1.80078125,0.0,0.80035400390625
2024-01-12 15:45:00,0.0999755859375,1.59967041015625,3.0,0.0,1.30035400390625
2024-01-12 16:00:00,0.0999755859375,0.699951171876819,1.099609375,0.10000610351568184,0.19967651366999917
2024-01-12 16:45:00,0.0999755859375,2.0,3.798828125,0.0,1.6988525390625
2024-01-12 17:00:00,0.0,0.699951171875,1.1015625,0.0,0.401611328125
2024-01-12 17:30:00,0.0,1.200439453125,2.19921875,0.0,0.998779296875
2024-01-12 18:00:00,0.0999755859375,0.89990234375,1.30078125,0.0,0.3009033203125
2024-01-12 18:15:00,0.0,0.800048828125,1.298828125,0.0,0.498779296875
2024-01-12 18:30:00,0.10009765625,0.899902343748181,1.201171875,0.0,0.201171875001819
2024-01-12 18:45:00,0.0,0.300048828126819,0.69921875,0.0,0.399169921873181
2024-01-12 19:00:00,0.0,0.099853515625,0.30078125,0.100006103515625,0.100921630859375
2024-01-12 19:30:00,0.0999755859375,0.400146484375,0.8984375,0.0,0.3983154296875
2024-01-12 20:15:00,0.0999755859375,0.80023193359375,1.701171875,0.0,0.80096435546875
2024-01-12 20:45:00,0.0999755859375,0.2996826171875,1.099609375,0.0,0.699951171875
2024-01-12 21:00:00,0.0,0.10003662109193101,0.0,0.0,-0.10003662109193101
2024-01-12 21:15:00,0.0,0.09997558594113798,0.5,0.0,0.400024414058862
2024-01-12 21:45:00,0.0,0.09997558593568101,0.400390625,0.0,0.300415039064319
2024-01-12 22:30:00,0.0999755859375,0.29974365234375,0.798828125,0.100006103515625,0.299102783203125
2024-01-12 22:45:00,0.0,0.0,0.201171875,0.0,0.201171875
2024-01-12 23:15:00,0.0,0.0,0.298828125,0.0,0.298828125
2024-01-13 00:00:00,0.10009765625,0.0,0.5,0.0,0.39990234375
2024-01-13 00:15:00,0.0,0.0,0.201171875,0.0,0.201171875
2024-01-13 00:30:00,0.0,0.0,0.19921875,0.0,0.19921875
2024-01-13 01:00:00,0.0999755859375,0.0,0.30078125,0.0,0.2008056640625
2024-01-13 01:15:00,0.0,0.0,0.099609375,0.10000610351568184,-0.0003967285156818434
2024-01-13 01:30:00,0.0,0.0,0.30078125,0.0,0.30078125
2024-01-13 01:45:00,0.0,0.0,0.099609375,0.0,0.099609375
2024-01-13 02:15:00,0.0,0.0,0.298828125,0.0,0.298828125
2024-01-13 02:30:00,0.0999755859375,0.0,0.201171875,0.0,0.1011962890625
2024-01-13 02:45:00,0.0,0.0,0.0,0.0,0.0
2024-01-13 03:30:00,0.0,0.0,0.5,0.0,0.5
2024-01-13 03:45:00,0.0,0.0,0.099609375,0.0,0.099609375
2024-01-13 04:00:00,0.0999755859375,0.0,0.19921875,0.0,0.0992431640625
2024-01-13 04:15:00,0.0,0.0,0.201171875,0.09997558593738631,0.10119628906261369
2024-01-13 04:30:00,0.0,0.10009765625,0.099609375,0.0,-0.00048828125
2024-01-13 04:45:00,0.0,0.0,0.19921875,0.0,0.19921875
2024-01-13 05:15:00,0.0,0.0,0.201171875,0.0,0.201171875
2024-01-13 05:45:00,0.0999755859375,0.0,0.400390625,0.0,0.3004150390625
2024-01-13 06:30:00,0.0,0.0,0.5,0.0,0.5
2024-01-13 06:45:00,0.10009765625,0.0,0.19921875,0.0,0.09912109375
2024-01-13 07:00:00,0.0,0.0,0.099609375,0.0,0.099609375
2024-01-13 07:30:00,0.0,0.09985351562681899,0.5,0.10000610351568184,0.30014038085749917
2024-01-13 07:45:00,0.0999755859375,0.0,0.30078125,0.0,0.2008056640625
2024-01-13 08:15:00,0.0,0.300048828123181,0.798828125,0.0,0.498779296876819
2024-01-13 08:30:00,0.0999755859375,0.0,0.1015625,0.0,0.0015869140625
2024-01-13 09:45:00,0.199951171875,0.5,1.8984375,0.0,1.198486328125
2024-01-13 10:00:00,0.0,0.0,0.1015625,0.0,0.1015625
2024-01-13 10:15:00,0.0,0.10009765625,0.3984375,0.0,0.29833984375
2024-01-13 11:15:00,0.2000732421875,0.39990234375,1.201171875,0.100006103515625,0.501190185546875
2024-01-13 11:45:00,0.0999755859375,0.199951171876819,0.900390625,0.0,0.600463867185681
2024-01-13 12:45:00,0.0999755859375,0.300048828123181,1.0,0.0,0.599975585939319
2024-01-13 13:00:00,0.0,0.199951171876819,0.599609375,0.0,0.399658203123181
2024-01-13 13:45:00,0.0999755859375,0.2001953125,0.900390625,0.100006103515625,0.500213623046875
2024-01-13 14:00:00,0.0,0.09985351562318101,0.099609375,0.0,-0.0002441406231810106
2024-01-13 14:15:00,0.10009765625,0.10009765625,0.599609375,0.0,0.3994140625
2024-01-13 14:30:00,0.0,0.0,0.099609375,0.0,0.099609375
2024-01-13 15:00:00,0.0999755859375,0.300048828126819,0.80078125,0.0,0.400756835935681
2024-01-13 15:45:00,0.0,0.0,0.69921875,0.0,0.69921875
2024-01-13 16:45:00,0.0999755859375,0.0,0.80078125,0.10000610351568184,0.6007995605468182
2024-01-13 17:00:00,0.0,0.0,0.099609375,0.0,0.099609375
2024-01-13 17:15:00,0.0,0.0,0.099609375,0.0,0.099609375
2024-01-13 17:30:00,0.0,0.0,0.201171875,0.0,0.201171875
2024-01-13 17:45:00,0.0,0.0,0.099609375,0.0,0.099609375
2024-01-13 18:15:00,0.0999755859375,0.0,0.400390625,0.0,0.3004150390625
2024-01-13 18:30:00,0.0,0.0,0.19921875,0.0,0.19921875
2024-01-13 18:45:00,0.0,0.0,0.099609375,0.0,0.099609375
2024-01-13 19:15:00,0.0999755859375,0.0,0.400390625,0.0,0.3004150390625
2024-01-13 19:30:00,0.0,0.0,0.0,0.0,0.0
2024-01-13 19:45:00,0.0,0.0,0.19921875,0.09997558593738631,0.09924316406261369
2024-01-13 20:15:00,0.0,0.0,0.30078125,0.0,0.30078125
2024-01-13 21:30:00,0.10009765625,0.0,0.900390625,0.0,0.80029296875
2024-01-13 21:45:00,0.0,0.0,0.19921875,0.0,0.19921875
2024-01-13 22:15:00,0.0999755859375,0.0,0.201171875,0.0,0.1011962890625
2024-01-13 22:30:00,0.0,0.0,0.19921875,0.0,0.19921875
2024-01-13 22:45:00,0.0,0.0,0.19921875,0.10000610351568184,0.09921264648431816
2024-01-13 23:00:00,0.0,0.0,0.1015625,0.0,0.1015625
2024-01-13 23:45:00,0.0999755859375,0.0,0.5,0.0,0.4000244140625
2024-01-14 00:00:00,0.0,0.0,0.099609375,0.0,0.099609375
2024-01-14 00:15:00,0.0,0.0,0.19921875,0.0,0.19921875
2024-01-14 00:45:00,0.0,0.0,0.30078125,0.0,0.30078125
2024-01-14 01:00:00,0.0999755859375,0.0,0.099609375,0.0,-0.0003662109375
2024-01-14 01:30:00,0.0,0.0,0.30078125,0.0,0.30078125
2024-01-14 01:45:00,0.0,0.0,0.099609375,0.100006103515625,-0.000396728515625
2024-01-14 03:00:00,0.0999755859375,0.0,0.900390625,0.0,0.8004150390625
2024-01-14 03:15:00,0.0,0.0,0.099609375,0.0,0.099609375
2024-01-14 03:30:00,0.0,0.0,0.19921875,0.0,0.19921875
2024-01-14 03:45:00,0.10009765625,0.0,0.099609375,0.0,-0.00048828125
2024-01-14 04:15:00,0.0,0.0,0.400390625,0.0,0.400390625
2024-01-14 04:30:00,0.0,0.0,0.0,0.0,0.0
2024-01-14 05:00:00,0.0,0.0,0.400390625,0.100006103515625,0.300384521484375
2024-01-14 05:30:00,0.0999755859375,0.0,0.400390625,0.0,0.3004150390625
2024-01-14 05:45:00,0.0,0.0,0.099609375,0.0,0.099609375
2024-01-14 07:00:00,0.0999755859375,0.0,0.80078125,0.0,0.7008056640625
2024-01-14 08:00:00,0.0999755859375,0.0,0.599609375,0.10000610351568184,0.39962768554681816
2024-01-14 08:30:00,0.0,0.199951171873181,0.5,0.0,0.300048828126819
2024-01-14 09:00:00,0.0,0.30029296875,0.599609375,0.0,0.29931640625
2024-01-14 09:15:00,0.0,0.0,0.19921875,0.0,0.19921875
2024-01-14 09:30:00,0.0999755859375,0.0,0.1015625,0.0,0.0015869140625
2024-01-14 09:45:00,0.0,0.0,0.298828125,0.0,0.298828125
2024-01-14 10:15:00,0.0,0.10009765625,0.400390625,0.0,0.30029296875
2024-01-14 10:30:00,0.0,0.0,0.099609375,0.0,0.099609375
2024-01-14 10:45:00,0.10009765625,0.0,0.201171875,0.0,0.10107421875
2024-01-14 11:15:00,0.0,0.0,0.298828125,0.09997558593738631,0.1988525390626137
2024-01-14 11:45:00,0.0,0.0,0.30078125,0.0,0.30078125
2024-01-14 12:00:00,0.0,0.0,0.099609375,0.0,0.099609375
2024-01-14 12:30:00,0.0999755859375,0.0,0.30078125,0.0,0.2008056640625
2024-01-14 12:45:00,0.0,0.0,0.19921875,0.0,0.19921875
2024-01-14 13:00:00,0.0,0.0,0.19921875,0.0,0.19921875
2024-01-14 13:15:00,0.0,0.0,0.1015625,0.0,0.1015625
2024-01-14 13:30:00,0.0,0.0,0.19921875,0.0,0.19921875
2024-01-14 13:45:00,0.0999755859375,0.0,0.099609375,0.0,-0.0003662109375
2024-01-14 14:00:00,0.0,0.0,0.30078125,0.10000610351568184,0.20077514648431816
2024-01-14 14:15:00,0.0,0.0,0.099609375,0.0,0.099609375
2024-01-14 14:30:00,0.0,0.0,0.19921875,0.0,0.19921875
2024-01-14 14:45:00,0.0,0.0,0.1015625,0.0,0.1015625
2024-01-14 15:00:00,0.0999755859375,0.0,0.099609375,0.0,-0.0003662109375
2024-01-14 15:45:00,0.0,0.0,0.5,0.0,0.5
2024-01-14 16:00:00,0.0,0.0,0.19921875,0.0,0.19921875
2024-01-14 16:30:00,0.0999755859375,0.0,0.30078125,0.0,0.2008056640625
2024-01-14 17:15:00,0.0,0.0,0.400390625,0.100006103515625,0.300384521484375
2024-01-14 17:30:00,0.0,0.0,0.19921875,0.0,0.19921875
2024-01-14 18:00:00,0.10009765625,0.0,0.30078125,0.0,0.20068359375
2024-01-14 18:30:00,0.0,0.0,0.298828125,0.0,0.298828125
2024-01-14 19:00:00,0.0,0.0,0.400390625,0.0,0.400390625
2024-01-14 19:15:00,0.0999755859375,0.0,0.099609375,0.0,-0.0003662109375
2024-01-14 19:30:00,0.0,0.09985351562681899,0.30078125,0.0,0.200927734373181
2024-01-14 20:00:00,0.0,0.0,0.298828125,0.0,0.298828125
2024-01-14 20:15:00,0.0,0.0,0.1015625,0.100006103515625,0.001556396484375
2024-01-14 20:30:00,0.0,0.0,0.099609375,0.0,0.099609375
2024-01-14 21:00:00,0.0999755859375,0.0,0.400390625,0.0,0.3004150390625
2024-01-14 21:15:00,0.0,0.0,0.0,0.0,0.0
2024-01-14 21:30:00,0.0,0.0,0.19921875,0.0,0.19921875
2024-01-14 21:45:00,0.0,0.0,0.19921875,0.0,0.19921875
2024-01-14 22:15:00,0.0999755859375,0.0,0.30078125,0.0,0.2008056640625
2024-01-14 23:15:00,0.0,0.0,0.599609375,0.0,0.599609375
2024-01-15 00:00:00,0.0999755859375,0.0,0.599609375,0.10000610351568184,0.39962768554681816
2024-01-15 00:15:00,0.0,0.0,0.0,0.0,0.0
2024-01-15 00:30:00,0.0,0.0,0.201171875,0.0,0.201171875
2024-01-15 00:45:00,0.0,0.0,0.099609375,0.0,0.099609375
2024-01-15 01:00:00,0.10009765625,0.0,0.099609375,0.0,-0.00048828125
2024-01-15 01:15:00,0.0,0.0,0.30078125,0.0,0.30078125
2024-01-15 01:45:00,0.0,0.0,0.298828125,0.0,0.298828125
2024-01-15 02:00:00,0.0,0.0,0.201171875,0.0,0.201171875
2024-01-15 03:00:00,0.0999755859375,0.0,0.5,0.09997558593738631,0.3000488281251137
2024-01-15 04:00:00,0.0999755859375,0.0,0.69921875,0.0,0.5992431640625
2024-01-15 04:15:00,0.0,0.0,0.099609375,0.0,0.099609375
2024-01-15 04:30:00,0.0,0.10009765624636202,0.30078125,0.0,0.20068359375363798
2024-01-15 04:45:00,0.0,0.10009765625363798,0.19921875,0.0,0.09912109374636202
2024-01-15 05:00:00,0.0999755859375,0.09985351562318101,0.30078125,0.0,0.10095214843931899
2024-01-15 05:30:00,0.0,0.199951171876819,0.5,0.10000610351568184,0.20004272460749917
2024-01-15 05:45:00,0.0,0.0,0.099609375,0.0,0.099609375
2024-01-15 06:00:00,0.0,0.10009765624636202,0.30078125,0.0,0.20068359375363798
2024-01-15 06:45:00,0.0999755859375,0.300048828126819,0.798828125,0.0,0.398803710935681
2024-01-15 07:30:00,0.10009765625,0.7996826171875,1.201171875,0.0,0.3013916015625
2024-01-15 07:45:00,0.0,0.60009765625,1.099609375,0.0,0.49951171875
2024-01-15 08:15:00,0.0999755859375,1.199951171875,2.099609375,0.0,0.7996826171875
2024-01-15 09:00:00,0.199951171875,1.400146484375,2.5,0.100006103515625,0.799896240234375
2024-01-15 09:15:00,0.0999755859375,0.299560546875,0.80078125,0.0,0.4012451171875
2024-01-15 09:45:00,0.2000732421875,1.400146484375,2.900390625,0.0,1.3001708984375
2024-01-15 10:15:00,0.0999755859375,1.30029296875,3.0,0.0,1.5997314453125
2024-01-15 10:30:00,0.0999755859375,0.599853515625,1.298828125,0.0,0.5989990234375
2024-01-15 10:45:00,0.0,0.199951171875,0.5,0.0,0.300048828125
2024-01-15 11:15:00,0.300048828125,1.69970703125,3.5,0.0,1.500244140625
2024-01-15 11:30:00,0.0,0.10009765625,0.5,0.0,0.39990234375
2024-01-15 12:45:00,0.4000244140625,3.300048828125,6.80078125,0.100006103515625,3.000701904296875
2024-01-15 13:00:00,0.0,0.400390625,0.798828125,0.0,0.3984375
2024-01-15 13:45:00,0.199951171875,1.599853515625,3.400390625,0.0,1.6005859375
2024-01-15 14:00:00,0.0,0.90008544921875,1.80078125,0.0,0.90069580078125
2024-01-15 14:30:00,0.0999755859375,1.599853515625,3.099609375,0.10000610351568184,1.2997741699218182
2024-01-15 14:45:00,0.0999755859375,0.199951171875,0.400390625,0.0,0.1004638671875
2024-01-15 15:00:00,0.0,0.99993896484375,2.19921875,0.0,1.19927978515625
2024-01-15 15:15:00,0.10009765625,0.7000732421875,1.400390625,0.0,0.6002197265625
2024-01-15 15:45:00,0.0999755859375,1.000244140625,2.099609375,0.0,0.9993896484375
2024-01-15 16:00:00,0.0,0.599609375,1.30078125,0.0,0.701171875
2024-01-15 16:15:00,0.0999755859375,0.600341796875,1.19921875,0.0,0.4989013671875
2024-01-15 16:30:00,0.0,0.699951171875,1.599609375,0.0,0.899658203125
2024-01-15 16:45:00,0.0,0.300048828125,0.400390625,0.0,0.100341796875
2024-01-15 17:00:00,0.0999755859375,1.0,2.0,0.0,0.9000244140625
2024-01-15 17:15:00,0.0999755859375,0.49951171875,1.099609375,0.0,0.5001220703125
2024-01-15 17:30:00,0.0,0.50048828125,1.1015625,0.09997558593738631,0.5010986328126137
2024-01-15 18:15:00,0.2000732421875,1.599609375,2.8984375,0.0,1.0987548828125
2024-01-15 19:15:00,0.0999755859375,1.900146484375,3.1015625,0.0,1.1014404296875
2024-01-15 20:00:00,0.0,0.0,0.5,0.0,0.5
2024-01-15 20:15:00,0.0999755859375,0.0,0.19921875,0.0,0.0992431640625
2024-01-15 21:15:00,0.0,0.0,0.599609375,0.10000610351568184,0.49960327148431816
2024-01-15 21:30:00,0.0,0.0,0.201171875,0.0,0.201171875
2024-01-15 21:45:00,0.0999755859375,0.0,0.298828125,0.0,0.1988525390625
2024-01-15 22:00:00,0.0,0.0,0.099609375,0.0,0.099609375
2024-01-16 00:00:00,0.10009765625,0.0,1.400390625,0.100006103515625,1.200286865234375
2024-01-16 00:45:00,0.0999755859375,0.0,0.5,0.0,0.4000244140625
2024-01-16 01:00:00,0.0,0.0,0.099609375,0.0,0.099609375
2024-01-16 01:15:00,0.0,0.0,0.201171875,0.0,0.201171875
2024-01-16 01:45:00,0.0,0.0,0.298828125,0.0,0.298828125
2024-01-16 02:45:00,0.0999755859375,0.0,0.6015625,0.0,0.5015869140625
2024-01-16 03:30:00,0.0999755859375,0.0,0.5,0.100006103515625,0.300018310546875
2024-01-16 04:30:00,0.0,0.0,0.69921875,0.0,0.69921875
2024-01-16 04:45:00,0.0999755859375,0.099853515625,0.30078125,0.0,0.1009521484375
2024-01-16 05:15:00,0.0,0.2001953125,0.599609375,0.0,0.3994140625
2024-01-16 05:30:00,0.0,0.099853515625,0.19921875,0.0,0.099365234375
2024-01-16 05:45:00,0.0,0.0,0.201171875,0.0,0.201171875
2024-01-16 06:00:00,0.0,0.199951171875,0.298828125,0.10000610351568184,-0.0011291503906818434
2024-01-16 06:15:00,0.10009765625,0.10009765625,0.30078125,0.0,0.1005859375
2024-01-16 06:30:00,0.0,0.0,0.099609375,0.0,0.099609375
2024-01-16 06:45:00,0.0,0.10009765625,0.400390625,0.0,0.30029296875
2024-01-16 07:00:00,0.0,0.099853515625,0.400390625,0.0,0.300537109375
2024-01-16 07:30:00,0.0999755859375,1.0,1.599609375,0.0,0.4996337890625
2024-01-16 08:00:00,0.0999755859375,0.600341796875,1.0,0.0,0.2996826171875
2024-01-16 08:15:00,0.0,0.599853515625,1.298828125,0.0,0.698974609375
2024-01-16 08:30:00,0.0999755859375,0.500244140625,0.80078125,0.0,0.2005615234375
2024-01-16 10:15:00,0.5,4.29998779296875,9.0,0.09997558593738631,4.100036621093864
2024-01-16 10:30:00,0.0999755859375,0.69970703125,1.30078125,0.0,0.5010986328125
2024-01-16 10:45:00,0.0,0.400146484373181,0.8984375,0.0,0.498291015626819
2024-01-16 11:15:00,0.10009765625,1.499633789064319,3.1015625,0.0,1.501831054685681
2024-01-16 11:30:00,0.0,0.2001953125,0.5,0.0,0.2998046875
2024-01-16 11:45:00,0.0999755859375,0.89990234375,1.798828125,0.0,0.7989501953125
2024-01-16 12:15:00,0.0999755859375,1.0003662109375,2.0,0.10000610351568184,0.7996520996093182
2024-01-16 12:30:00,0.0999755859375,0.899658203125,1.701171875,0.0,0.7015380859375
2024-01-16 12:45:00,0.0999755859375,0.900085449220569,1.599609375,0.0,0.599548339841931
2024-01-16 13:00:00,0.10009765625,0.699707031246362,1.400390625,0.0,0.600585937503638
2024-01-16 13:30:00,0.0999755859375,1.100097656253638,2.798828125,0.0,1.598754882808862
2024-01-16 13:45:00,0.0,0.700317382810681,1.30078125,0.0,0.600463867189319
2024-01-16 14:15:00,0.0999755859375,0.89990234375,1.798828125,0.0,0.7989501953125
2024-01-16 14:30:00,0.0,0.600341796875,1.30078125,0.0,0.700439453125
2024-01-16 15:30:00,0.0999755859375,3.09967041015625,5.900390625,0.100006103515625,2.600738525390625
2024-01-16 16:00:00,0.0,1.0,2.19921875,0.0,1.19921875
2024-01-16 16:30:00,0.0,1.3001708984375,2.5,0.0,1.1998291015625
2024-01-16 16:45:00,0.0,0.599609375,1.201171875,0.0,0.6015625
2024-01-16 17:15:00,0.0999755859375,1.400085449216931,2.3984375,0.0,0.898376464845569
2024-01-16 17:45:00,0.0,1.100097656253638,2.201171875,0.0,1.101074218746362
2024-01-16 18:15:00,0.0,0.900146484373181,1.69921875,0.100006103515625,0.699066162111194
2024-01-16 18:30:00,0.10009765625,0.7998046875,1.30078125,0.0,0.40087890625
2024-01-16 19:00:00,0.0,1.2001953125,2.0,0.0,0.7998046875
2024-01-16 19:30:00,0.0,0.89990234375,1.298828125,0.0,0.39892578125
2024-01-16 20:00:00,0.0999755859375,1.300048828123181,1.80078125,0.0,0.400756835939319
2024-01-16 20:30:00,0.0,0.2998046875,0.69921875,0.0,0.3994140625
2024-01-16 21:15:00,0.0999755859375,0.7001953125,1.5,0.10000610351568184,0.5998229980468182
2024-01-16 21:30:00,0.0,0.09985351562681899,0.1015625,0.0,0.0017089843731810106
2024-01-16 22:00:00,0.0,0.5,1.099609375,0.0,0.599609375
2024-01-16 22:15:00,0.0,0.2001953125,0.298828125,0.0,0.0986328125
2024-01-16 22:30:00,0.0999755859375,0.0,0.201171875,0.0,0.1011962890625
2024-01-16 23:00:00,0.0,0.0,0.298828125,0.0,0.298828125
2024-01-16 23:30:00,0.0,0.0,0.201171875,0.0,0.201171875
2024-01-17 00:00:00,0.0999755859375,0.0,0.298828125,0.0,0.1988525390625
2024-01-17 00:30:00,0.0,0.0,0.30078125,0.09997558593738631,0.2008056640626137
2024-01-17 00:45:00,0.0,0.0,0.19921875,0.0,0.19921875
2024-01-17 01:00:00,0.0,0.0,0.1015625,0.0,0.1015625
2024-01-17 01:30:00,0.10009765625,0.0,0.298828125,0.0,0.19873046875
2024-01-17 01:45:00,0.0,0.0,0.201171875,0.0,0.201171875
2024-01-17 02:15:00,0.0,0.0,0.298828125,0.0,0.298828125
2024-01-17 02:45:00,0.0999755859375,0.0,0.30078125,0.0,0.2008056640625
2024-01-17 03:45:00,0.0,0.0,0.599609375,0.10000610351568184,0.49960327148431816
2024-01-17 04:30:00,0.0999755859375,0.199951171873181,0.69921875,0.0,0.399291992189319
2024-01-17 05:00:00,0.0,0.10009765625363798,0.30078125,0.0,0.20068359374636202
2024-01-17 05:30:00,0.0,0.199951171873181,0.599609375,0.0,0.399658203126819
2024-01-17 05:45:00,0.0999755859375,0.09985351562681899,0.201171875,0.0,0.0013427734356810106
2024-01-17 06:30:00,0.0,0.300048828123181,0.798828125,0.100006103515625,0.398773193361194
2024-01-17 08:00:00,0.2000732421875,1.60009765625,3.099609375,0.0,1.2994384765625
2024-01-17 08:30:00,0.0999755859375,0.899658203126819,1.6015625,0.0,0.601928710935681
2024-01-17 08:45:00,0.0999755859375,0.500244140623181,1.099609375,0.0,0.499389648439319
2024-01-17 09:00:00,0.0,0.2001953125,0.400390625,0.0,0.2001953125
2024-01-17 09:15:00,0.199951171875,1.0,2.099609375,0.0,0.899658203125
2024-01-17 09:45:00,0.10009765625,1.1998291015625,2.298828125,0.100006103515625,0.898895263671875
2024-01-17 10:00:00,0.0999755859375,0.499755859375,1.400390625,0.0,0.8006591796875
2024-01-17 10:15:00,0.0,0.900329589841931,1.900390625,0.0,1.000061035158069
2024-01-17 10:45:00,0.0999755859375,1.0,2.30078125,0.0,1.2008056640625
2024-01-17 11:00:00,0.0999755859375,0.599853515626819,1.298828125,0.0,0.598999023435681
2024-01-17 11:30:00,0.0,1.0999755859375,2.201171875,0.0,1.1011962890625
2024-01-17 11:45:00,0.0,1.099853515625,1.8984375,0.0,0.798583984375
2024-01-17 12:15:00,0.0999755859375,0.9000244140625,2.0,0.0,1.0
2024-01-17 12:30:00,0.0,0.700439453125,1.400390625,0.0,0.699951171875
2024-01-17 13:00:00,0.0,1.099792480466931,2.400390625,0.10000610351568184,1.2005920410173871
2024-01-17 13:15:00,0.10009765625,0.899902343753638,1.80078125,0.0,0.800781249996362
2024-01-17 13:30:00,0.0999755859375,0.600219726560681,1.298828125,0.0,0.598632812501819
2024-01-17 13:45:00,0.0,0.7998046875,1.900390625,0.0,1.1005859375
2024-01-17 14:30:00,0.199951171875,1.69989013671875,3.599609375,0.0,1.69976806640625
2024-01-17 14:45:00,0.0999755859375,0.800537109375,1.701171875,0.0,0.8006591796875
2024-01-17 15:30:00,0.2000732421875,1.7994384765625,4.0,0.09997558593738631,1.9005126953126137
2024-01-17 16:00:00,0.0999755859375,1.100341796875,2.19921875,0.0,0.9989013671875
2024-01-17 16:15:00,0.0,0.899536132810681,1.80078125,0.0,0.901245117189319
2024-01-17 17:00:00,0.0,1.500183105470569,3.19921875,0.0,1.699035644529431
2024-01-17 17:15:00,0.0999755859375,0.60009765625,1.19921875,0.0,0.4991455078125
2024-01-17 17:45:00,0.0,1.400146484376819,2.701171875,0.0,1.301025390623181
2024-01-17 18:15:00,0.0999755859375,0.899658203123181,1.798828125,0.0,0.799194335939319
2024-01-17 18:30:00,0.0,0.900146484376819,1.5,0.0,0.599853515623181
2024-01-17 19:00:00,0.10009765625,0.699951171873181,1.30078125,0.10000610351568184,0.40072631836113715
2024-01-17 19:15:00,0.0,0.7001953125,1.400390625,0.0,0.7001953125
2024-01-17 19:30:00,0.0,0.2998046875,0.5,0.0,0.2001953125
2024-01-17 20:15:00,0.0999755859375,1.2001953125,2.0,0.0,0.6998291015625
2024-01-17 21:15:00,0.199951171875,0.7001953125,1.5,0.0,0.599853515625
2024-01-17 22:00:00,0.0,0.199951171873181,0.798828125,0.100006103515625,0.498870849611194
2024-01-17 22:30:00,0.0999755859375,0.0,0.30078125,0.0,0.2008056640625
2024-01-17 22:45:00,0.0,0.0,0.099609375,0.0,0.099609375
2024-01-17 23:00:00,0.0,0.0,0.201171875,0.0,0.201171875
2024-01-17 23:30:00,0.0,0.0,0.298828125,0.0,0.298828125
2024-01-17 23:45:00,0.0,0.0,0.099609375,0.0,0.099609375
2024-01-18 00:00:00,0.10009765625,0.0,0.1015625,0.0,0.00146484375
2024-01-18 00:45:00,0.0,0.0,0.5,0.100006103515625,0.399993896484375
2024-01-18 01:00:00,0.0,0.0,0.099609375,0.0,0.099609375
2024-01-18 01:15:00,0.0,0.0,0.19921875,0.0,0.19921875
2024-01-18 01:30:00,0.0999755859375,0.0,0.30078125,0.0,0.2008056640625
2024-01-18 01:45:00,0.0,0.0,0.099609375,0.0,0.099609375
2024-01-18 02:00:00,0.0,0.0,0.099609375,0.0,0.099609375
2024-01-18 02:15:00,0.0,0.0,0.201171875,0.0,0.201171875
2024-01-18 02:30:00,0.0,0.0,0.19921875,0.0,0.19921875
2024-01-18 02:45:00,0.0999755859375,0.0,0.099609375,0.0,-0.0003662109375
2024-01-18 03:00:00,0.0,0.0,0.099609375,0.0,0.099609375
2024-01-18 03:30:00,0.0,0.0,0.30078125,0.0,0.30078125
2024-01-18 04:00:00,0.0,0.0,0.400390625,0.10000610351568184,0.30038452148431816
2024-01-18 05:00:00,0.0999755859375,0.199951171876819,0.69921875,0.0,0.399291992185681
2024-01-18 05:15:00,0.0,0.10009765625,0.30078125,0.0,0.20068359375
2024-01-18 05:30:00,0.0,0.09985351562681899,0.099609375,0.0,-0.0002441406268189894
2024-01-18 06:45:00,0.0999755859375,0.400146484373181,1.30078125,0.0,0.800659179689319
2024-01-18 07:00:00,0.10009765625,0.09985351562681899,0.19921875,0.09997558593738631,-0.1007080078142053
2024-01-18 07:15:00,0.0,0.0,0.19921875,0.0,0.19921875
2024-01-18 07:30:00,0.0,0.499755859373181,0.80078125,0.0,0.301025390626819
2024-01-18 07:45:00,0.0999755859375,0.7998046875,1.5,0.0,0.6002197265625
2024-01-18 08:15:00,0.0999755859375,1.0003662109375,1.5,0.0,0.399658203125
2024-01-18 08:45:00,0.0,0.39990234375,1.0,0.0,0.60009765625
2024-01-18 09:00:00,0.0999755859375,0.89984130859375,1.5,0.0,0.50018310546875
2024-01-18 09:15:00,0.0,0.300292968748181,0.80078125,0.0,0.500488281251819
2024-01-18 09:45:00,0.0999755859375,0.899597167970569,2.19921875,0.0,1.199645996091931
2024-01-18 10:30:00,0.2000732421875,2.0003662109375,5.099609375,0.10000610351568184,2.799163818359318
2024-01-18 10:45:00,0.0,0.300170898435681,0.80078125,0.0,0.500610351564319
2024-01-18 11:00:00,0.0999755859375,0.7998046875,1.798828125,0.0,0.8990478515625
2024-01-18 11:30:00,0.0999755859375,0.799987792970569,1.701171875,0.0,0.801208496091931
2024-01-18 12:30:00,0.0999755859375,3.20025634765625,6.69921875,0.0,3.39898681640625
2024-01-18 13:15:00,0.10009765625,2.799560546873181,5.400390625,0.100006103515625,2.400726318361194
2024-01-18 13:45:00,0.0,1.100097656253638,2.19921875,0.0,1.099121093746362
2024-01-18 14:00:00,0.0999755859375,1.200012207029431,2.1015625,0.0,0.801574707033069
2024-01-18 14:15:00,0.0,0.500183105470569,1.099609375,0.0,0.599426269529431
2024-01-18 14:30:00,0.0,1.599792480466931,2.5,0.0,0.900207519533069
2024-01-18 15:00:00,0.0,1.000305175779431,2.099609375,0.0,1.099304199220569
2024-01-18 15:30:00,0.0999755859375,1.799743652345569,3.099609375,0.0,1.199890136716931
2024-01-18 16:00:00,0.0,1.99981689453125,3.599609375,0.0,1.59979248046875
2024-01-18 16:15:00,0.0,0.70037841796875,1.0,0.100006103515625,0.199615478515625
2024-01-18 16:30:00,0.0,1.09991455078125,2.0,0.0,0.90008544921875
2024-01-18 16:45:00,0.0,0.4996337890625,1.0,0.0,0.5003662109375
2024-01-18 17:45:00,0.0999755859375,3.100219726564319,5.80078125,0.0,2.600585937498181
2024-01-18 18:00:00,0.0,1.0,1.599609375,0.0,0.599609375
2024-01-18 19:00:00,0.0999755859375,1.600341796873181,2.80078125,0.0,1.100463867189319
2024-01-18 19:30:00,0.0,0.899658203126819,1.5,0.10000610351568184,0.5003356933574992
2024-01-18 19:45:00,0.10009765625,0.300048828123181,0.400390625,0.0,0.0002441406268189894
2024-01-18 20:45:00,0.0,0.09985351562318101,0.798828125,0.0,0.698974609376819
2024-01-18 21:00:00,0.0999755859375,0.0,0.201171875,0.0,0.1011962890625
2024-01-18 21:15:00,0.0,0.0,0.099609375,0.0,0.099609375
2024-01-18 21:30:00,0.0,0.0,0.298828125,0.0,0.298828125
2024-01-18 21:45:00,0.0,0.0,0.201171875,0.0,0.201171875
2024-01-18 23:00:00,0.0999755859375,0.0,0.798828125,0.09997558593738631,0.5988769531251137
2024-01-18 23:30:00,0.0,0.0,0.400390625,0.0,0.400390625
2024-01-19 00:30:00,0.0999755859375,0.0,0.701171875,0.0,0.6011962890625
2024-01-19 01:00:00,0.0,0.0,0.19921875,0.0,0.19921875
2024-01-19 01:45:00,0.0999755859375,0.0,0.599609375,0.10000610351568184,0.39962768554681816
2024-01-19 02:15:00,0.0,0.0,0.400390625,0.0,0.400390625
2024-01-19 02:30:00,0.10009765625,0.0,0.099609375,0.0,-0.00048828125
2024-01-19 03:15:00,0.0,0.0,0.599609375,0.0,0.599609375
2024-01-19 03:30:00,0.0,0.0,0.0,0.0,0.0
2024-01-19 03:45:00,0.0,0.0,0.201171875,0.0,0.201171875
2024-01-19 04:00:00,0.0999755859375,0.0,0.298828125,0.0,0.1988525390625
2024-01-19 04:15:00,0.0,0.0,0.1015625,0.0,0.1015625
2024-01-19 04:45:00,0.0,0.2001953125,0.3984375,0.100006103515625,0.098236083984375
2024-01-19 05:15:00,0.0,0.199951171876819,0.6015625,0.0,0.401611328123181
2024-01-19 06:15:00,0.0999755859375,0.300048828123181,0.8984375,0.0,0.498413085939319
2024-01-19 06:45:00,0.0,0.199951171876819,0.5,0.0,0.300048828123181
2024-01-19 07:00:00,0.0999755859375,0.09985351562318101,0.400390625,0.0,0.200561523439319
2024-01-19 07:15:00,0.0,0.10009765625363798,0.30078125,0.0,0.20068359374636202
2024-01-19 07:30:00,0.0,0.699890136716931,1.099609375,0.100006103515625,0.299713134767444
2024-01-19 07:45:00,0.0,0.800537109375,1.19921875,0.0,0.398681640625
2024-01-19 08:00:00,0.0999755859375,0.3994140625,0.701171875,0.0,0.2017822265625
2024-01-19 08:15:00,0.0,0.400146484375,0.69921875,0.0,0.299072265625
2024-01-19 08:30:00,0.0,0.400146484376819,0.80078125,0.0,0.400634765623181
2024-01-19 09:00:00,0.0,1.100097656248181,1.798828125,0.0,0.698730468751819
2024-01-19 09:15:00,0.10009765625,0.599609375,1.30078125,0.0,0.60107421875
2024-01-19 11:15:00,0.199951171875,4.399902343751819,9.400390625,0.10000610351568184,4.700531005857499
2024-01-19 11:45:00,0.0,1.400146484373181,3.298828125,0.0,1.898681640626819
2024-01-19 12:30:00,0.0999755859375,2.000244140626819,4.201171875,0.0,2.100952148435681
2024-01-19 12:45:00,0.0,0.10009765624818101,0.400390625,0.0,0.300292968751819
2024-01-19 13:00:00,0.0999755859375,0.899658203125,1.5,0.0,0.5003662109375
2024-01-19 13:45:00,0.0,1.800048828126819,3.599609375,0.09997558593738631,1.6995849609357947
2024-01-19 14:00:00,0.10009765625,0.400146484373181,0.798828125,0.0,0.298583984376819
2024-01-19 14:15:00,0.0,0.6998291015625,1.1015625,0.0,0.4017333984375
2024-01-19 14:30:00,0.0,0.600341796875,1.099609375,0.0,0.499267578125
2024-01-19 15:00:00,0.0999755859375,1.099853515625,2.19921875,0.0,0.9993896484375
2024-01-19 15:30:00,0.0,1.0,1.701171875,0.0,0.701171875
2024-01-19 15:45:00,0.0999755859375,0.599853515623181,1.099609375,0.0,0.399780273439319
2024-01-19 16:15:00,0.0,1.2001953125,2.298828125,0.0,1.0986328125
2024-01-19 16:30:00,0.0999755859375,0.7998046875,1.30078125,0.10000610351568184,0.30099487304681816
2024-01-19 16:45:00,0.0,0.2001953125,0.30078125,0.0,0.1005859375
2024-01-19 17:15:00,0.0999755859375,1.400146484376819,2.599609375,0.0,1.099487304685681
2024-01-19 17:30:00,0.0,0.599609375,0.798828125,0.0,0.19921875
2024-01-19 18:00:00,0.0,0.80029296875,1.400390625,0.0,0.60009765625
2024-01-19 18:15:00,0.0,0.10009765625,0.400390625,0.0,0.30029296875
2024-01-19 18:30:00,0.10009765625,0.699951171875,1.099609375,0.0,0.299560546875
2024-01-19 19:30:00,0.0,0.499755859375,1.201171875,0.0,0.701416015625
2024-01-19 19:45:00,0.0,0.0,0.19921875,0.100006103515625,0.099212646484375
2024-01-19 20:00:00,0.0999755859375,0.0,0.0,0.0,-0.0999755859375
2024-01-19 20:15:00,0.0,0.0,0.19921875,0.0,0.19921875
2024-01-19 20:30:00,0.0,0.0,0.1015625,0.0,0.1015625
2024-01-19 20:45:00,0.0,0.0,0.19921875,0.0,0.19921875
2024-01-19 21:00:00,0.0,0.0,0.099609375,0.0,0.099609375
2024-01-19 21:45:00,0.0999755859375,0.0,0.400390625,0.0,0.3004150390625
2024-01-19 22:30:00,0.0,0.0,0.599609375,0.0,0.599609375
2024-01-19 22:45:00,0.0,0.0,0.0,0.0,0.0
2024-01-20 00:00:00,0.0999755859375,0.0,0.80078125,0.100006103515625,0.600799560546875
2024-01-20 00:30:00,0.0999755859375,0.0,0.19921875,0.0,0.0992431640625
2024-01-20 00:45:00,0.0,0.0,0.201171875,0.0,0.201171875
2024-01-20 01:15:00,0.0,0.0,0.19921875,0.0,0.19921875
2024-01-20 01:30:00,0.0,0.0,0.099609375,0.0,0.099609375
2024-01-20 01:45:00,0.10009765625,0.0,0.30078125,0.10000610351568184,0.10067749023431816
2024-01-20 02:00:00,0.0,0.0,0.099609375,0.0,0.099609375
2024-01-20 02:30:00,0.0,0.0,0.30078125,0.0,0.30078125
2024-01-20 02:45:00,0.0,0.0,0.19921875,0.0,0.19921875
2024-01-20 03:15:00,0.0999755859375,0.0,0.30078125,0.0,0.2008056640625
2024-01-20 03:30:00,0.0,0.0,0.099609375,0.0,0.099609375
2024-01-20 04:15:00,0.0,0.0,0.400390625,0.0,0.400390625
2024-01-20 05:00:00,0.0999755859375,0.0,0.3984375,0.09997558593738631,0.1984863281251137
2024-01-20 05:15:00,0.0,0.0,0.201171875,0.0,0.201171875
2024-01-20 05:30:00,0.0,0.0,0.0,0.0,0.0
2024-01-20 05:45:00,0.0999755859375,0.0,0.19921875,0.0,0.0992431640625
2024-01-20 06:00:00,0.0,0.0,0.099609375,0.0,0.099609375
2024-01-20 06:45:00,0.0,0.10009765625,0.5,0.0,0.39990234375
2024-01-20 07:30:00,0.0999755859375,0.0,0.5,0.0,0.4000244140625
2024-01-20 07:45:00,0.0,0.0,0.201171875,0.0,0.201171875
2024-01-20 08:15:00,0.0,0.0,0.400390625,0.10000610351568184,0.30038452148431816
2024-01-20 08:30:00,0.0,0.09985351562318101,0.19921875,0.0,0.09936523437681899
2024-01-20 09:30:00,0.10009765625,0.400146484376819,0.900390625,0.0,0.400146484373181
2024-01-20 09:45:00,0.0,0.09985351562318101,0.19921875,0.0,0.09936523437681899
2024-01-20 10:00:00,0.0,0.0,0.201171875,0.0,0.201171875
2024-01-20 10:15:00,0.0999755859375,0.10009765625181899,0.19921875,0.0,-0.0008544921893189894
2024-01-20 10:30:00,0.0,0.699707031248181,0.69921875,0.0,-0.0004882812481810106
2024-01-20 11:00:00,0.0,0.2001953125,0.701171875,0.100006103515625,0.400970458984375
2024-01-20 11:15:00,0.0,0.0,0.099609375,0.0,0.099609375
2024-01-20 11:45:00,0.0999755859375,0.0,0.30078125,0.0,0.2008056640625
2024-01-20 12:00:00,0.0,0.0,0.099609375,0.0,0.099609375
2024-01-20 12:15:00,0.0,0.0,0.19921875,0.0,0.19921875
2024-01-20 12:30:00,0.0,0.0,0.099609375,0.0,0.099609375
2024-01-20 13:15:00,0.0999755859375,0.0,0.30078125,0.0,0.2008056640625
2024-01-20 13:30:00,0.0,0.0,0.30078125,0.0,0.30078125
2024-01-20 13:45:00,0.0,0.0,0.099609375,0.0,0.099609375
2024-01-20 14:00:00,0.0,0.0,0.099609375,0.0,0.099609375
2024-01-20 14:45:00,0.0999755859375,0.0,0.400390625,0.100006103515625,0.200408935546875
2024-01-20 15:00:00,0.0,0.0,0.099609375,0.0,0.099609375
2024-01-20 15:30:00,0.0,0.10009765625181899,0.400390625,0.0,0.300292968748181
2024-01-20 16:00:00,0.10009765625,0.0,0.298828125,0.0,0.19873046875
2024-01-20 16:15:00,0.0,0.0,0.1015625,0.0,0.1015625
2024-01-20 16:30:00,0.0,0.0,0.099609375,0.0,0.099609375
2024-01-20 17:15:00,0.0999755859375,0.0,0.400390625,0.10000610351568184,0.20040893554681816
2024-01-20 17:30:00,0.0,0.0,0.19921875,0.0,0.19921875
2024-01-20 18:30:00,0.0,0.0,0.5,0.0,0.5
2024-01-20 19:00:00,0.0999755859375,0.0,0.30078125,0.0,0.2008056640625
2024-01-20 19:15:00,0.0,0.2001953125,0.298828125,0.0,0.0986328125
2024-01-20 19:45:00,0.0,0.0,0.201171875,0.0,0.201171875
2024-01-20 20:45:00,0.0999755859375,0.0,0.599609375,0.09997558593738631,0.3996582031251137
2024-01-20 21:15:00,0.0,0.0,0.400390625,0.0,0.400390625
2024-01-20 21:30:00,0.0999755859375,0.0,0.099609375,0.0,-0.0003662109375
2024-01-20 21:45:00,0.0,0.0,0.099609375,0.0,0.099609375
2024-01-20 22:30:00,0.0,0.0,0.5,0.0,0.5
2024-01-20 23:00:00,0.10009765625,0.0,0.19921875,0.0,0.09912109375
2024-01-20 23:15:00,0.0,0.0,0.30078125,0.10000610351568184,0.20077514648431816
2024-01-21 00:00:00,0.0,0.0,0.19921875,0.0,0.19921875
2024-01-21 01:15:00,0.0999755859375,0.0,0.701171875,0.0,0.6011962890625
2024-01-21 01:30:00,0.0,0.0,0.19921875,0.0,0.19921875
2024-01-21 02:00:00,0.0999755859375,0.0,0.30078125,0.0,0.2008056640625
2024-01-21 02:45:00,0.0,0.0,0.400390625,0.100006103515625,0.300384521484375
2024-01-21 03:00:00,0.0,0.0,0.099609375,0.0,0.099609375
2024-01-21 03:15:00,0.0999755859375,0.0,0.19921875,0.0,0.0992431640625
2024-01-21 03:30:00,0.0,0.0,0.099609375,0.0,0.099609375
2024-01-21 03:45:00,0.0,0.0,0.1015625,0.0,0.1015625
2024-01-21 04:00:00,0.0,0.0,0.19921875,0.0,0.19921875
2024-01-21 04:15:00,0.0,0.10009765624818101,0.19921875,0.0,0.09912109375181899
2024-01-21 04:30:00,0.0999755859375,0.0,0.201171875,0.0,0.1011962890625
2024-01-21 05:15:00,0.0,0.0,0.400390625,0.0,0.400390625
2024-01-21 06:00:00,0.10009765625,0.0,0.3984375,0.100006103515625,0.198333740234375
2024-01-21 06:45:00,0.0,0.0,0.400390625,0.0,0.400390625
2024-01-21 07:00:00,0.0,0.0,0.201171875,0.0,0.201171875
2024-01-21 07:15:00,0.0999755859375,0.0,0.0,0.0,-0.0999755859375
2024-01-21 07:30:00,0.0,0.0,0.19921875,0.0,0.19921875
2024-01-21 08:00:00,0.0,0.0,0.19921875,0.0,0.19921875
2024-01-21 08:30:00,0.0,0.0,0.400390625,0.10000610351568184,0.30038452148431816
2024-01-21 08:45:00,0.0999755859375,0.0,0.099609375,0.0,-0.0003662109375
2024-01-21 09:00:00,0.0,0.09985351562681899,0.30078125,0.0,0.200927734373181
2024-01-21 09:30:00,0.0,0.10009765625,0.30078125,0.0,0.20068359375
2024-01-21 10:00:00,0.0,0.0,0.3984375,0.0,0.3984375
2024-01-21 10:15:00,0.0999755859375,0.0,0.1015625,0.0,0.0015869140625
2024-01-21 10:45:00,0.0,0.0,0.19921875,0.0,0.19921875
2024-01-21 11:00:00,0.0,0.0,0.19921875,0.0,0.19921875
2024-01-21 11:45:00,0.0999755859375,0.0,0.5,0.09997558593738631,0.3000488281251137
2024-01-21 12:00:00,0.0,0.0,0.1015625,0.0,0.1015625
2024-01-21 12:15:00,0.0,0.0,0.19921875,0.0,0.19921875
2024-01-21 12:45:00,0.0,0.0,0.19921875,0.0,0.19921875
2024-01-21 13:30:00,0.10009765625,0.0,0.5,0.0,0.39990234375
2024-01-21 14:00:00,0.0,0.0,0.201171875,0.0,0.201171875
2024-01-21 14:15:00,0.0,0.0,0.19921875,0.0,0.19921875
2024-01-21 14:30:00,0.0999755859375,0.0,0.201171875,0.0,0.1011962890625
2024-01-21 14:45:00,0.0,0.0,0.099609375,0.10000610351568184,-0.0003967285156818434
2024-01-21 15:00:00,0.0,0.0,0.0,0.0,0.0
2024-01-21 15:30:00,0.0,0.0,0.400390625,0.0,0.400390625
2024-01-21 15:45:00,0.0999755859375,0.0,0.099609375,0.0,-0.0003662109375
2024-01-21 16:00:00,0.0,0.0,0.19921875,0.0,0.19921875
2024-01-21 16:30:00,0.0,0.0,0.201171875,0.0,0.201171875
2024-01-21 16:45:00,0.0,0.0,0.19921875,0.0,0.19921875
2024-01-21 17:00:00,0.0,0.0,0.099609375,0.0,0.099609375
2024-01-21 17:15:00,0.0999755859375,0.0,0.201171875,0.0,0.1011962890625
2024-01-21 19:00:00,0.0999755859375,0.09985351562318101,0.8984375,0.100006103515625,0.598602294923694
2024-01-21 19:15:00,0.0,0.0,0.1015625,0.0,0.1015625
2024-01-21 19:30:00,0.0,0.0,0.19921875,0.0,0.19921875
2024-01-21 19:45:00,0.0,0.0,0.099609375,0.0,0.099609375
2024-01-21 20:15:00,0.10009765625,0.0,0.30078125,0.0,0.20068359375
2024-01-21 20:30:00,0.0,0.0,0.099609375,0.0,0.099609375
2024-01-21 20:45:00,0.0,0.0,0.19921875,0.100006103515625,0.099212646484375
2024-01-21 21:00:00,0.0,0.0,0.1015625,0.0,0.1015625
2024-01-21 21:15:00,0.0,0.0,0.099609375,0.0,0.099609375
2024-01-21 21:30:00,0.0999755859375,0.0,0.19921875,0.0,0.0992431640625
2024-01-21 22:15:00,0.0,0.0,0.400390625,0.0,0.400390625
2024-01-21 22:30:00,0.0,0.0,0.19921875,0.0,0.19921875
2024-01-21 22:45:00,0.0,0.0,0.0,0.0,0.0
2024-01-21 23:30:00,0.0999755859375,0.0,0.5,0.0,0.4000244140625
2024-01-21 23:45:00,0.0,0.0,0.201171875,0.10000610351568184,0.10116577148431816
2024-01-22 00:00:00,0.0,0.0,0.099609375,0.0,0.099609375
2024-01-22 00:15:00,0.0999755859375,0.0,0.099609375,0.0,-0.0003662109375
2024-01-22 00:45:00,0.0,0.0,0.30078125,0.0,0.30078125
2024-01-22 01:00:00,0.0,0.0,0.19921875,0.0,0.19921875
2024-01-22 01:15:00,0.0,0.0,0.0,0.0,0.0
2024-01-22 01:30:00,0.0,0.0,0.099609375,0.0,0.099609375
2024-01-22 02:00:00,0.0999755859375,0.0,0.30078125,0.0,0.2008056640625
2024-01-22 02:15:00,0.0,0.0,0.19921875,0.0,0.19921875
2024-01-22 02:30:00,0.0,0.0,0.201171875,0.0,0.201171875
2024-01-22 02:45:00,0.0,0.0,0.099609375,0.0,0.099609375
2024-01-22 03:00:00,0.10009765625,0.0,0.19921875,0.09997558593738631,-0.0008544921873863132
2024-01-22 03:15:00,0.0,0.0,0.1015625,0.0,0.1015625
2024-01-22 03:30:00,0.0,0.0,0.099609375,0.0,0.099609375
2024-01-22 03:45:00,0.0,0.0,0.19921875,0.0,0.19921875
2024-01-22 05:00:00,0.0999755859375,0.10009765625181899,0.80078125,0.0,0.600708007810681
2024-01-22 05:15:00,0.0,0.10009765624818101,0.19921875,0.0,0.09912109375181899
2024-01-22 05:30:00,0.0,0.09985351562681899,0.30078125,0.0,0.200927734373181
2024-01-22 06:15:00,0.0999755859375,0.300048828125,0.69921875,0.10000610351568184,0.19918823242181816
2024-01-22 06:30:00,0.0,0.10009765624818101,0.201171875,0.0,0.10107421875181899
2024-01-22 07:00:00,0.0,0.199951171876819,0.599609375,0.0,0.399658203123181
2024-01-22 07:45:00,0.0999755859375,1.499694824220569,2.099609375,0.0,0.499938964841931
2024-01-22 08:00:00,0.0,0.2001953125,0.5,0.0,0.2998046875
2024-01-22 08:15:00,0.0,0.5,0.900390625,0.0,0.400390625
2024-01-22 09:00:00,0.300048828125,1.699951171873181,3.298828125,0.100006103515625,1.198822021486194
2024-01-22 10:30:00,0.5,3.39990234375,7.701171875,0.0,3.80126953125
2024-01-22 10:45:00,0.0,0.30029296875,0.900390625,0.0,0.60009765625
2024-01-22 11:45:00,0.2999267578125,2.89971923828125,5.599609375,0.0,2.39996337890625
2024-01-22 12:30:00,0.2000732421875,1.700134277345569,2.69921875,0.100006103515625,0.699005126951306
2024-01-22 13:15:00,0.199951171875,2.099731445310681,3.701171875,0.0,1.401489257814319
2024-01-22 13:30:00,0.0,0.7003173828125,1.298828125,0.0,0.5985107421875
2024-01-22 13:45:00,0.0999755859375,0.699890136720569,1.30078125,0.0,0.500915527341931
2024-01-22 14:00:00,0.10009765625,0.899719238279431,2.19921875,0.0,1.199401855470569
2024-01-22 15:00:00,0.2999267578125,2.400146484376819,4.80078125,0.0,2.100708007810681
2024-01-22 15:30:00,0.2000732421875,1.600036621091931,3.0,0.10000610351568184,1.0998840332048871
2024-01-22 16:00:00,0.0,0.899963378908069,2.19921875,0.0,1.299255371091931
2024-01-22 16:15:00,0.0999755859375,1.0,1.80078125,0.0,0.7008056640625
2024-01-22 17:30:00,0.199951171875,2.7001953125,5.69921875,0.0,2.799072265625
2024-01-22 18:00:00,0.0,1.100036621091931,2.30078125,0.0,1.200744628908069
2024-01-22 18:30:00,0.2000732421875,0.899902343751819,2.0,0.09997558593738631,0.8000488281232947
2024-01-22 18:45:00,0.0,0.10009765624818101,0.19921875,0.0,0.09912109375181899
2024-01-22 20:00:00,0.2999267578125,1.599609375,3.30078125,0.0,1.4012451171875
2024-01-22 20:15:00,0.0,0.300292968751819,0.298828125,0.0,-0.0014648437518189894
2024-01-22 20:45:00,0.0999755859375,0.2001953125,0.80078125,0.0,0.5006103515625
2024-01-22 21:00:00,0.0,0.0,0.19921875,0.0,0.19921875
2024-01-22 22:30:00,0.10009765625,0.199707031248181,0.900390625,0.10000610351568184,0.5005798339861371
2024-01-22 22:45:00,0.0,0.0,0.201171875,0.0,0.201171875
2024-01-22 23:00:00,0.0999755859375,0.0,0.099609375,0.0,-0.0003662109375
2024-01-22 23:15:00,0.0,0.0,0.099609375,0.0,0.099609375
2024-01-22 23:30:00,0.0,0.0,0.19921875,0.0,0.19921875
2024-01-23 00:00:00,0.0,0.0,0.201171875,0.0,0.201171875
2024-01-23 00:15:00,0.0,0.0,0.19921875,0.0,0.19921875
2024-01-23 00:45:00,0.0999755859375,0.0,0.201171875,0.100006103515625,0.001190185546875
2024-01-23 01:00:00,0.0,0.0,0.099609375,0.0,0.099609375
2024-01-23 01:15:00,0.0,0.0,0.298828125,0.0,0.298828125
2024-01-23 01:30:00,0.0,0.0,0.0,0.0,0.0
2024-01-23 01:45:00,0.0,0.0,0.201171875,0.0,0.201171875
2024-01-23 02:15:00,0.0999755859375,0.0,0.298828125,0.0,0.1988525390625
2024-01-23 02:45:00,0.0,0.0,0.201171875,0.0,0.201171875
2024-01-23 03:45:00,0.0999755859375,0.0,0.599609375,0.100006103515625,0.399627685546875
2024-01-23 04:00:00,0.0,0.0,0.099609375,0.0,0.099609375
2024-01-23 04:15:00,0.0,0.0,0.30078125,0.0,0.30078125
2024-01-23 04:30:00,0.0,0.099853515625,0.099609375,0.0,-0.000244140625
2024-01-23 04:45:00,0.10009765625,0.10009765625,0.400390625,0.0,0.2001953125
2024-01-23 05:00:00,0.0,0.0,0.099609375,0.0,0.099609375
2024-01-23 05:45:00,0.0,0.300048828125,0.69921875,0.0,0.399169921875
2024-01-23 06:00:00,0.0,0.199951171875,0.30078125,0.0,0.100830078125
2024-01-23 06:30:00,0.0999755859375,0.099853515625,0.5,0.10000610351568184,0.20016479492181816
2024-01-23 07:00:00,0.0,0.2001953125,0.400390625,0.0,0.2001953125
2024-01-23 07:15:00,0.0,0.0,0.099609375,0.0,0.099609375
2024-01-23 07:45:00,0.199951171875,1.2000732421875,2.19921875,0.09997558593738631,0.6992187500001137
2024-01-23 08:00:00,0.0,0.399658203123181,0.900390625,0.0,0.500732421876819
2024-01-23 08:30:00,0.0999755859375,0.7001953125,1.0,0.10000610351568184,0.09982299804681816
2024-01-23 09:15:00,0.2000732421875,1.7001953125,3.900390625,0.30001831054693184,1.7001037597655682
2024-01-23 09:30:00,0.0999755859375,0.699951171876819,1.400390625,0.09997558593738631,0.5004882812482947
2024-01-23 10:00:00,0.199951171875,1.199951171875,3.0,0.10000610351568184,1.5000915527343182
2024-01-23 11:15:00,0.4000244140625,2.899902343748181,7.0,0.39999389648431816,3.300079345705001
2024-01-23 11:30:00,0.0,0.199951171876819,0.5,0.0,0.300048828123181
2024-01-23 11:45:00,0.0999755859375,1.000244140623181,2.19921875,0.10000610351568184,0.9989929199236371
2024-01-23 12:00:00,0.10009765625,0.5,0.80078125,0.0,0.20068359375
2024-01-23 12:15:00,0.0,0.2998046875,0.69921875,0.0,0.3994140625
2024-01-23 12:30:00,0.0999755859375,0.800292968751819,1.5,0.0,0.599731445310681
2024-01-23 12:45:00,0.0,0.499755859375,0.80078125,0.0,0.301025390625
2024-01-23 13:00:00,0.0999755859375,0.600341796873181,1.19921875,0.0,0.498901367189319
2024-01-23 13:15:00,0.0999755859375,0.7998046875,1.80078125,0.0,0.9010009765625
2024-01-23 13:45:00,0.0999755859375,1.099853515626819,2.599609375,0.100006103515625,1.299774169920056
2024-01-23 14:30:00,0.2000732421875,1.699951171873181,3.599609375,0.0,1.699584960939319
2024-01-23 14:45:00,0.0999755859375,0.600341796876819,1.30078125,0.0,0.600463867185681
2024-01-23 15:00:00,0.0999755859375,0.69970703125,1.69921875,0.0,0.8995361328125
2024-01-23 15:15:00,0.0,0.400146484373181,0.900390625,0.0,0.500244140626819
2024-01-23 15:30:00,0.0999755859375,0.800048828126819,1.599609375,0.0,0.699584960935681
2024-01-23 16:15:00,0.10009765625,1.7998046875,3.80078125,0.0,1.90087890625
2024-01-23 16:30:00,0.0999755859375,0.700439453125,1.400390625,0.100006103515625,0.499969482421875
2024-01-23 17:00:00,0.199951171875,1.299560546875,3.19921875,0.0,1.69970703125
2024-01-23 17:15:00,0.0,0.10009765625,0.5,0.0,0.39990234375
2024-01-23 18:00:00,0.300048828125,2.2998046875,4.400390625,0.0,1.800537109375
2024-01-23 18:15:00,0.0,0.30029296875,0.69921875,0.0,0.39892578125
2024-01-23 18:30:00,0.0999755859375,0.599609375,0.900390625,0.0,0.2008056640625
2024-01-23 18:45:00,0.0,0.699951171873181,1.30078125,0.0,0.600830078126819
2024-01-23 19:00:00,0.0,0.300292968751819,0.298828125,0.0,-0.0014648437518189894
2024-01-23 19:15:00,0.0999755859375,0.500244140625,0.900390625,0.0,0.3001708984375
2024-01-23 19:45:00,0.0,0.799560546875,1.599609375,0.10000610351568184,0.7000427246093182
2024-01-23 20:00:00,0.0,0.400390625,0.701171875,0.0,0.30078125
2024-01-23 20:15:00,0.0,0.2998046875,0.3984375,0.0,0.0986328125
2024-01-23 20:45:00,0.0999755859375,0.699951171875,1.30078125,0.0,0.5008544921875
2024-01-23 21:15:00,0.0,0.800048828125,1.30078125,0.0,0.500732421875
2024-01-23 22:00:00,0.10009765625,0.0,0.5,0.0,0.39990234375
2024-01-23 22:30:00,0.0,0.0,0.3984375,0.0,0.3984375
2024-01-23 22:45:00,0.0,0.0,0.1015625,0.09997558593738631,0.0015869140626136868
2024-01-23 23:15:00,0.0999755859375,0.0,0.3984375,0.0,0.2984619140625
2024-01-23 23:45:00,0.0,0.0,0.30078125,0.0,0.30078125
2024-01-24 00:00:00,0.0,0.0,0.099609375,0.0,0.099609375
2024-01-24 00:15:00,0.0,0.0,0.201171875,0.0,0.201171875
2024-01-24 00:30:00,0.0,0.0,0.0,0.0,0.0
2024-01-24 00:45:00,0.0999755859375,0.0,0.19921875,0.0,0.0992431640625
2024-01-24 01:30:00,0.0,0.0,0.400390625,0.0,0.400390625
2024-01-24 02:15:00,0.0999755859375,0.0,0.5,0.10000610351568184,0.30001831054681816
2024-01-24 02:30:00,0.0,0.0,0.099609375,0.0,0.099609375
2024-01-24 03:15:00,0.0,0.0,0.400390625,0.0,0.400390625
2024-01-24 03:30:00,0.0999755859375,0.0,0.298828125,0.0,0.1988525390625
2024-01-24 04:45:00,0.10009765625,0.10009765624818101,0.900390625,0.100006103515625,0.600189208986194
2024-01-24 05:00:00,0.0,0.09985351562681899,0.201171875,0.0,0.10131835937318101
2024-01-24 05:15:00,0.0,0.10009765625,0.19921875,0.0,0.09912109375
2024-01-24 05:45:00,0.0,0.199951171875,0.5,0.0,0.300048828125
2024-01-24 06:15:00,0.0999755859375,0.10009765624818101,0.400390625,0.0,0.200317382814319
2024-01-24 06:45:00,0.0,0.199951171876819,0.5,0.0,0.300048828123181
2024-01-24 07:15:00,0.0,0.199951171875,0.5,0.0,0.300048828125
2024-01-24 07:30:00,0.0999755859375,0.7001953125,1.400390625,0.100006103515625,0.500213623046875
2024-01-24 07:45:00,0.0,0.199462890625,0.298828125,0.0,0.099365234375
2024-01-24 08:15:00,0.0999755859375,1.100341796875,2.099609375,0.19998168945306816,0.6993103027344318
2024-01-24 08:45:00,0.2000732421875,1.2001953125,2.0,0.10000610351568184,0.49972534179681816
2024-01-24 09:30:00,0.199951171875,1.499511718748181,3.201171875,0.20001220703125,1.301696777345569
2024-01-24 09:45:00,0.0999755859375,0.400390625,0.900390625,0.10000610351568184,0.30001831054681816
2024-01-24 10:00:00,0.0999755859375,0.7998046875,1.8984375,0.09997558593738631,0.8986816406251137
2024-01-24 10:30:00,0.2000732421875,1.500183105470569,3.30078125,0.10000610351568184,1.5005187988262492
2024-01-24 10:45:00,0.0,0.599853515626819,1.30078125,0.100006103515625,0.600921630857556
2024-01-24 11:00:00,0.0999755859375,0.600219726560681,0.8984375,0.0,0.198242187501819
2024-01-24 11:15:00,0.0,0.2001953125,0.900390625,0.100006103515625,0.600189208984375
2024-01-24 12:00:00,0.300048828125,1.999755859375,3.900390625,0.29998779296875,1.30059814453125
2024-01-24 12:15:00,0.0999755859375,0.800048828125,1.80078125,0.0,0.9007568359375
2024-01-24 13:15:00,0.199951171875,2.2999267578125,4.5,0.0,2.0001220703125
2024-01-24 13:30:00,0.0999755859375,0.599853515626819,1.298828125,0.0,0.598999023435681
2024-01-24 14:00:00,0.0,1.300048828123181,2.400390625,0.100006103515625,1.000335693361194
2024-01-24 14:15:00,0.10009765625,0.60009765625,1.30078125,0.0,0.6005859375
2024-01-24 14:45:00,0.0,1.399658203126819,2.798828125,0.0,1.399169921873181
2024-01-24 15:00:00,0.0999755859375,0.500366210935681,0.900390625,0.0,0.300048828126819
2024-01-24 15:15:00,0.0,0.69964599609375,1.400390625,0.0,0.70074462890625
2024-01-24 15:30:00,0.0,0.4000244140625,0.900390625,0.0,0.5003662109375
2024-01-24 15:45:00,0.0999755859375,1.30023193359375,2.3984375,0.0,0.99822998046875
2024-01-24 16:00:00,0.0,0.199951171875,0.5,0.0,0.300048828125
2024-01-24 16:15:00,0.0999755859375,1.400146484375,2.400390625,0.0,0.9002685546875
2024-01-24 16:30:00,0.0999755859375,0.2998046875,0.900390625,0.0,0.5006103515625
2024-01-24 16:45:00,0.0,0.60009765625,1.19921875,0.100006103515625,0.499114990234375
2024-01-24 17:00:00,0.10009765625,0.700317382814319,1.1015625,0.0,0.301147460935681
2024-01-24 17:15:00,0.0,0.699707031246362,1.599609375,0.0,0.899902343753638
2024-01-24 17:45:00,0.0999755859375,0.999877929689319,1.69921875,0.0,0.599365234373181
2024-01-24 18:00:00,0.0999755859375,0.500244140625,0.701171875,0.0,0.1009521484375
2024-01-24 18:30:00,0.0,1.099853515625,2.099609375,0.0,0.999755859375
2024-01-24 18:45:00,0.0,0.400085449216931,0.798828125,0.0,0.398742675783069
2024-01-24 19:00:00,0.0999755859375,0.399902343751819,0.6015625,0.0,0.10168457031068101
2024-01-24 19:15:00,0.0,0.2998046875,0.599609375,0.0,0.2998046875
2024-01-24 19:45:00,0.0,0.500488281248181,0.900390625,0.10000610351568184,0.29989624023613715
2024-01-24 20:00:00,0.0,0.09985351562681899,0.3984375,0.0,0.298583984373181
2024-01-24 20:15:00,0.0,0.0,0.1015625,0.0,0.1015625
2024-01-24 20:30:00,0.0999755859375,0.10009765625,0.19921875,0.0,-0.0008544921875
2024-01-24 21:00:00,0.0,0.09985351562318101,0.599609375,0.0,0.499755859376819
2024-01-24 21:15:00,0.0,0.10009765625181899,0.30078125,0.0,0.200683593748181
2024-01-24 21:30:00,0.0,0.10009765624818101,0.298828125,0.0,0.198730468751819
2024-01-24 21:45:00,0.0,0.199951171876819,0.5,0.0,0.300048828123181
2024-01-24 22:45:00,0.10009765625,0.199951171875,1.1015625,0.09997558593738631,0.7015380859376137
2024-01-24 23:00:00,0.0,0.0,0.099609375,0.0,0.099609375
2024-01-24 23:15:00,0.0,0.0,0.19921875,0.0,0.19921875
2024-01-24 23:30:00,0.0999755859375,0.0,0.201171875,0.0,0.1011962890625
2024-01-25 00:00:00,0.0,0.0,0.298828125,0.0,0.298828125
2024-01-25 00:30:00,0.0,0.0,0.400390625,0.0,0.400390625
2024-01-25 01:00:00,0.0999755859375,0.0,0.400390625,0.0,0.3004150390625
2024-01-25 01:30:00,0.0,0.0,0.400390625,0.0,0.400390625
2024-01-25 01:45:00,0.0,0.0,0.298828125,0.10000610351568184,0.19882202148431816
2024-01-25 02:00:00,0.0,0.0,0.099609375,0.0,0.099609375
2024-01-25 02:30:00,0.0999755859375,0.0,0.30078125,0.0,0.2008056640625
2024-01-25 02:45:00,0.0,0.0,0.30078125,0.0,0.30078125
2024-01-25 03:00:00,0.0,0.0,0.19921875,0.0,0.19921875
2024-01-25 03:15:00,0.0,0.0,0.19921875,0.0,0.19921875
2024-01-25 03:45:00,0.0999755859375,0.0,0.400390625,0.0,0.3004150390625
2024-01-25 04:00:00,0.0,0.0,0.099609375,0.0,0.099609375
2024-01-25 04:30:00,0.0,0.199462890625,0.5,0.0,0.300537109375
2024-01-25 05:15:00,0.10009765625,0.300048828123181,0.900390625,0.100006103515625,0.400238037111194
2024-01-25 05:45:00,0.0,0.199951171876819,0.599609375,0.0,0.399658203123181
2024-01-25 06:00:00,0.0,0.10009765625,0.1015625,0.0,0.00146484375
2024-01-25 06:45:00,0.0999755859375,0.300048828125,1.0,0.0,0.5999755859375
2024-01-25 07:00:00,0.0,0.099853515625,0.3984375,0.0,0.298583984375
2024-01-25 07:30:00,0.0,0.2001953125,0.900390625,0.0,0.7001953125
2024-01-25 08:00:00,0.0999755859375,1.4002685546875,1.900390625,0.0,0.400146484375
2024-01-25 08:30:00,0.199951171875,0.999755859376819,1.80078125,0.100006103515625,0.501068115232556
2024-01-25 08:45:00,0.0,0.2998046875,0.5,0.0,0.2001953125
2024-01-25 09:00:00,0.10009765625,0.700439453123181,1.3984375,0.0,0.597900390626819
2024-01-25 09:15:00,0.0,0.69970703125,1.1015625,0.0,0.40185546875
2024-01-25 09:30:00,0.0999755859375,0.400390625,1.298828125,0.0,0.7984619140625
2024-01-25 09:45:00,0.0999755859375,0.599365234375,1.30078125,0.0,0.6014404296875
2024-01-25 10:00:00,0.0999755859375,0.500488281251819,1.19921875,0.0,0.598754882810681
2024-01-25 11:00:00,0.300048828125,2.099487304685681,4.80078125,0.10000610351568184,2.301239013673637
2024-01-25 11:30:00,0.0999755859375,1.00054931640625,2.400390625,0.0,1.29986572265625
2024-01-25 12:30:00,0.300048828125,1.899597167966931,4.099609375,0.0,1.899963378908069
2024-01-25 12:45:00,0.0999755859375,0.900451660158069,1.599609375,0.0,0.599182128904431
2024-01-25 13:15:00,0.0,1.099914550783069,2.0,0.0,0.900085449216931
2024-01-25 13:45:00,0.0999755859375,1.799743652341931,3.30078125,0.0,1.401062011720569
2024-01-25 14:00:00,0.0999755859375,1.09991455078125,2.0,0.0,0.80010986328125
2024-01-25 14:15:00,0.0,0.70037841796875,1.099609375,0.09997558593738631,0.2992553710938637
2024-01-25 14:45:00,0.2000732421875,2.199951171875,4.099609375,0.0,1.6995849609375
2024-01-25 15:00:00,0.0999755859375,0.499755859375,0.900390625,0.0,0.3006591796875
2024-01-25 15:15:00,0.0,0.89990234375,1.798828125,0.0,0.89892578125
2024-01-25 15:30:00,0.0999755859375,0.400146484375,0.900390625,0.0,0.4002685546875
2024-01-25 15:45:00,0.0,0.5,0.80078125,0.0,0.30078125
2024-01-25 16:00:00,0.0,0.900268554689319,1.69921875,0.0,0.798950195310681
2024-01-25 16:45:00,0.0999755859375,2.0,3.701171875,0.0,1.6011962890625
2024-01-25 17:00:00,0.0,0.300048828123181,0.69921875,0.0,0.399169921876819
2024-01-25 17:15:00,0.0999755859375,0.5,1.0,0.10000610351568184,0.30001831054681816
2024-01-25 17:30:00,0.0,0.599853515623181,1.30078125,0.0,0.700927734376819
2024-01-25 17:45:00,0.0,0.2001953125,0.298828125,0.0,0.0986328125
2024-01-25 18:00:00,0.0,0.699951171876819,1.201171875,0.0,0.501220703123181
2024-01-25 18:15:00,0.10009765625,0.2996826171875,0.599609375,0.0,0.1998291015625
2024-01-25 18:30:00,0.0,0.800048828125,1.298828125,0.0,0.498779296875
2024-01-25 19:30:00,0.0999755859375,1.500244140625,2.701171875,0.0,1.1009521484375
2024-01-25 19:45:00,0.0,0.0,0.19921875,0.0,0.19921875
2024-01-25 20:00:00,0.0,0.0,0.201171875,0.0,0.201171875
2024-01-25 20:15:00,0.0,0.0,0.19921875,0.100006103515625,0.099212646484375
2024-01-25 20:45:00,0.0999755859375,0.10003662109375,0.400390625,0.0,0.20037841796875
2024-01-25 21:00:00,0.0,0.0,0.19921875,0.0,0.19921875
2024-01-25 21:45:00,0.0999755859375,0.0,0.599609375,0.0,0.4996337890625
2024-01-25 22:00:00,0.0,0.0,0.201171875,0.0,0.201171875
2024-01-25 22:15:00,0.0,0.0,0.19921875,0.0,0.19921875
2024-01-25 22:30:00,0.0,0.0,0.201171875,0.0,0.201171875
2024-01-25 22:45:00,0.0,0.0,0.19921875,0.0,0.19921875
2024-01-25 23:00:00,0.0,0.0,0.099609375,0.0,0.099609375
2024-01-25 23:15:00,0.0,0.0,0.099609375,0.0,0.099609375
2024-01-25 23:30:00,0.0999755859375,0.0999755859375,0.30078125,0.100006103515625,0.000823974609375
2024-01-26 00:30:00,0.0,0.0,0.80078125,0.0,0.80078125
2024-01-26 00:45:00,0.10009765625,0.0,0.19921875,0.0,0.09912109375
2024-01-26 01:15:00,0.0,0.0,0.30078125,0.0,0.30078125
2024-01-26 01:45:00,0.0,0.0,0.3984375,0.0,0.3984375
2024-01-26 02:00:00,0.0999755859375,0.10003662109375,0.30078125,0.0,0.10076904296875
2024-01-26 02:30:00,0.0,0.0,0.30078125,0.10000610351568184,0.20077514648431816
2024-01-26 02:45:00,0.0,0.0,0.099609375,0.0,0.099609375
2024-01-26 03:15:00,0.0,0.0,0.400390625,0.0,0.400390625
2024-01-26 04:15:00,0.0999755859375,0.0,0.8984375,0.0,0.7984619140625
2024-01-26 04:45:00,0.0,0.199829101560681,0.400390625,0.0,0.200561523439319
2024-01-26 05:00:00,0.0999755859375,0.500244140626819,0.80078125,0.0,0.200561523435681
2024-01-26 05:45:00,0.0,0.899658203126819,1.599609375,0.09997558593738631,0.5999755859357947
2024-01-26 06:00:00,0.0,0.400146484373181,0.80078125,0.0,0.400634765626819
2024-01-26 06:30:00,0.0999755859375,0.5,0.8984375,0.0,0.2984619140625
2024-01-26 07:00:00,0.0,0.7998046875,1.400390625,0.0,0.6005859375
2024-01-26 08:00:00,0.2000732421875,2.000244140626819,3.30078125,0.0,1.100463867185681
2024-01-26 08:30:00,0.0,0.5,1.099609375,0.0,0.599609375
2024-01-26 09:00:00,0.0999755859375,0.999755859373181,1.69921875,0.10000610351568184,0.49948120117363715
2024-01-26 09:30:00,0.199951171875,1.2001953125,2.5,0.0,1.099853515625
2024-01-26 10:00:00,0.2000732421875,1.10003662109375,2.5,0.0,1.19989013671875
2024-01-26 10:15:00,0.0999755859375,0.69970703125,1.201171875,0.0,0.4014892578125
2024-01-26 10:30:00,0.0999755859375,0.500244140626819,1.400390625,0.0,0.800170898435681
2024-01-26 11:00:00,0.2000732421875,1.099975585935681,2.69921875,0.0,1.399169921876819
2024-01-26 11:30:00,0.0999755859375,1.39996337890625,2.80078125,0.100006103515625,1.200836181640625
2024-01-26 12:00:00,0.199951171875,1.0,2.19921875,0.0,0.999267578125
2024-01-26 12:30:00,0.2000732421875,1.0,2.19921875,0.0,0.9991455078125
2024-01-26 13:15:00,0.199951171875,1.500122070314319,3.201171875,0.0,1.501098632810681
2024-01-26 13:30:00,0.0,0.399658203123181,0.900390625,0.0,0.500732421876819
2024-01-26 14:15:00,0.300048828125,2.10009765625,4.69921875,0.0,2.299072265625
2024-01-26 14:30:00,0.0,0.30029296875,0.80078125,0.0,0.50048828125
2024-01-26 15:00:00,0.199951171875,1.2998046875,2.599609375,0.100006103515625,0.999847412109375
2024-01-26 16:15:00,0.300048828125,2.99981689453125,6.900390625,0.0,3.60052490234375
2024-01-26 16:30:00,0.0999755859375,0.600341796875,1.599609375,0.0,0.8992919921875
2024-01-26 16:45:00,0.0,0.399658203125,0.69921875,0.0,0.299560546875
2024-01-26 17:15:00,0.0,1.100097656248181,2.30078125,0.0,1.200683593751819
2024-01-26 17:30:00,0.0,0.300048828126819,0.599609375,0.0,0.299560546873181
2024-01-26 17:45:00,0.0999755859375,0.599853515625,1.400390625,0.10000610351568184,0.6005554199218182
2024-01-26 18:15:00,0.0,0.7001953125,1.5,0.0,0.7998046875
2024-01-26 18:45:00,0.0,0.500244140625,1.19921875,0.0,0.698974609375
2024-01-26 19:00:00,0.0,0.399658203123181,0.701171875,0.0,0.301513671876819
2024-01-26 19:45:00,0.0999755859375,1.000244140626819,1.8984375,0.0,0.798217773435681
2024-01-26 20:30:00,0.0,0.799560546873181,1.400390625,0.0,0.600830078126819
2024-01-26 21:00:00,0.0999755859375,0.7001953125,1.099609375,0.09997558593738631,0.1994628906251137
2024-01-26 22:15:00,0.10009765625,0.400146484376819,1.5,0.0,0.999755859373181
2024-01-26 22:30:00,0.0,0.0,0.1015625,0.0,0.1015625
2024-01-26 23:45:00,0.0999755859375,0.0,0.69921875,0.10000610351568184,0.49923706054681816
2024-01-27 00:00:00,0.0,0.0,0.0,0.0,0.0
2024-01-27 00:30:00,0.0,0.0,0.400390625,0.0,0.400390625
2024-01-27 01:15:00,0.0999755859375,0.0,0.400390625,0.0,0.3004150390625
2024-01-27 02:00:00,0.0,0.0,0.3984375,0.0,0.3984375
2024-01-27 02:15:00,0.0999755859375,0.0,0.1015625,0.0,0.0015869140625
2024-01-27 02:30:00,0.0,0.0,0.19921875,0.0,0.19921875
2024-01-27 02:45:00,0.0,0.0,0.099609375,0.0,0.099609375
2024-01-27 03:30:00,0.0999755859375,0.0,0.5,0.100006103515625,0.300018310546875
2024-01-27 03:45:00,0.0,0.0,0.099609375,0.0,0.099609375
2024-01-27 05:15:00,0.10009765625,0.0,0.80078125,0.0,0.70068359375
2024-01-27 05:30:00,0.0,0.0,0.19921875,0.0,0.19921875
2024-01-27 05:45:00,0.0,0.0,0.1015625,0.0,0.1015625
2024-01-27 06:30:00,0.0999755859375,0.0,0.3984375,0.100006103515625,0.198455810546875
2024-01-27 07:00:00,0.0,0.0,0.30078125,0.0,0.30078125
2024-01-27 07:30:00,0.0,0.0,0.30078125,0.0,0.30078125
2024-01-27 08:00:00,0.0999755859375,0.0,0.19921875,0.0,0.0992431640625
2024-01-27 08:15:00,0.0,0.0,0.099609375,0.0,0.099609375
2024-01-27 08:30:00,0.0,0.0,0.30078125,0.0,0.30078125
2024-01-27 08:45:00,0.0,0.0,0.0,0.0,0.0
2024-01-27 09:00:00,0.0,0.0,0.19921875,0.10000610351568184,0.09921264648431816
2024-01-27 09:30:00,0.0999755859375,0.0,0.30078125,0.0,0.2008056640625
2024-01-27 10:00:00,0.0,0.0,0.298828125,0.0,0.298828125
2024-01-27 10:15:00,0.0,0.0,0.1015625,0.0,0.1015625
2024-01-27 10:45:00,0.0999755859375,0.0,0.298828125,0.0,0.1988525390625
2024-01-27 11:15:00,0.0,0.0,0.30078125,0.0,0.30078125
2024-01-27 11:45:00,0.0,0.0,0.19921875,0.0,0.19921875
2024-01-27 12:00:00,0.10009765625,0.0,0.201171875,0.0,0.10107421875
2024-01-27 12:30:00,0.0,0.0,0.298828125,0.09997558593738631,0.1988525390626137
2024-01-27 12:45:00,0.0,0.0,0.099609375,0.0,0.099609375
2024-01-27 13:00:00,0.0,0.0,0.201171875,0.0,0.201171875
2024-01-27 13:15:00,0.0999755859375,0.0,0.099609375,0.0,-0.0003662109375
2024-01-27 13:45:00,0.0,0.0,0.30078125,0.0,0.30078125
2024-01-27 14:30:00,0.0,0.0,0.3984375,0.0,0.3984375
2024-01-27 15:00:00,0.0999755859375,0.0,0.30078125,0.0,0.2008056640625
2024-01-27 16:00:00,0.0,0.0,0.599609375,0.10000610351568184,0.49960327148431816
2024-01-27 16:15:00,0.0999755859375,0.0,0.201171875,0.0,0.1011962890625
2024-01-27 16:45:00,0.0,0.0,0.19921875,0.0,0.19921875
2024-01-27 17:00:00,0.0,0.0,0.099609375,0.0,0.099609375
2024-01-27 17:15:00,0.0,0.0,0.099609375,0.0,0.099609375
2024-01-27 17:30:00,0.0999755859375,0.0,0.201171875,0.0,0.1011962890625
2024-01-27 17:45:00,0.0,0.0,0.099609375,0.0,0.099609375
2024-01-27 18:15:00,0.0,0.0,0.19921875,0.100006103515625,0.099212646484375
2024-01-27 18:45:00,0.0,0.0,0.30078125,0.0,0.30078125
2024-01-27 19:45:00,0.10009765625,0.0,0.599609375,0.0,0.49951171875
2024-01-27 20:00:00,0.0,0.0,0.201171875,0.0,0.201171875
2024-01-27 20:15:00,0.0,0.0,0.0,0.0,0.0
2024-01-27 21:00:00,0.0999755859375,0.0,0.3984375,0.0,0.2984619140625
2024-01-27 21:30:00,0.0,0.0,0.400390625,0.100006103515625,0.300384521484375
2024-01-27 21:45:00,0.0,0.0,0.099609375,0.0,0.099609375
2024-01-27 22:00:00,0.0999755859375,0.0,0.1015625,0.0,0.0015869140625
2024-01-27 22:30:00,0.0,0.0,0.298828125,0.0,0.298828125
2024-01-27 22:45:00,0.0,0.0,0.201171875,0.0,0.201171875
2024-01-27 23:00:00,0.0,0.0,0.099609375,0.0,0.099609375
2024-01-27 23:15:00,0.0999755859375,0.0,0.19921875,0.0,0.0992431640625
2024-01-27 23:45:00,0.0,0.0,0.30078125,0.0,0.30078125
2024-01-28 00:30:00,0.0,0.0,0.298828125,0.10000610351568184,0.19882202148431816
2024-01-28 00:45:00,0.0999755859375,0.0,0.201171875,0.0,0.1011962890625
2024-01-28 01:00:00,0.0,0.0,0.099609375,0.0,0.099609375
2024-01-28 01:45:00,0.0,0.0,0.5,0.0,0.5
2024-01-28 02:00:00,0.10009765625,0.0,0.099609375,0.0,-0.00048828125
2024-01-28 02:15:00,0.0,0.0,0.099609375,0.0,0.099609375
2024-01-28 02:30:00,0.0,0.0,0.201171875,0.0,0.201171875
2024-01-28 03:00:00,0.0,0.0,0.19921875,0.0,0.19921875
2024-01-28 03:30:00,0.0999755859375,0.0,0.30078125,0.09997558593738631,0.10083007812511369
2024-01-28 03:45:00,0.0,0.0,0.19921875,0.0,0.19921875
2024-01-28 04:15:00,0.0,0.0,0.30078125,0.0,0.30078125
2024-01-28 04:45:00,0.0999755859375,0.0,0.19921875,0.0,0.0992431640625
2024-01-28 05:30:00,0.0,0.0,0.400390625,0.0,0.400390625
2024-01-28 05:45:00,0.0,0.0,0.19921875,0.0,0.19921875
2024-01-28 06:00:00,0.0,0.199951171875,0.30078125,0.0,0.100830078125
2024-01-28 06:15:00,0.0999755859375,0.10009765624818101,0.5,0.0,0.299926757814319
2024-01-28 06:45:00,0.0,0.199951171876819,0.5,0.10000610351568184,0.20004272460749917
2024-01-28 07:15:00,0.0,0.10009765625,0.5,0.0,0.39990234375
2024-01-28 07:30:00,0.0999755859375,0.2998046875,0.5,0.0,0.1002197265625
2024-01-28 07:45:00,0.0,0.10009765625,0.30078125,0.0,0.20068359375
2024-01-28 08:30:00,0.0,0.0,0.599609375,0.0,0.599609375
2024-01-28 08:45:00,0.0,0.0,0.099609375,0.0,0.099609375
2024-01-28 09:15:00,0.10009765625,0.0,0.19921875,0.0,0.09912109375
2024-01-28 10:00:00,0.0,0.0,0.5,0.100006103515625,0.399993896484375
2024-01-28 10:15:00,0.0,0.0,0.1015625,0.0,0.1015625
2024-01-28 10:45:00,0.0999755859375,0.199951171875,0.3984375,0.0,0.0985107421875
2024-01-28 11:15:00,0.0,0.0,0.30078125,0.0,0.30078125
2024-01-28 11:45:00,0.0,0.0,0.30078125,0.0,0.30078125
2024-01-28 12:00:00,0.0999755859375,0.0,0.099609375,0.0,-0.0003662109375
2024-01-28 12:15:00,0.0,0.0,0.19921875,0.0,0.19921875
2024-01-28 12:30:00,0.0,0.0,0.099609375,0.0,0.099609375
2024-01-28 12:45:00,0.0,0.0,0.201171875,0.100006103515625,0.101165771484375
2024-01-28 13:00:00,0.0,0.0,0.099609375,0.0,0.099609375
2024-01-28 13:30:00,0.0999755859375,0.10009765624818101,0.19921875,0.0,-0.0008544921856810106
2024-01-28 15:00:00,0.0999755859375,0.0,0.900390625,0.0,0.8004150390625
2024-01-28 15:15:00,0.0,0.0,0.099609375,0.0,0.099609375
2024-01-28 15:30:00,0.0,0.0,0.201171875,0.0,0.201171875
2024-01-28 15:45:00,0.0,0.0,0.099609375,0.10000610351568184,-0.0003967285156818434
2024-01-28 16:00:00,0.10009765625,0.0,0.19921875,0.0,0.09912109375
2024-01-28 16:15:00,0.0,0.0,0.1015625,0.0,0.1015625
2024-01-28 16:45:00,0.0,0.0,0.19921875,0.0,0.19921875
2024-01-28 17:00:00,0.0,0.0,0.19921875,0.0,0.19921875
2024-01-28 17:45:00,0.0999755859375,0.0,0.5,0.0,0.4000244140625
2024-01-28 18:00:00,0.0,0.0,0.1015625,0.0,0.1015625
2024-01-28 18:30:00,0.0,0.0,0.298828125,0.0,0.298828125
2024-01-28 19:00:00,0.0999755859375,0.0,0.30078125,0.09997558593738631,0.10083007812511369
2024-01-28 19:15:00,0.0,0.0,0.19921875,0.0,0.19921875
2024-01-28 19:30:00,0.0,0.0,0.201171875,0.0,0.201171875
2024-01-28 19:45:00,0.0,0.0,0.099609375,0.0,0.099609375
2024-01-28 20:15:00,0.0999755859375,0.0,0.19921875,0.0,0.0992431640625
2024-01-28 20:30:00,0.0,0.0,0.201171875,0.0,0.201171875
2024-01-28 21:00:00,0.0,0.0,0.19921875,0.0,0.19921875
2024-01-28 21:15:00,0.0,0.0,0.19921875,0.0,0.19921875
2024-01-28 21:30:00,0.0999755859375,0.0,0.1015625,0.0,0.0015869140625
2024-01-28 21:45:00,0.0,0.0,0.099609375,0.0,0.099609375
2024-01-28 22:15:00,0.0,0.199951171876819,0.400390625,0.10000610351568184,0.10043334960749917
2024-01-28 22:45:00,0.0,0.0,0.19921875,0.0,0.19921875
2024-01-29 00:00:00,0.10009765625,0.0,0.80078125,0.0,0.70068359375
2024-01-29 00:15:00,0.0999755859375,0.0,0.099609375,0.0,-0.0003662109375
2024-01-29 00:45:00,0.0,0.0,0.298828125,0.0,0.298828125
2024-01-29 01:15:00,0.0,0.0,0.201171875,0.100006103515625,0.101165771484375
2024-01-29 01:30:00,0.0,0.0,0.099609375,0.0,0.099609375
2024-01-29 01:45:00,0.0999755859375,0.0,0.19921875,0.0,0.0992431640625
2024-01-29 02:00:00,0.0,0.0,0.1015625,0.0,0.1015625
2024-01-29 02:15:00,0.0,0.0,0.099609375,0.0,0.099609375
2024-01-29 02:30:00,0.0,0.0,0.19921875,0.0,0.19921875
2024-01-29 02:45:00,0.0,0.0,0.099609375,0.0,0.099609375
2024-01-29 03:30:00,0.0999755859375,0.0,0.400390625,0.0,0.3004150390625
2024-01-29 03:45:00,0.0,0.0,0.099609375,0.0,0.099609375
2024-01-29 05:00:00,0.0999755859375,0.300048828123181,1.1015625,0.100006103515625,0.601531982423694
2024-01-29 05:15:00,0.0,0.09985351562681899,0.3984375,0.0,0.298583984373181
2024-01-29 05:45:00,0.0,0.2001953125,0.400390625,0.0,0.2001953125
2024-01-29 06:15:00,0.10009765625,0.199951171873181,0.400390625,0.0,0.10034179687681899
2024-01-29 06:30:00,0.0,0.09985351562681899,0.30078125,0.0,0.200927734373181
2024-01-29 06:45:00,0.0,0.0,0.099609375,0.0,0.099609375
2024-01-29 07:15:00,0.0999755859375,0.30029296875,0.69921875,0.10000610351568184,0.19894409179681816
2024-01-29 07:45:00,0.0999755859375,1.0,1.5,0.0,0.4000244140625
2024-01-29 08:00:00,0.0,0.69970703125,1.099609375,0.0,0.39990234375
2024-01-29 09:45:00,0.4000244140625,3.300048828125,6.0,0.0,2.2999267578125
2024-01-29 10:00:00,0.0999755859375,0.2998046875,0.701171875,0.0,0.3013916015625
2024-01-29 10:15:00,0.0999755859375,0.600097656248181,1.099609375,0.09997558593738631,0.2995605468769327
2024-01-29 10:30:00,0.0,0.2001953125,0.80078125,0.0,0.6005859375
2024-01-29 11:15:00,0.300048828125,1.599609375,3.298828125,0.0,1.399169921875
2024-01-29 11:30:00,0.0999755859375,0.899902343751819,1.900390625,0.0,0.900512695310681
2024-01-29 12:00:00,0.0999755859375,0.700439453125,1.19921875,0.0,0.3988037109375
2024-01-29 12:15:00,0.0,0.80010986328125,1.80078125,0.0,1.00067138671875
2024-01-29 12:30:00,0.0999755859375,0.39959716796875,0.80078125,0.0,0.30120849609375
2024-01-29 13:00:00,0.10009765625,1.300476074216931,2.69921875,0.0,1.298645019533069
2024-01-29 14:00:00,0.0999755859375,1.999755859376819,3.80078125,0.10000610351568184,1.6010437011699992
2024-01-29 14:15:00,0.0999755859375,1.00006103515625,2.0,0.0,0.89996337890625
2024-01-29 15:00:00,0.0999755859375,1.59967041015625,3.3984375,0.0,1.69879150390625
2024-01-29 15:30:00,0.0999755859375,1.20050048828125,2.5,0.0,1.19952392578125
2024-01-29 15:45:00,0.0,0.3995361328125,0.80078125,0.0,0.4012451171875
2024-01-29 16:45:00,0.2000732421875,3.30023193359375,5.80078125,0.100006103515625,2.200469970703125
2024-01-29 17:30:00,0.199951171875,2.29974365234375,3.8984375,0.0,1.39874267578125
2024-01-29 18:00:00,0.0999755859375,1.60028076171875,2.30078125,0.0,0.60052490234375
2024-01-29 18:15:00,0.10009765625,0.29974365234375,0.69921875,0.0,0.29937744140625
2024-01-29 18:30:00,0.0,0.799926757814319,1.400390625,0.0,0.600463867185681
2024-01-29 19:00:00,0.0999755859375,1.200378417966931,1.900390625,0.0,0.600036621095569
2024-01-29 19:15:00,0.0,0.19970703125,0.30078125,0.0,0.10107421875
2024-01-29 19:30:00,0.0999755859375,0.600341796875,1.19921875,0.100006103515625,0.398895263671875
2024-01-29 19:45:00,0.0999755859375,0.39990234375,0.900390625,0.0,0.4005126953125
2024-01-29 20:45:00,0.4000244140625,1.599853515625,2.900390625,0.0,0.9005126953125
2024-01-29 21:15:00,0.0,0.099853515625,0.5,0.0,0.400146484375
2024-01-29 21:30:00,0.0,0.10009765625,0.3984375,0.0,0.29833984375
2024-01-29 22:45:00,0.0999755859375,0.300048828125,1.201171875,0.10000610351568184,0.7011413574218182
2024-01-29 23:00:00,0.0,0.0,0.099609375,0.0,0.099609375
2024-01-29 23:15:00,0.0999755859375,0.0,0.30078125,0.0,0.2008056640625
2024-01-29 23:30:00,0.0,0.0,0.19921875,0.0,0.19921875
2024-01-30 00:15:00,0.0,0.0,0.5,0.0,0.5
2024-01-30 00:30:00,0.10009765625,0.0,0.099609375,0.0,-0.00048828125
2024-01-30 01:00:00,0.0,0.0,0.5,0.0,0.5
2024-01-30 03:15:00,0.199951171875,0.0,1.599609375,0.09997558593738631,1.2996826171876137
2024-01-30 03:45:00,0.0,0.0,0.30078125,0.0,0.30078125
2024-01-30 04:00:00,0.0,0.0,0.19921875,0.0,0.19921875
2024-01-30 04:15:00,0.0,0.0,0.1015625,0.0,0.1015625
2024-01-30 04:30:00,0.0,0.0,0.19921875,0.0,0.19921875
2024-01-30 04:45:00,0.0999755859375,0.10009765625,0.400390625,0.10000610351568184,0.10031127929681816
2024-01-30 05:00:00,0.0,0.10009765625,0.298828125,0.0,0.19873046875
2024-01-30 06:00:00,0.0999755859375,0.2998046875,1.0,0.0,0.6002197265625
2024-01-30 06:15:00,0.0,0.10009765625,0.201171875,0.0,0.10107421875
2024-01-30 06:30:00,0.0,0.10009765625,0.298828125,0.0,0.19873046875
2024-01-30 06:45:00,0.0,0.099853515625,0.201171875,0.0,0.101318359375
2024-01-30 07:00:00,0.0,0.10009765625,0.400390625,0.0,0.30029296875
2024-01-30 07:30:00,0.10009765625,0.69970703125,1.298828125,0.0,0.4990234375
2024-01-30 07:45:00,0.0999755859375,0.700439453125,1.30078125,0.100006103515625,0.400360107421875
2024-01-30 08:00:00,0.0,0.199951171875,0.298828125,0.0,0.098876953125
2024-01-30 08:15:00,0.0,0.399658203125,0.701171875,0.0,0.301513671875
2024-01-30 08:30:00,0.0999755859375,0.5,0.798828125,0.0,0.1988525390625
2024-01-30 09:00:00,0.300048828125,1.100341796875,2.5,0.0,1.099609375
2024-01-30 09:15:00,0.0999755859375,0.60009765625,1.201171875,0.0,0.5010986328125
2024-01-30 10:00:00,0.199951171875,1.499755859375,3.69921875,0.0,1.99951171875
2024-01-30 10:15:00,0.2000732421875,1.099853515625,2.30078125,0.0,1.0008544921875
2024-01-30 10:30:00,0.0,0.400390625,0.900390625,0.0,0.5
2024-01-30 10:45:00,0.0999755859375,0.699462890625,1.69921875,0.100006103515625,0.799774169921875
2024-01-30 11:15:00,0.0999755859375,1.40032958984375,2.80078125,0.0,1.30047607421875
2024-01-30 11:45:00,0.0999755859375,1.0,2.099609375,0.0,0.9996337890625
2024-01-30 12:00:00,0.0999755859375,0.799682617189319,1.69921875,0.0,0.799560546873181
2024-01-30 12:15:00,0.0,0.300292968748181,0.400390625,0.0,0.10009765625181899
2024-01-30 12:30:00,0.10009765625,0.99993896484375,2.0,0.0,0.89996337890625
2024-01-30 13:00:00,0.0999755859375,1.299926757810681,2.599609375,0.0,1.199707031251819
2024-01-30 13:15:00,0.0999755859375,0.600341796876819,1.400390625,0.0,0.700073242185681
2024-01-30 13:45:00,0.0999755859375,1.10003662109375,2.19921875,0.0,0.99920654296875
2024-01-30 14:30:00,0.300048828125,1.8997802734375,4.0,0.10000610351568184,1.7001647949218182
2024-01-30 14:45:00,0.0,0.400146484375,0.900390625,0.0,0.500244140625
2024-01-30 15:00:00,0.0999755859375,1.2000732421875,2.201171875,0.0,0.901123046875
2024-01-30 15:30:00,0.0,1.19989013671875,2.599609375,0.0,1.39971923828125
2024-01-30 15:45:00,0.0,0.19970703125,0.400390625,0.0,0.20068359375
2024-01-30 16:15:00,0.0,1.2001953125,2.5,0.0,1.2998046875
2024-01-30 16:30:00,0.0999755859375,1.099731445314319,2.099609375,0.0,0.899902343748181
2024-01-30 17:30:00,0.0,2.200073242185681,4.0,0.09997558593738631,1.6999511718769327
2024-01-30 17:45:00,0.0,0.500244140625,1.099609375,0.0,0.599365234375
2024-01-30 18:30:00,0.0999755859375,1.599853515625,3.0,0.0,1.3001708984375
2024-01-30 19:00:00,0.0,1.300048828125,2.30078125,0.0,1.000732421875
2024-01-30 19:15:00,0.10009765625,0.2998046875,0.599609375,0.0,0.19970703125
2024-01-30 20:00:00,0.0,1.600341796875,2.5,0.10000610351568184,0.7996520996093182
2024-01-30 20:15:00,0.0,0.499755859375,0.798828125,0.0,0.299072265625
2024-01-30 20:30:00,0.0999755859375,0.599853515625,1.0,0.0,0.3001708984375
2024-01-30 21:00:00,0.0,0.50048828125,0.900390625,0.0,0.39990234375
2024-01-30 21:30:00,0.0,0.3994140625,1.099609375,0.0,0.7001953125
2024-01-30 22:00:00,0.0999755859375,0.10009765625,0.5,0.0,0.2999267578125
2024-01-30 22:15:00,0.0,0.2001953125,0.400390625,0.0,0.2001953125
2024-01-30 22:45:00,0.0,0.0,0.400390625,0.0,0.400390625
2024-01-30 23:15:00,0.0999755859375,0.0,0.30078125,0.100006103515625,0.100799560546875
2024-01-30 23:45:00,0.0,0.0,0.5,0.0,0.5
2024-01-31 00:00:00,0.0,0.0,0.0,0.0,0.0
2024-01-31 00:15:00,0.0,0.0,0.298828125,0.0,0.298828125
2024-01-31 00:45:00,0.0999755859375,0.0,0.400390625,0.0,0.3004150390625
2024-01-31 02:45:00,0.10009765625,0.0,1.5,0.100006103515625,1.299896240234375
2024-01-31 03:00:00,0.0,0.0,0.19921875,0.0,0.19921875
2024-01-31 03:30:00,0.0999755859375,0.0,0.30078125,0.0,0.2008056640625
2024-01-31 03:45:00,0.0,0.0,0.30078125,0.0,0.30078125
2024-01-31 04:00:00,0.0,0.0,0.0,0.0,0.0
2024-01-31 04:15:00,0.0,0.099853515625,0.3984375,0.0,0.298583984375
2024-01-31 04:30:00,0.0,0.0,0.1015625,0.0,0.1015625
2024-01-31 05:00:00,0.0999755859375,0.199951171875,0.69921875,0.0,0.3992919921875
2024-01-31 05:15:00,0.0,0.10009765625,0.099609375,0.10000610351568184,-0.10049438476568184
2024-01-31 05:30:00,0.0,0.0,0.30078125,0.0,0.30078125
2024-01-31 05:45:00,0.0,0.199951171875,0.400390625,0.0,0.200439453125
2024-01-31 06:15:00,0.0999755859375,0.199951171875,0.599609375,0.0,0.2996826171875
2024-01-31 06:45:00,0.0,0.10009765625,0.400390625,0.0,0.30029296875
2024-01-31 07:15:00,0.0,0.199951171875,0.599609375,0.0,0.399658203125
2024-01-31 07:45:00,0.0,1.2001953125,1.900390625,0.0,0.7001953125
2024-01-31 08:30:00,0.2000732421875,1.300048828125,2.599609375,0.09997558593738631,0.9995117187501137
2024-01-31 08:45:00,0.0999755859375,0.899658203125,1.5,0.0,0.5003662109375
2024-01-31 09:00:00,0.0999755859375,0.7001953125,1.400390625,0.0,0.6002197265625
2024-01-31 09:15:00,0.0999755859375,0.60009765625,1.19921875,0.0,0.4991455078125
2024-01-31 10:00:00,0.0999755859375,1.599609375,2.900390625,0.0,1.2008056640625
2024-01-31 10:30:00,0.10009765625,1.000732421875,2.19921875,0.0,1.098388671875
2024-01-31 10:45:00,0.0,0.599609375,1.201171875,0.0,0.6015625
2024-01-31 11:15:00,0.0999755859375,1.400146484375,3.0,0.0,1.4998779296875
2024-01-31 12:00:00,0.199951171875,1.499755859375,2.8984375,0.10000610351568184,1.0987243652343182
2024-01-31 12:15:00,0.0,0.800048828125,1.30078125,0.0,0.500732421875
2024-01-31 12:30:00,0.0999755859375,0.39990234375,0.69921875,0.0,0.1993408203125
2024-01-31 13:00:00,0.10009765625,1.500244140625,3.0,0.0,1.399658203125
2024-01-31 13:15:00,0.0,0.099609375,0.400390625,0.0,0.30078125
2024-01-31 13:30:00,0.0,0.6005859375,1.0,0.0,0.3994140625
2024-01-31 13:45:00,0.0,0.799560546875,1.5,0.0,0.700439453125
2024-01-31 14:00:00,0.0999755859375,0.6005859375,1.099609375,0.0,0.3990478515625
2024-01-31 14:45:00,0.0999755859375,1.899658203125,3.30078125,0.100006103515625,1.201141357421875
2024-01-31 15:15:00,0.0,0.699951171875,1.400390625,0.0,0.700439453125
2024-01-31 15:30:00,0.0999755859375,0.7998046875,1.298828125,0.0,0.3990478515625
2024-01-31 16:30:00,0.0999755859375,2.2001953125,4.0,0.0,1.6998291015625
2024-01-31 16:45:00,0.0,0.500244140625,0.701171875,0.0,0.200927734375
2024-01-31 17:00:00,0.10009765625,0.999755859375,1.798828125,0.0,0.698974609375
2024-01-31 17:15:00,0.0,0.19970703125,0.6015625,0.0,0.40185546875
2024-01-31 18:45:00,0.199951171875,3.300537109375,5.69921875,0.100006103515625,2.098724365234375
2024-01-31 19:15:00,0.0999755859375,0.499755859375,0.900390625,0.0,0.3006591796875
2024-01-31 19:45:00,0.0999755859375,0.900146484375,1.5,0.0,0.4998779296875
2024-01-31 20:00:00,0.0,0.0,0.19921875,0.0,0.19921875
2024-01-31 20:45:00,0.0,0.199951171875,0.80078125,0.10000610351568184,0.5008239746093182
2024-01-31 21:15:00,0.10009765625,0.10009765625,0.400390625,0.0,0.2001953125
2024-01-31 21:45:00,0.0,0.099853515625,0.3984375,0.0,0.298583984375
2024-01-31 22:15:00,0.0,0.10009765625,0.400390625,0.0,0.30029296875
2024-01-31 22:45:00,0.0999755859375,0.10009765625,0.5,0.0,0.2999267578125
2024-01-31 23:45:00,0.0,0.0,0.400390625,0.09997558593738631,0.3004150390626137
2024-02-01 00:00:00,0.0999755859375,0.0,0.19921875,0.0,0.0992431640625
2024-02-01 00:15:00,0.0,0.0,0.201171875,0.0,0.201171875
2024-02-01 00:30:00,0.0,0.0,0.0,0.0,0.0
2024-02-01 00:45:00,0.0,0.0,0.19921875,0.0,0.19921875
2024-02-01 01:15:00,0.0999755859375,0.0,0.30078125,0.0,0.2008056640625
2024-02-01 01:30:00,0.0,0.0,0.099609375,0.0,0.099609375
2024-02-01 01:45:00,0.0,0.0,0.099609375,0.0,0.099609375
2024-02-01 02:30:00,0.0999755859375,0.0,0.5,0.0,0.4000244140625
2024-02-01 02:45:00,0.0,0.0,0.099609375,0.10000610351568184,-0.0003967285156818434
2024-02-01 03:00:00,0.0,0.0,0.201171875,0.0,0.201171875
2024-02-01 03:15:00,0.0,0.0,0.099609375,0.0,0.099609375
2024-02-01 03:45:00,0.0,0.0,0.30078125,0.0,0.30078125
2024-02-01 04:00:00,0.10009765625,0.0,0.099609375,0.0,-0.00048828125
2024-02-01 04:15:00,0.0,0.0,0.099609375,0.0,0.099609375
2024-02-01 04:30:00,0.0,0.0,0.19921875,0.0,0.19921875
2024-02-01 05:15:00,0.0,0.2998046875,0.6015625,0.0,0.3017578125
2024-02-01 05:30:00,0.0999755859375,0.10009765625,0.298828125,0.0,0.0987548828125
2024-02-01 05:45:00,0.0,0.0,0.099609375,0.100006103515625,-0.000396728515625
2024-02-01 06:00:00,0.0,0.10009765625,0.30078125,0.0,0.20068359375
2024-02-01 06:15:00,0.0,0.099853515625,0.30078125,0.0,0.200927734375
2024-02-01 06:45:00,0.0999755859375,0.199951171875,0.3984375,0.0,0.0985107421875
2024-02-01 07:00:00,0.0,0.10009765625,0.30078125,0.0,0.20068359375
2024-02-01 07:30:00,0.0,0.49951171875,0.900390625,0.0,0.40087890625
2024-02-01 07:45:00,0.0999755859375,0.70068359375,1.0,0.0,0.1993408203125
2024-02-01 08:00:00,0.0,0.3994140625,0.599609375,0.0,0.2001953125
2024-02-01 08:15:00,0.0999755859375,0.500244140625,1.0,0.0,0.3997802734375
2024-02-01 09:00:00,0.10009765625,1.199951171875,2.0,0.100006103515625,0.599945068359375
2024-02-01 09:15:00,0.0,1.199951171875,1.80078125,0.0,0.600830078125
2024-02-01 09:45:00,0.0999755859375,1.30029296875,2.298828125,0.0,0.8985595703125
2024-02-01 10:00:00,0.0999755859375,0.499755859375,0.80078125,0.0,0.2010498046875
2024-02-01 10:30:00,0.0999755859375,1.500244140625,2.599609375,0.0,0.9993896484375
2024-02-01 10:45:00,0.0999755859375,0.800048828125,1.69921875,0.0,0.7991943359375
2024-02-01 11:15:00,0.10009765625,1.599731445314319,2.400390625,0.0,0.700561523435681
2024-02-01 11:30:00,0.0,0.599853515623181,1.099609375,0.0,0.499755859376819
2024-02-01 11:45:00,0.0,0.60009765625,1.1015625,0.10000610351568184,0.40145874023431816
2024-02-01 12:15:00,0.0999755859375,1.10009765625,1.798828125,0.0,0.5987548828125
2024-02-01 12:30:00,0.0,0.699951171876819,1.099609375,0.0,0.399658203123181
2024-02-01 12:45:00,0.0999755859375,0.800048828123181,1.1015625,0.0,0.201538085939319
2024-02-01 13:00:00,0.0,0.99993896484375,1.5,0.0,0.50006103515625
2024-02-01 13:15:00,0.0,0.499755859376819,1.099609375,0.0,0.599853515623181
2024-02-01 13:30:00,0.0999755859375,0.600341796873181,0.798828125,0.0,0.09851074218931899
2024-02-01 14:00:00,0.0,1.5,2.701171875,0.0,1.201171875
2024-02-01 14:30:00,0.0999755859375,1.0997314453125,1.5,0.0,0.30029296875
2024-02-01 15:30:00,0.0,2.7001953125,4.599609375,0.09997558593738631,1.7994384765626137
2024-02-01 16:00:00,0.10009765625,1.800048828125,3.099609375,0.0,1.199462890625
2024-02-01 16:30:00,0.0999755859375,1.40008544921875,2.201171875,0.0,0.70111083984375
2024-02-01 17:00:00,0.0,1.10009765625,1.8984375,0.0,0.79833984375
2024-02-01 17:15:00,0.0,0.399658203123181,0.701171875,0.0,0.301513671876819
2024-02-01 17:30:00,0.0,1.100097656253638,1.900390625,0.0,0.800292968746362
2024-02-01 18:00:00,0.0999755859375,1.2001953125,1.69921875,0.10000610351568184,0.29904174804681816
2024-02-01 18:15:00,0.0,0.899902343746362,1.30078125,0.0,0.400878906253638
2024-02-01 18:30:00,0.0,0.599853515626819,1.0,0.0,0.400146484373181
2024-02-01 19:00:00,0.0999755859375,1.10009765625,1.5,0.0,0.2999267578125
2024-02-01 19:15:00,0.0999755859375,0.699951171876819,1.099609375,0.0,0.299682617185681
2024-02-01 19:30:00,0.0,0.199951171873181,0.400390625,0.0,0.200439453126819
2024-02-01 19:45:00,0.0,0.2001953125,0.298828125,0.0,0.0986328125
2024-02-01 20:00:00,0.0,0.2001953125,0.400390625,0.0,0.2001953125
2024-02-01 20:15:00,0.0,0.0,0.099609375,0.0,0.099609375
2024-02-01 20:30:00,0.10009765625,0.0,0.201171875,0.0,0.10107421875
2024-02-01 20:45:00,0.0,0.0,0.099609375,0.0,0.099609375
2024-02-01 21:15:00,0.0,0.0,0.19921875,0.100006103515625,0.099212646484375
2024-02-01 22:15:00,0.0999755859375,0.0,0.701171875,0.0,0.6011962890625
2024-02-01 22:45:00,0.0,0.0,0.298828125,0.0,0.298828125
2024-02-01 23:00:00,0.0,0.0,0.0,0.0,0.0
2024-02-01 23:45:00,0.0999755859375,0.0,0.400390625,0.0,0.3004150390625
2024-02-02 00:00:00,0.0,0.0,0.19921875,0.0,0.19921875
2024-02-02 00:15:00,0.0,0.0,0.1015625,0.100006103515625,0.001556396484375
2024-02-02 01:00:00,0.0999755859375,0.0,0.5,0.0,0.4000244140625
2024-02-02 01:15:00,0.0,0.0,0.19921875,0.0,0.19921875
2024-02-02 02:00:00,0.0,0.0,0.400390625,0.0,0.400390625
2024-02-02 02:15:00,0.0,0.0,0.099609375,0.0,0.099609375
2024-02-02 02:30:00,0.0999755859375,0.0,0.19921875,0.0,0.0992431640625
2024-02-02 02:45:00,0.0,0.0,0.1015625,0.0,0.1015625
2024-02-02 03:15:00,0.0,0.0,0.298828125,0.10000610351568184,0.19882202148431816
2024-02-02 04:00:00,0.10009765625,0.0,0.400390625,0.0,0.30029296875
2024-02-02 04:15:00,0.0,0.0,0.099609375,0.0,0.099609375
2024-02-02 04:45:00,0.0,0.199951171873181,0.599609375,0.0,0.399658203126819
2024-02-02 05:15:00,0.0999755859375,0.199951171876819,0.400390625,0.0,0.10046386718568101
2024-02-02 06:15:00,0.0,0.300048828123181,0.701171875,0.0,0.401123046876819
2024-02-02 06:30:00,0.0999755859375,0.199951171876819,0.5,0.09997558593738631,0.1000976562482947
2024-02-02 07:00:00,0.0,0.10009765625,0.5,0.0,0.39990234375
2024-02-02 07:15:00,0.0,0.10009765625,0.19921875,0.0,0.09912109375
2024-02-02 07:30:00,0.0,0.3994140625,0.599609375,0.0,0.2001953125
2024-02-02 08:45:00,0.300048828125,2.100341796876819,3.701171875,0.0,1.300781249998181
2024-02-02 09:30:00,0.199951171875,2.399658203123181,4.0,0.10000610351568184,1.3003845214861371
2024-02-02 09:45:00,0.199951171875,0.700439453123181,1.298828125,0.0,0.398437500001819
2024-02-02 10:00:00,0.0,0.599609375,1.400390625,0.0,0.80078125
2024-02-02 10:15:00,0.10009765625,0.10009765625363798,0.400390625,0.0,0.20019531249636202
2024-02-02 10:30:00,0.0,0.800048828123181,1.19921875,0.0,0.399169921876819
2024-02-02 10:45:00,0.0999755859375,0.699951171876819,1.30078125,0.0,0.500854492185681
2024-02-02 11:15:00,0.0,1.300048828123181,2.298828125,0.0,0.998779296876819
2024-02-02 12:00:00,0.0999755859375,2.000244140623181,3.30078125,0.0,1.200561523439319
2024-02-02 12:45:00,0.0999755859375,2.399658203126819,3.900390625,0.100006103515625,1.300750732420056
2024-02-02 13:00:00,0.0,0.7998046875,1.099609375,0.0,0.2998046875
2024-02-02 13:45:00,0.0999755859375,1.500244140626819,2.599609375,0.0,0.999389648435681
2024-02-02 14:00:00,0.0,0.900390625,1.5,0.0,0.599609375
2024-02-02 14:15:00,0.0,0.899902343746362,1.5,0.0,0.600097656253638
2024-02-02 14:30:00,0.0,0.299560546876819,0.400390625,0.0,0.10083007812318101
2024-02-02 14:45:00,0.10009765625,1.10009765625,1.80078125,0.0,0.6005859375
2024-02-02 15:00:00,0.0,0.400390625,0.69921875,0.0,0.298828125
2024-02-02 16:00:00,0.0999755859375,2.399658203126819,4.099609375,0.100006103515625,1.499969482420056
2024-02-02 16:15:00,0.0999755859375,1.300292968746362,1.80078125,0.0,0.400512695316138
2024-02-02 16:45:00,0.0,1.299560546876819,2.298828125,0.0,0.999267578123181
2024-02-02 17:00:00,0.0999755859375,0.400390625,0.701171875,0.0,0.2008056640625
2024-02-02 17:15:00,0.0,0.49951171875,0.69921875,0.0,0.19970703125
2024-02-02 17:30:00,0.0999755859375,0.80029296875,1.400390625,0.0,0.5001220703125
2024-02-02 18:15:00,0.2000732421875,1.89990234375,2.900390625,0.0,0.8004150390625
2024-02-02 19:15:00,0.199951171875,2.000244140626819,3.099609375,0.10000610351568184,0.7994079589824992
2024-02-02 19:45:00,0.0,0.599609375,1.0,0.0,0.400390625
2024-02-02 20:00:00,0.0999755859375,0.600341796873181,0.69921875,0.0,-0.0010986328106810106
2024-02-02 20:15:00,0.0,0.10009765625,0.5,0.0,0.39990234375
2024-02-02 20:45:00,0.0,0.699951171876819,0.900390625,0.0,0.200439453123181
2024-02-02 21:00:00,0.10009765625,0.0,0.099609375,0.0,-0.00048828125
2024-02-02 21:30:00,0.0,0.09985351562318101,0.400390625,0.0,0.300537109376819
2024-02-02 23:15:00,0.0999755859375,0.10009765625,1.201171875,0.09997558593738631,0.9011230468751137
2024-02-02 23:30:00,0.0999755859375,0.0,0.099609375,0.0,-0.0003662109375
2024-02-02 23:45:00,0.0,0.0,0.298828125,0.0,0.298828125
2024-02-03 00:00:00,0.0,0.0,0.1015625,0.0,0.1015625
2024-02-03 00:30:00,0.0,0.0,0.298828125,0.0,0.298828125
2024-02-03 00:45:00,0.0999755859375,0.0,0.099609375,0.10000610351568184,-0.10037231445318184
2024-02-03 01:15:00,0.0,0.0,0.30078125,0.0,0.30078125
2024-02-03 01:30:00,0.0,0.0,0.099609375,0.0,0.099609375
2024-02-03 01:45:00,0.0,0.0,0.201171875,0.0,0.201171875
2024-02-03 02:15:00,0.0999755859375,0.0,0.298828125,0.0,0.1988525390625
2024-02-03 02:30:00,0.0,0.0,0.099609375,0.0,0.099609375
2024-02-03 03:00:00,0.0,0.0,0.30078125,0.0,0.30078125
2024-02-03 03:30:00,0.0,0.0,0.19921875,0.0,0.19921875
2024-02-03 03:45:00,0.10009765625,0.0,0.1015625,0.100006103515625,-0.098541259765625
2024-02-03 04:15:00,0.0,0.0,0.298828125,0.0,0.298828125
2024-02-03 05:00:00,0.0,0.0,0.30078125,0.0,0.30078125
2024-02-03 05:15:00,0.0999755859375,0.0,0.19921875,0.0,0.0992431640625
2024-02-03 05:30:00,0.0,0.0,0.099609375,0.0,0.099609375
2024-02-03 05:45:00,0.0,0.0,0.1015625,0.0,0.1015625
2024-02-03 06:45:00,0.0999755859375,0.0,0.599609375,0.0,0.4996337890625
2024-02-03 07:30:00,0.0,0.0,0.5,0.100006103515625,0.399993896484375
2024-02-03 07:45:00,0.0999755859375,0.099609375,0.298828125,0.0,0.0992431640625
2024-02-03 08:30:00,0.0,0.400146484373181,0.80078125,0.0,0.400634765626819
2024-02-03 08:45:00,0.0,0.10009765625363798,0.30078125,0.0,0.20068359374636202
2024-02-03 09:30:00,0.0999755859375,0.2998046875,0.69921875,0.0,0.2994384765625
2024-02-03 09:45:00,0.0,0.10009765624636202,0.30078125,0.10000610351568184,0.10067749023795614
2024-02-03 10:00:00,0.0,0.09985351562681899,0.298828125,0.0,0.198974609373181
2024-02-03 10:15:00,0.0,0.10009765625,0.201171875,0.0,0.10107421875
2024-02-03 10:30:00,0.0,0.0,0.099609375,0.0,0.099609375
2024-02-03 10:45:00,0.10009765625,0.09985351562318101,0.298828125,0.0,0.09887695312681899
2024-02-03 11:00:00,0.0,0.0,0.1015625,0.0,0.1015625
2024-02-03 11:30:00,0.0,0.0,0.19921875,0.0,0.19921875
2024-02-03 12:30:00,0.0999755859375,0.0,0.599609375,0.0,0.4996337890625
2024-02-03 12:45:00,0.0,0.0,0.099609375,0.0,0.099609375
2024-02-03 13:00:00,0.0,0.0,0.1015625,0.09997558593738631,0.0015869140626136868
2024-02-03 14:15:00,0.0999755859375,0.0,0.798828125,0.0,0.6988525390625
2024-02-03 16:00:00,0.0999755859375,0.0,1.0,0.10000610351568184,0.8000183105468182
2024-02-03 16:15:00,0.0999755859375,0.0,0.099609375,0.0,-0.0003662109375
2024-02-03 17:30:00,0.0,0.0,0.6015625,0.0,0.6015625
2024-02-03 18:15:00,0.10009765625,0.0,0.5,0.0,0.39990234375
2024-02-03 18:45:00,0.0,0.0,0.099609375,0.0,0.099609375
2024-02-03 19:30:00,0.0999755859375,0.0,0.5,0.100006103515625,0.300018310546875
2024-02-03 20:00:00,0.0,0.0,0.19921875,0.0,0.19921875
2024-02-03 20:15:00,0.0,0.0,0.099609375,0.0,0.099609375
2024-02-03 20:30:00,0.0999755859375,0.0,0.1015625,0.0,0.0015869140625
2024-02-03 21:15:00,0.0,0.0,0.599609375,0.0,0.599609375
2024-02-03 21:45:00,0.0,0.0,0.19921875,0.0,0.19921875
2024-02-03 22:00:00,0.0999755859375,0.0,0.099609375,0.0,-0.0003662109375
2024-02-03 23:00:00,0.0,0.0,0.6015625,0.100006103515625,0.501556396484375
2024-02-03 23:45:00,0.0999755859375,0.0,0.298828125,0.0,0.1988525390625
2024-02-04 00:00:00,0.0,0.0,0.201171875,0.0,0.201171875
2024-02-04 00:45:00,0.10009765625,0.0,0.3984375,0.0,0.29833984375
2024-02-04 01:30:00,0.0,0.0,0.30078125,0.10000610351568184,0.20077514648431816
2024-02-04 02:15:00,0.0999755859375,0.0,0.5,0.0,0.4000244140625
2024-02-04 02:30:00,0.0,0.0,0.099609375,0.0,0.099609375
2024-02-04 03:00:00,0.0,0.0,0.30078125,0.0,0.30078125
2024-02-04 03:45:00,0.0999755859375,0.0,0.5,0.0,0.4000244140625
2024-02-04 04:00:00,0.0,0.2001953125,0.400390625,0.0,0.2001953125
2024-02-04 05:00:00,0.0999755859375,0.399902343753638,1.19921875,0.09997558593738631,0.5993652343714757
2024-02-04 06:00:00,0.0,0.399902343746362,1.19921875,0.0,0.799316406253638
2024-02-04 06:15:00,0.0999755859375,0.10009765625363798,0.400390625,0.0,0.20031738280886202
2024-02-04 08:15:00,0.10009765625,1.000244140623181,2.30078125,0.10000610351568184,1.1004333496111371
2024-02-04 09:00:00,0.0999755859375,0.199951171876819,0.69921875,0.0,0.399291992185681
2024-02-04 09:15:00,0.0,0.0,0.201171875,0.0,0.201171875
2024-02-04 09:45:00,0.0,0.0,0.298828125,0.0,0.298828125
2024-02-04 10:45:00,0.0999755859375,0.0,0.400390625,0.100006103515625,0.200408935546875
2024-02-04 11:00:00,0.0,0.0,0.30078125,0.0,0.30078125
2024-02-04 11:15:00,0.0,0.0,0.099609375,0.0,0.099609375
2024-02-04 11:30:00,0.0,0.0,0.099609375,0.0,0.099609375
2024-02-04 12:00:00,0.0999755859375,0.0,0.30078125,0.0,0.2008056640625
2024-02-04 12:15:00,0.0,0.0,0.099609375,0.0,0.099609375
2024-02-04 13:15:00,0.0999755859375,0.0,0.599609375,0.0,0.4996337890625
2024-02-04 13:30:00,0.0,0.0,0.099609375,0.0,0.099609375
2024-02-04 13:45:00,0.0,0.0,0.201171875,0.100006103515625,0.101165771484375
2024-02-04 14:00:00,0.0,0.0,0.19921875,0.0,0.19921875
2024-02-04 14:15:00,0.0,0.0,0.099609375,0.0,0.099609375
2024-02-04 14:30:00,0.0,0.0,0.099609375,0.0,0.099609375
2024-02-04 14:45:00,0.10009765625,0.0,0.201171875,0.0,0.10107421875
2024-02-04 15:00:00,0.0,0.0,0.0,0.0,0.0
2024-02-04 15:30:00,0.0,0.0,0.400390625,0.0,0.400390625
2024-02-04 16:15:00,0.0999755859375,0.0,0.298828125,0.0,0.1988525390625
2024-02-04 16:30:00,0.0,0.0,0.201171875,0.0,0.201171875
2024-02-04 16:45:00,0.0,0.0,0.19921875,0.10000610351568184,0.09921264648431816
2024-02-04 17:45:00,0.0999755859375,0.0,0.400390625,0.0,0.3004150390625
2024-02-04 18:00:00,0.0,0.0,0.19921875,0.0,0.19921875
2024-02-04 18:30:00,0.0,0.0,0.30078125,0.0,0.30078125
2024-02-04 18:45:00,0.0,0.0,0.19921875,0.0,0.19921875
2024-02-04 20:30:00,0.199951171875,0.0,0.80078125,0.09997558593738631,0.5008544921876137
2024-02-04 21:00:00,0.0,0.0,0.400390625,0.0,0.400390625
2024-02-04 21:15:00,0.0,0.0,0.099609375,0.0,0.099609375
2024-02-04 21:30:00,0.0,0.0,0.099609375,0.0,0.099609375
2024-02-04 21:45:00,0.10009765625,0.0,0.19921875,0.0,0.09912109375
2024-02-04 22:00:00,0.0,0.0,0.1015625,0.0,0.1015625
2024-02-04 22:30:00,0.0,0.0,0.19921875,0.0,0.19921875
2024-02-04 22:45:00,0.0,0.0,0.30078125,0.10000610351568184,0.20077514648431816
2024-02-04 23:30:00,0.0999755859375,0.0,0.3984375,0.0,0.2984619140625
2024-02-05 00:45:00,0.0999755859375,0.0,0.6015625,0.0,0.5015869140625
2024-02-05 01:15:00,0.0,0.0,0.298828125,0.0,0.298828125
2024-02-05 02:45:00,0.0999755859375,0.0,0.900390625,0.100006103515625,0.700408935546875
2024-02-05 03:00:00,0.0,0.0,0.0,0.0,0.0
2024-02-05 03:45:00,0.0999755859375,0.0,0.5,0.0,0.4000244140625
2024-02-05 04:45:00,0.0,0.199951171873181,0.599609375,0.0,0.399658203126819
2024-02-05 05:30:00,0.10009765625,0.400146484373181,0.80078125,0.100006103515625,0.200531005861194
2024-02-05 05:45:00,0.0,0.0,0.19921875,0.0,0.19921875
2024-02-05 07:00:00,0.0999755859375,0.5,1.201171875,0.0,0.6011962890625
2024-02-05 07:15:00,0.0,0.0,0.099609375,0.0,0.099609375
2024-02-05 07:30:00,0.0999755859375,1.200073242189319,1.599609375,0.0,0.299560546873181
2024-02-05 07:45:00,0.0,0.39990234375,0.5,0.0,0.10009765625
2024-02-05 08:15:00,0.0999755859375,0.600341796875,1.099609375,0.10000610351568184,0.29928588867181816
2024-02-05 08:30:00,0.0999755859375,0.49951171875,0.80078125,0.0,0.2012939453125
2024-02-05 09:00:00,0.10009765625,1.400146484375,2.19921875,0.0,0.698974609375
2024-02-05 09:15:00,0.0999755859375,0.699951171875,1.201171875,0.0,0.4012451171875
2024-02-05 10:15:00,0.199951171875,2.600341796875,4.5,0.0,1.69970703125
2024-02-05 10:30:00,0.0999755859375,0.69970703125,1.099609375,0.0,0.2999267578125
2024-02-05 10:45:00,0.10009765625,0.599853515625,1.19921875,0.0,0.499267578125
2024-02-05 11:00:00,0.0,0.79974365234375,1.201171875,0.09997558593738631,0.3014526367188637
2024-02-05 12:00:00,0.0999755859375,3.10015869140625,4.8984375,0.0,1.69830322265625
2024-02-05 13:00:00,0.0999755859375,2.900268554685681,4.80078125,0.0,1.800537109376819
2024-02-05 14:00:00,0.300048828125,3.2001953125,5.30078125,0.0,1.800537109375
2024-02-05 14:15:00,0.0,0.7998046875,1.298828125,0.10000610351568184,0.39901733398431816
2024-02-05 14:30:00,0.0999755859375,1.100036621097388,1.900390625,0.0,0.700378417965112
2024-02-05 15:15:00,0.0999755859375,1.999938964841931,3.099609375,0.0,0.999694824220569
2024-02-05 15:45:00,0.199951171875,2.299926757814319,3.400390625,0.0,0.900512695310681
2024-02-05 16:00:00,0.0,0.500122070310681,0.900390625,0.0,0.400268554689319
2024-02-05 16:45:00,0.2000732421875,2.5,3.798828125,0.0,1.0987548828125
2024-02-05 17:15:00,0.0,1.6998291015625,2.6015625,0.100006103515625,0.801727294921875
2024-02-05 17:30:00,0.0,0.69989013671875,1.099609375,0.0,0.39971923828125
2024-02-05 18:00:00,0.0999755859375,1.30010986328125,1.900390625,0.0,0.50030517578125
2024-02-05 18:30:00,0.0,1.40008544921875,2.099609375,0.0,0.69952392578125
2024-02-05 19:00:00,0.0999755859375,1.79998779296875,2.5,0.0,0.60003662109375
2024-02-05 19:30:00,0.0999755859375,1.60028076171875,2.099609375,0.0,0.39935302734375
2024-02-05 20:15:00,0.10009765625,1.29986572265625,2.30078125,0.100006103515625,0.800811767578125
2024-02-05 21:00:00,0.0,0.0,0.3984375,0.0,0.3984375
2024-02-05 22:00:00,0.0999755859375,0.0,0.701171875,0.0,0.6011962890625
2024-02-05 22:15:00,0.0,0.099853515625,0.099609375,0.0,-0.000244140625
2024-02-05 22:30:00,0.0999755859375,0.0,0.30078125,0.0,0.2008056640625
2024-02-05 22:45:00,0.0,0.0,0.099609375,0.0,0.099609375
2024-02-05 23:00:00,0.0,0.0,0.19921875,0.0,0.19921875
2024-02-05 23:30:00,0.0,0.0,0.201171875,0.10000610351568184,0.10116577148431816
2024-02-06 00:45:00,0.0999755859375,0.0,0.798828125,0.0,0.6988525390625
2024-02-06 01:00:00,0.0,0.0,0.201171875,0.0,0.201171875
2024-02-06 01:30:00,0.0999755859375,0.0,0.19921875,0.0,0.0992431640625
2024-02-06 01:45:00,0.0,0.0,0.19921875,0.0,0.19921875
2024-02-06 02:00:00,0.0,0.0,0.1015625,0.0,0.1015625
2024-02-06 03:00:00,0.10009765625,0.0,0.599609375,0.09997558593738631,0.3995361328126137
2024-02-06 03:15:00,0.0,0.0,0.099609375,0.0,0.099609375
2024-02-06 03:30:00,0.0,0.0,0.19921875,0.0,0.19921875
2024-02-06 03:45:00,0.0,0.0,0.1015625,0.0,0.1015625
2024-02-06 04:15:00,0.0999755859375,0.0,0.3984375,0.0,0.2984619140625
2024-02-06 04:30:00,0.0,0.199951171875,0.30078125,0.0,0.100830078125
2024-02-06 06:15:00,0.0999755859375,0.5,1.5,0.10000610351568184,0.8000183105468182
2024-02-06 06:30:00,0.0,0.199951171875,0.400390625,0.0,0.200439453125
2024-02-06 06:45:00,0.0,0.0,0.099609375,0.0,0.099609375
2024-02-06 07:00:00,0.0999755859375,0.10009765625,0.400390625,0.0,0.2003173828125
2024-02-06 07:30:00,0.0,1.099975585939319,1.599609375,0.0,0.499633789060681
2024-02-06 08:00:00,0.0999755859375,0.800292968746362,1.599609375,0.0,0.699340820316138
2024-02-06 08:30:00,0.10009765625,0.499511718753638,0.900390625,0.0,0.300781249996362
2024-02-06 08:45:00,0.0999755859375,0.7001953125,1.19921875,0.100006103515625,0.299041748046875
2024-02-06 09:00:00,0.0,0.599853515623181,1.1015625,0.0,0.501708984376819
2024-02-06 09:15:00,0.0,0.400146484376819,0.798828125,0.0,0.398681640623181
2024-02-06 09:45:00,0.0999755859375,1.499755859373181,2.5,0.0,0.900268554689319
2024-02-06 10:00:00,0.0999755859375,0.80029296875,1.900390625,0.0,1.0001220703125
2024-02-06 10:30:00,0.0999755859375,1.699890136720569,2.69921875,0.0,0.899353027341931
2024-02-06 10:45:00,0.10009765625,0.600097656248181,1.400390625,0.0,0.700195312501819
2024-02-06 11:00:00,0.0,0.300048828125,0.400390625,0.0,0.100341796875
2024-02-06 11:15:00,0.0999755859375,1.10009765625,2.0,0.0,0.7999267578125
2024-02-06 11:45:00,0.0999755859375,1.10009765625,1.80078125,0.100006103515625,0.500701904296875
2024-02-06 12:00:00,0.0,0.89990234375,1.3984375,0.0,0.49853515625
2024-02-06 12:15:00,0.0,0.599853515625,1.1015625,0.0,0.501708984375
2024-02-06 12:30:00,0.0,0.599609375,0.69921875,0.0,0.099609375
2024-02-06 12:45:00,0.0999755859375,0.900390625,1.400390625,0.0,0.4000244140625
2024-02-06 13:00:00,0.0,0.199951171875,0.400390625,0.0,0.200439453125
2024-02-06 13:45:00,0.0,2.2001953125,3.599609375,0.0,1.3994140625
2024-02-06 14:00:00,0.0,0.699951171876819,1.099609375,0.0,0.399658203123181
2024-02-06 14:30:00,0.0999755859375,1.399902343748181,2.19921875,0.0,0.699340820314319
2024-02-06 15:00:00,0.0,1.5,2.5,0.10000610351568184,0.8999938964843182
2024-02-06 15:15:00,0.0,0.699951171875,1.1015625,0.0,0.401611328125
2024-02-06 16:30:00,0.10009765625,3.000244140625,5.099609375,0.0,1.999267578125
2024-02-06 17:00:00,0.0999755859375,1.699951171875,2.5,0.0,0.7000732421875
2024-02-06 17:15:00,0.0,0.39990234375,0.69921875,0.0,0.29931640625
2024-02-06 17:30:00,0.0,1.0,1.5,0.0,0.5
2024-02-06 17:45:00,0.0999755859375,0.5,0.80078125,0.09997558593738631,0.10083007812511369
2024-02-06 18:00:00,0.0,0.2998046875,0.599609375,0.0,0.2998046875
2024-02-06 18:15:00,0.0999755859375,0.500244140626819,0.80078125,0.0,0.200561523435681
2024-02-06 18:30:00,0.0,0.699951171873181,1.099609375,0.0,0.399658203126819
2024-02-06 19:00:00,0.0999755859375,0.89990234375,1.5,0.0,0.5001220703125
2024-02-06 19:15:00,0.10009765625,0.300048828125,0.599609375,0.0,0.199462890625
2024-02-06 19:45:00,0.0,1.199951171875,1.69921875,0.0,0.499267578125
2024-02-06 20:15:00,0.0999755859375,0.800048828125,1.201171875,0.0,0.3011474609375
2024-02-06 20:45:00,0.0,0.7001953125,1.298828125,0.10000610351568184,0.49862670898431816
2024-02-06 21:15:00,0.0,0.0,0.201171875,0.0,0.201171875
2024-02-06 22:30:00,0.0999755859375,0.0,0.798828125,0.0,0.6988525390625
2024-02-06 23:15:00,0.0999755859375,0.0,0.30078125,0.0,0.2008056640625
2024-02-06 23:30:00,0.0,0.0,0.30078125,0.0,0.30078125
2024-02-07 00:30:00,0.0999755859375,0.0,0.599609375,0.100006103515625,0.399627685546875
2024-02-07 00:45:00,0.0,0.0,0.099609375,0.0,0.099609375
2024-02-07 01:15:00,0.0,0.0,0.30078125,0.0,0.30078125
2024-02-07 01:45:00,0.10009765625,0.0,0.298828125,0.0,0.19873046875
2024-02-07 04:00:00,0.0999755859375,0.0,1.30078125,0.100006103515625,1.100799560546875
2024-02-07 04:15:00,0.0,0.0,0.19921875,0.0,0.19921875
2024-02-07 04:30:00,0.0999755859375,0.099853515625,0.30078125,0.0,0.1009521484375
2024-02-07 04:45:00,0.0,0.0,0.099609375,0.0,0.099609375
2024-02-07 05:30:00,0.0,0.300048828126819,0.599609375,0.0,0.299560546873181
2024-02-07 05:45:00,0.0,0.199951171873181,0.400390625,0.0,0.200439453126819
2024-02-07 06:15:00,0.0999755859375,0.10009765625,0.400390625,0.10000610351568184,0.10031127929681816
2024-02-07 07:15:00,0.0,0.39990234375,1.19921875,0.0,0.79931640625
2024-02-07 07:30:00,0.0999755859375,0.499877929685681,0.599609375,0.0,-0.0002441406231810106
2024-02-07 07:45:00,0.0,0.699951171876819,1.0,0.0,0.300048828123181
2024-02-07 08:00:00,0.10009765625,0.60009765625,1.201171875,0.0,0.5009765625
2024-02-07 08:15:00,0.0,0.199951171873181,0.400390625,0.0,0.200439453126819
2024-02-07 08:30:00,0.0999755859375,0.400146484376819,0.798828125,0.0,0.298706054685681
2024-02-07 09:15:00,0.0999755859375,1.599609375,2.400390625,0.09997558593738631,0.6008300781251137
2024-02-07 09:45:00,0.0999755859375,1.400390625,2.19921875,0.0,0.6988525390625
2024-02-07 10:15:00,0.0999755859375,1.300048828123181,2.701171875,0.0,1.301147460939319
2024-02-07 11:00:00,0.2000732421875,2.699951171876819,4.69921875,0.0,1.799194335935681
2024-02-07 11:15:00,0.0,0.299560546875,0.80078125,0.0,0.501220703125
2024-02-07 11:30:00,0.0,0.800537109375,1.099609375,0.0,0.299072265625
2024-02-07 11:45:00,0.0,0.599853515625,1.099609375,0.0,0.499755859375
2024-02-07 12:15:00,0.0,1.2998046875,2.099609375,0.10000610351568184,0.6997985839843182
2024-02-07 12:45:00,0.0999755859375,1.400146484375,2.30078125,0.0,0.8006591796875
2024-02-07 13:00:00,0.0,0.900146484373181,1.69921875,0.0,0.799072265626819
2024-02-07 13:45:00,0.199951171875,2.0,3.80078125,0.0,1.600830078125
2024-02-07 14:00:00,0.0,0.599853515626819,1.19921875,0.0,0.599365234373181
2024-02-07 14:30:00,0.10009765625,1.0,1.5,0.0,0.39990234375
2024-02-07 14:45:00,0.0999755859375,1.10009765625,2.0,0.0,0.7999267578125
2024-02-07 15:00:00,0.0,0.699951171875,1.201171875,0.100006103515625,0.401214599609375
2024-02-07 15:15:00,0.0999755859375,0.10009765624818101,0.298828125,0.0,0.09875488281431899
2024-02-07 15:45:00,0.0999755859375,1.99993896484375,3.30078125,0.0,1.20086669921875
2024-02-07 16:30:00,0.2000732421875,2.200012207033069,3.80078125,0.0,1.400695800779431
2024-02-07 16:45:00,0.0,0.900085449220569,1.19921875,0.0,0.299133300779431
2024-02-07 17:00:00,0.0,0.599853515623181,1.099609375,0.0,0.499755859376819
2024-02-07 17:15:00,0.0,0.5,0.80078125,0.0,0.30078125
2024-02-07 17:30:00,0.0999755859375,1.0001220703125,1.5,0.0,0.39990234375
2024-02-07 17:45:00,0.0,0.599853515625,1.0,0.0,0.400146484375
2024-02-07 18:15:00,0.0999755859375,1.0001220703125,1.599609375,0.100006103515625,0.399505615234375
2024-02-07 18:30:00,0.0,0.499755859373181,0.80078125,0.0,0.301025390626819
2024-02-07 18:45:00,0.0,0.500244140626819,0.69921875,0.0,0.198974609373181
2024-02-07 19:00:00,0.0,0.199951171873181,0.30078125,0.0,0.10083007812681899
2024-02-07 19:15:00,0.0999755859375,0.699890136720569,1.0,0.0,0.200134277341931
2024-02-07 19:30:00,0.0,0.300048828125,0.5,0.0,0.199951171875
2024-02-07 19:45:00,0.0,0.7998046875,1.099609375,0.0,0.2998046875
2024-02-07 20:15:00,0.0999755859375,0.500122070310681,0.798828125,0.0,0.198730468751819
2024-02-07 20:45:00,0.0,1.0,1.400390625,0.0,0.400390625
2024-02-07 22:00:00,0.2000732421875,2.200012207033069,3.400390625,0.10000610351568184,0.9002990722637492
2024-02-07 22:15:00,0.0,0.400146484375,0.599609375,0.0,0.199462890625
2024-02-07 22:30:00,0.0,0.300048828125,0.400390625,0.0,0.100341796875
2024-02-07 23:15:00,0.0999755859375,0.199951171875,0.69921875,0.0,0.3992919921875
2024-02-08 00:15:00,0.0,0.0,0.5,0.0,0.5
2024-02-08 00:30:00,0.0,0.0,0.201171875,0.09997558593738631,0.10119628906261369
2024-02-08 00:45:00,0.0999755859375,0.0,0.099609375,0.0,-0.0003662109375
2024-02-08 01:00:00,0.0,0.0,0.099609375,0.0,0.099609375
2024-02-08 01:45:00,0.0,0.0,0.400390625,0.0,0.400390625
2024-02-08 02:30:00,0.0999755859375,0.0,0.599609375,0.0,0.4996337890625
2024-02-08 02:45:00,0.0,0.0,0.099609375,0.0,0.099609375
2024-02-08 03:00:00,0.0,0.0,0.201171875,0.0,0.201171875
2024-02-08 03:15:00,0.0,0.0,0.0,0.0,0.0
2024-02-08 03:30:00,0.10009765625,0.0,0.19921875,0.10000610351568184,-0.0008850097656818434
2024-02-08 04:00:00,0.0,0.0,0.201171875,0.0,0.201171875
2024-02-08 04:15:00,0.0,0.0,0.19921875,0.0,0.19921875
2024-02-08 05:15:00,0.0999755859375,0.400146484375,1.0,0.0,0.4998779296875
2024-02-08 05:30:00,0.0,0.099853515625,0.30078125,0.0,0.200927734375
2024-02-08 05:45:00,0.0,0.0,0.099609375,0.0,0.099609375
2024-02-08 06:00:00,0.0,0.10009765625,0.298828125,0.0,0.19873046875
2024-02-08 06:15:00,0.0999755859375,0.10009765625,0.30078125,0.0,0.1007080078125
2024-02-08 06:30:00,0.0,0.099853515625,0.19921875,0.100006103515625,-0.000640869140625
2024-02-08 06:45:00,0.0,0.10009765625,0.30078125,0.0,0.20068359375
2024-02-08 07:30:00,0.0999755859375,0.8997802734375,1.400390625,0.0,0.400634765625
2024-02-08 07:45:00,0.0,0.69970703125,1.099609375,0.0,0.39990234375
2024-02-08 08:00:00,0.0,0.400146484373181,0.69921875,0.0,0.299072265626819
2024-02-08 08:30:00,0.0999755859375,0.7001953125,1.201171875,0.0,0.4010009765625
2024-02-08 08:45:00,0.0,0.5,0.900390625,0.0,0.400390625
2024-02-08 09:00:00,0.0,0.2001953125,0.5,0.0,0.2998046875
2024-02-08 09:15:00,0.10009765625,0.599609375,1.0,0.0,0.30029296875
2024-02-08 10:00:00,0.0,0.900390625,1.69921875,0.100006103515625,0.698822021484375
2024-02-08 10:15:00,0.0999755859375,0.600097656253638,1.099609375,0.0,0.399536132808862
2024-02-08 11:00:00,0.0,1.399719238279431,2.599609375,0.0,1.199890136720569
2024-02-08 11:15:00,0.0999755859375,0.5999755859375,1.0,0.0,0.300048828125
2024-02-08 12:15:00,0.0999755859375,1.60003662109375,2.400390625,0.0,0.70037841796875
2024-02-08 12:45:00,0.0,0.699951171875,1.400390625,0.10000610351568184,0.6004333496093182
2024-02-08 13:00:00,0.0999755859375,0.5,1.0,0.0,0.4000244140625
2024-02-08 13:30:00,0.0,0.8997802734375,1.5,0.0,0.6002197265625
2024-02-08 14:00:00,0.10009765625,1.10003662109375,1.80078125,0.0,0.60064697265625
2024-02-08 14:15:00,0.0,0.400390625,0.798828125,0.0,0.3984375
2024-02-08 14:45:00,0.0,0.5999755859375,1.0,0.0,0.4000244140625
2024-02-08 15:00:00,0.0,0.7998046875,1.30078125,0.0,0.5009765625
2024-02-08 15:15:00,0.0,0.199707031248181,0.5,0.0,0.300292968751819
2024-02-08 15:30:00,0.0999755859375,0.500427246097388,0.798828125,0.0,0.19842529296511202
2024-02-08 15:45:00,0.0,0.5,1.0,0.09997558593738631,0.4000244140626137
2024-02-08 16:15:00,0.0,0.899780273435681,1.400390625,0.0,0.500610351564319
2024-02-08 17:15:00,0.0999755859375,1.8001708984375,2.900390625,0.0,1.000244140625
2024-02-08 17:30:00,0.0,0.2001953125,0.19921875,0.0,-0.0009765625
2024-02-08 18:30:00,0.0999755859375,1.69989013671875,2.5,0.0,0.70013427734375
2024-02-08 19:00:00,0.0,0.800048828125,1.30078125,0.10000610351568184,0.40072631835931816
2024-02-08 19:45:00,0.0999755859375,0.0,0.400390625,0.0,0.3004150390625
2024-02-08 20:15:00,0.0,0.0,0.298828125,0.0,0.298828125
2024-02-08 20:30:00,0.0,0.0,0.201171875,0.0,0.201171875
2024-02-08 21:00:00,0.10009765625,0.0,0.19921875,0.0,0.09912109375
2024-02-08 21:30:00,0.0,0.0,0.30078125,0.0,0.30078125
2024-02-08 21:45:00,0.0,0.0,0.099609375,0.100006103515625,-0.000396728515625
2024-02-08 22:00:00,0.0,0.0,0.19921875,0.0,0.19921875
2024-02-08 23:00:00,0.0999755859375,0.0,0.6015625,0.0,0.5015869140625
2024-02-08 23:15:00,0.0,0.0,0.0,0.0,0.0
2024-02-08 23:30:00,0.0,0.0,0.099609375,0.0,0.099609375
2024-02-08 23:45:00,0.0999755859375,0.0,0.19921875,0.0,0.0992431640625
2024-02-09 00:00:00,0.0,0.0,0.099609375,0.0,0.099609375
2024-02-09 00:15:00,0.0,0.0,0.201171875,0.0,0.201171875
2024-02-09 01:00:00,0.0,0.0,0.400390625,0.100006103515625,0.300384521484375
2024-02-09 01:15:00,0.0,0.0,0.0,0.0,0.0
2024-02-09 01:45:00,0.0999755859375,0.0,0.3984375,0.0,0.2984619140625
2024-02-09 02:00:00,0.0,0.0,0.1015625,0.0,0.1015625
2024-02-09 02:15:00,0.0,0.0,0.099609375,0.0,0.099609375
2024-02-09 03:00:00,0.0999755859375,0.0,0.5,0.0,0.4000244140625
2024-02-09 03:45:00,0.0,0.0,0.400390625,0.0,0.400390625
2024-02-09 04:00:00,0.0,0.0,0.099609375,0.10000610351568184,-0.0003967285156818434
2024-02-09 04:30:00,0.10009765625,0.0,0.298828125,0.0,0.19873046875
2024-02-09 04:45:00,0.0,0.0,0.201171875,0.0,0.201171875
2024-02-09 05:30:00,0.0,0.0,0.298828125,0.0,0.298828125
2024-02-09 06:00:00,0.0999755859375,0.0,0.30078125,0.0,0.2008056640625
2024-02-09 06:45:00,0.0,0.0,0.400390625,0.0,0.400390625
2024-02-09 07:00:00,0.0999755859375,0.0,0.19921875,0.09997558593738631,-0.0007324218748863132
2024-02-09 07:15:00,0.0,0.0,0.201171875,0.0,0.201171875
2024-02-09 07:30:00,0.0,0.0,0.0,0.0,0.0
2024-02-09 07:45:00,0.0,0.0,0.19921875,0.0,0.19921875
2024-02-09 08:00:00,0.0,0.0,0.099609375,0.0,0.099609375
2024-02-09 08:15:00,0.0,0.0,0.099609375,0.0,0.099609375
2024-02-09 09:30:00,0.0999755859375,0.099609375,0.80078125,0.0,0.6011962890625
2024-02-09 09:45:00,0.0999755859375,0.0,0.099609375,0.0,-0.0003662109375
2024-02-09 10:30:00,0.0,0.0,0.400390625,0.10000610351568184,0.30038452148431816
2024-02-09 11:00:00,0.0,0.0,0.30078125,0.0,0.30078125
2024-02-09 11:15:00,0.10009765625,0.0,0.099609375,0.0,-0.00048828125
2024-02-09 11:30:00,0.0,0.0,0.099609375,0.0,0.099609375
2024-02-09 11:45:00,0.0,0.10009765625,0.19921875,0.0,0.09912109375
2024-02-09 12:00:00,0.0,0.0,0.1015625,0.0,0.1015625
2024-02-09 12:15:00,0.0,0.0,0.298828125,0.0,0.298828125
2024-02-09 12:30:00,0.0999755859375,0.099853515625,0.201171875,0.0,0.0013427734375
2024-02-09 12:45:00,0.0,0.0,0.099609375,0.0,0.099609375
2024-02-09 13:00:00,0.0,0.0,0.298828125,0.100006103515625,0.198822021484375
2024-02-09 13:15:00,0.0,0.0,0.1015625,0.0,0.1015625
2024-02-09 13:45:00,0.0,0.10009765625181899,0.3984375,0.0,0.298339843748181
2024-02-09 14:00:00,0.0,0.0,0.1015625,0.0,0.1015625
2024-02-09 14:15:00,0.0999755859375,0.0,0.298828125,0.0,0.1988525390625
2024-02-09 14:30:00,0.0,0.09985351562318101,0.201171875,0.0,0.10131835937681899
2024-02-09 15:00:00,0.0,0.0,0.298828125,0.0,0.298828125
2024-02-09 15:15:00,0.0,0.10009765625,0.30078125,0.0,0.20068359375
2024-02-09 15:45:00,0.0999755859375,0.0,0.298828125,0.0,0.1988525390625
2024-02-09 16:30:00,0.0,0.10009765625,0.5,0.100006103515625,0.299896240234375
2024-02-09 17:15:00,0.0999755859375,0.0,0.400390625,0.0,0.3004150390625
2024-02-09 17:45:00,0.0,0.0,0.30078125,0.0,0.30078125
2024-02-09 18:15:00,0.10009765625,0.0,0.298828125,0.0,0.19873046875
2024-02-09 18:45:00,0.0,0.0,0.201171875,0.0,0.201171875
2024-02-09 19:15:00,0.0,0.0,0.400390625,0.10000610351568184,0.30038452148431816
2024-02-09 19:30:00,0.0,0.0,0.0,0.0,0.0
2024-02-09 20:00:00,0.0999755859375,0.0,0.298828125,0.0,0.1988525390625
2024-02-09 20:15:00,0.0,0.0,0.201171875,0.0,0.201171875
2024-02-09 21:15:00,0.0999755859375,0.0,0.5,0.0,0.4000244140625
2024-02-09 21:45:00,0.0,0.0,0.298828125,0.0,0.298828125
2024-02-09 22:00:00,0.0,0.0,0.0,0.0,0.0
2024-02-09 22:15:00,0.0,0.0,0.201171875,0.0,0.201171875
2024-02-09 22:30:00,0.0999755859375,0.0,0.19921875,0.09997558593738631,-0.0007324218748863132
2024-02-09 22:45:00,0.0,0.0,0.099609375,0.0,0.099609375
2024-02-09 23:00:00,0.0,0.0,0.099609375,0.0,0.099609375
2024-02-09 23:15:00,0.0,0.0,0.1015625,0.0,0.1015625
2024-02-09 23:30:00,0.0,0.0,0.099609375,0.0,0.099609375
2024-02-09 23:45:00,0.0999755859375,0.0,0.298828125,0.0,0.1988525390625
2024-02-10 00:00:00,0.0,0.0,0.0,0.0,0.0
2024-02-10 00:45:00,0.0,0.0,0.400390625,0.0,0.400390625
2024-02-10 01:00:00,0.0,0.0,0.201171875,0.0,0.201171875
2024-02-10 01:15:00,0.10009765625,0.0,0.099609375,0.0,-0.00048828125
2024-02-10 01:30:00,0.0,0.0,0.19921875,0.10000610351568184,0.09921264648431816
2024-02-10 02:00:00,0.0,0.0,0.30078125,0.0,0.30078125
2024-02-10 02:15:00,0.0,0.0,0.099609375,0.0,0.099609375
2024-02-10 02:30:00,0.0,0.0,0.099609375,0.0,0.099609375
2024-02-10 02:45:00,0.0999755859375,0.0,0.099609375,0.0,-0.0003662109375
2024-02-10 03:30:00,0.0,0.0,0.400390625,0.0,0.400390625
2024-02-10 03:45:00,0.0,0.0,0.099609375,0.0,0.099609375
2024-02-10 04:00:00,0.0,0.0,0.201171875,0.0,0.201171875
2024-02-10 04:15:00,0.0999755859375,0.0,0.099609375,0.0,-0.0003662109375
2024-02-10 04:30:00,0.0,0.0,0.099609375,0.0,0.099609375
2024-02-10 05:00:00,0.0,0.0,0.400390625,0.100006103515625,0.300384521484375
2024-02-10 05:30:00,0.0999755859375,0.0,0.30078125,0.0,0.2008056640625
2024-02-10 06:00:00,0.0,0.0,0.298828125,0.0,0.298828125
2024-02-10 06:30:00,0.0,0.0,0.201171875,0.0,0.201171875
2024-02-10 06:45:00,0.0,0.0,0.19921875,0.0,0.19921875
2024-02-10 07:15:00,0.0999755859375,0.0,0.30078125,0.0,0.2008056640625
2024-02-10 08:15:00,0.0,0.0,0.3984375,0.100006103515625,0.298431396484375
2024-02-10 08:45:00,0.10009765625,0.0,0.30078125,0.0,0.20068359375
2024-02-10 09:00:00,0.0,0.199951171876819,0.30078125,0.0,0.10083007812318101
2024-02-10 09:15:00,0.0,0.0,0.099609375,0.0,0.099609375
2024-02-10 09:30:00,0.0,0.0,0.19921875,0.0,0.19921875
2024-02-10 10:15:00,0.0999755859375,0.0,0.5,0.0,0.4000244140625
2024-02-10 11:00:00,0.0,0.0,0.30078125,0.10000610351568184,0.20077514648431816
2024-02-10 11:30:00,0.0999755859375,0.0,0.298828125,0.0,0.1988525390625
2024-02-10 11:45:00,0.0,0.0,0.1015625,0.0,0.1015625
2024-02-10 12:15:00,0.0,0.0,0.19921875,0.0,0.19921875
2024-02-10 12:45:00,0.0999755859375,0.0,0.400390625,0.0,0.3004150390625
2024-02-10 13:00:00,0.0,0.0,0.099609375,0.0,0.099609375
2024-02-10 13:15:00,0.0,0.0,0.099609375,0.0,0.099609375
2024-02-10 14:15:00,0.0999755859375,0.0,0.5,0.09997558593738631,0.3000488281251137
2024-02-10 14:30:00,0.0,0.0,0.201171875,0.0,0.201171875
2024-02-10 15:15:00,0.10009765625,0.0,0.3984375,0.0,0.29833984375
2024-02-10 15:45:00,0.0,0.0,0.30078125,0.0,0.30078125
2024-02-10 16:45:00,0.0999755859375,0.0,0.5,0.10000610351568184,0.30001831054681816
2024-02-10 17:15:00,0.0,0.0,0.30078125,0.0,0.30078125
2024-02-10 17:30:00,0.0,0.0,0.099609375,0.0,0.099609375
2024-02-10 18:15:00,0.0999755859375,0.0,0.400390625,0.0,0.3004150390625
2024-02-10 18:45:00,0.0,0.0,0.298828125,0.0,0.298828125
2024-02-10 19:00:00,0.0,0.0,0.099609375,0.0,0.099609375
2024-02-10 19:15:00,0.0,0.0,0.30078125,0.0,0.30078125
2024-02-10 19:30:00,0.0,0.0,0.0,0.0,0.0
2024-02-10 19:45:00,0.0999755859375,0.0,0.19921875,0.0,0.0992431640625
2024-02-10 20:00:00,0.0,0.0,0.201171875,0.100006103515625,0.101165771484375
2024-02-10 21:00:00,0.0,0.0,0.400390625,0.0,0.400390625
2024-02-10 21:30:00,0.0999755859375,0.0,0.298828125,0.0,0.1988525390625
2024-02-10 21:45:00,0.0,0.0,0.201171875,0.0,0.201171875
2024-02-10 22:15:00,0.0,0.0,0.19921875,0.0,0.19921875
2024-02-10 22:30:00,0.10009765625,0.0,0.099609375,0.0,-0.00048828125
2024-02-10 22:45:00,0.0,0.0,0.201171875,0.0,0.201171875
2024-02-10 23:00:00,0.0,0.0,0.099609375,0.100006103515625,-0.000396728515625
2024-02-10 23:45:00,0.0,0.0,0.400390625,0.0,0.400390625
2024-02-11 00:30:00,0.0999755859375,0.0,0.3984375,0.0,0.2984619140625
2024-02-11 00:45:00,0.0,0.0,0.201171875,0.0,0.201171875
2024-02-11 01:00:00,0.0,0.0,0.19921875,0.0,0.19921875
2024-02-11 01:45:00,0.0999755859375,0.0,0.30078125,0.0,0.2008056640625
2024-02-11 02:15:00,0.0,0.0,0.19921875,0.10000610351568184,0.09921264648431816
2024-02-11 03:15:00,0.0999755859375,0.0,0.701171875,0.0,0.6011962890625
2024-02-11 03:30:00,0.0,0.0,0.099609375,0.0,0.099609375
2024-02-11 03:45:00,0.0,0.0,0.099609375,0.0,0.099609375
2024-02-11 04:00:00,0.0999755859375,0.0,0.19921875,0.0,0.0992431640625
2024-02-11 04:15:00,0.0,0.0,0.201171875,0.0,0.201171875
2024-02-11 05:00:00,0.0,0.0,0.400390625,0.09997558593738631,0.3004150390626137
2024-02-11 05:45:00,0.10009765625,0.0,0.298828125,0.0,0.19873046875
2024-02-11 06:00:00,0.0,0.0,0.201171875,0.0,0.201171875
2024-02-11 06:15:00,0.0,0.0,0.099609375,0.0,0.099609375
2024-02-11 06:30:00,0.0,0.0,0.099609375,0.0,0.099609375
2024-02-11 06:45:00,0.0,0.0,0.099609375,0.0,0.099609375
2024-02-11 07:00:00,0.0999755859375,0.0,0.201171875,0.0,0.1011962890625
2024-02-11 07:30:00,0.0,0.0,0.19921875,0.0,0.19921875
2024-02-11 07:45:00,0.0,0.0,0.19921875,0.0,0.19921875
2024-02-11 08:30:00,0.0999755859375,0.0,0.400390625,0.10000610351568184,0.20040893554681816
2024-02-11 09:15:00,0.0,0.0,0.5,0.0,0.5
2024-02-11 09:30:00,0.0,0.0,0.099609375,0.0,0.099609375
2024-02-11 10:00:00,0.0999755859375,0.0,0.30078125,0.0,0.2008056640625
2024-02-11 10:15:00,0.0,0.0,0.099609375,0.0,0.099609375
2024-02-11 10:45:00,0.0,0.0,0.30078125,0.0,0.30078125
2024-02-11 11:30:00,0.0999755859375,0.0,0.400390625,0.100006103515625,0.200408935546875
2024-02-11 11:45:00,0.0,0.0,0.099609375,0.0,0.099609375
2024-02-11 12:00:00,0.0,0.0,0.099609375,0.0,0.099609375
2024-02-11 12:30:00,0.10009765625,0.0,0.30078125,0.0,0.20068359375
2024-02-11 13:00:00,0.0,0.0,0.298828125,0.0,0.298828125
2024-02-11 13:30:00,0.0,0.0,0.30078125,0.0,0.30078125
2024-02-11 13:45:00,0.0,0.0,0.099609375,0.0,0.099609375
2024-02-11 14:00:00,0.0999755859375,0.0,0.099609375,0.0,-0.0003662109375
2024-02-11 14:30:00,0.0,0.0,0.30078125,0.100006103515625,0.200775146484375
2024-02-11 15:00:00,0.0,0.0,0.400390625,0.0,0.400390625
2024-02-11 15:30:00,0.0999755859375,0.0,0.099609375,0.0,-0.0003662109375
2024-02-11 16:15:00,0.0,0.0,0.5,0.0,0.5
2024-02-11 16:45:00,0.0999755859375,0.0,0.298828125,0.0,0.1988525390625
2024-02-11 17:00:00,0.0,0.0,0.1015625,0.0,0.1015625
2024-02-11 17:15:00,0.0,0.0,0.19921875,0.0,0.19921875
2024-02-11 17:30:00,0.0,0.0,0.099609375,0.10000610351568184,-0.0003967285156818434
2024-02-11 17:45:00,0.0,0.0,0.099609375,0.0,0.099609375
2024-02-11 18:15:00,0.0999755859375,0.0,0.30078125,0.0,0.2008056640625
2024-02-11 18:30:00,0.0,0.0,0.19921875,0.0,0.19921875
2024-02-11 19:30:00,0.0,0.0,0.400390625,0.0,0.400390625
2024-02-11 20:15:00,0.10009765625,0.0,0.5,0.0,0.39990234375
2024-02-11 20:30:00,0.0,0.0,0.099609375,0.0,0.099609375
2024-02-11 20:45:00,0.0,0.0,0.1015625,0.09997558593738631,0.0015869140626136868
2024-02-11 21:00:00,0.0,0.0,0.19921875,0.0,0.19921875
2024-02-11 21:15:00,0.0999755859375,0.0,0.099609375,0.0,-0.0003662109375
2024-02-11 21:30:00,0.0,0.0,0.201171875,0.0,0.201171875
2024-02-11 21:45:00,0.0,0.0,0.099609375,0.0,0.099609375
2024-02-11 22:00:00,0.0,0.0,0.19921875,0.0,0.19921875
2024-02-11 22:15:00,0.0,0.0,0.0,0.0,0.0
2024-02-11 22:30:00,0.0999755859375,0.0,0.201171875,0.0,0.1011962890625
2024-02-11 23:15:00,0.0,0.0,0.3984375,0.0,0.3984375
2024-02-11 23:30:00,0.0,0.0,0.201171875,0.10000610351568184,0.10116577148431816
2024-02-12 00:00:00,0.0999755859375,0.0,0.19921875,0.0,0.0992431640625
2024-02-12 00:45:00,0.0,0.0,0.5,0.0,0.5
2024-02-12 01:00:00,0.0,0.0,0.099609375,0.0,0.099609375
2024-02-12 01:15:00,0.0999755859375,0.0,0.201171875,0.0,0.1011962890625
2024-02-12 01:45:00,0.0,0.0,0.19921875,0.0,0.19921875
2024-02-12 02:00:00,0.0,0.0,0.099609375,0.0,0.099609375
2024-02-12 02:30:00,0.10009765625,0.0,0.30078125,0.100006103515625,0.100677490234375
2024-02-12 02:45:00,0.0,0.0,0.099609375,0.0,0.099609375
2024-02-12 03:00:00,0.0,0.0,0.099609375,0.0,0.099609375
2024-02-12 03:15:00,0.0,0.0,0.201171875,0.0,0.201171875
2024-02-12 03:45:00,0.0,0.0,0.298828125,0.0,0.298828125
2024-02-12 04:45:00,0.0999755859375,0.0,0.400390625,0.0,0.3004150390625
2024-02-12 05:00:00,0.0,0.0,0.099609375,0.0,0.099609375
2024-02-12 05:15:00,0.0,0.0,0.201171875,0.0,0.201171875
2024-02-12 05:45:00,0.0999755859375,0.0,0.400390625,0.100006103515625,0.200408935546875
2024-02-12 06:00:00,0.0,0.0,0.099609375,0.0,0.099609375
2024-02-12 06:15:00,0.0,0.0,0.099609375,0.0,0.099609375
2024-02-12 06:30:00,0.0,0.0,0.19921875,0.0,0.19921875
2024-02-12 06:45:00,0.0,0.0,0.0,0.0,0.0
2024-02-12 07:15:00,0.0999755859375,0.0,0.30078125,0.0,0.2008056640625
2024-02-12 07:45:00,0.0,0.0,0.30078125,0.0,0.30078125
2024-02-12 08:00:00,0.0,0.0,0.19921875,0.0,0.19921875
2024-02-12 08:15:00,0.0999755859375,0.10009765624818101,0.19921875,0.0,-0.0008544921856810106
2024-02-12 08:30:00,0.0,0.0,0.1015625,0.0,0.1015625
2024-02-12 08:45:00,0.0,0.0,0.099609375,0.0,0.099609375
2024-02-12 09:00:00,0.0,0.0,0.099609375,0.10000610351568184,-0.0003967285156818434
2024-02-12 09:15:00,0.0,0.0,0.19921875,0.0,0.19921875
2024-02-12 10:00:00,0.10009765625,0.0,0.5,0.0,0.39990234375
2024-02-12 10:15:00,0.0,0.0,0.1015625,0.0,0.1015625
2024-02-12 10:30:00,0.0,0.0,0.099609375,0.0,0.099609375
2024-02-12 10:45:00,0.0,0.0,0.099609375,0.0,0.099609375
2024-02-12 11:00:00,0.0,0.0,0.099609375,0.0,0.099609375
2024-02-12 11:30:00,0.0999755859375,0.0,0.30078125,0.0,0.2008056640625
2024-02-12 11:45:00,0.0,0.0,0.19921875,0.0,0.19921875
2024-02-12 13:00:00,0.0999755859375,0.0,0.701171875,0.09997558593738631,0.5012207031251137
2024-02-12 13:30:00,0.0,0.0,0.298828125,0.0,0.298828125
2024-02-12 14:15:00,0.0999755859375,0.0,0.400390625,0.0,0.3004150390625
2024-02-12 14:45:00,0.0,0.0,0.30078125,0.0,0.30078125
2024-02-12 15:00:00,0.0,0.0,0.0,0.10000610351568184,-0.10000610351568184
2024-02-12 15:15:00,0.0,0.0,0.19921875,0.0,0.19921875
2024-02-12 15:30:00,0.0999755859375,0.0,0.19921875,0.0,0.0992431640625
2024-02-12 15:45:00,0.0,0.0,0.0,0.0,0.0
2024-02-12 17:00:00,0.10009765625,0.0,0.900390625,0.0,0.80029296875
2024-02-12 17:15:00,0.0,0.0,0.099609375,0.0,0.099609375
2024-02-12 17:30:00,0.0,0.0,0.0,0.0,0.0
2024-02-12 17:45:00,0.0,0.0,0.201171875,0.0,0.201171875
2024-02-12 18:45:00,0.0999755859375,0.0,0.5,0.100006103515625,0.300018310546875
2024-02-12 19:30:00,0.0999755859375,0.2001953125,0.5,0.0,0.1998291015625
2024-02-12 21:15:00,0.0999755859375,0.0,0.900390625,0.100006103515625,0.700408935546875
2024-02-12 21:30:00,0.0,0.0,0.099609375,0.0,0.099609375
2024-02-12 21:45:00,0.0,0.0,0.19921875,0.0,0.19921875
2024-02-12 22:45:00,0.0999755859375,0.0,0.599609375,0.0,0.4996337890625
2024-02-12 23:00:00,0.0,0.0,0.1015625,0.0,0.1015625
2024-02-12 23:15:00,0.0,0.0,0.0,0.0,0.0
2024-02-13 00:15:00,0.10009765625,0.0,0.599609375,0.10000610351568184,0.39950561523431816
2024-02-13 00:45:00,0.0,0.0,0.298828125,0.0,0.298828125
2024-02-13 01:30:00,0.0999755859375,0.0,0.400390625,0.0,0.3004150390625
2024-02-13 02:45:00,0.0999755859375,0.0,0.701171875,0.0,0.6011962890625
2024-02-13 03:00:00,0.0,0.0,0.099609375,0.0,0.099609375
2024-02-13 03:45:00,0.0,0.0,0.5,0.09997558593738631,0.4000244140626137
2024-02-13 04:15:00,0.0999755859375,0.0,0.19921875,0.0,0.0992431640625
2024-02-13 04:30:00,0.0,0.0,0.30078125,0.0,0.30078125
2024-02-13 05:00:00,0.0,0.199951171875,0.400390625,0.0,0.200439453125
2024-02-13 05:30:00,0.0999755859375,0.099853515625,0.298828125,0.0,0.0989990234375
2024-02-13 05:45:00,0.0,0.10009765625181899,0.30078125,0.0,0.200683593748181
2024-02-13 06:30:00,0.0,0.300048828123181,0.69921875,0.10000610351568184,0.29916381836113715
2024-02-13 07:00:00,0.10009765625,0.199951171876819,0.5,0.0,0.199951171873181
2024-02-13 07:15:00,0.0,0.0,0.201171875,0.0,0.201171875
2024-02-13 07:30:00,0.0999755859375,1.300170898435681,1.599609375,0.0,0.199462890626819
2024-02-13 08:00:00,0.0,0.799560546875,1.19921875,0.0,0.399658203125
2024-02-13 08:15:00,0.0999755859375,0.6005859375,1.0,0.0,0.2994384765625
2024-02-13 08:45:00,0.0999755859375,0.999755859375,1.599609375,0.0,0.4998779296875
2024-02-13 09:00:00,0.0,0.199951171873181,0.30078125,0.0,0.10083007812681899
2024-02-13 09:30:00,0.0999755859375,1.199707031251819,2.0,0.100006103515625,0.600311279295056
2024-02-13 09:45:00,0.0,0.700439453125,1.099609375,0.0,0.399169921875
2024-02-13 10:15:00,0.300048828125,1.499755859375,2.201171875,0.0,0.4013671875
2024-02-13 10:30:00,0.0999755859375,0.599853515625,1.099609375,0.0,0.3997802734375
2024-02-13 10:45:00,0.0999755859375,0.89990234375,1.400390625,0.0,0.4005126953125
2024-02-13 11:45:00,0.300048828125,2.400390625,4.099609375,0.0,1.399169921875
2024-02-13 12:00:00,0.0999755859375,0.699951171873181,1.099609375,0.0,0.299682617189319
2024-02-13 12:30:00,0.0,1.599853515626819,2.30078125,0.100006103515625,0.600921630857556
2024-02-13 13:00:00,0.0999755859375,1.60009765625,2.298828125,0.0,0.5987548828125
2024-02-13 13:15:00,0.0,0.19970703125,0.30078125,0.0,0.10107421875
2024-02-13 13:30:00,0.0,1.2001953125,1.69921875,0.0,0.4990234375
2024-02-13 13:45:00,0.0,0.599853515625,1.099609375,0.0,0.499755859375
2024-02-13 14:00:00,0.0,0.2001953125,0.30078125,0.0,0.1005859375
2024-02-13 15:15:00,0.10009765625,3.899902343748181,6.099609375,0.0,2.099609375001819
2024-02-13 15:30:00,0.0999755859375,0.2001953125,0.400390625,0.0,0.1002197265625
2024-02-13 15:45:00,0.0,0.999877929689319,1.5,0.10000610351568184,0.40011596679499917
2024-02-13 16:00:00,0.0,0.5999755859375,0.80078125,0.0,0.2008056640625
2024-02-13 16:15:00,0.0,1.20013427734375,1.798828125,0.0,0.59869384765625
2024-02-13 16:30:00,0.0999755859375,0.400146484373181,0.701171875,0.0,0.201049804689319
2024-02-13 16:45:00,0.0,0.999877929689319,1.5,0.0,0.500122070310681
2024-02-13 17:15:00,0.0999755859375,1.399658203125,2.298828125,0.0,0.7991943359375
2024-02-13 17:30:00,0.0999755859375,0.2001953125,0.400390625,0.0,0.1002197265625
2024-02-13 18:00:00,0.10009765625,1.699951171875,2.80078125,0.0,1.000732421875
2024-02-13 18:45:00,0.199951171875,1.10009765625,1.798828125,0.09997558593738631,0.3988037109376137
2024-02-13 19:15:00,0.199951171875,1.10009765625,1.900390625,0.0,0.600341796875
2024-02-13 19:45:00,0.10009765625,1.2998046875,1.900390625,0.0,0.50048828125
2024-02-13 20:30:00,0.0999755859375,0.599853515625,1.19921875,0.0,0.4993896484375
2024-02-13 20:45:00,0.0999755859375,0.10009765625,0.201171875,0.0,0.0010986328125
2024-02-13 21:15:00,0.0,0.10009765625,0.298828125,0.0,0.19873046875
2024-02-13 21:45:00,0.0,0.099853515625,0.400390625,0.0,0.300537109375
2024-02-13 22:15:00,0.0999755859375,0.10009765625,0.5,0.10000610351568184,0.19992065429681816
2024-02-13 22:45:00,0.0,0.0,0.19921875,0.0,0.19921875
2024-02-13 23:00:00,0.0,0.0,0.201171875,0.0,0.201171875
2024-02-13 23:30:00,0.0999755859375,0.0,0.298828125,0.0,0.1988525390625
2024-02-13 23:45:00,0.0,0.0,0.201171875,0.0,0.201171875
2024-02-14 00:15:00,0.0,0.0,0.19921875,0.0,0.19921875
2024-02-14 00:45:00,0.0,0.0,0.30078125,0.100006103515625,0.200775146484375
2024-02-14 01:15:00,0.10009765625,0.0,0.19921875,0.0,0.09912109375
2024-02-14 02:15:00,0.0,0.0,0.599609375,0.0,0.599609375
2024-02-14 02:30:00,0.0999755859375,0.0,0.1015625,0.0,0.0015869140625
2024-02-14 02:45:00,0.0,0.0,0.099609375,0.0,0.099609375
2024-02-14 03:00:00,0.0,0.0,0.298828125,0.0,0.298828125
2024-02-14 03:15:00,0.0,0.0,0.1015625,0.0,0.1015625
2024-02-14 03:30:00,0.0,0.0,0.099609375,0.0,0.099609375
2024-02-14 03:45:00,0.0,0.0,0.099609375,0.0,0.099609375
2024-02-14 04:15:00,0.0999755859375,0.0,0.400390625,0.100006103515625,0.200408935546875
2024-02-14 04:30:00,0.0,0.099853515625,0.19921875,0.0,0.099365234375
2024-02-14 04:45:00,0.0,0.10009765625,0.201171875,0.0,0.10107421875
2024-02-14 05:00:00,0.0,0.10009765625,0.19921875,0.0,0.09912109375
2024-02-14 05:15:00,0.0999755859375,0.099853515625,0.19921875,0.0,-0.0006103515625
2024-02-14 05:30:00,0.0,0.10009765625,0.201171875,0.0,0.10107421875
2024-02-14 06:00:00,0.0,0.099853515625,0.400390625,0.0,0.300537109375
2024-02-14 06:30:00,0.0,0.2001953125,0.5,0.0,0.2998046875
2024-02-14 07:15:00,0.0999755859375,0.199951171875,0.599609375,0.10000610351568184,0.19967651367181816
2024-02-14 07:45:00,0.10009765625,1.199951171875,1.900390625,0.0,0.600341796875
2024-02-14 08:00:00,0.0,0.700439453125,1.099609375,0.0,0.399169921875
2024-02-14 08:15:00,0.0,0.49951171875,0.798828125,0.0,0.29931640625
2024-02-14 09:15:00,0.199951171875,2.300048828125,4.201171875,0.0,1.701171875
2024-02-14 10:15:00,0.300048828125,2.7998046875,5.0,0.09997558593738631,1.8001708984376137
2024-02-14 10:30:00,0.0,0.700439453125,1.400390625,0.0,0.699951171875
2024-02-14 10:45:00,0.0999755859375,0.5,0.798828125,0.0,0.1988525390625
2024-02-14 11:00:00,0.0999755859375,0.7998046875,1.701171875,0.0,0.8013916015625
2024-02-14 11:30:00,0.0999755859375,0.999755859375,1.69921875,0.0,0.5994873046875
2024-02-14 11:45:00,0.2000732421875,1.200439453125,2.0,0.0,0.5994873046875
2024-02-14 13:00:00,0.199951171875,3.0,5.19921875,0.0,1.999267578125
2024-02-14 13:15:00,0.0999755859375,1.2001953125,2.201171875,0.10000610351568184,0.8009948730468182
2024-02-14 13:45:00,0.0,1.499755859375,2.298828125,0.0,0.799072265625
2024-02-14 14:00:00,0.0999755859375,0.599609375,1.30078125,0.0,0.6011962890625
2024-02-14 14:15:00,0.0,0.50048828125,0.80078125,0.0,0.30029296875
2024-02-14 14:30:00,0.0,1.0,1.599609375,0.0,0.599609375
2024-02-14 14:45:00,0.10009765625,0.69989013671875,1.19921875,0.0,0.39923095703125
2024-02-14 15:15:00,0.0,1.300048828123181,2.30078125,0.0,1.000732421876819
2024-02-14 15:45:00,0.0999755859375,1.0,1.599609375,0.0,0.4996337890625
2024-02-14 16:15:00,0.0,1.2998046875,2.30078125,0.100006103515625,0.900970458984375
2024-02-14 16:45:00,0.0999755859375,1.800048828126819,3.099609375,0.0,1.199584960935681
2024-02-14 17:30:00,0.0999755859375,1.500244140625,2.599609375,0.0,0.9993896484375
2024-02-14 17:45:00,0.0,0.599853515625,0.80078125,0.0,0.200927734375
2024-02-14 18:00:00,0.0999755859375,0.5,1.099609375,0.0,0.4996337890625
2024-02-14 18:45:00,0.10009765625,1.69970703125,2.599609375,0.0,0.7998046875
2024-02-14 19:30:00,0.0999755859375,1.100341796873181,1.900390625,0.100006103515625,0.600067138673694
2024-02-14 20:15:00,0.0,1.099853515626819,1.798828125,0.0,0.698974609373181
2024-02-14 20:30:00,0.0999755859375,0.2998046875,0.30078125,0.0,-0.0989990234375
2024-02-14 21:00:00,0.0,0.699951171873181,1.19921875,0.0,0.499267578126819
2024-02-14 21:45:00,0.0,0.400390625,0.80078125,0.0,0.400390625
2024-02-14 22:15:00,0.0999755859375,0.199951171876819,0.599609375,0.10000610351568184,0.19967651366999917
2024-02-14 22:30:00,0.0,0.0,0.201171875,0.0,0.201171875
2024-02-14 23:15:00,0.0,0.0,0.3984375,0.0,0.3984375
2024-02-14 23:30:00,0.0999755859375,0.0,0.201171875,0.0,0.1011962890625
2024-02-14 23:45:00,0.0,0.0,0.099609375,0.0,0.099609375
2024-02-15 00:00:00,0.0,0.0,0.099609375,0.0,0.099609375
2024-02-15 00:15:00,0.0,0.0,0.099609375,0.0,0.099609375
2024-02-15 00:30:00,0.0,0.0,0.201171875,0.0,0.201171875
2024-02-15 00:45:00,0.10009765625,0.0,0.099609375,0.0,-0.00048828125
2024-02-15 01:00:00,0.0,0.0,0.19921875,0.0,0.19921875
2024-02-15 01:15:00,0.0,0.0,0.201171875,0.09997558593738631,0.10119628906261369
2024-02-15 02:30:00,0.0999755859375,0.0,0.69921875,0.0,0.5992431640625
2024-02-15 04:00:00,0.0999755859375,0.0,0.701171875,0.0,0.6011962890625
2024-02-15 04:15:00,0.0,0.0,0.19921875,0.0,0.19921875
2024-02-15 04:45:00,0.0,0.0,0.30078125,0.10000610351568184,0.20077514648431816
2024-02-15 05:00:00,0.0,0.09985351562318101,0.19921875,0.0,0.09936523437681899
2024-02-15 05:15:00,0.0999755859375,0.199951171876819,0.30078125,0.0,0.0008544921856810106
2024-02-15 06:00:00,0.0,0.2001953125,0.69921875,0.0,0.4990234375
2024-02-15 06:15:00,0.0,0.09985351562318101,0.19921875,0.0,0.09936523437681899
2024-02-15 06:30:00,0.0999755859375,0.10009765625181899,0.30078125,0.0,0.10070800781068101
2024-02-15 06:45:00,0.0,0.099853515625,0.19921875,0.0,0.099365234375
2024-02-15 07:00:00,0.0,0.10009765625,0.201171875,0.0,0.10107421875
2024-02-15 07:30:00,0.10009765625,0.99993896484375,1.599609375,0.100006103515625,0.399566650390625
2024-02-15 07:45:00,0.0,0.50048828125,0.599609375,0.0,0.09912109375
2024-02-15 08:00:00,0.0999755859375,0.599609375,1.0,0.0,0.3004150390625
2024-02-15 08:15:00,0.0,0.199951171876819,0.201171875,0.0,0.0012207031231810106
2024-02-15 08:30:00,0.0999755859375,0.7998046875,1.3984375,0.0,0.4986572265625
2024-02-15 08:45:00,0.0,0.500488281246362,0.80078125,0.0,0.300292968753638
2024-02-15 09:00:00,0.0999755859375,0.599609375,1.099609375,0.0,0.4000244140625
2024-02-15 09:15:00,0.0999755859375,0.600341796876819,0.701171875,0.0,0.0008544921856810106
2024-02-15 10:00:00,0.2000732421875,2.099609375,3.599609375,0.0,1.2999267578125
2024-02-15 10:15:00,0.0,0.600341796876819,1.400390625,0.0,0.800048828123181
2024-02-15 10:30:00,0.0,1.400024414060681,2.298828125,0.100006103515625,0.798797607423694
2024-02-15 10:45:00,0.0,0.79998779296875,1.099609375,0.0,0.29962158203125
2024-02-15 11:00:00,0.0,0.2001953125,0.400390625,0.0,0.2001953125
2024-02-15 12:15:00,0.199951171875,4.59954833984375,7.599609375,0.0,2.80010986328125
2024-02-15 13:00:00,0.0999755859375,2.39990234375,3.400390625,0.0,0.9005126953125
2024-02-15 13:15:00,0.0,0.7003173828125,1.30078125,0.0,0.6004638671875
2024-02-15 14:00:00,0.2000732421875,2.69989013671875,4.0,0.10000610351568184,1.0000305175780682
2024-02-15 14:15:00,0.0999755859375,1.00030517578125,1.69921875,0.0,0.59893798828125
2024-02-15 14:30:00,0.0,0.89990234375,1.30078125,0.0,0.40087890625
2024-02-15 14:45:00,0.0999755859375,0.49945068359375,0.900390625,0.0,0.30096435546875
2024-02-15 15:00:00,0.0,1.20001220703125,1.798828125,0.0,0.59881591796875
2024-02-15 15:30:00,0.0999755859375,1.700622558591931,2.5,0.0,0.699401855470569
2024-02-15 16:00:00,0.10009765625,1.499328613283069,2.5,0.0,0.900573730466931
2024-02-15 16:15:00,0.0,0.6004638671875,0.900390625,0.0,0.2999267578125
2024-02-15 17:15:00,0.0999755859375,2.999755859373181,4.5,0.09997558593738631,1.3002929687519327
2024-02-15 17:30:00,0.0,1.00006103515625,1.5,0.0,0.49993896484375
2024-02-15 18:00:00,0.0999755859375,1.100158691408069,2.0,0.0,0.799865722654431
2024-02-15 18:15:00,0.0,0.89990234375,1.30078125,0.0,0.40087890625
2024-02-15 18:45:00,0.0999755859375,1.19970703125,1.8984375,0.0,0.5987548828125
2024-02-15 19:00:00,0.0,0.50048828125,0.80078125,0.0,0.30029296875
2024-02-15 19:45:00,0.0999755859375,1.199951171875,2.0,0.10000610351568184,0.6000671386718182
2024-02-15 20:15:00,0.0,1.099853515625,1.5,0.0,0.400146484375
2024-02-15 21:00:00,0.10009765625,1.300048828125,2.0,0.0,0.599853515625
2024-02-15 21:30:00,0.0,0.60009765625,1.0,0.0,0.39990234375
2024-02-15 21:45:00,0.0999755859375,0.800048828125,1.099609375,0.0,0.1995849609375
2024-02-15 22:00:00,0.0,0.499755859375,0.701171875,0.0,0.201416015625
2024-02-15 22:15:00,0.0,0.10009765625,0.19921875,0.0,0.09912109375
2024-02-15 22:45:00,0.0,1.2001953125,1.69921875,0.100006103515625,0.399017333984375
2024-02-15 23:00:00,0.0,0.0,0.1015625,0.0,0.1015625
2024-02-15 23:15:00,0.0999755859375,0.0,0.19921875,0.0,0.0992431640625
2024-02-15 23:30:00,0.0,0.0,0.099609375,0.0,0.099609375
2024-02-15 23:45:00,0.0,0.0,0.201171875,0.0,0.201171875
2024-02-16 00:00:00,0.0,0.0,0.099609375,0.0,0.099609375
2024-02-16 01:00:00,0.0999755859375,0.0,0.69921875,0.0,0.5992431640625
2024-02-16 01:15:00,0.0,0.0,0.099609375,0.0,0.099609375
2024-02-16 01:30:00,0.0,0.0,0.1015625,0.0,0.1015625
2024-02-16 01:45:00,0.0,0.0,0.19921875,0.0,0.19921875
2024-02-16 02:00:00,0.0,0.0,0.0,0.100006103515625,-0.100006103515625
2024-02-16 02:15:00,0.0999755859375,0.0,0.19921875,0.0,0.0992431640625
2024-02-16 02:45:00,0.0,0.0,0.201171875,0.0,0.201171875
2024-02-16 03:15:00,0.0,0.0,0.400390625,0.0,0.400390625
2024-02-16 03:30:00,0.10009765625,0.0,0.099609375,0.0,-0.00048828125
2024-02-16 04:00:00,0.0,0.099853515625,0.298828125,0.0,0.198974609375
2024-02-16 04:15:00,0.0,0.0,0.201171875,0.0,0.201171875
2024-02-16 04:30:00,0.0,0.10009765625,0.19921875,0.0,0.09912109375
2024-02-16 04:45:00,0.0,0.099853515625,0.201171875,0.0,0.101318359375
2024-02-16 05:00:00,0.0999755859375,0.10009765625,0.19921875,0.10000610351568184,-0.10086059570318184
2024-02-16 05:30:00,0.0,0.199951171875,0.5,0.0,0.300048828125
2024-02-16 05:45:00,0.0,0.0,0.19921875,0.0,0.19921875
2024-02-16 06:15:00,0.0999755859375,0.300048828125,0.5,0.0,0.0999755859375
2024-02-16 06:30:00,0.0,0.10009765625,0.201171875,0.0,0.10107421875
2024-02-16 06:45:00,0.0,0.099853515625,0.298828125,0.0,0.198974609375
2024-02-16 07:00:00,0.0,0.0,0.201171875,0.0,0.201171875
2024-02-16 07:45:00,0.0999755859375,1.6998291015625,2.5,0.0,0.7001953125
2024-02-16 08:00:00,0.0,0.400146484373181,0.599609375,0.09997558593738631,0.09948730468943268
2024-02-16 08:15:00,0.0,0.400146484376819,0.69921875,0.0,0.299072265623181
2024-02-16 08:45:00,0.0999755859375,0.60009765625,1.201171875,0.0,0.5010986328125
2024-02-16 09:00:00,0.0,0.699951171873181,1.400390625,0.0,0.700439453126819
2024-02-16 09:15:00,0.0,0.699707031253638,1.19921875,0.0,0.499511718746362
2024-02-16 09:30:00,0.10009765625,0.7998046875,1.19921875,0.0,0.29931640625
2024-02-16 10:30:00,0.199951171875,2.699951171873181,5.0,0.0,2.100097656251819
2024-02-16 11:00:00,0.0999755859375,1.4005126953125,2.5,0.10000610351568184,0.8995056152343182
2024-02-16 11:45:00,0.0999755859375,1.79962158203125,2.900390625,0.0,1.00079345703125
2024-02-16 12:00:00,0.0,0.89996337890625,1.30078125,0.0,0.40081787109375
2024-02-16 12:15:00,0.0,1.099914550779431,1.599609375,0.0,0.499694824220569
2024-02-16 12:30:00,0.0,0.700317382814319,1.19921875,0.0,0.498901367185681
2024-02-16 12:45:00,0.10009765625,0.59979248046875,0.900390625,0.0,0.20050048828125
2024-02-16 13:15:00,0.0,2.00030517578125,3.201171875,0.0,1.20086669921875
2024-02-16 13:45:00,0.0999755859375,1.899780273435681,3.0,0.0,1.000244140626819
2024-02-16 14:15:00,0.0,1.100402832033069,1.599609375,0.100006103515625,0.399200439451306
2024-02-16 14:30:00,0.0,1.2998046875,2.19921875,0.0,0.8994140625
2024-02-16 14:45:00,0.0,0.79986572265625,1.201171875,0.0,0.40130615234375
2024-02-16 15:15:00,0.0999755859375,1.79974365234375,2.599609375,0.0,0.69989013671875
2024-02-16 15:30:00,0.0,0.60040283203125,0.900390625,0.0,0.29998779296875
2024-02-16 15:45:00,0.0,1.09967041015625,1.69921875,0.0,0.59954833984375
2024-02-16 16:00:00,0.0999755859375,0.900146484376819,1.30078125,0.0,0.300659179685681
2024-02-16 16:30:00,0.0,1.199951171873181,1.599609375,0.0,0.399658203126819
2024-02-16 17:15:00,0.0,2.40008544921875,3.599609375,0.0,1.19952392578125
2024-02-16 17:30:00,0.0999755859375,1.20013427734375,1.69921875,0.100006103515625,0.299102783203125
2024-02-16 17:45:00,0.0,0.399658203125,0.701171875,0.0,0.301513671875
2024-02-16 18:00:00,0.0,0.600341796875,1.0,0.0,0.399658203125
2024-02-16 18:45:00,0.10009765625,1.400146484375,2.19921875,0.0,0.698974609375
2024-02-16 19:30:00,0.199951171875,1.099853515625,2.0,0.0,0.7001953125
2024-02-16 19:45:00,0.0,0.30029296875,0.400390625,0.0,0.10009765625
2024-02-16 20:15:00,0.0999755859375,0.899658203125,1.400390625,0.10000610351568184,0.30075073242181816
2024-02-16 21:15:00,0.0,1.099853515625,1.798828125,0.0,0.698974609375
2024-02-16 21:30:00,0.0,0.60009765625,0.900390625,0.0,0.30029296875
2024-02-16 23:00:00,0.2000732421875,0.199951171875,1.0,0.0,0.5999755859375
2024-02-16 23:15:00,0.0,0.0,0.0,0.0,0.0
2024-02-16 23:30:00,0.0,0.0,0.201171875,0.09997558593738631,0.10119628906261369
2024-02-17 00:00:00,0.0,0.0,0.298828125,0.0,0.298828125
2024-02-17 01:00:00,0.0999755859375,0.0,0.5,0.0,0.4000244140625
2024-02-17 01:15:00,0.0,0.0,0.201171875,0.0,0.201171875
2024-02-17 01:45:00,0.0,0.0,0.19921875,0.0,0.19921875
2024-02-17 02:00:00,0.0999755859375,0.0,0.099609375,0.0,-0.0003662109375
2024-02-17 02:15:00,0.0,0.0,0.201171875,0.0,0.201171875
2024-02-17 04:15:00,0.0999755859375,0.0,1.0,0.10000610351568184,0.8000183105468182
2024-02-17 04:30:00,0.0,0.0,0.099609375,0.0,0.099609375
2024-02-17 04:45:00,0.0999755859375,0.0,0.099609375,0.0,-0.0003662109375
2024-02-17 05:00:00,0.0,0.0,0.19921875,0.0,0.19921875
2024-02-17 05:15:00,0.0,0.099853515625,0.1015625,0.0,0.001708984375
2024-02-17 05:30:00,0.0,0.0,0.19921875,0.100006103515625,0.099212646484375
2024-02-17 05:45:00,0.0,0.0,0.099609375,0.0,0.099609375
2024-02-17 06:00:00,0.0,0.0,0.099609375,0.0,0.099609375
2024-02-17 06:15:00,0.10009765625,0.0,0.201171875,0.0,0.10107421875
2024-02-17 06:45:00,0.0,0.0,0.19921875,0.0,0.19921875
2024-02-17 07:00:00,0.0,0.0,0.099609375,0.0,0.099609375
2024-02-17 08:15:00,0.0999755859375,0.10009765625,0.6015625,0.0,0.4014892578125
2024-02-17 08:30:00,0.0,0.0,0.099609375,0.0,0.099609375
2024-02-17 08:45:00,0.0,0.0,0.19921875,0.100006103515625,0.099212646484375
2024-02-17 09:00:00,0.0999755859375,0.0,0.099609375,0.0,-0.0003662109375
2024-02-17 09:15:00,0.0,0.0,0.1015625,0.0,0.1015625
2024-02-17 09:30:00,0.0,0.0,0.19921875,0.0,0.19921875
2024-02-17 10:15:00,0.0,0.0,0.400390625,0.0,0.400390625
2024-02-17 11:00:00,0.0999755859375,0.0,0.400390625,0.0,0.3004150390625
2024-02-17 11:30:00,0.0,0.0,0.099609375,0.0,0.099609375
2024-02-17 11:45:00,0.0,0.0,0.19921875,0.10000610351568184,0.09921264648431816
2024-02-17 12:00:00,0.0999755859375,0.0,0.201171875,0.0,0.1011962890625
2024-02-17 12:15:00,0.0,0.0,0.099609375,0.0,0.099609375
2024-02-17 12:30:00,0.0,0.0,0.099609375,0.0,0.099609375
2024-02-17 12:45:00,0.0,0.0,0.19921875,0.0,0.19921875
2024-02-17 13:00:00,0.0,0.0,0.1015625,0.0,0.1015625
2024-02-17 13:15:00,0.10009765625,0.0,0.099609375,0.0,-0.00048828125
2024-02-17 14:00:00,0.0,0.0,0.298828125,0.0,0.298828125
2024-02-17 14:15:00,0.0,0.0,0.201171875,0.0,0.201171875
2024-02-17 14:30:00,0.0,0.0,0.099609375,0.0,0.099609375
2024-02-17 14:45:00,0.0999755859375,0.0,0.19921875,0.09997558593738631,-0.0007324218748863132
2024-02-17 15:00:00,0.0,0.0,0.1015625,0.0,0.1015625
2024-02-17 15:15:00,0.0,0.0,0.099609375,0.0,0.099609375
2024-02-17 16:45:00,0.0999755859375,0.0,0.69921875,0.0,0.5992431640625
2024-02-17 17:45:00,0.0999755859375,0.0,0.5,0.10000610351568184,0.30001831054681816
2024-02-17 18:15:00,0.0,0.0,0.30078125,0.0,0.30078125
2024-02-17 18:45:00,0.0,0.0,0.19921875,0.0,0.19921875
2024-02-17 19:00:00,0.0999755859375,0.0,0.0,0.0,-0.0999755859375
2024-02-17 19:15:00,0.0,0.0,0.201171875,0.0,0.201171875
2024-02-17 19:30:00,0.0,0.0,0.19921875,0.0,0.19921875
2024-02-17 19:45:00,0.0,0.0,0.0,0.0,0.0
2024-02-17 20:15:00,0.0,0.0,0.19921875,0.0,0.19921875
2024-02-17 20:30:00,0.10009765625,0.0,0.30078125,0.0,0.20068359375
2024-02-17 20:45:00,0.0,0.0,0.099609375,0.0,0.099609375
2024-02-17 21:15:00,0.0,0.0,0.201171875,0.100006103515625,0.101165771484375
2024-02-17 22:00:00,0.0999755859375,0.0,0.5,0.0,0.4000244140625
2024-02-17 22:30:00,0.0,0.0,0.19921875,0.0,0.19921875
2024-02-17 22:45:00,0.0,0.0,0.099609375,0.0,0.099609375
2024-02-17 23:15:00,0.0999755859375,0.0,0.099609375,0.0,-0.0003662109375
2024-02-17 23:45:00,0.0,0.0,0.400390625,0.0,0.400390625
2024-02-18 00:15:00,0.0,0.0,0.30078125,0.100006103515625,0.200775146484375
2024-02-18 01:00:00,0.0999755859375,0.0,0.400390625,0.0,0.3004150390625
2024-02-18 01:30:00,0.0,0.0,0.099609375,0.0,0.099609375
2024-02-18 01:45:00,0.0,0.0,0.19921875,0.0,0.19921875
2024-02-18 02:00:00,0.0999755859375,0.0,0.201171875,0.0,0.1011962890625
2024-02-18 02:30:00,0.0,0.0,0.19921875,0.0,0.19921875
2024-02-18 02:45:00,0.0,0.0,0.099609375,0.0,0.099609375
2024-02-18 03:00:00,0.0,0.0,0.201171875,0.10000610351568184,0.10116577148431816
2024-02-18 03:15:00,0.0,0.0,0.099609375,0.0,0.099609375
2024-02-18 04:00:00,0.10009765625,0.0,0.298828125,0.0,0.19873046875
2024-02-18 04:30:00,0.0,0.0,0.30078125,0.0,0.30078125
2024-02-18 05:00:00,0.0999755859375,0.0,0.19921875,0.0,0.0992431640625
2024-02-18 05:30:00,0.0,0.0,0.400390625,0.0,0.400390625
2024-02-18 06:15:00,0.0,0.0,0.30078125,0.09997558593738631,0.2008056640626137
2024-02-18 06:45:00,0.0999755859375,0.0,0.298828125,0.0,0.1988525390625
2024-02-18 07:00:00,0.0,0.0,0.1015625,0.0,0.1015625
2024-02-18 08:00:00,0.0999755859375,0.0,0.5,0.0,0.4000244140625
2024-02-18 08:15:00,0.0,0.0,0.099609375,0.0,0.099609375
2024-02-18 09:30:00,0.0999755859375,0.300048828125,1.0,0.10000610351568184,0.49996948242181816
2024-02-18 09:45:00,0.0,0.0,0.099609375,0.0,0.099609375
2024-02-18 10:00:00,0.0,0.0,0.19921875,0.0,0.19921875
2024-02-18 10:30:00,0.0,0.0,0.1015625,0.0,0.1015625
2024-02-18 11:45:00,0.10009765625,0.0,0.69921875,0.0,0.59912109375
2024-02-18 12:15:00,0.0999755859375,0.0,0.30078125,0.100006103515625,0.100799560546875
2024-02-18 12:45:00,0.0,0.0,0.298828125,0.0,0.298828125
2024-02-18 13:15:00,0.0999755859375,0.0,0.201171875,0.0,0.1011962890625
2024-02-18 13:30:00,0.0,0.0,0.099609375,0.0,0.099609375
2024-02-18 13:45:00,0.0,0.0,0.099609375,0.0,0.099609375
2024-02-18 14:00:00,0.0,0.0,0.19921875,0.0,0.19921875
2024-02-18 14:15:00,0.0,0.0,0.0,0.0,0.0
2024-02-18 14:45:00,0.0,0.0,0.30078125,0.0,0.30078125
2024-02-18 15:00:00,0.0999755859375,0.0,0.19921875,0.0,0.0992431640625
2024-02-18 15:15:00,0.0,0.0,0.1015625,0.100006103515625,0.001556396484375
2024-02-18 15:45:00,0.0,0.0,0.19921875,0.0,0.19921875
2024-02-18 16:00:00,0.0,0.0,0.19921875,0.0,0.19921875
2024-02-18 16:30:00,0.0999755859375,0.0,0.30078125,0.0,0.2008056640625
2024-02-18 17:00:00,0.0,0.19970703125,0.19921875,0.0,-0.00048828125
2024-02-18 17:15:00,0.0,0.30029296875,0.6015625,0.0,0.30126953125
2024-02-18 17:30:00,0.0,0.10009765625,0.099609375,0.0,-0.00048828125
2024-02-18 18:15:00,0.10009765625,0.69970703125,1.298828125,0.10000610351568184,0.39901733398431816
2024-02-18 18:45:00,0.0,0.30029296875,0.5,0.0,0.19970703125
2024-02-18 19:00:00,0.0999755859375,0.2998046875,0.5,0.0,0.1002197265625
2024-02-18 19:30:00,0.0,0.2001953125,0.400390625,0.0,0.2001953125
2024-02-18 20:00:00,0.0,0.39990234375,0.701171875,0.0,0.30126953125
2024-02-18 20:15:00,0.0,0.19970703125,0.3984375,0.0,0.19873046875
2024-02-18 20:30:00,0.0999755859375,0.0,0.1015625,0.0,0.0015869140625
2024-02-18 20:45:00,0.0,0.0,0.099609375,0.0,0.099609375
2024-02-18 21:15:00,0.0,0.0,0.19921875,0.0,0.19921875
2024-02-18 21:45:00,0.0,0.0,0.400390625,0.09997558593738631,0.3004150390626137
2024-02-18 22:30:00,0.0999755859375,0.0,0.30078125,0.0,0.2008056640625
2024-02-18 23:00:00,0.0,0.0,0.298828125,0.0,0.298828125
2024-02-18 23:15:00,0.0,0.0,0.0,0.0,0.0
2024-02-19 00:45:00,0.2000732421875,0.0,0.900390625,0.10000610351568184,0.6003112792968182
2024-02-19 01:00:00,0.0,0.0,0.099609375,0.0,0.099609375
2024-02-19 01:15:00,0.0,0.0,0.099609375,0.0,0.099609375
2024-02-19 02:30:00,0.0999755859375,0.0,0.6015625,0.0,0.5015869140625
2024-02-19 02:45:00,0.0,0.0,0.19921875,0.0,0.19921875
2024-02-19 03:15:00,0.0,0.0,0.19921875,0.0,0.19921875
2024-02-19 03:30:00,0.0999755859375,0.0,0.201171875,0.100006103515625,0.001190185546875
2024-02-19 03:45:00,0.0,0.0,0.0,0.0,0.0
2024-02-19 05:00:00,0.0999755859375,0.199951171875,0.900390625,0.0,0.6004638671875
2024-02-19 05:15:00,0.0,0.10009765625,0.099609375,0.0,-0.00048828125
2024-02-19 05:30:00,0.0,0.10009765625,0.298828125,0.0,0.19873046875
2024-02-19 05:45:00,0.0,0.099853515625,0.201171875,0.0,0.101318359375
2024-02-19 06:15:00,0.0999755859375,0.199951171875,0.5,0.0,0.2000732421875
2024-02-19 06:45:00,0.0,0.2001953125,0.5,0.100006103515625,0.199798583984375
2024-02-19 07:00:00,0.0,0.0,0.099609375,0.0,0.099609375
2024-02-19 07:15:00,0.0,0.500244140625,0.80078125,0.0,0.300537109375
2024-02-19 07:30:00,0.10009765625,1.200012207033069,1.69921875,0.0,0.399108886716931
2024-02-19 07:45:00,0.0,0.599853515623181,1.0,0.0,0.400146484376819
2024-02-19 08:00:00,0.0,0.2001953125,0.30078125,0.0,0.1005859375
2024-02-19 08:30:00,0.0,1.399658203125,2.0,0.0,0.600341796875
2024-02-19 09:30:00,0.199951171875,3.3001708984375,5.298828125,0.0,1.7987060546875
2024-02-19 09:45:00,0.0999755859375,0.699951171873181,1.30078125,0.10000610351568184,0.40084838867363715
2024-02-19 10:00:00,0.0,0.400390625,0.798828125,0.0,0.3984375
2024-02-19 10:15:00,0.0999755859375,0.799682617189319,1.201171875,0.0,0.301513671873181
2024-02-19 10:30:00,0.10009765625,0.899902343751819,1.599609375,0.0,0.599609374998181
2024-02-19 10:45:00,0.0,0.2001953125,0.400390625,0.0,0.2001953125
2024-02-19 11:00:00,0.0999755859375,0.900146484373181,1.599609375,0.0,0.599487304689319
2024-02-19 11:45:00,0.0999755859375,1.999755859375,3.19921875,0.0,1.0994873046875
2024-02-19 12:00:00,0.0999755859375,1.2001953125,1.701171875,0.0,0.4010009765625
2024-02-19 12:30:00,0.0999755859375,1.599609375,2.400390625,0.0,0.7008056640625
2024-02-19 12:45:00,0.0,0.800292968751819,1.298828125,0.09997558593738631,0.3985595703107947
2024-02-19 13:30:00,0.10009765625,2.700134277341931,4.099609375,0.0,1.299377441408069
2024-02-19 15:15:00,0.0999755859375,5.899658203125,9.400390625,0.0,3.4007568359375
2024-02-19 15:30:00,0.0999755859375,0.900207519533069,1.30078125,0.0,0.300598144529431
2024-02-19 15:45:00,0.0,1.099914550779431,1.69921875,0.10000610351568184,0.49929809570488715
2024-02-19 16:15:00,0.0,1.79974365234375,2.599609375,0.0,0.79986572265625
2024-02-19 16:45:00,0.0999755859375,1.00006103515625,1.80078125,0.0,0.70074462890625
2024-02-19 17:00:00,0.0,1.000305175779431,1.30078125,0.0,0.300476074220569
2024-02-19 17:30:00,0.0,1.899841308597388,3.099609375,0.0,1.199768066402612
2024-02-19 17:45:00,0.0999755859375,1.200012207029431,1.69921875,0.0,0.399230957033069
2024-02-19 18:15:00,0.0,1.10015869140625,1.599609375,0.0,0.49945068359375
2024-02-19 19:00:00,0.10009765625,2.79962158203125,3.900390625,0.100006103515625,0.900665283203125
2024-02-19 19:15:00,0.0,0.500244140625,0.701171875,0.0,0.200927734375
2024-02-19 19:45:00,0.0,1.7998046875,2.5,0.0,0.7001953125
2024-02-19 20:00:00,0.0999755859375,0.5,0.8984375,0.0,0.2984619140625
2024-02-19 20:30:00,0.0,0.899902343751819,1.30078125,0.0,0.400878906248181
2024-02-19 20:45:00,0.0,0.400146484373181,0.599609375,0.0,0.199462890626819
2024-02-19 22:15:00,0.199951171875,1.60009765625,3.0,0.100006103515625,1.099945068359375
2024-02-19 22:30:00,0.0,0.0,0.099609375,0.0,0.099609375
2024-02-19 23:00:00,0.0,0.0,0.201171875,0.0,0.201171875
2024-02-19 23:15:00,0.0,0.0,0.298828125,0.0,0.298828125
2024-02-19 23:30:00,0.0,0.0,0.0,0.0,0.0
2024-02-19 23:45:00,0.0999755859375,0.0,0.201171875,0.0,0.1011962890625
2024-02-20 00:15:00,0.0,0.0,0.19921875,0.0,0.19921875
2024-02-20 00:30:00,0.0,0.0,0.201171875,0.0,0.201171875
2024-02-20 00:45:00,0.0,0.0,0.099609375,0.0,0.099609375
2024-02-20 01:00:00,0.0,0.0,0.19921875,0.10000610351568184,0.09921264648431816
2024-02-20 01:15:00,0.10009765625,0.0,0.099609375,0.0,-0.00048828125
2024-02-20 01:30:00,0.0,0.0,0.201171875,0.0,0.201171875
2024-02-20 01:45:00,0.0,0.0,0.099609375,0.0,0.099609375
2024-02-20 02:00:00,0.0,0.0,0.19921875,0.0,0.19921875
2024-02-20 02:15:00,0.0,0.0,0.1015625,0.0,0.1015625
2024-02-20 02:30:00,0.0,0.0,0.099609375,0.0,0.099609375
2024-02-20 03:00:00,0.0999755859375,0.0,0.298828125,0.0,0.1988525390625
2024-02-20 03:15:00,0.0,0.0,0.1015625,0.0,0.1015625
2024-02-20 03:45:00,0.0,0.0,0.298828125,0.0,0.298828125
2024-02-20 04:00:00,0.0999755859375,0.0,0.099609375,0.09997558593738631,-0.10034179687488631
2024-02-20 04:30:00,0.0,0.10009765625,0.30078125,0.0,0.20068359375
2024-02-20 04:45:00,0.0,0.09985351562681899,0.19921875,0.0,0.09936523437318101
2024-02-20 05:15:00,0.0,0.300048828123181,0.6015625,0.0,0.301513671876819
2024-02-20 05:30:00,0.0999755859375,0.0,0.19921875,0.0,0.0992431640625
2024-02-20 05:45:00,0.0,0.10009765625,0.19921875,0.0,0.09912109375
2024-02-20 06:30:00,0.0,0.199951171875,0.6015625,0.0,0.401611328125
2024-02-20 07:00:00,0.0999755859375,0.199951171875,0.3984375,0.0,0.0985107421875
2024-02-20 07:45:00,0.0,1.60003662109375,2.400390625,0.10000610351568184,0.7003479003905682
2024-02-20 08:15:00,0.10009765625,1.30029296875,2.099609375,0.0,0.69921875
2024-02-20 08:30:00,0.0,0.099609375,0.201171875,0.0,0.1015625
2024-02-20 08:45:00,0.0,0.500244140625,0.900390625,0.0,0.400146484375
2024-02-20 09:15:00,0.0999755859375,1.799926757810681,2.798828125,0.0,0.898925781251819
2024-02-20 09:30:00,0.0999755859375,0.7001953125,1.5,0.0,0.6998291015625
2024-02-20 09:45:00,0.0,0.3994140625,0.900390625,0.0,0.5009765625
2024-02-20 10:00:00,0.0999755859375,1.000122070314319,1.80078125,0.0,0.700683593748181
2024-02-20 10:15:00,0.0999755859375,0.80029296875,1.3984375,0.100006103515625,0.398162841796875
2024-02-20 10:30:00,0.10009765625,0.800048828125,1.201171875,0.0,0.301025390625
2024-02-20 11:00:00,0.0999755859375,1.399597167966931,2.5,0.0,1.000427246095569
2024-02-20 11:15:00,0.0999755859375,0.700683593751819,1.298828125,0.0,0.498168945310681
2024-02-20 12:30:00,0.199951171875,3.79962158203125,5.80078125,0.0,1.80120849609375
2024-02-20 12:45:00,0.0,0.30029296875,0.69921875,0.0,0.39892578125
2024-02-20 13:15:00,0.10009765625,1.799926757810681,2.6015625,0.100006103515625,0.601531982423694
2024-02-20 13:45:00,0.0,1.499511718753638,2.3984375,0.0,0.898925781246362
2024-02-20 14:15:00,0.0999755859375,1.200317382810681,1.900390625,0.0,0.600097656251819
2024-02-20 14:45:00,0.0999755859375,1.300048828125,2.5,0.0,1.0999755859375
2024-02-20 15:30:00,0.199951171875,2.299987792966931,3.701171875,0.0,1.201232910158069
2024-02-20 15:45:00,0.0,0.900146484376819,1.599609375,0.0,0.699462890623181
2024-02-20 16:00:00,0.0,0.199462890623181,0.400390625,0.0,0.200927734376819
2024-02-20 16:15:00,0.10009765625,1.400268554689319,1.8984375,0.0,0.398071289060681
2024-02-20 16:30:00,0.0999755859375,0.500244140625,0.80078125,0.10000610351568184,0.10055541992181816
2024-02-20 16:45:00,0.0,0.90008544921875,1.599609375,0.0,0.69952392578125
2024-02-20 17:00:00,0.0,0.29931640625,0.400390625,0.0,0.10107421875
2024-02-20 17:30:00,0.0999755859375,1.900146484375,3.099609375,0.0,1.0994873046875
2024-02-20 17:45:00,0.0,0.400390625,0.599609375,0.0,0.19921875
2024-02-20 18:00:00,0.0,0.899658203125,1.400390625,0.0,0.500732421875
2024-02-20 19:00:00,0.0999755859375,2.60009765625,3.701171875,0.0,1.0010986328125
2024-02-20 19:15:00,0.0,0.30029296875,0.298828125,0.0,-0.00146484375
2024-02-20 19:45:00,0.0,0.399658203125,1.099609375,0.09997558593738631,0.5999755859376137
2024-02-20 20:00:00,0.0999755859375,0.199951171875,0.30078125,0.0,0.0008544921875
2024-02-20 21:00:00,0.0,0.5,1.30078125,0.0,0.80078125
2024-02-20 22:00:00,0.10009765625,0.5,1.099609375,0.0,0.49951171875
2024-02-20 22:30:00,0.0,0.099853515625,0.5,0.0,0.400146484375
2024-02-20 22:45:00,0.0999755859375,0.10009765625,0.19921875,0.10000610351568184,-0.10086059570318184
2024-02-20 23:30:00,0.0,0.199951171875,0.701171875,0.0,0.501220703125
2024-02-21 00:15:00,0.0999755859375,0.10009765625,0.3984375,0.0,0.1983642578125
2024-02-21 00:30:00,0.0,0.10009765625,0.1015625,0.0,0.00146484375
2024-02-21 01:15:00,0.0,0.199951171875,0.69921875,0.0,0.499267578125
2024-02-21 01:45:00,0.0999755859375,0.0,0.19921875,0.100006103515625,-0.000762939453125
2024-02-21 02:15:00,0.0,0.199951171875,0.5,0.0,0.300048828125
2024-02-21 02:30:00,0.0,0.0,0.1015625,0.0,0.1015625
2024-02-21 03:00:00,0.0999755859375,0.10009765625,0.3984375,0.0,0.1983642578125
2024-02-21 03:15:00,0.0,0.0,0.1015625,0.0,0.1015625
2024-02-21 03:30:00,0.0,0.099853515625,0.298828125,0.0,0.198974609375
2024-02-21 04:15:00,0.0,0.199951171875,0.400390625,0.0,0.200439453125
2024-02-21 04:45:00,0.10009765625,0.2000732421875,0.5,0.100006103515625,0.099822998046875
2024-02-21 05:15:00,0.0,0.2999267578125,0.599609375,0.0,0.2996826171875
2024-02-21 06:15:00,0.0999755859375,0.50006103515625,0.900390625,0.0,0.30035400390625
2024-02-21 06:30:00,0.0,0.29998779296875,0.400390625,0.0,0.10040283203125
2024-02-21 07:00:00,0.0,0.200073242185681,0.400390625,0.0,0.200317382814319
2024-02-21 07:15:00,0.0999755859375,0.299926757814319,0.5,0.0,0.10009765624818101
2024-02-21 08:15:00,0.0999755859375,2.300048828125,3.5,0.10000610351568184,0.9999694824218182
2024-02-21 09:15:00,0.0,1.90032958984375,3.099609375,0.0,1.19927978515625
2024-02-21 10:15:00,0.300048828125,3.399597167970569,5.400390625,0.0,1.700744628904431
2024-02-21 10:45:00,0.0999755859375,1.400390625,2.5,0.09997558593738631,0.8996582031251137
2024-02-21 11:00:00,0.0999755859375,0.799682617185681,1.3984375,0.0,0.498779296876819
2024-02-21 11:15:00,0.0,0.400390625,0.80078125,0.0,0.400390625
2024-02-21 11:30:00,0.0999755859375,0.69970703125,1.30078125,0.0,0.5010986328125
2024-02-21 11:45:00,0.0,1.100219726564319,1.599609375,0.0,0.499389648435681
2024-02-21 12:00:00,0.10009765625,0.7998046875,1.599609375,0.0,0.69970703125
2024-02-21 12:15:00,0.0,0.79974365234375,1.099609375,0.0,0.29986572265625
2024-02-21 12:45:00,0.0,1.100341796873181,1.900390625,0.0,0.800048828126819
2024-02-21 13:15:00,0.0999755859375,1.200073242185681,2.0,0.0,0.699951171876819
2024-02-21 14:00:00,0.0999755859375,2.599792480470569,4.400390625,0.10000610351568184,1.6006164550762492
2024-02-21 14:30:00,0.0,1.3001708984375,2.0,0.0,0.6998291015625
2024-02-21 14:45:00,0.0,0.599853515625,1.19921875,0.0,0.599365234375
2024-02-21 15:00:00,0.0999755859375,0.9002685546875,1.201171875,0.0,0.200927734375
2024-02-21 15:30:00,0.0,1.79998779296875,2.8984375,0.0,1.09844970703125
2024-02-21 16:15:00,0.0999755859375,1.6998291015625,2.80078125,0.0,1.0009765625
2024-02-21 16:30:00,0.0,0.7998046875,1.69921875,0.0,0.8994140625
2024-02-21 16:45:00,0.10009765625,1.10028076171875,1.6015625,0.0,0.40118408203125
2024-02-21 17:30:00,0.0,1.899658203126819,3.298828125,0.100006103515625,1.299163818357556
2024-02-21 17:45:00,0.0999755859375,1.000122070310681,1.400390625,0.0,0.300292968751819
2024-02-21 18:00:00,0.0,0.600341796875,1.0,0.0,0.399658203125
2024-02-21 18:30:00,0.0,0.999755859375,1.599609375,0.0,0.599853515625
2024-02-21 18:45:00,0.0,0.2001953125,0.30078125,0.0,0.1005859375
2024-02-21 19:15:00,0.0999755859375,1.099853515625,1.798828125,0.0,0.5989990234375
2024-02-21 19:30:00,0.0,0.0,0.30078125,0.0,0.30078125
2024-02-21 19:45:00,0.0,0.0,0.099609375,0.0,0.099609375
2024-02-21 20:00:00,0.0,0.0,0.201171875,0.100006103515625,0.101165771484375
2024-02-21 20:15:00,0.0,0.0999755859375,0.298828125,0.0,0.1988525390625
2024-02-21 20:45:00,0.0999755859375,0.0,0.201171875,0.0,0.1011962890625
2024-02-21 21:00:00,0.0,0.0,0.19921875,0.0,0.19921875
2024-02-21 21:15:00,0.0,0.0,0.099609375,0.0,0.099609375
2024-02-21 21:30:00,0.0,0.0,0.201171875,0.0,0.201171875
2024-02-21 21:45:00,0.0,0.0,0.099609375,0.0,0.099609375
2024-02-21 22:15:00,0.0999755859375,0.09985351562318101,0.5,0.0,0.300170898439319
2024-02-21 22:30:00,0.0,0.0,0.19921875,0.0,0.19921875
2024-02-21 23:30:00,0.10009765625,0.0,0.5,0.10000610351568184,0.29989624023431816
2024-02-22 00:30:00,0.0,0.0,0.80078125,0.0,0.80078125
2024-02-22 00:45:00,0.0999755859375,0.0,0.19921875,0.0,0.0992431640625
2024-02-22 01:30:00,0.0,0.0,0.400390625,0.0,0.400390625
2024-02-22 01:45:00,0.0,0.0,0.30078125,0.0,0.30078125
2024-02-22 02:15:00,0.0999755859375,0.0,0.298828125,0.09997558593738631,0.09887695312511369
2024-02-22 02:30:00,0.0,0.0,0.099609375,0.0,0.099609375
2024-02-22 03:30:00,0.0999755859375,0.0,0.6015625,0.0,0.5015869140625
2024-02-22 03:45:00,0.0,0.0,0.19921875,0.0,0.19921875
2024-02-22 04:00:00,0.0,0.0,0.099609375,0.0,0.099609375
2024-02-22 04:15:00,0.0,0.0,0.201171875,0.0,0.201171875
2024-02-22 05:00:00,0.0999755859375,0.300048828126819,0.8984375,0.0,0.498413085935681
2024-02-22 05:45:00,0.0,0.199951171873181,0.5,0.10000610351568184,0.20004272461113715
2024-02-22 06:00:00,0.0,0.10009765625363798,0.400390625,0.0,0.300292968746362
2024-02-22 06:30:00,0.10009765625,0.199951171873181,0.599609375,0.0,0.299560546876819
2024-02-22 06:45:00,0.0,0.0,0.1015625,0.0,0.1015625
2024-02-22 07:00:00,0.0,0.10009765625,0.298828125,0.0,0.19873046875
2024-02-22 07:15:00,0.0,0.5,0.80078125,0.0,0.30078125
2024-02-22 07:45:00,0.0999755859375,1.10009765625,1.900390625,0.0,0.7003173828125
2024-02-22 08:00:00,0.0,0.2001953125,0.298828125,0.0,0.0986328125
2024-02-22 08:15:00,0.0,0.899597167970569,1.400390625,0.100006103515625,0.400787353513806
2024-02-22 09:15:00,0.0999755859375,1.800170898435681,3.0,0.0,1.099853515626819
2024-02-22 09:30:00,0.0999755859375,1.2998046875,2.0,0.0,0.6002197265625
2024-02-22 10:30:00,0.2000732421875,2.40032958984375,4.69921875,0.0,2.09881591796875
2024-02-22 11:15:00,0.0,2.4996337890625,4.201171875,0.100006103515625,1.601531982421875
2024-02-22 11:30:00,0.0999755859375,0.400390625,0.798828125,0.0,0.2984619140625
2024-02-22 11:45:00,0.0,0.8997802734375,1.5,0.0,0.6002197265625
2024-02-22 12:00:00,0.0,0.2998046875,0.400390625,0.0,0.1005859375
2024-02-22 12:15:00,0.0,1.099853515623181,1.80078125,0.0,0.700927734376819
2024-02-22 13:30:00,0.4000244140625,3.60064697265625,5.798828125,0.0,1.79815673828125
2024-02-22 14:00:00,0.0,1.199462890626819,1.900390625,0.0,0.700927734373181
2024-02-22 14:45:00,0.0999755859375,2.000183105470569,3.30078125,0.10000610351568184,1.1006164550762492
2024-02-22 15:00:00,0.0,1.0,1.400390625,0.0,0.400390625
2024-02-22 15:30:00,0.0999755859375,1.300170898435681,2.298828125,0.0,0.898681640626819
2024-02-22 15:45:00,0.0,0.7998046875,1.099609375,0.0,0.2998046875
2024-02-22 16:15:00,0.0999755859375,1.2000732421875,1.80078125,0.0,0.500732421875
2024-02-22 16:30:00,0.0,0.900146484376819,1.5,0.0,0.599853515623181
2024-02-22 16:45:00,0.0,0.699951171873181,1.099609375,0.0,0.399658203126819
2024-02-22 17:15:00,0.0999755859375,1.40008544921875,2.201171875,0.0,0.70111083984375
2024-02-22 17:30:00,0.0,0.199462890625,0.3984375,0.09997558593738631,0.09899902343761369
2024-02-22 18:00:00,0.0,1.7005615234375,2.5,0.0,0.7994384765625
2024-02-22 18:15:00,0.10009765625,0.399658203125,0.6015625,0.0,0.101806640625
2024-02-22 18:30:00,0.0,1.10009765625,1.5,0.0,0.39990234375
2024-02-22 18:45:00,0.0,0.60003662109375,0.69921875,0.0,0.09918212890625
2024-02-22 19:00:00,0.0999755859375,0.400146484376819,0.900390625,0.0,0.400268554685681
2024-02-22 19:30:00,0.0,0.900146484373181,1.298828125,0.0,0.398681640626819
2024-02-22 21:15:00,0.0999755859375,2.7998046875,4.201171875,0.10000610351568184,1.2013854980468182
2024-02-22 21:30:00,0.0,0.300048828126819,0.69921875,0.0,0.399169921873181
2024-02-22 22:15:00,0.0999755859375,0.899902343746362,1.599609375,0.0,0.599731445316138
2024-02-22 22:30:00,0.0,0.099609375,0.5,0.0,0.400390625
2024-02-22 22:45:00,0.0,0.10009765625363798,0.1015625,0.0,0.0014648437463620212
2024-02-22 23:00:00,0.0,0.0,0.298828125,0.0,0.298828125
2024-02-22 23:15:00,0.0999755859375,0.0,0.201171875,0.0,0.1011962890625
2024-02-22 23:30:00,0.0,0.0,0.099609375,0.100006103515625,-0.000396728515625
2024-02-22 23:45:00,0.0,0.0,0.099609375,0.0,0.099609375
2024-02-23 00:00:00,0.0,0.0,0.19921875,0.0,0.19921875
2024-02-23 00:30:00,0.0,0.0,0.201171875,0.0,0.201171875
2024-02-23 00:45:00,0.10009765625,0.0,0.19921875,0.0,0.09912109375
2024-02-23 01:00:00,0.0,0.0,0.201171875,0.0,0.201171875
2024-02-23 01:15:00,0.0,0.0,0.099609375,0.0,0.099609375
2024-02-23 02:30:00,0.0999755859375,0.0,0.69921875,0.0,0.5992431640625
2024-02-23 02:45:00,0.0,0.0,0.201171875,0.100006103515625,0.101165771484375
2024-02-23 03:00:00,0.0,0.0,0.099609375,0.0,0.099609375
2024-02-23 03:45:00,0.0999755859375,0.0,0.400390625,0.0,0.3004150390625
2024-02-23 04:15:00,0.0,0.0,0.298828125,0.0,0.298828125
2024-02-23 05:30:00,0.0999755859375,0.5,1.201171875,0.0,0.6011962890625
2024-02-23 05:45:00,0.0,0.0,0.19921875,0.10000610351568184,0.09921264648431816
2024-02-23 06:30:00,0.0999755859375,0.199951171873181,0.5,0.0,0.200073242189319
2024-02-23 07:00:00,0.0,0.300048828126819,0.69921875,0.0,0.399169921873181
2024-02-23 07:15:00,0.0,0.300292968746362,0.701171875,0.0,0.400878906253638
2024-02-23 07:30:00,0.0,0.2001953125,0.400390625,0.0,0.2001953125
2024-02-23 08:00:00,0.10009765625,1.599548339845569,2.298828125,0.0,0.599182128904431
2024-02-23 08:15:00,0.0,0.500244140625,0.80078125,0.0,0.300537109375
2024-02-23 08:30:00,0.0,0.4000244140625,0.599609375,0.0,0.1995849609375
2024-02-23 08:45:00,0.0999755859375,0.199951171875,0.599609375,0.0,0.2996826171875
2024-02-23 09:00:00,0.0,0.800048828125,1.099609375,0.09997558593738631,0.1995849609376137
2024-02-23 09:15:00,0.0999755859375,0.69970703125,1.201171875,0.0,0.4014892578125
2024-02-23 10:15:00,0.300048828125,3.20025634765625,5.099609375,0.0,1.59930419921875
2024-02-23 10:45:00,0.0,1.300048828125,2.5,0.0,1.199951171875
2024-02-23 11:30:00,0.0999755859375,2.099487304689319,3.400390625,0.0,1.200927734373181
2024-02-23 12:00:00,0.0999755859375,1.200378417966931,1.69921875,0.10000610351568184,0.29885864257988715
2024-02-23 12:15:00,0.0,0.69970703125,1.0,0.0,0.30029296875
2024-02-23 12:30:00,0.0,0.400390625,0.900390625,0.0,0.5
2024-02-23 13:00:00,0.0999755859375,1.7999267578125,2.599609375,0.0,0.69970703125
2024-02-23 13:30:00,0.0,1.400146484373181,2.599609375,0.0,1.199462890626819
2024-02-23 13:45:00,0.0,0.900085449220569,1.1015625,0.0,0.201477050779431
2024-02-23 14:00:00,0.0999755859375,0.299560546876819,0.798828125,0.0,0.399291992185681
2024-02-23 14:15:00,0.0,0.90032958984375,1.201171875,0.0,0.30084228515625
2024-02-23 14:45:00,0.10009765625,1.800048828123181,2.798828125,0.0,0.898681640626819
2024-02-23 15:15:00,0.0999755859375,1.39959716796875,2.400390625,0.100006103515625,0.800811767578125
2024-02-23 15:30:00,0.0999755859375,0.800415039064319,1.0,0.0,0.09960937499818101
2024-02-23 15:45:00,0.0,0.599853515623181,1.19921875,0.0,0.599365234376819
2024-02-23 16:00:00,0.0,0.2001953125,0.30078125,0.0,0.1005859375
2024-02-23 16:15:00,0.0,0.699951171876819,1.19921875,0.0,0.499267578123181
2024-02-23 17:00:00,0.0999755859375,2.500061035154431,3.701171875,0.0,1.101135253908069
2024-02-23 17:30:00,0.0,1.499877929689319,2.19921875,0.0,0.699340820310681
2024-02-23 17:45:00,0.0,0.400146484373181,0.701171875,0.0,0.301025390626819
2024-02-23 18:00:00,0.0,1.099609375,1.798828125,0.100006103515625,0.599212646484375
2024-02-23 18:15:00,0.0999755859375,0.30023193359375,0.30078125,0.0,-0.09942626953125
2024-02-23 18:30:00,0.0,1.10009765625,1.69921875,0.0,0.59912109375
2024-02-23 19:15:00,0.0,1.9000244140625,2.701171875,0.0,0.8011474609375
2024-02-23 20:00:00,0.10009765625,1.0997314453125,1.599609375,0.0,0.3997802734375
2024-02-23 20:15:00,0.0,0.19970703125,0.298828125,0.0,0.09912109375
2024-02-23 20:30:00,0.0,0.0,0.201171875,0.0,0.201171875
2024-02-23 20:45:00,0.0,0.0,0.099609375,0.0,0.099609375
2024-02-23 21:45:00,0.0999755859375,0.0,0.69921875,0.10000610351568184,0.49923706054681816
2024-02-23 22:15:00,0.0999755859375,0.0,0.400390625,0.0,0.3004150390625
2024-02-23 22:30:00,0.0,0.0,0.099609375,0.0,0.099609375
2024-02-23 23:00:00,0.0,0.0,0.30078125,0.0,0.30078125
2024-02-23 23:15:00,0.0,0.0,0.099609375,0.0,0.099609375
2024-02-23 23:30:00,0.0,0.0,0.201171875,0.0,0.201171875
2024-02-24 00:45:00,0.0999755859375,0.0,0.798828125,0.09997558593738631,0.5988769531251137
2024-02-24 01:30:00,0.0999755859375,0.0,0.400390625,0.0,0.3004150390625
2024-02-24 03:00:00,0.10009765625,0.0,0.900390625,0.0,0.80029296875
2024-02-24 03:30:00,0.0,0.0,0.298828125,0.10000610351568184,0.19882202148431816
2024-02-24 04:15:00,0.0999755859375,0.0,0.400390625,0.0,0.3004150390625
2024-02-24 05:00:00,0.0,0.0,0.400390625,0.0,0.400390625
2024-02-24 05:30:00,0.0999755859375,0.0,0.19921875,0.0,0.0992431640625
2024-02-24 05:45:00,0.0,0.0,0.201171875,0.0,0.201171875
2024-02-24 06:00:00,0.0,0.0,0.19921875,0.0,0.19921875
2024-02-24 06:30:00,0.0,0.0,0.201171875,0.100006103515625,0.101165771484375
2024-02-24 06:45:00,0.0999755859375,0.0,0.19921875,0.0,0.0992431640625
2024-02-24 07:15:00,0.0,0.0,0.400390625,0.0,0.400390625
2024-02-24 07:45:00,0.0,0.0,0.298828125,0.0,0.298828125
2024-02-24 08:15:00,0.0999755859375,0.0,0.30078125,0.0,0.2008056640625
2024-02-24 09:00:00,0.0,0.0,0.5,0.0,0.5
2024-02-24 09:15:00,0.0,0.400146484375,0.5,0.100006103515625,-0.000152587890625
2024-02-24 09:45:00,0.10009765625,0.30029296875,0.599609375,0.0,0.19921875
2024-02-24 10:15:00,0.0,0.0,0.201171875,0.0,0.201171875
2024-02-24 10:30:00,0.0,0.0,0.19921875,0.0,0.19921875
2024-02-24 10:45:00,0.0,0.0,0.19921875,0.0,0.19921875
2024-02-24 11:15:00,0.0999755859375,0.0,0.201171875,0.0,0.1011962890625
2024-02-24 11:30:00,0.0,0.0,0.19921875,0.0,0.19921875
2024-02-24 11:45:00,0.0,0.0,0.099609375,0.0,0.099609375
2024-02-24 12:30:00,0.0999755859375,0.0,0.5,0.10000610351568184,0.30001831054681816
2024-02-24 12:45:00,0.0,0.0,0.201171875,0.0,0.201171875
2024-02-24 13:00:00,0.0,0.0,0.099609375,0.0,0.099609375
2024-02-24 13:30:00,0.0,0.0,0.19921875,0.0,0.19921875
2024-02-24 13:45:00,0.0,0.0,0.201171875,0.0,0.201171875
2024-02-24 14:15:00,0.0999755859375,0.0,0.298828125,0.0,0.1988525390625
2024-02-24 14:45:00,0.0,0.0,0.30078125,0.0,0.30078125
2024-02-24 15:15:00,0.0,0.0,0.30078125,0.0,0.30078125
2024-02-24 15:30:00,0.0999755859375,0.0,0.19921875,0.09997558593738631,-0.0007324218748863132
2024-02-24 15:45:00,0.0,0.0,0.099609375,0.0,0.099609375
2024-02-24 16:00:00,0.0,0.0,0.201171875,0.0,0.201171875
2024-02-24 16:30:00,0.0,0.0,0.298828125,0.0,0.298828125
2024-02-24 16:45:00,0.10009765625,0.0,0.099609375,0.0,-0.00048828125
2024-02-24 17:45:00,0.0,0.0,0.6015625,0.0,0.6015625
2024-02-24 18:00:00,0.0999755859375,0.0,0.099609375,0.0,-0.0003662109375
2024-02-24 18:15:00,0.0,0.0,0.099609375,0.0,0.099609375
2024-02-24 18:45:00,0.0,0.0,0.30078125,0.10000610351568184,0.20077514648431816
2024-02-24 19:30:00,0.0999755859375,0.0,0.5,0.0,0.4000244140625
2024-02-24 20:15:00,0.0,0.0,0.5,0.0,0.5
2024-02-24 20:30:00,0.0,0.0,0.19921875,0.0,0.19921875
2024-02-24 21:15:00,0.0999755859375,0.0,0.30078125,0.0,0.2008056640625
2024-02-24 21:45:00,0.0,0.0,0.3984375,0.100006103515625,0.298431396484375
2024-02-24 22:30:00,0.0999755859375,0.0,0.400390625,0.0,0.3004150390625
2024-02-24 23:00:00,0.0,0.0,0.400390625,0.0,0.400390625
2024-02-24 23:30:00,0.0,0.0,0.30078125,0.0,0.30078125
2024-02-24 23:45:00,0.10009765625,0.0,0.0,0.0,-0.10009765625
2024-02-25 00:30:00,0.0,0.0,0.599609375,0.0,0.599609375
2024-02-25 00:45:00,0.0,0.0,0.099609375,0.0999755859375,-0.0003662109375
2024-02-25 01:00:00,0.0,0.0,0.099609375,0.0,0.099609375
2024-02-25 01:15:00,0.0999755859375,0.0,0.201171875,0.0,0.1011962890625
2024-02-25 01:30:00,0.0,0.0,0.19921875,0.0,0.19921875
2024-02-25 02:30:00,0.0999755859375,0.0,0.5,0.0,0.4000244140625
2024-02-25 02:45:00,0.0,0.0,0.19921875,0.0,0.19921875
2024-02-25 03:15:00,0.0,0.0,0.201171875,0.0,0.201171875
2024-02-25 03:30:00,0.0,0.0,0.298828125,0.0,0.298828125
2024-02-25 03:45:00,0.0,0.0,0.0,0.10003662109375,-0.10003662109375
2024-02-25 04:00:00,0.0999755859375,0.0,0.201171875,0.0,0.1011962890625
2024-02-25 04:15:00,0.0,0.0,0.19921875,0.0,0.19921875
2024-02-25 04:30:00,0.0,0.0,0.099609375,0.0,0.099609375
2024-02-25 04:45:00,0.0,0.0,0.201171875,0.0,0.201171875
2024-02-25 05:30:00,0.0999755859375,0.0,0.5,0.0,0.4000244140625
2024-02-25 06:30:00,0.0,0.0,0.599609375,0.0,0.599609375
2024-02-25 07:15:00,0.10009765625,0.0,0.400390625,0.0999755859375,0.2003173828125
2024-02-25 07:30:00,0.0,0.0,0.19921875,0.0,0.19921875
2024-02-25 08:00:00,0.0,0.0,0.201171875,0.0,0.201171875
2024-02-25 08:45:00,0.0999755859375,0.0,0.3984375,0.0,0.2984619140625
2024-02-25 09:15:00,0.0,0.0,0.400390625,0.0,0.400390625
2024-02-25 09:30:00,0.0,0.0,0.099609375,0.0,0.099609375
2024-02-25 10:00:00,0.0999755859375,0.0,0.30078125,0.10003662109375,0.10076904296875
2024-02-25 10:15:00,0.0,0.0,0.19921875,0.0,0.19921875
2024-02-25 11:00:00,0.0999755859375,0.0,0.5,0.0,0.4000244140625
2024-02-25 11:15:00,0.0,0.0,0.1015625,0.0,0.1015625
2024-02-25 11:30:00,0.0,0.0,0.099609375,0.0,0.099609375
2024-02-25 11:45:00,0.0,0.0,0.19921875,0.0,0.19921875
2024-02-25 12:00:00,0.0,0.0,0.099609375,0.0,0.099609375
2024-02-25 12:15:00,0.0,0.0,0.1015625,0.0,0.1015625
2024-02-25 12:30:00,0.0999755859375,0.0,0.298828125,0.0,0.1988525390625
2024-02-25 12:45:00,0.0,0.0,0.201171875,0.0,0.201171875
2024-02-25 13:30:00,0.0,0.0,0.3984375,0.0999755859375,0.2984619140625
2024-02-25 13:45:00,0.0,0.0,0.1015625,0.0,0.1015625
2024-02-25 14:00:00,0.10009765625,0.0,0.19921875,0.0,0.09912109375
2024-02-25 14:30:00,0.0,0.0,0.30078125,0.0,0.30078125
2024-02-25 15:00:00,0.0,0.0,0.19921875,0.0,0.19921875
2024-02-25 15:45:00,0.0999755859375,0.0,0.5,0.0,0.4000244140625
2024-02-25 16:00:00,0.0,0.0,0.19921875,0.0999755859375,0.0992431640625
2024-02-25 16:15:00,0.0,0.0,0.1015625,0.0,0.1015625
2024-02-25 16:45:00,0.0999755859375,0.0,0.298828125,0.0,0.1988525390625
2024-02-25 17:00:00,0.0,0.0,0.099609375,0.0,0.099609375
2024-02-25 17:15:00,0.0,0.0,0.201171875,0.0,0.201171875
2024-02-25 18:00:00,0.0,0.0,0.298828125,0.0,0.298828125
2024-02-25 18:15:00,0.0999755859375,0.0,0.30078125,0.0,0.2008056640625
2024-02-25 18:45:00,0.0,0.0,0.19921875,0.0,0.19921875
2024-02-25 19:00:00,0.0,0.0,0.201171875,0.0,0.201171875
2024-02-25 19:30:00,0.0999755859375,0.0,0.400390625,0.10003662109375,0.20037841796875
2024-02-25 19:45:00,0.0,0.0,0.099609375,0.0,0.099609375
2024-02-25 20:15:00,0.0,0.0,0.19921875,0.0,0.19921875
2024-02-25 21:00:00,0.10009765625,0.0,0.5,0.0,0.39990234375
2024-02-25 21:15:00,0.0,0.0,0.099609375,0.0,0.099609375
2024-02-25 21:30:00,0.0,0.0,0.1015625,0.0,0.1015625
2024-02-25 22:00:00,0.0,0.0,0.5,0.0,0.5
2024-02-25 22:30:00,0.0999755859375,0.0,0.298828125,0.0999755859375,0.098876953125
2024-02-25 22:45:00,0.0,0.0,0.0,0.0,0.0
2024-02-25 23:15:00,0.0,0.0,0.30078125,0.0,0.30078125
2024-02-25 23:45:00,0.0999755859375,0.0,0.400390625,0.0,0.3004150390625
2024-02-26 00:00:00,0.0,0.0,0.099609375,0.0,0.099609375
2024-02-26 00:15:00,0.0,0.0,0.099609375,0.0,0.099609375
2024-02-26 00:30:00,0.0,0.0,0.19921875,0.0,0.19921875
2024-02-26 00:45:00,0.0,0.0,0.201171875,0.0,0.201171875
2024-02-26 01:00:00,0.0,0.0,0.0,0.0,0.0
2024-02-26 01:30:00,0.0999755859375,0.0,0.400390625,0.10003662109375,0.20037841796875
2024-02-26 02:30:00,0.0999755859375,0.0,0.599609375,0.0,0.4996337890625
2024-02-26 03:30:00,0.0,0.0,0.599609375,0.0,0.599609375
2024-02-26 03:45:00,0.0,0.0,0.099609375,0.0,0.099609375
2024-02-26 04:15:00,0.10009765625,0.19970703125,0.5,0.0999755859375,0.1002197265625
2024-02-26 04:30:00,0.0,0.10009765625,0.201171875,0.0,0.10107421875
2024-02-26 05:00:00,0.0,0.199951171875,0.3984375,0.0,0.198486328125
2024-02-26 05:30:00,0.0999755859375,0.099853515625,0.400390625,0.0,0.2005615234375
2024-02-26 05:45:00,0.0,0.10009765625,0.30078125,0.0,0.20068359375
2024-02-26 06:00:00,0.0,0.10009765625,0.400390625,0.0,0.30029296875
2024-02-26 06:15:00,0.0,0.099853515625,0.19921875,0.0,0.099365234375
2024-02-26 07:00:00,0.0999755859375,0.300048828125,0.80078125,0.0,0.4007568359375
2024-02-26 07:30:00,0.0999755859375,1.30023193359375,2.0,0.0999755859375,0.49981689453125
2024-02-26 08:00:00,0.0999755859375,1.1998291015625,1.69921875,0.0,0.3994140625
2024-02-26 08:45:00,0.10009765625,1.400146484375,2.5,0.0,0.999755859375
2024-02-26 09:15:00,0.0999755859375,1.20013427734375,1.80078125,0.0,0.50067138671875
2024-02-26 10:00:00,0.0999755859375,1.999633789064319,3.3984375,0.0,1.298828124998181
2024-02-26 10:30:00,0.199951171875,1.900146484373181,3.30078125,0.10003662109375,1.100646972658069
2024-02-26 11:00:00,0.10009765625,0.9998779296875,1.599609375,0.0,0.4996337890625
2024-02-26 11:15:00,0.0,1.2001953125,2.0,0.0,0.7998046875
2024-02-26 11:45:00,0.0999755859375,1.30023193359375,2.0,0.0,0.59979248046875
2024-02-26 12:00:00,0.0,0.899902343748181,1.400390625,0.0,0.500488281251819
2024-02-26 12:15:00,0.0,0.499755859376819,0.80078125,0.0,0.301025390623181
2024-02-26 12:30:00,0.0999755859375,0.80035400390625,1.19921875,0.0,0.29888916015625
2024-02-26 13:15:00,0.0,2.69970703125,4.19921875,0.0,1.49951171875
2024-02-26 14:15:00,0.0999755859375,3.599853515625,5.900390625,0.0999755859375,2.1005859375
2024-02-26 15:15:00,0.0999755859375,3.30023193359375,5.201171875,0.0,1.80096435546875
2024-02-26 15:45:00,0.10009765625,1.39996337890625,2.19921875,0.0,0.69915771484375
2024-02-26 16:00:00,0.0,1.19989013671875,1.80078125,0.0,0.60089111328125
2024-02-26 16:15:00,0.0,0.5003662109375,0.8984375,0.0,0.3980712890625
2024-02-26 17:00:00,0.0999755859375,2.200073242185681,3.400390625,0.10003662109375,1.000305175783069
2024-02-26 17:30:00,0.0999755859375,1.59954833984375,2.701171875,0.0,1.00164794921875
2024-02-26 18:00:00,0.0999755859375,2.299926757814319,3.3984375,0.0,0.998535156248181
2024-02-26 18:30:00,0.0,1.400329589841931,2.0,0.0,0.599670410158069
2024-02-26 19:00:00,0.0999755859375,1.600036621097388,2.400390625,0.0,0.700378417965112
2024-02-26 19:45:00,0.2000732421875,1.500061035154431,2.599609375,0.0999755859375,0.799499511720569
2024-02-26 20:00:00,0.0,0.300048828125,0.6015625,0.0,0.301513671875
2024-02-26 20:15:00,0.0999755859375,0.399658203123181,0.69921875,0.0,0.199584960939319
2024-02-26 20:30:00,0.0,0.199829101564319,0.5,0.0,0.300170898435681
2024-02-26 22:15:00,0.199951171875,0.60028076171875,1.69921875,0.0,0.89898681640625
2024-02-26 22:30:00,0.0,0.0,0.0,0.0,0.0
2024-02-26 22:45:00,0.0,0.0,0.30078125,0.0999755859375,0.2008056640625
2024-02-26 23:30:00,0.0,0.0,0.400390625,0.0,0.400390625
2024-02-26 23:45:00,0.10009765625,0.0,0.19921875,0.0,0.09912109375
2024-02-27 00:30:00,0.0,0.0,0.400390625,0.0,0.400390625
2024-02-27 01:00:00,0.0,0.0,0.30078125,0.0,0.30078125
2024-02-27 01:15:00,0.0999755859375,0.0,0.19921875,0.0,0.0992431640625
2024-02-27 01:30:00,0.0,0.0,0.099609375,0.0,0.099609375
2024-02-27 02:15:00,0.0,0.0,0.5,0.10003662109375,0.39996337890625
2024-02-27 02:30:00,0.0,0.0,0.0,0.0,0.0
2024-02-27 03:00:00,0.0999755859375,0.0,0.5,0.0,0.4000244140625
2024-02-27 03:30:00,0.0,0.0,0.201171875,0.0,0.201171875
2024-02-27 03:45:00,0.0,0.0,0.298828125,0.0,0.298828125
2024-02-27 04:00:00,0.0999755859375,0.0,0.099609375,0.0,-0.0003662109375
2024-02-27 04:15:00,0.0,0.0,0.1015625,0.0,0.1015625
2024-02-27 04:30:00,0.0,0.0,0.298828125,0.0,0.298828125
2024-02-27 05:00:00,0.0,0.099853515625,0.30078125,0.0999755859375,0.1009521484375
2024-02-27 05:30:00,0.0999755859375,0.300048828125,0.599609375,0.0,0.1995849609375
2024-02-27 05:45:00,0.0,0.0,0.30078125,0.0,0.30078125
2024-02-27 06:00:00,0.0,0.10009765625,0.0,0.0,-0.10009765625
2024-02-27 07:00:00,0.10009765625,0.2998046875,0.8984375,0.0,0.49853515625
2024-02-27 08:00:00,0.0999755859375,1.8001708984375,3.30078125,0.10003662109375,1.30059814453125
2024-02-27 08:45:00,0.199951171875,1.5001220703125,2.099609375,0.0,0.3995361328125
2024-02-27 09:00:00,0.0,0.300048828125,0.701171875,0.0,0.401123046875
2024-02-27 09:15:00,0.0999755859375,0.89990234375,1.5,0.0,0.5001220703125
2024-02-27 09:45:00,0.2000732421875,1.49993896484375,2.599609375,0.0,0.89959716796875
2024-02-27 10:15:00,0.0999755859375,1.500244140625,2.69921875,0.0,1.0989990234375
2024-02-27 10:30:00,0.0999755859375,0.699829101564319,1.201171875,0.0,0.401367187498181
2024-02-27 11:30:00,0.0999755859375,2.900085449216931,4.69921875,0.0999755859375,1.599182128908069
2024-02-27 12:00:00,0.0,1.39990234375,2.19921875,0.0,0.79931640625
2024-02-27 12:30:00,0.10009765625,1.6002197265625,2.5,0.0,0.7996826171875
2024-02-27 13:00:00,0.0,1.2996826171875,1.80078125,0.0,0.5010986328125
2024-02-27 13:15:00,0.0999755859375,0.7001953125,1.0,0.0,0.1998291015625
2024-02-27 13:30:00,0.0,0.7998046875,1.5,0.0,0.7001953125
2024-02-27 13:45:00,0.0,0.90008544921875,1.099609375,0.0,0.19952392578125
2024-02-27 14:15:00,0.0999755859375,1.099853515623181,1.80078125,0.0999755859375,0.500976562501819
2024-02-27 14:30:00,0.0,0.7001953125,1.099609375,0.0,0.3994140625
2024-02-27 14:45:00,0.0,0.700073242189319,1.099609375,0.0,0.399536132810681
2024-02-27 16:15:00,0.199951171875,4.39984130859375,7.099609375,0.0,2.49981689453125
2024-02-27 16:30:00,0.0,0.3001708984375,0.400390625,0.0,0.1002197265625
2024-02-27 16:45:00,0.0,0.89990234375,1.5,0.0,0.60009765625
2024-02-27 17:15:00,0.10009765625,1.2998046875,2.099609375,0.10003662109375,0.59967041015625
2024-02-27 17:30:00,0.0,1.0999755859375,1.5,0.0,0.4000244140625
2024-02-27 18:30:00,0.0999755859375,2.800231933591931,4.1015625,0.0,1.201354980470569
2024-02-27 18:45:00,0.0999755859375,0.399902343751819,0.69921875,0.0,0.199340820310681
2024-02-27 19:00:00,0.0,0.699951171875,1.0,0.0,0.300048828125
2024-02-27 19:30:00,0.0,0.7000732421875,1.099609375,0.0,0.3995361328125
2024-02-27 19:45:00,0.0999755859375,0.399658203126819,0.80078125,0.0,0.301147460935681
2024-02-27 20:45:00,0.0999755859375,0.500183105466931,1.099609375,0.0999755859375,0.399475097658069
2024-02-27 21:00:00,0.0,0.2999267578125,0.30078125,0.0,0.0008544921875
2024-02-27 21:15:00,0.0,0.0,0.3984375,0.0,0.3984375
2024-02-27 21:30:00,0.0,0.199951171876819,0.30078125,0.0,0.10083007812318101
2024-02-27 21:45:00,0.0,0.09997558593568101,0.19921875,0.0,0.09924316406431899
2024-02-27 22:00:00,0.10009765625,0.0,0.201171875,0.0,0.10107421875
2024-02-27 22:30:00,0.0,0.0,0.298828125,0.0,0.298828125
2024-02-27 23:45:00,0.0999755859375,0.0,0.701171875,0.10003662109375,0.50115966796875
2024-02-28 00:45:00,0.0,0.0,0.5,0.0,0.5
2024-02-28 01:00:00,0.0999755859375,0.0,0.19921875,0.0,0.0992431640625
2024-02-28 01:30:00,0.0,0.0,0.30078125,0.0,0.30078125
2024-02-28 02:15:00,0.0999755859375,0.0,0.5,0.0999755859375,0.300048828125
2024-02-28 02:30:00,0.0,0.0,0.19921875,0.0,0.19921875
2024-02-28 02:45:00,0.0,0.0,0.099609375,0.0,0.099609375
2024-02-28 03:15:00,0.0,0.0,0.30078125,0.0,0.30078125
2024-02-28 03:30:00,0.0,0.0,0.19921875,0.0,0.19921875
2024-02-28 03:45:00,0.0999755859375,0.0,0.201171875,0.0,0.1011962890625
2024-02-28 04:00:00,0.0,0.0,0.099609375,0.0,0.099609375
2024-02-28 05:00:00,0.10009765625,0.300048828125,0.900390625,0.0,0.500244140625
2024-02-28 05:15:00,0.0,0.10009765625,0.099609375,0.0,-0.00048828125
2024-02-28 05:30:00,0.0,0.099853515625,0.30078125,0.0999755859375,0.1009521484375
2024-02-28 05:45:00,0.0,0.10009765625,0.298828125,0.0,0.19873046875
2024-02-28 06:00:00,0.0,0.10009765625,0.099609375,0.0,-0.00048828125
2024-02-28 06:30:00,0.0999755859375,0.199951171875,0.6015625,0.0,0.3016357421875
2024-02-28 06:45:00,0.0,0.0,0.099609375,0.0,0.099609375
2024-02-28 07:00:00,0.0,0.099853515625,0.298828125,0.0,0.198974609375
2024-02-28 07:30:00,0.0999755859375,0.600341796875,1.201171875,0.0,0.5008544921875
2024-02-28 07:45:00,0.0,0.499755859375,0.69921875,0.0,0.199462890625
2024-02-28 08:00:00,0.0,0.80023193359375,1.099609375,0.0,0.29937744140625
2024-02-28 08:15:00,0.0999755859375,0.39990234375,0.701171875,0.0,0.2012939453125
2024-02-28 08:45:00,0.0999755859375,0.8001708984375,1.400390625,0.10003662109375,0.40020751953125
2024-02-28 09:00:00,0.0,0.999755859376819,1.599609375,0.0,0.599853515623181
2024-02-28 09:15:00,0.10009765625,0.5,0.69921875,0.0,0.09912109375
2024-02-28 09:45:00,0.0,1.400085449216931,2.400390625,0.0,1.000305175783069
2024-02-28 10:15:00,0.0999755859375,1.599853515625,2.900390625,0.0,1.2005615234375
2024-02-28 10:30:00,0.0999755859375,0.900512695314319,1.19921875,0.0,0.198730468748181
2024-02-28 11:00:00,0.0999755859375,0.899902343746362,1.701171875,0.0,0.701293945316138
2024-02-28 11:15:00,0.0,0.7998046875,1.298828125,0.0,0.4990234375
2024-02-28 11:30:00,0.0999755859375,1.300292968753638,2.099609375,0.0999755859375,0.599365234371362
2024-02-28 11:45:00,0.0,0.3994140625,0.80078125,0.0,0.4013671875
2024-02-28 12:00:00,0.10009765625,0.600341796873181,0.69921875,0.0,-0.0012207031231810106
2024-02-28 12:15:00,0.0,1.19964599609375,1.900390625,0.0,0.70074462890625
2024-02-28 12:30:00,0.0,0.600341796876819,1.099609375,0.0,0.499267578123181
2024-02-28 12:45:00,0.0,0.10009765624818101,0.30078125,0.0,0.200683593751819
2024-02-28 13:00:00,0.0,1.2996826171875,1.900390625,0.0,0.6007080078125
2024-02-28 13:15:00,0.0999755859375,0.5,0.69921875,0.0,0.0992431640625
2024-02-28 13:45:00,0.0,1.2998046875,2.400390625,0.0,1.1005859375
2024-02-28 14:30:00,0.0,1.900085449220569,3.099609375,0.0,1.199523925779431
2024-02-28 15:00:00,0.0999755859375,1.900024414060681,3.099609375,0.10003662109375,0.999572753908069
2024-02-28 16:00:00,0.0999755859375,2.4000244140625,4.0,0.0,1.5
2024-02-28 16:15:00,0.0,1.10009765625,1.900390625,0.0,0.80029296875
2024-02-28 17:00:00,0.0,2.10028076171875,3.5,0.0,1.39971923828125
2024-02-28 17:15:00,0.0,0.199707031251819,0.400390625,0.0,0.200683593748181
2024-02-28 17:30:00,0.0999755859375,1.200073242185681,1.900390625,0.0,0.600341796876819
2024-02-28 17:45:00,0.0,0.7998046875,1.0,0.0999755859375,0.1002197265625
2024-02-28 18:00:00,0.0,0.300048828125,0.69921875,0.0,0.399169921875
2024-02-28 18:30:00,0.0,1.29998779296875,2.0,0.0,0.70001220703125
2024-02-28 18:45:00,0.10009765625,0.30029296875,0.599609375,0.0,0.19921875
2024-02-28 19:45:00,0.0,2.0999755859375,3.400390625,0.0,1.3004150390625
2024-02-28 20:00:00,0.0,0.2999267578125,0.30078125,0.0,0.0008544921875
2024-02-28 20:15:00,0.0999755859375,0.19970703125,0.400390625,0.0,0.1007080078125
2024-02-28 20:30:00,0.0,0.10009765625,0.298828125,0.0,0.19873046875
2024-02-28 20:45:00,0.0,0.300048828123181,0.599609375,0.0999755859375,0.199584960939319
2024-02-28 21:00:00,0.0,0.300231933597388,0.400390625,0.0,0.10015869140261202
2024-02-28 21:30:00,0.0999755859375,0.10009765624818101,0.599609375,0.0,0.399536132814319
2024-02-28 21:45:00,0.0,0.0,0.201171875,0.0,0.201171875
2024-02-28 22:00:00,0.0,0.099853515625,0.298828125,0.0,0.198974609375
2024-02-28 22:15:00,0.0,0.0,0.1015625,0.0,0.1015625
2024-02-28 22:30:00,0.0,0.0,0.298828125,0.0,0.298828125
2024-02-28 23:00:00,0.0999755859375,0.0,0.30078125,0.0,0.2008056640625
2024-02-28 23:30:00,0.0,0.0,0.298828125,0.0,0.298828125
2024-02-28 23:45:00,0.0,0.0,0.1015625,0.0,0.1015625
2024-02-29 00:00:00,0.0,0.0,0.19921875,0.10003662109375,0.09918212890625
2024-02-29 00:30:00,0.0999755859375,0.0,0.19921875,0.0,0.0992431640625
2024-02-29 00:45:00,0.0,0.0,0.201171875,0.0,0.201171875
2024-02-29 01:30:00,0.0,0.0,0.5,0.0,0.5
2024-02-29 01:45:00,0.10009765625,0.0,0.298828125,0.0,0.19873046875
2024-02-29 03:45:00,0.0999755859375,0.0,1.30078125,0.0999755859375,1.100830078125
2024-02-29 04:15:00,0.0,0.0,0.19921875,0.0,0.19921875
2024-02-29 04:30:00,0.0999755859375,0.10009765625,0.400390625,0.0,0.2003173828125
2024-02-29 05:00:00,0.0,0.099853515625,0.30078125,0.0,0.200927734375
2024-02-29 05:15:00,0.0,0.10009765625181899,0.298828125,0.0,0.198730468748181
2024-02-29 05:45:00,0.0,0.199951171873181,0.6015625,0.0,0.401611328126819
2024-02-29 06:00:00,0.0999755859375,0.10009765625,0.099609375,0.0,-0.1004638671875
2024-02-29 07:00:00,0.0,0.300048828125,1.099609375,0.10003662109375,0.69952392578125
2024-02-29 07:15:00,0.0,0.099853515625,0.30078125,0.0,0.200927734375
2024-02-29 08:00:00,0.0999755859375,1.599853515626819,2.298828125,0.0,0.598999023435681
2024-02-29 09:00:00,0.10009765625,1.5,2.900390625,0.0,1.30029296875
2024-02-29 09:30:00,0.0999755859375,1.400024414058862,2.0,0.0999755859375,0.400024414066138
2024-02-29 10:30:00,0.199951171875,2.800231933597388,5.099609375,0.0,2.099426269527612
2024-02-29 11:00:00,0.0,1.099853515623181,2.0,0.0,0.900146484376819
2024-02-29 11:30:00,0.0999755859375,1.1998291015625,1.900390625,0.0,0.6005859375
2024-02-29 11:45:00,0.10009765625,1.10009765625,1.80078125,0.0,0.6005859375
2024-02-29 12:00:00,0.0,0.699829101564319,0.69921875,0.0,-0.0006103515643189894
2024-02-29 12:15:00,0.0,0.500244140623181,1.0,0.0999755859375,0.399780273439319
2024-02-29 12:30:00,0.0,0.900146484376819,1.400390625,0.0,0.500244140623181
2024-02-29 12:45:00,0.0,0.499511718746362,0.69921875,0.0,0.19970703125363798
2024-02-29 13:00:00,0.0999755859375,1.100280761720569,1.5,0.0,0.299743652341931
2024-02-29 13:15:00,0.0,0.400146484376819,0.701171875,0.0,0.301025390623181
2024-02-29 13:30:00,0.0,0.800048828123181,1.3984375,0.0,0.598388671876819
2024-02-29 13:45:00,0.0,0.7996826171875,1.1015625,0.0,0.3018798828125
2024-02-29 14:45:00,0.0999755859375,2.400329589845569,3.599609375,0.0,1.099304199216931
2024-02-29 15:00:00,0.0,0.900146484373181,1.5,0.0,0.599853515626819
2024-02-29 15:15:00,0.0,0.599853515626819,1.0,0.10003662109375,0.300109863279431
2024-02-29 15:30:00,0.0,0.499511718746362,0.69921875,0.0,0.19970703125363798
2024-02-29 15:45:00,0.0999755859375,1.099975585939319,1.400390625,0.0,0.200439453123181
2024-02-29 16:00:00,0.0,0.700439453125,1.30078125,0.0,0.600341796875
2024-02-29 16:30:00,0.0,1.0001220703125,1.3984375,0.0,0.3983154296875
2024-02-29 17:15:00,0.0999755859375,2.699890136720569,3.701171875,0.0,0.901306152341931
2024-02-29 18:00:00,0.0,1.699951171873181,2.5,0.0,0.800048828126819
2024-02-29 18:15:00,0.0,0.6998291015625,0.900390625,0.0999755859375,0.1005859375
2024-02-29 20:00:00,0.2000732421875,2.29986572265625,3.8984375,0.0,1.39849853515625
2024-02-29 20:45:00,0.0,0.300048828125,1.0,0.0,0.699951171875
2024-02-29 21:00:00,0.0,0.200073242185681,0.400390625,0.0,0.200317382814319
2024-02-29 21:15:00,0.0999755859375,0.0,0.30078125,0.10003662109375,0.10076904296875
2024-02-29 22:00:00,0.0,0.200134277345569,0.69921875,0.0,0.499084472654431
2024-02-29 22:15:00,0.0,0.10009765625181899,0.201171875,0.0,0.10107421874818101
2024-02-29 22:30:00,0.0,0.0,0.099609375,0.0,0.099609375
2024-02-29 23:00:00,0.0999755859375,0.0,0.400390625,0.0,0.3004150390625
2024-02-29 23:30:00,0.0,0.0,0.298828125,0.0,0.298828125
2024-03-01 00:00:00,0.0,0.0,0.30078125,0.0,0.30078125
2024-03-01 00:30:00,0.0999755859375,0.0,0.400390625,0.0999755859375,0.200439453125
2024-03-01 00:45:00,0.0,0.0,0.099609375,0.0,0.099609375
2024-03-01 01:30:00,0.0,0.0,0.400390625,0.0,0.400390625
2024-03-01 01:45:00,0.10009765625,0.0,0.19921875,0.0,0.09912109375
2024-03-01 02:30:00,0.0,0.0,0.5,0.0,0.5
2024-03-01 02:45:00,0.0,0.0,0.099609375,0.0,0.099609375
2024-03-01 03:00:00,0.0999755859375,0.0,0.30078125,0.0,0.2008056640625
2024-03-01 03:15:00,0.0,0.0,0.099609375,0.0,0.099609375
2024-03-01 03:30:00,0.0,0.0,0.099609375,0.0999755859375,-0.0003662109375
2024-03-01 03:45:00,0.0,0.0,0.099609375,0.0,0.099609375
2024-03-01 04:00:00,0.0,0.0,0.30078125,0.0,0.30078125
2024-03-01 04:15:00,0.0999755859375,0.0,0.099609375,0.0,-0.0003662109375
2024-03-01 04:45:00,0.0,0.0,0.30078125,0.0,0.30078125
2024-03-01 05:15:00,0.0,0.0,0.298828125,0.0,0.298828125
2024-03-01 05:30:00,0.0,0.0,0.201171875,0.0,0.201171875
2024-03-01 06:15:00,0.0999755859375,0.0,0.5,0.0,0.4000244140625
2024-03-01 06:30:00,0.0,0.0,0.19921875,0.10003662109375,0.09918212890625
2024-03-01 07:00:00,0.0999755859375,0.0,0.30078125,0.0,0.2008056640625
2024-03-01 07:15:00,0.0,0.0,0.099609375,0.0,0.099609375
2024-03-01 08:00:00,0.0,0.2998046875,0.69921875,0.0,0.3994140625
2024-03-01 08:15:00,0.0,0.09985351562318101,0.400390625,0.0,0.300537109376819
2024-03-01 08:30:00,0.10009765625,0.2001953125,0.599609375,0.0,0.29931640625
2024-03-01 08:45:00,0.0,0.099853515625,0.1015625,0.0,0.001708984375
2024-03-01 09:15:00,0.0,0.300048828125,0.69921875,0.0,0.399169921875
2024-03-01 09:45:00,0.0,0.300048828126819,0.80078125,0.0999755859375,0.400756835935681
2024-03-01 10:00:00,0.0999755859375,0.199951171873181,0.298828125,0.0,-0.0010986328106810106
2024-03-01 10:30:00,0.0,0.0,0.400390625,0.0,0.400390625
2024-03-01 10:45:00,0.0,0.0,0.19921875,0.0,0.19921875
2024-03-01 11:00:00,0.0,0.0,0.0,0.0,0.0
2024-03-01 11:15:00,0.0999755859375,0.0,0.30078125,0.0,0.2008056640625
2024-03-01 11:30:00,0.0,0.0,0.0,0.0,0.0
2024-03-01 11:45:00,0.0,0.0,0.30078125,0.0,0.30078125
2024-03-01 12:00:00,0.0,0.0,0.099609375,0.0,0.099609375
2024-03-01 12:45:00,0.0,0.0,0.5,0.10003662109375,0.39996337890625
2024-03-01 13:15:00,0.0999755859375,0.0,0.298828125,0.0,0.1988525390625
2024-03-01 14:30:00,0.0999755859375,0.0999755859375,0.900390625,0.0,0.700439453125
2024-03-01 14:45:00,0.0,0.0,0.201171875,0.0,0.201171875
2024-03-01 15:00:00,0.0,0.0,0.19921875,0.0,0.19921875
2024-03-01 15:30:00,0.10009765625,0.10003662109193101,0.5,0.0,0.299865722658069
2024-03-01 15:45:00,0.0,0.0,0.099609375,0.0999755859375,-0.0003662109375
2024-03-01 16:00:00,0.0,0.09997558593931899,0.201171875,0.0,0.10119628906068101
2024-03-01 16:30:00,0.0,0.0,0.3984375,0.0,0.3984375
2024-03-01 16:45:00,0.0,0.0999755859375,0.201171875,0.0,0.1011962890625
2024-03-01 18:00:00,0.0999755859375,0.10003662109375,0.900390625,0.0,0.70037841796875
2024-03-01 18:15:00,0.0999755859375,0.0,0.19921875,0.0,0.0992431640625
2024-03-01 18:30:00,0.0,0.10009765625,0.19921875,0.0,0.09912109375
2024-03-01 18:45:00,0.0,0.0,0.1015625,0.0,0.1015625
2024-03-01 19:00:00,0.0,0.0,0.19921875,0.0999755859375,0.0992431640625
2024-03-01 19:30:00,0.0,0.0,0.400390625,0.0,0.400390625
2024-03-01 19:45:00,0.0,0.0,0.0,0.0,0.0
2024-03-01 20:00:00,0.0999755859375,0.0,0.298828125,0.0,0.1988525390625
2024-03-01 20:15:00,0.0,0.0,0.1015625,0.0,0.1015625
2024-03-01 20:45:00,0.0,0.0,0.298828125,0.0,0.298828125
2024-03-01 21:15:00,0.0999755859375,0.0,0.30078125,0.0,0.2008056640625
2024-03-01 22:00:00,0.0,0.0,0.599609375,0.10003662109375,0.49957275390625
2024-03-01 22:15:00,0.0,0.0,0.0,0.0,0.0
2024-03-01 22:30:00,0.0,0.0,0.19921875,0.0,0.19921875
2024-03-01 23:00:00,0.10009765625,0.0,0.30078125,0.0,0.20068359375
2024-03-01 23:30:00,0.0,0.0,0.19921875,0.0,0.19921875
2024-03-01 23:45:00,0.0,0.0,0.201171875,0.0,0.201171875
2024-03-02 00:00:00,0.0999755859375,0.0,0.19921875,0.0,0.0992431640625
2024-03-02 00:45:00,0.0,0.0,0.5,0.0,0.5
2024-03-02 01:15:00,0.0999755859375,0.0,0.30078125,0.0999755859375,0.100830078125
2024-03-02 01:30:00,0.0,0.0,0.099609375,0.0,0.099609375
2024-03-02 02:00:00,0.0,0.0,0.400390625,0.0,0.400390625
2024-03-02 02:15:00,0.0,0.0,0.19921875,0.0,0.19921875
2024-03-02 02:45:00,0.0999755859375,0.0,0.30078125,0.0,0.2008056640625
2024-03-02 03:15:00,0.0,0.0,0.298828125,0.0,0.298828125
2024-03-02 03:30:00,0.0,0.0,0.1015625,0.0,0.1015625
2024-03-02 03:45:00,0.0,0.0,0.19921875,0.0,0.19921875
2024-03-02 04:00:00,0.0,0.0,0.099609375,0.0,0.099609375
2024-03-02 04:15:00,0.0999755859375,0.0,0.201171875,0.10003662109375,0.00115966796875
2024-03-02 04:30:00,0.0,0.0,0.19921875,0.0,0.19921875
2024-03-02 04:45:00,0.0,0.0,0.099609375,0.0,0.099609375
2024-03-02 05:30:00,0.10009765625,0.0,0.5,0.0,0.39990234375
2024-03-02 05:45:00,0.0,0.0,0.201171875,0.0,0.201171875
2024-03-02 06:15:00,0.0,0.0,0.19921875,0.0,0.19921875
2024-03-02 06:30:00,0.0,0.0,0.19921875,0.0,0.19921875
2024-03-02 06:45:00,0.0,0.0,0.1015625,0.0,0.1015625
2024-03-02 07:15:00,0.0999755859375,0.0,0.298828125,0.0999755859375,0.098876953125
2024-03-02 07:30:00,0.0,0.0,0.30078125,0.0,0.30078125
2024-03-02 07:45:00,0.0,0.0,0.099609375,0.0,0.099609375
2024-03-02 08:15:00,0.0,0.10009765625,0.30078125,0.0,0.20068359375
2024-03-02 08:30:00,0.0999755859375,0.199951171875,0.599609375,0.0,0.2996826171875
2024-03-02 08:45:00,0.0,0.2001953125,0.19921875,0.0,-0.0009765625
2024-03-02 09:00:00,0.0,0.199462890625,0.5,0.0,0.300537109375
2024-03-02 09:15:00,0.0,0.0,0.099609375,0.0,0.099609375
2024-03-02 09:30:00,0.0,0.0,0.30078125,0.0,0.30078125
2024-03-02 09:45:00,0.0,0.0,0.0,0.0,0.0
2024-03-02 10:00:00,0.0999755859375,0.0,0.19921875,0.0,0.0992431640625
2024-03-02 11:00:00,0.0,0.10009765625,0.80078125,0.0999755859375,0.6007080078125
2024-03-02 12:30:00,0.0999755859375,0.0,0.900390625,0.0,0.8004150390625
2024-03-02 12:45:00,0.10009765625,0.0,0.19921875,0.0,0.09912109375
2024-03-02 13:00:00,0.0,0.0,0.099609375,0.0,0.099609375
2024-03-02 13:15:00,0.0,0.10009765625,0.201171875,0.10003662109375,0.00103759765625
2024-03-02 13:45:00,0.0,0.0,0.400390625,0.0,0.400390625
2024-03-02 14:15:00,0.0999755859375,0.0,0.298828125,0.0,0.1988525390625
2024-03-02 14:30:00,0.0,0.0,0.099609375,0.0,0.099609375
2024-03-02 14:45:00,0.0,0.0,0.201171875,0.0,0.201171875
2024-03-02 15:30:00,0.0999755859375,0.0,0.5,0.0,0.4000244140625
2024-03-02 16:00:00,0.0,0.0,0.298828125,0.0,0.298828125
2024-03-02 16:15:00,0.0,0.0,0.1015625,0.0,0.1015625
2024-03-02 16:45:00,0.0999755859375,0.0,0.3984375,0.0999755859375,0.198486328125
2024-03-02 17:15:00,0.0,0.0,0.201171875,0.0,0.201171875
2024-03-02 17:30:00,0.0,0.0,0.099609375,0.0,0.099609375
2024-03-02 17:45:00,0.0,0.0,0.30078125,0.0,0.30078125
2024-03-02 18:00:00,0.0,0.0,0.0,0.0,0.0
2024-03-02 18:15:00,0.0999755859375,0.0,0.298828125,0.0,0.1988525390625
2024-03-02 18:30:00,0.0,0.0,0.099609375,0.0,0.099609375
2024-03-02 18:45:00,0.0,0.0,0.30078125,0.0,0.30078125
2024-03-02 19:45:00,0.10009765625,0.0,0.599609375,0.10003662109375,0.39947509765625
2024-03-02 20:00:00,0.0,0.0,0.201171875,0.0,0.201171875
2024-03-02 20:45:00,0.0,0.0,0.3984375,0.0,0.3984375
2024-03-02 21:15:00,0.0999755859375,0.0,0.400390625,0.0,0.3004150390625
2024-03-02 22:00:00,0.0,0.0,0.400390625,0.0,0.400390625
2024-03-02 22:15:00,0.0999755859375,0.0,0.30078125,0.0,0.2008056640625
2024-03-02 22:30:00,0.0,0.0,0.0,0.0999755859375,-0.0999755859375
2024-03-02 22:45:00,0.0,0.0,0.19921875,0.0,0.19921875
2024-03-02 23:00:00,0.0,0.0,0.099609375,0.0,0.099609375
2024-03-02 23:15:00,0.0,0.0,0.201171875,0.0,0.201171875
2024-03-03 00:45:00,0.0999755859375,0.0,1.0,0.0,0.9000244140625
2024-03-03 01:15:00,0.0999755859375,0.0,0.298828125,0.0,0.1988525390625
2024-03-03 01:45:00,0.0,0.0,0.201171875,0.0999755859375,0.1011962890625
2024-03-03 02:00:00,0.0,0.0,0.19921875,0.0,0.19921875
2024-03-03 03:15:00,0.10009765625,0.0,0.80078125,0.0,0.70068359375
2024-03-03 03:30:00,0.0,0.0,0.19921875,0.0,0.19921875
2024-03-03 03:45:00,0.0,0.0,0.19921875,0.0,0.19921875
2024-03-03 04:00:00,0.0999755859375,0.0,0.1015625,0.0,0.0015869140625
2024-03-03 04:15:00,0.0,0.0,0.19921875,0.0,0.19921875
2024-03-03 04:45:00,0.0,0.0,0.19921875,0.10003662109375,0.09918212890625
2024-03-03 05:00:00,0.0,0.0,0.201171875,0.0,0.201171875
2024-03-03 05:15:00,0.0,0.0,0.099609375,0.0,0.099609375
2024-03-03 05:30:00,0.0999755859375,0.2001953125,0.19921875,0.0,-0.1009521484375
2024-03-03 05:45:00,0.0,0.0,0.1015625,0.0,0.1015625
2024-03-03 06:00:00,0.0,0.0,0.298828125,0.0,0.298828125
2024-03-03 07:00:00,0.0999755859375,0.0,0.701171875,0.0,0.6011962890625
2024-03-03 08:30:00,0.0999755859375,0.0,0.8984375,0.0999755859375,0.698486328125
2024-03-03 09:30:00,0.0,0.0,0.6015625,0.0,0.6015625
2024-03-03 09:45:00,0.10009765625,0.0,0.19921875,0.0,0.09912109375
2024-03-03 10:00:00,0.0,0.0,0.19921875,0.0,0.19921875
2024-03-03 10:15:00,0.0,0.0,0.201171875,0.0,0.201171875
2024-03-03 10:30:00,0.0,0.0,0.099609375,0.0,0.099609375
2024-03-03 10:45:00,0.0,0.0,0.099609375,0.0,0.099609375
2024-03-03 11:15:00,0.0999755859375,0.0,0.30078125,0.10003662109375,0.10076904296875
2024-03-03 11:30:00,0.0,0.0,0.19921875,0.0,0.19921875
2024-03-03 11:45:00,0.0,0.0,0.099609375,0.0,0.099609375
2024-03-03 12:15:00,0.0,0.0,0.400390625,0.0,0.400390625
2024-03-03 13:00:00,0.0999755859375,0.0,0.5,0.0,0.4000244140625
2024-03-03 13:45:00,0.0,0.0,0.400390625,0.0,0.400390625
2024-03-03 14:30:00,0.0999755859375,0.0,0.5,0.0999755859375,0.300048828125
2024-03-03 14:45:00,0.0,0.0,0.19921875,0.0,0.19921875
2024-03-03 15:00:00,0.0,0.0,0.1015625,0.0,0.1015625
2024-03-03 15:15:00,0.0999755859375,0.0,0.099609375,0.0,-0.0003662109375
2024-03-03 15:45:00,0.0,0.0,0.400390625,0.0,0.400390625
2024-03-03 16:00:00,0.0,0.0,0.19921875,0.0,0.19921875
2024-03-03 16:15:00,0.0,0.0,0.099609375,0.0,0.099609375
2024-03-03 17:15:00,0.10009765625,0.0,0.701171875,0.0999755859375,0.5010986328125
2024-03-03 17:30:00,0.0,0.0,0.099609375,0.0,0.099609375
2024-03-03 18:00:00,0.0999755859375,0.0,0.400390625,0.0,0.3004150390625
2024-03-03 18:15:00,0.0,0.0,0.0,0.0,0.0
2024-03-03 19:15:00,0.0,0.0,0.69921875,0.0,0.69921875
2024-03-03 19:30:00,0.0999755859375,0.0,0.19921875,0.0,0.0992431640625
2024-03-03 20:15:00,0.0,0.0,0.5,0.10003662109375,0.39996337890625
2024-03-03 21:00:00,0.0999755859375,0.0,0.400390625,0.0,0.3004150390625
2024-03-03 21:15:00,0.0,0.0,0.099609375,0.0,0.099609375
2024-03-03 22:00:00,0.0,0.0,0.701171875,0.0,0.701171875
2024-03-03 22:45:00,0.0999755859375,0.0,0.5,0.0,0.4000244140625
2024-03-03 23:30:00,0.0,0.0,0.400390625,0.0999755859375,0.3004150390625
2024-03-03 23:45:00,0.10009765625,0.0,0.19921875,0.0,0.09912109375
2024-03-04 00:00:00,0.0,0.0,0.0,0.0,0.0
2024-03-04 00:15:00,0.0,0.0,0.19921875,0.0,0.19921875
2024-03-04 00:30:00,0.0,0.0,0.1015625,0.0,0.1015625
2024-03-04 00:45:00,0.0,0.0,0.298828125,0.0,0.298828125
2024-03-04 01:15:00,0.0999755859375,0.0,0.30078125,0.0,0.2008056640625
2024-03-04 02:30:00,0.0999755859375,0.0,0.798828125,0.10003662109375,0.59881591796875
2024-03-04 02:45:00,0.0,0.0,0.1015625,0.0,0.1015625
2024-03-04 03:00:00,0.0,0.0,0.19921875,0.0,0.19921875
2024-03-04 03:15:00,0.0,0.0,0.19921875,0.0,0.19921875
2024-03-04 03:30:00,0.0,0.0,0.1015625,0.0,0.1015625
2024-03-04 03:45:00,0.0,0.0,0.099609375,0.0,0.099609375
2024-03-04 04:00:00,0.0999755859375,0.0,0.19921875,0.0,0.0992431640625
2024-03-04 04:30:00,0.0,0.199951171875,0.599609375,0.0,0.399658203125
2024-03-04 04:45:00,0.0,0.0,0.0,0.0,0.0
2024-03-04 05:00:00,0.0,0.10009765625181899,0.30078125,0.0,0.200683593748181
2024-03-04 05:15:00,0.0999755859375,0.10009765624818101,0.30078125,0.0999755859375,0.0007324218768189894
2024-03-04 05:30:00,0.0,0.099853515625,0.19921875,0.0,0.099365234375
2024-03-04 05:45:00,0.0,0.10009765625,0.19921875,0.0,0.09912109375
2024-03-04 06:45:00,0.10009765625,0.300048828125,1.0,0.0,0.599853515625
2024-03-04 07:00:00,0.0,0.199951171875,0.5,0.0,0.300048828125
2024-03-04 07:15:00,0.0,0.2998046875,0.5,0.0,0.2001953125
2024-03-04 07:30:00,0.0999755859375,0.4998779296875,0.900390625,0.0,0.300537109375
2024-03-04 08:00:00,0.0999755859375,0.800292968748181,1.30078125,0.0,0.400512695314319
2024-03-04 08:15:00,0.0999755859375,0.899841308597388,1.298828125,0.0999755859375,0.19903564452761202
2024-03-04 08:45:00,0.0999755859375,0.899902343746362,1.6015625,0.0,0.601684570316138
2024-03-04 09:00:00,0.0,0.600219726564319,0.798828125,0.0,0.198608398435681
2024-03-04 09:30:00,0.10009765625,1.199951171875,1.900390625,0.0,0.600341796875
2024-03-04 09:45:00,0.0999755859375,0.39990234375,0.69921875,0.0,0.1993408203125
2024-03-04 10:00:00,0.0999755859375,0.8001708984375,1.30078125,0.0,0.400634765625
2024-03-04 11:00:00,0.300048828125,2.99969482421875,5.400390625,0.0,2.10064697265625
2024-03-04 11:15:00,0.0999755859375,0.899902343751819,1.5,0.0,0.500122070310681
2024-03-04 11:45:00,0.0999755859375,1.000122070310681,1.599609375,0.10003662109375,0.399475097658069
2024-03-04 12:00:00,0.0999755859375,1.100097656248181,1.900390625,0.0,0.700317382814319
2024-03-04 12:30:00,0.0999755859375,1.500183105470569,2.099609375,0.0,0.499450683591931
2024-03-04 12:45:00,0.0,0.699951171873181,1.099609375,0.0,0.399658203126819
2024-03-04 13:00:00,0.0,0.10009765625363798,0.30078125,0.0,0.20068359374636202
2024-03-04 13:15:00,0.10009765625,0.7998046875,1.099609375,0.0,0.19970703125
2024-03-04 13:45:00,0.0,1.400268554685681,2.099609375,0.0,0.699340820314319
2024-03-04 14:00:00,0.0,0.699951171875,1.099609375,0.0,0.399658203125
2024-03-04 14:30:00,0.0999755859375,1.599487304685681,2.701171875,0.0999755859375,0.901733398439319
2024-03-04 14:45:00,0.0999755859375,0.7001953125,1.19921875,0.0,0.3990478515625
2024-03-04 16:45:00,0.5999755859375,5.900146484376819,10.400390625,0.0,3.900268554685681
2024-03-04 17:00:00,0.0,0.300048828123181,0.5,0.0,0.199951171876819
2024-03-04 17:15:00,0.0999755859375,1.100097656253638,2.0,0.0,0.799926757808862
2024-03-04 17:30:00,0.0,0.599609375,1.099609375,0.10003662109375,0.39996337890625
2024-03-04 18:00:00,0.10009765625,1.000122070310681,1.400390625,0.0,0.300170898439319
2024-03-04 18:15:00,0.0,0.699951171875,1.0,0.0,0.300048828125
2024-03-04 18:30:00,0.0,0.700439453125,1.099609375,0.0,0.399169921875
2024-03-04 19:00:00,0.0999755859375,1.4996337890625,1.900390625,0.0,0.30078125
2024-03-04 19:15:00,0.0999755859375,1.10009765625,1.69921875,0.0,0.4991455078125
2024-03-04 19:30:00,0.0,0.40032958984375,0.6015625,0.0,0.20123291015625
2024-03-04 19:45:00,0.0,0.999755859376819,1.19921875,0.0,0.199462890623181
2024-03-04 20:15:00,0.0999755859375,1.099731445310681,1.400390625,0.0,0.200683593751819
2024-03-04 20:45:00,0.0999755859375,1.2001953125,1.599609375,0.0999755859375,0.199462890625
2024-03-04 21:15:00,0.0,0.5,0.69921875,0.0,0.19921875
2024-03-04 21:30:00,0.10009765625,0.10009765624818101,0.400390625,0.0,0.200195312501819
2024-03-04 21:45:00,0.0,0.0,0.099609375,0.0,0.099609375
2024-03-04 22:00:00,0.0,0.0,0.201171875,0.0,0.201171875
2024-03-04 22:30:00,0.0999755859375,0.09985351562681899,0.5,0.0,0.300170898435681
2024-03-04 22:45:00,0.0,0.0,0.19921875,0.0,0.19921875
2024-03-04 23:15:00,0.0,0.0,0.30078125,0.0,0.30078125
2024-03-05 00:00:00,0.0999755859375,0.0,0.5,0.0999755859375,0.300048828125
2024-03-05 00:30:00,0.0,0.0,0.19921875,0.0,0.19921875
2024-03-05 01:00:00,0.0999755859375,0.0,0.400390625,0.0,0.3004150390625
2024-03-05 01:15:00,0.0,0.0,0.19921875,0.0,0.19921875
2024-03-05 01:30:00,0.0,0.0,0.0,0.0,0.0
2024-03-05 02:15:00,0.0,0.0,0.5,0.0,0.5
2024-03-05 02:30:00,0.0999755859375,0.0,0.201171875,0.0,0.1011962890625
2024-03-05 03:15:00,0.0,0.0,0.400390625,0.10003662109375,0.30035400390625
2024-03-05 03:45:00,0.10009765625,0.0,0.298828125,0.0,0.19873046875
2024-03-05 04:00:00,0.0,0.0,0.099609375,0.0,0.099609375
2024-03-05 04:15:00,0.0,0.0,0.30078125,0.0,0.30078125
2024-03-05 04:45:00,0.0,0.2001953125,0.30078125,0.0,0.1005859375
2024-03-05 05:00:00,0.0,0.099853515625,0.298828125,0.0,0.198974609375
2024-03-05 05:45:00,0.0999755859375,0.199951171875,0.599609375,0.0,0.2996826171875
2024-03-05 07:30:00,0.199951171875,1.2001953125,2.6015625,0.0999755859375,1.1014404296875
2024-03-05 08:45:00,0.2000732421875,2.39947509765625,3.8984375,0.0,1.29888916015625
2024-03-05 09:00:00,0.0,0.600341796875,1.201171875,0.10003662109375,0.50079345703125
2024-03-05 09:15:00,0.0,0.7998046875,1.19921875,0.0,0.3994140625
2024-03-05 09:45:00,0.0999755859375,1.200073242185681,2.30078125,0.0,1.000732421876819
2024-03-05 10:00:00,0.0,0.699951171876819,1.400390625,0.0,0.700439453123181
2024-03-05 10:30:00,0.0,1.29998779296875,2.19921875,0.0,0.89923095703125
2024-03-05 10:45:00,0.0999755859375,0.80023193359375,1.30078125,0.0,0.40057373046875
2024-03-05 11:30:00,0.0999755859375,2.5,4.19921875,0.0,1.5992431640625
2024-03-05 11:45:00,0.0,1.0,1.5,0.0,0.5
2024-03-05 12:00:00,0.0999755859375,0.699890136716931,1.19921875,0.0999755859375,0.299377441408069
2024-03-05 12:30:00,0.0,1.600341796876819,2.201171875,0.0,0.600830078123181
2024-03-05 13:00:00,0.10009765625,1.2000732421875,1.900390625,0.0,0.6002197265625
2024-03-05 13:45:00,0.0999755859375,2.19964599609375,3.599609375,0.0,1.29998779296875
2024-03-05 14:00:00,0.0,0.800170898439319,1.298828125,0.0,0.498657226560681
2024-03-05 14:30:00,0.0999755859375,1.799926757810681,2.80078125,0.0,0.900878906251819
2024-03-05 14:45:00,0.0,0.79974365234375,1.19921875,0.0,0.39947509765625
2024-03-05 15:00:00,0.0999755859375,0.7003173828125,1.201171875,0.0999755859375,0.3009033203125
2024-03-05 15:30:00,0.0,1.4998779296875,2.400390625,0.0,0.9005126953125
2024-03-05 15:45:00,0.0999755859375,0.60028076171875,0.798828125,0.0,0.09857177734375
2024-03-05 16:00:00,0.0,0.69970703125,1.201171875,0.0,0.50146484375
2024-03-05 16:30:00,0.0,1.30023193359375,2.0,0.0,0.69976806640625
2024-03-05 16:45:00,0.10009765625,0.699951171875,1.19921875,0.0,0.399169921875
2024-03-05 18:45:00,0.199951171875,5.7998046875,9.0,0.10003662109375,2.90020751953125
2024-03-05 19:00:00,0.0999755859375,1.0,1.400390625,0.0,0.3004150390625
2024-03-05 19:30:00,0.0999755859375,0.59979248046875,1.099609375,0.0,0.39984130859375
2024-03-05 19:45:00,0.0,0.30029296875,0.5,0.0,0.19970703125
2024-03-05 20:15:00,0.10009765625,0.599975585935681,1.099609375,0.0,0.399536132814319
2024-03-05 20:30:00,0.0,0.300048828126819,0.701171875,0.0,0.401123046873181
2024-03-05 20:45:00,0.0999755859375,0.599792480470569,0.69921875,0.0,-0.0005493164080689894
2024-03-05 21:00:00,0.0,0.10009765624818101,0.19921875,0.0,0.09912109375181899
2024-03-05 21:15:00,0.0,0.399902343751819,0.900390625,0.0999755859375,0.400512695310681
2024-03-05 22:15:00,0.0999755859375,1.200073242185681,1.900390625,0.0,0.600341796876819
2024-03-05 22:30:00,0.0,0.10009765625,0.19921875,0.0,0.09912109375
2024-03-05 22:45:00,0.0,0.0,0.1015625,0.0,0.1015625
2024-03-05 23:30:00,0.0999755859375,0.0,0.3984375,0.0,0.2984619140625
2024-03-05 23:45:00,0.0,0.0,0.201171875,0.0,0.201171875
2024-03-06 00:00:00,0.0,0.0,0.099609375,0.0,0.099609375
2024-03-06 00:45:00,0.0999755859375,0.0,0.400390625,0.10003662109375,0.20037841796875
2024-03-06 01:15:00,0.0,0.0,0.298828125,0.0,0.298828125
2024-03-06 01:30:00,0.10009765625,0.0,0.1015625,0.0,0.00146484375
2024-03-06 02:15:00,0.0,0.0,0.3984375,0.0,0.3984375
2024-03-06 02:45:00,0.0999755859375,0.0,0.201171875,0.0,0.1011962890625
2024-03-06 03:00:00,0.0,0.0,0.19921875,0.0,0.19921875
2024-03-06 03:15:00,0.0,0.0,0.099609375,0.0,0.099609375
2024-03-06 03:30:00,0.0,0.0,0.1015625,0.0999755859375,0.0015869140625
2024-03-06 04:15:00,0.0999755859375,0.0,0.3984375,0.0,0.2984619140625
2024-03-06 04:30:00,0.0,0.10009765625,0.201171875,0.0,0.10107421875
2024-03-06 04:45:00,0.0,0.10009765625,0.298828125,0.0,0.19873046875
2024-03-06 05:15:00,0.0999755859375,0.0,0.30078125,0.0,0.2008056640625
2024-03-06 05:30:00,0.0,0.0,0.099609375,0.0,0.099609375
2024-03-06 06:00:00,0.0,0.0,0.201171875,0.0,0.201171875
2024-03-06 06:30:00,0.0999755859375,0.0,0.298828125,0.0999755859375,0.098876953125
2024-03-06 07:00:00,0.0,0.399658203123181,0.701171875,0.0,0.301513671876819
2024-03-06 07:15:00,0.0,0.800170898441138,1.0,0.0,0.19982910155886202
2024-03-06 07:45:00,0.10009765625,0.999755859373181,1.599609375,0.0,0.499755859376819
2024-03-06 08:00:00,0.0999755859375,0.500244140626819,0.798828125,0.0,0.198608398435681
2024-03-06 08:15:00,0.0,0.599792480466931,0.701171875,0.0,0.10137939453306899
2024-03-06 08:30:00,0.0,0.300048828125,0.599609375,0.0,0.299560546875
2024-03-06 08:45:00,0.0,0.80029296875,1.400390625,0.0,0.60009765625
2024-03-06 09:00:00,0.0,0.299560546875,0.19921875,0.0,-0.100341796875
2024-03-06 09:15:00,0.0999755859375,0.9005126953125,1.5,0.0,0.49951171875
2024-03-06 09:30:00,0.0,0.199951171873181,0.400390625,0.10003662109375,0.10040283203306899
2024-03-06 09:45:00,0.0,1.199645996097388,2.099609375,0.0,0.899963378902612
2024-03-06 10:00:00,0.0999755859375,0.800292968748181,1.201171875,0.0,0.300903320314319
2024-03-06 10:15:00,0.0,0.199707031251819,0.5,0.0,0.300292968748181
2024-03-06 10:30:00,0.0999755859375,1.199951171873181,2.19921875,0.0,0.899291992189319
2024-03-06 11:00:00,0.10009765625,1.5003662109375,2.599609375,0.0,0.9991455078125
2024-03-06 11:30:00,0.0,1.4996337890625,2.400390625,0.0,0.9007568359375
2024-03-06 11:45:00,0.0,0.6002197265625,0.69921875,0.0,0.0989990234375
2024-03-06 12:30:00,0.0999755859375,1.800048828123181,3.0,0.0999755859375,1.000000000001819
2024-03-06 13:30:00,0.0999755859375,3.499755859376819,5.201171875,0.0,1.601440429685681
2024-03-06 13:45:00,0.0999755859375,0.700439453123181,1.19921875,0.0,0.398803710939319
2024-03-06 14:00:00,0.0,0.199462890626819,0.400390625,0.0,0.200927734373181
2024-03-06 14:15:00,0.0,1.30023193359375,2.0,0.0,0.69976806640625
2024-03-06 14:30:00,0.0,0.699951171876819,1.099609375,0.0,0.399658203123181
2024-03-06 14:45:00,0.0,0.300048828123181,0.400390625,0.0,0.10034179687681899
2024-03-06 15:00:00,0.0999755859375,1.1998291015625,2.0,0.0,0.7001953125
2024-03-06 15:30:00,0.0,1.000122070314319,1.599609375,0.0,0.599487304685681
2024-03-06 16:00:00,0.10009765625,2.099975585935681,3.099609375,0.10003662109375,0.799499511720569
2024-03-06 17:00:00,0.0999755859375,3.200317382810681,5.0,0.0,1.699707031251819
2024-03-06 17:15:00,0.0,0.799743652345569,1.30078125,0.0,0.501037597654431
2024-03-06 17:30:00,0.0999755859375,1.400451660154431,2.099609375,0.0,0.599182128908069
2024-03-06 17:45:00,0.0,0.799560546876819,1.30078125,0.0,0.501220703123181
2024-03-06 18:30:00,0.0999755859375,2.300048828123181,3.19921875,0.0,0.799194335939319
2024-03-06 18:45:00,0.0,0.799926757814319,1.201171875,0.0999755859375,0.301269531248181
2024-03-06 19:00:00,0.0,0.5001220703125,0.798828125,0.0,0.2987060546875
2024-03-06 19:15:00,0.0999755859375,0.59967041015625,0.80078125,0.0,0.10113525390625
2024-03-06 20:00:00,0.0,0.900390625,1.69921875,0.0,0.798828125
2024-03-06 20:15:00,0.10009765625,0.10009765625,0.099609375,0.0,-0.1005859375
2024-03-06 20:30:00,0.0,0.199462890623181,0.400390625,0.0,0.200927734376819
2024-03-06 20:45:00,0.0,0.10009765625181899,0.201171875,0.0,0.10107421874818101
2024-03-06 21:45:00,0.0999755859375,0.800537109375,1.5,0.0999755859375,0.49951171875
2024-03-06 22:00:00,0.0,0.199462890625,0.298828125,0.0,0.099365234375
2024-03-06 22:15:00,0.0,0.099853515625,0.201171875,0.0,0.101318359375
2024-03-06 22:30:00,0.0,0.0,0.19921875,0.0,0.19921875
2024-03-06 22:45:00,0.0,0.0,0.099609375,0.0,0.099609375
2024-03-06 23:00:00,0.0999755859375,0.0,0.201171875,0.0,0.1011962890625
2024-03-06 23:30:00,0.0,0.0,0.298828125,0.0,0.298828125
2024-03-06 23:45:00,0.0,0.0,0.099609375,0.0,0.099609375
2024-03-07 00:30:00,0.0999755859375,0.0,0.400390625,0.0,0.3004150390625
2024-03-07 00:45:00,0.0,0.0,0.201171875,0.10003662109375,0.10113525390625
2024-03-07 01:15:00,0.0,0.0,0.19921875,0.0,0.19921875
2024-03-07 01:30:00,0.0,0.0,0.099609375,0.0,0.099609375
2024-03-07 01:45:00,0.0999755859375,0.0,0.201171875,0.0,0.1011962890625
2024-03-07 02:00:00,0.0,0.0,0.099609375,0.0,0.099609375
2024-03-07 02:45:00,0.0,0.0,0.400390625,0.0,0.400390625
2024-03-07 03:00:00,0.0,0.0,0.19921875,0.0,0.19921875
2024-03-07 03:15:00,0.10009765625,0.0,0.099609375,0.0,-0.00048828125
2024-03-07 03:30:00,0.0,0.0,0.099609375,0.0,0.099609375
2024-03-07 04:15:00,0.0,0.0,0.400390625,0.0999755859375,0.3004150390625
2024-03-07 04:30:00,0.0999755859375,0.10009765625,0.30078125,0.0,0.1007080078125
2024-03-07 05:15:00,0.0,0.300048828125,0.599609375,0.0,0.299560546875
2024-03-07 06:00:00,0.0,0.199951171875,0.5,0.0,0.300048828125
2024-03-07 06:15:00,0.0999755859375,0.099853515625,0.19921875,0.0,-0.0006103515625
2024-03-07 06:30:00,0.0,0.0,0.201171875,0.0,0.201171875
2024-03-07 07:45:00,0.0999755859375,1.200622558591931,2.19921875,0.10003662109375,0.798583984376819
2024-03-07 08:00:00,0.0999755859375,0.900024414064319,1.30078125,0.0,0.300781249998181
2024-03-07 08:15:00,0.0,0.2998046875,0.5,0.0,0.2001953125
2024-03-07 08:30:00,0.10009765625,0.599853515625,1.099609375,0.0,0.399658203125
2024-03-07 08:45:00,0.0,0.500122070310681,0.69921875,0.0,0.199096679689319
2024-03-07 09:00:00,0.0999755859375,0.599853515626819,1.30078125,0.0,0.600952148435681
2024-03-07 09:15:00,0.0,0.199951171873181,0.30078125,0.0,0.10083007812681899
2024-03-07 09:30:00,0.0999755859375,1.099853515626819,2.0,0.0,0.800170898435681
2024-03-07 09:45:00,0.0,0.90008544921875,1.3984375,0.0,0.49835205078125
2024-03-07 10:00:00,0.0999755859375,0.400390625,0.80078125,0.0999755859375,0.200439453125
2024-03-07 10:15:00,0.0,0.499511718751819,0.900390625,0.0,0.400878906248181
2024-03-07 10:45:00,0.0,2.000488281248181,3.298828125,0.0,1.298339843751819
2024-03-07 12:00:00,0.4000244140625,3.59991455078125,6.1015625,0.0,2.10162353515625
2024-03-07 12:15:00,0.0,1.099792480470569,1.798828125,0.0,0.699035644529431
2024-03-07 12:30:00,0.0,0.400146484373181,0.5,0.0,0.09985351562681899
2024-03-07 12:45:00,0.0999755859375,0.79986572265625,1.400390625,0.0,0.50054931640625
2024-03-07 13:00:00,0.0,1.19989013671875,1.900390625,0.0999755859375,0.60052490234375
2024-03-07 13:45:00,0.0999755859375,2.80010986328125,4.5,0.0,1.59991455078125
2024-03-07 14:00:00,0.0,1.20025634765625,1.900390625,0.0,0.70013427734375
2024-03-07 15:15:00,0.10009765625,4.10009765625,6.5,0.0,2.2998046875
2024-03-07 15:30:00,0.0,1.29986572265625,2.099609375,0.0,0.79974365234375
2024-03-07 15:45:00,0.0,1.19989013671875,1.900390625,0.0,0.70050048828125
2024-03-07 16:00:00,0.0,0.59979248046875,0.8984375,0.0,0.29864501953125
2024-03-07 16:15:00,0.0,0.90045166015625,1.400390625,0.10003662109375,0.39990234375
2024-03-07 17:15:00,0.199951171875,3.799987792966931,5.900390625,0.0,1.900451660158069
2024-03-07 17:30:00,0.0,0.899963378908069,1.30078125,0.0,0.400817871091931
2024-03-07 17:45:00,0.0,0.799682617189319,1.298828125,0.0,0.499145507810681
2024-03-07 18:00:00,0.0,1.0,1.30078125,0.0,0.30078125
2024-03-07 18:30:00,0.0999755859375,1.700378417966931,2.400390625,0.0,0.600036621095569
2024-03-07 18:45:00,0.0,0.2999267578125,0.298828125,0.0,-0.0010986328125
2024-03-07 19:00:00,0.0,1.299499511720569,1.80078125,0.0999755859375,0.401306152341931
2024-03-07 20:00:00,0.0999755859375,1.100219726558862,1.69921875,0.0,0.499023437503638
2024-03-07 20:15:00,0.0,0.20013427734375,0.400390625,0.0,0.20025634765625
2024-03-07 20:45:00,0.10009765625,0.09985351562681899,0.400390625,0.0,0.200439453123181
2024-03-07 21:30:00,0.0,0.0,0.5,0.0,0.5
2024-03-07 21:45:00,0.0,0.0,0.099609375,0.0,0.099609375
2024-03-07 22:00:00,0.0,0.0,0.099609375,0.0,0.099609375
2024-03-07 22:15:00,0.0999755859375,0.0,0.201171875,0.10003662109375,0.00115966796875
2024-03-07 22:45:00,0.0,0.0,0.19921875,0.0,0.19921875
2024-03-07 23:00:00,0.0,0.0,0.30078125,0.0,0.30078125
2024-03-07 23:30:00,0.0999755859375,0.0,0.19921875,0.0,0.0992431640625
2024-03-07 23:45:00,0.0,0.0,0.099609375,0.0,0.099609375
2024-03-08 00:00:00,0.0,0.0,0.201171875,0.0,0.201171875
2024-03-08 00:15:00,0.0,0.0,0.099609375,0.0,0.099609375
2024-03-08 00:45:00,0.0,0.0,0.298828125,0.0,0.298828125
2024-03-08 02:30:00,0.199951171875,0.0,1.0,0.0999755859375,0.7000732421875
2024-03-08 03:15:00,0.0,0.0,0.30078125,0.0,0.30078125
2024-03-08 03:45:00,0.0,0.0,0.30078125,0.0,0.30078125
2024-03-08 05:00:00,0.10009765625,0.300048828126819,0.8984375,0.0999755859375,0.398315429685681
2024-03-08 05:15:00,0.0999755859375,0.10009765624636202,0.30078125,0.0,0.10070800781613798
2024-03-08 05:30:00,0.0,0.09985351562681899,0.30078125,0.0,0.200927734373181
2024-03-08 05:45:00,0.0,0.10009765625,0.19921875,0.0,0.09912109375
2024-03-08 06:00:00,0.0,0.10009765625,0.19921875,0.0,0.09912109375
2024-03-08 06:15:00,0.0,0.09985351562681899,0.201171875,0.0,0.10131835937318101
2024-03-08 06:30:00,0.0,0.0,0.099609375,0.0,0.099609375
2024-03-08 07:00:00,0.0999755859375,0.199951171873181,0.599609375,0.0,0.299682617189319
2024-03-08 07:15:00,0.0,0.2001953125,0.5,0.0,0.2998046875
2024-03-08 07:45:00,0.0999755859375,1.0999755859375,1.400390625,0.10003662109375,0.10040283203125
2024-03-08 08:15:00,0.0999755859375,1.499877929689319,2.30078125,0.0,0.700927734373181
2024-03-08 08:45:00,0.0,0.899902343746362,1.298828125,0.0,0.398925781253638
2024-03-08 09:45:00,0.2000732421875,3.100036621097388,4.5,0.0,1.199890136715112
2024-03-08 10:00:00,0.0,0.799926757810681,1.099609375,0.0,0.299682617189319
2024-03-08 10:15:00,0.0,1.0,1.5,0.0,0.5
2024-03-08 10:30:00,0.0,0.2001953125,0.400390625,0.0999755859375,0.1002197265625
2024-03-08 11:00:00,0.0999755859375,1.50018310546875,2.201171875,0.0,0.60101318359375
2024-03-08 11:30:00,0.0,1.699951171876819,2.5,0.0,0.800048828123181
2024-03-08 11:45:00,0.0,0.599487304685681,0.69921875,0.0,0.09973144531431899
2024-03-08 12:15:00,0.0999755859375,1.800048828125,2.69921875,0.0,0.7991943359375
2024-03-08 12:30:00,0.0,0.50048828125,0.701171875,0.0,0.20068359375
2024-03-08 12:45:00,0.0999755859375,0.9996337890625,1.5,0.0,0.400390625
2024-03-08 13:00:00,0.0,0.800048828123181,1.099609375,0.0,0.299560546876819
2024-03-08 13:30:00,0.0,1.200134277345569,1.69921875,0.10003662109375,0.399047851560681
2024-03-08 13:45:00,0.10009765625,0.899902343751819,1.5,0.0,0.499999999998181
2024-03-08 14:00:00,0.0,0.699951171873181,1.1015625,0.0,0.401611328126819
2024-03-08 14:15:00,0.0,0.500244140626819,0.69921875,0.0,0.198974609373181
2024-03-08 14:30:00,0.0,1.099975585935681,1.5,0.0,0.400024414064319
2024-03-08 15:00:00,0.0999755859375,1.2998046875,2.19921875,0.0,0.7994384765625
2024-03-08 15:15:00,0.0,0.39984130859375,0.400390625,0.0,0.00054931640625
2024-03-08 16:00:00,0.0999755859375,1.900146484373181,3.201171875,0.0,1.201049804689319
2024-03-08 16:30:00,0.199951171875,1.700073242189319,2.5,0.0,0.599975585935681
2024-03-08 16:45:00,0.0,0.699951171875,1.099609375,0.0999755859375,0.2996826171875
2024-03-08 17:00:00,0.10009765625,0.800170898435681,1.099609375,0.0,0.199340820314319
2024-03-08 17:45:00,0.199951171875,2.000244140626819,3.19921875,0.0,0.999023437498181
2024-03-08 18:00:00,0.0,0.89984130859375,1.1015625,0.0,0.20172119140625
2024-03-08 18:15:00,0.0999755859375,0.7998046875,1.3984375,0.0,0.4986572265625
2024-03-08 18:45:00,0.0,1.4998779296875,2.0,0.0,0.5001220703125
2024-03-08 19:30:00,0.0999755859375,1.70037841796875,2.400390625,0.0,0.60003662109375
2024-03-08 20:00:00,0.0,0.0,0.30078125,0.0999755859375,0.2008056640625
2024-03-08 20:30:00,0.10009765625,0.0,0.5,0.0,0.39990234375
2024-03-08 20:45:00,0.0,0.0,0.099609375,0.0,0.099609375
2024-03-08 21:00:00,0.0,0.0,0.099609375,0.0,0.099609375
2024-03-08 22:00:00,0.0999755859375,0.0,0.701171875,0.0,0.6011962890625
2024-03-08 23:15:00,0.0999755859375,0.0,0.798828125,0.10003662109375,0.59881591796875
2024-03-08 23:30:00,0.0,0.0,0.0,0.0,0.0
2024-03-09 00:00:00,0.0,0.0,0.400390625,0.0,0.400390625
2024-03-09 00:15:00,0.0,0.0,0.099609375,0.0,0.099609375
2024-03-09 00:30:00,0.0999755859375,0.0,0.099609375,0.0,-0.0003662109375
2024-03-09 00:45:00,0.0,0.0,0.201171875,0.0,0.201171875
2024-03-09 01:30:00,0.0,0.0,0.400390625,0.0,0.400390625
2024-03-09 01:45:00,0.0,0.0,0.099609375,0.0999755859375,-0.0003662109375
2024-03-09 02:15:00,0.0999755859375,0.0,0.400390625,0.0,0.3004150390625
2024-03-09 03:15:00,0.0,0.0,0.5,0.0,0.5
2024-03-09 03:30:00,0.10009765625,0.0,0.19921875,0.0,0.09912109375
2024-03-09 04:30:00,0.0,0.0,0.599609375,0.0,0.599609375
2024-03-09 04:45:00,0.0999755859375,0.0,0.099609375,0.0,-0.0003662109375
2024-03-09 05:30:00,0.0,0.0,0.400390625,0.10003662109375,0.30035400390625
2024-03-09 05:45:00,0.0,0.0,0.201171875,0.0,0.201171875
2024-03-09 06:15:00,0.0999755859375,0.0,0.298828125,0.0,0.1988525390625
2024-03-09 07:00:00,0.0,0.0,0.400390625,0.0,0.400390625
2024-03-09 07:15:00,0.0,0.0,0.099609375,0.0,0.099609375
2024-03-09 07:45:00,0.0999755859375,0.0,0.30078125,0.0,0.2008056640625
2024-03-09 08:00:00,0.0,0.0,0.19921875,0.0999755859375,0.0992431640625
2024-03-09 08:30:00,0.0,0.0,0.201171875,0.0,0.201171875
2024-03-09 09:15:00,0.0999755859375,0.0,0.3984375,0.0,0.2984619140625
2024-03-09 09:30:00,0.0,0.0,0.201171875,0.0,0.201171875
2024-03-09 09:45:00,0.0,0.0,0.099609375,0.0,0.099609375
2024-03-09 10:00:00,0.0,0.0,0.30078125,0.0,0.30078125
2024-03-09 10:15:00,0.0,0.0,0.0,0.0,0.0
2024-03-09 10:45:00,0.10009765625,0.0,0.3984375,0.0,0.29833984375
2024-03-09 11:00:00,0.0,0.0,0.201171875,0.0999755859375,0.1011962890625
2024-03-09 11:30:00,0.0,0.09985351562318101,0.298828125,0.0,0.198974609376819
2024-03-09 11:45:00,0.0999755859375,0.0,0.30078125,0.0,0.2008056640625
2024-03-09 12:00:00,0.0,0.0,0.099609375,0.0,0.099609375
2024-03-09 12:15:00,0.0,0.10009765625363798,0.30078125,0.0,0.20068359374636202
2024-03-09 12:30:00,0.0,0.0,0.19921875,0.0,0.19921875
2024-03-09 12:45:00,0.0,0.0,0.201171875,0.0,0.201171875
2024-03-09 13:15:00,0.0999755859375,0.09985351562318101,0.5,0.0,0.300170898439319
2024-03-09 13:30:00,0.0,0.0,0.0,0.0,0.0
2024-03-09 13:45:00,0.0,0.0,0.298828125,0.0,0.298828125
2024-03-09 14:15:00,0.0,0.10009765625,0.5,0.10003662109375,0.29986572265625
2024-03-09 14:30:00,0.0,0.0,0.0,0.0,0.0
2024-03-09 14:45:00,0.0999755859375,0.0,0.30078125,0.0,0.2008056640625
2024-03-09 15:45:00,0.0,0.10009765625,0.69921875,0.0,0.59912109375
2024-03-09 16:00:00,0.0999755859375,0.0,0.099609375,0.0,-0.0003662109375
2024-03-09 16:15:00,0.0,0.0,0.400390625,0.0,0.400390625
2024-03-09 16:45:00,0.0,0.09985351562318101,0.201171875,0.0,0.10131835937681899
2024-03-09 17:00:00,0.0,0.0,0.298828125,0.0,0.298828125
2024-03-09 17:15:00,0.0,0.0,0.099609375,0.0999755859375,-0.0003662109375
2024-03-09 18:30:00,0.10009765625,0.199951171876819,1.1015625,0.0,0.801513671873181
2024-03-09 19:15:00,0.0999755859375,0.0,0.3984375,0.0,0.2984619140625
2024-03-09 20:30:00,0.0999755859375,0.0,0.701171875,0.10003662109375,0.50115966796875
2024-03-09 20:45:00,0.0,0.0,0.19921875,0.0,0.19921875
2024-03-09 21:30:00,0.0,0.10009765625,0.400390625,0.0,0.30029296875
2024-03-09 21:45:00,0.0999755859375,0.0,0.099609375,0.0,-0.0003662109375
2024-03-09 22:00:00,0.0,0.0,0.30078125,0.0,0.30078125
2024-03-09 22:15:00,0.0,0.0,0.099609375,0.0,0.099609375
2024-03-09 23:00:00,0.0999755859375,0.0,0.5,0.0,0.4000244140625
2024-03-09 23:15:00,0.0,0.0,0.099609375,0.0999755859375,-0.0003662109375
2024-03-09 23:30:00,0.0,0.0,0.099609375,0.0,0.099609375
2024-03-10 00:15:00,0.0,0.0,0.30078125,0.0,0.30078125
2024-03-10 01:00:00,0.10009765625,0.0,0.5,0.0,0.39990234375
2024-03-10 01:30:00,0.0,0.0,0.30078125,0.0,0.30078125
2024-03-10 01:45:00,0.0,0.0,0.0,0.0,0.0
2024-03-10 02:00:00,0.0999755859375,0.0,0.19921875,0.0,0.0992431640625
2024-03-10 02:15:00,0.0,0.0,0.099609375,0.0,0.099609375
2024-03-10 02:30:00,0.0,0.0,0.201171875,0.0999755859375,0.1011962890625
2024-03-10 02:45:00,0.0,0.0,0.19921875,0.0,0.19921875
2024-03-10 03:30:00,0.0999755859375,0.0,0.5,0.0,0.4000244140625
2024-03-10 03:45:00,0.0,0.0,0.099609375,0.0,0.099609375
2024-03-10 04:15:00,0.0,0.0,0.30078125,0.0,0.30078125
2024-03-10 04:45:00,0.0999755859375,0.0,0.19921875,0.0,0.0992431640625
2024-03-10 05:30:00,0.0,0.10009765625,0.5,0.10003662109375,0.29986572265625
2024-03-10 05:45:00,0.0,0.0,0.099609375,0.0,0.099609375
2024-03-10 06:00:00,0.0999755859375,0.0,0.201171875,0.0,0.1011962890625
2024-03-10 06:30:00,0.0,0.0,0.400390625,0.0,0.400390625
2024-03-10 07:00:00,0.0,0.0,0.19921875,0.0,0.19921875
2024-03-10 07:30:00,0.10009765625,0.0,0.400390625,0.0,0.30029296875
2024-03-10 07:45:00,0.0,0.0,0.099609375,0.0,0.099609375
2024-03-10 08:00:00,0.0,0.0,0.099609375,0.0,0.099609375
2024-03-10 08:15:00,0.0,0.10009765625,0.30078125,0.0,0.20068359375
2024-03-10 08:30:00,0.0,0.099609375,0.298828125,0.0999755859375,0.0992431640625
2024-03-10 08:45:00,0.0999755859375,0.0,0.1015625,0.0,0.0015869140625
2024-03-10 09:00:00,0.0,0.0,0.19921875,0.0,0.19921875
2024-03-10 09:15:00,0.0,0.0,0.099609375,0.0,0.099609375
2024-03-10 09:30:00,0.0,0.0,0.201171875,0.0,0.201171875
2024-03-10 09:45:00,0.0,0.0,0.099609375,0.0,0.099609375
2024-03-10 10:30:00,0.0999755859375,0.10009765625,0.599609375,0.0,0.3995361328125
2024-03-10 10:45:00,0.0,0.09985351562318101,0.19921875,0.0,0.09936523437681899
2024-03-10 11:00:00,0.0,0.10009765625363798,0.400390625,0.10003662109375,0.20025634765261202
2024-03-10 11:15:00,0.0,0.09985351562318101,0.201171875,0.0,0.10131835937681899
2024-03-10 11:30:00,0.0999755859375,0.300048828123181,0.599609375,0.0,0.199584960939319
2024-03-10 11:45:00,0.0,0.10009765625363798,0.099609375,0.0,-0.0004882812536379788
2024-03-10 12:00:00,0.0,0.199951171873181,0.5,0.0,0.300048828126819
2024-03-10 12:30:00,0.0,0.199951171873181,0.599609375,0.0999755859375,0.299682617189319
2024-03-10 13:00:00,0.0999755859375,0.400146484376819,0.80078125,0.0,0.300659179685681
2024-03-10 13:15:00,0.0,0.199951171876819,0.400390625,0.0999755859375,0.10046386718568101
2024-03-10 13:30:00,0.0,0.199951171873181,0.5,0.0,0.300048828126819
2024-03-10 13:45:00,0.0,0.10009765625,0.099609375,0.0,-0.00048828125
2024-03-10 14:15:00,0.10009765625,0.2998046875,0.798828125,0.10003662109375,0.29888916015625
2024-03-10 15:00:00,0.0,0.10009765625,0.701171875,0.20001220703125,0.40106201171875
2024-03-10 15:30:00,0.0,0.0,0.599609375,0.0999755859375,0.4996337890625
2024-03-10 15:45:00,0.0999755859375,0.10009765625,0.19921875,0.0999755859375,-0.100830078125
2024-03-10 16:30:00,0.0,0.0,0.701171875,0.10003662109375,0.60113525390625
2024-03-10 17:30:00,0.0999755859375,0.09985351562318101,0.69921875,0.0999755859375,0.399414062501819
2024-03-10 17:45:00,0.0,0.0,0.201171875,0.0,0.201171875
2024-03-10 18:00:00,0.0,0.0,0.19921875,0.0,0.19921875
2024-03-10 18:15:00,0.0,0.0,0.099609375,0.0,0.099609375
2024-03-10 19:15:00,0.0999755859375,0.0,0.599609375,0.10003662109375,0.39959716796875
2024-03-10 19:30:00,0.0,0.0,0.1015625,0.0,0.1015625
2024-03-10 19:45:00,0.0,0.0,0.19921875,0.0,0.19921875
2024-03-10 20:00:00,0.0999755859375,0.0,0.19921875,0.0,0.0992431640625
2024-03-10 20:45:00,0.0,0.0,0.30078125,0.0,0.30078125
2024-03-10 21:00:00,0.0,0.0,0.19921875,0.0,0.19921875
2024-03-10 21:15:00,0.10009765625,0.0,0.201171875,0.0,0.10107421875
2024-03-10 21:30:00,0.0,0.0,0.0,0.0,0.0
2024-03-10 22:00:00,0.0,0.0,0.400390625,0.0999755859375,0.3004150390625
2024-03-10 22:15:00,0.0,0.0,0.19921875,0.0,0.19921875
2024-03-10 22:30:00,0.0,0.10009765625363798,0.099609375,0.0,-0.0004882812536379788
2024-03-10 22:45:00,0.0999755859375,0.0,0.201171875,0.0,0.1011962890625
2024-03-10 23:00:00,0.0,0.0,0.0,0.0,0.0
2024-03-10 23:15:00,0.0,0.0,0.19921875,0.0,0.19921875
2024-03-11 00:15:00,0.0999755859375,0.0,0.5,0.0,0.4000244140625
2024-03-11 00:30:00,0.0,0.0,0.19921875,0.0,0.19921875
2024-03-11 01:15:00,0.0,0.0,0.400390625,0.0999755859375,0.3004150390625
2024-03-11 01:30:00,0.0,0.0,0.099609375,0.0,0.099609375
2024-03-11 01:45:00,0.0999755859375,0.0,0.201171875,0.0,0.1011962890625
2024-03-11 02:30:00,0.0,0.0,0.5,0.0,0.5
2024-03-11 03:00:00,0.0999755859375,0.0,0.298828125,0.0,0.1988525390625
2024-03-11 03:30:00,0.0,0.0,0.30078125,0.0,0.30078125
2024-03-11 03:45:00,0.0,0.0,0.19921875,0.10003662109375,0.09918212890625
2024-03-11 04:15:00,0.0,0.0,0.30078125,0.0,0.30078125
2024-03-11 04:30:00,0.10009765625,0.09985351562318101,0.19921875,0.0,-0.0007324218731810106
2024-03-11 05:00:00,0.0,0.199951171876819,0.5,0.0,0.300048828123181
2024-03-11 05:15:00,0.0,0.0,0.1015625,0.0,0.1015625
2024-03-11 05:30:00,0.0,0.10009765624636202,0.298828125,0.0,0.19873046875363798
2024-03-11 06:00:00,0.0999755859375,0.199951171876819,0.400390625,0.0,0.10046386718568101
2024-03-11 06:15:00,0.0,0.10009765625,0.400390625,0.0,0.30029296875
2024-03-11 06:30:00,0.0,0.09985351562681899,0.19921875,0.0,0.09936523437318101
2024-03-11 06:45:00,0.0,0.10009765624636202,0.201171875,0.0999755859375,0.0010986328161379788
2024-03-11 07:00:00,0.0,0.10009765625363798,0.19921875,0.0,0.09912109374636202
2024-03-11 07:30:00,0.0999755859375,0.899780273435681,1.400390625,0.0,0.400634765626819
2024-03-11 08:00:00,0.0999755859375,1.2000732421875,1.69921875,0.0,0.399169921875
2024-03-11 08:15:00,0.0999755859375,0.7001953125,1.201171875,0.0,0.4010009765625
2024-03-11 08:30:00,0.0,0.2998046875,0.599609375,0.0,0.2998046875
2024-03-11 08:45:00,0.0,0.400085449220569,0.5,0.0,0.09991455077943101
2024-03-11 09:15:00,0.10009765625,1.0,1.599609375,0.0,0.49951171875
2024-03-11 09:30:00,0.0999755859375,0.5,0.900390625,0.0,0.3004150390625
2024-03-11 10:15:00,0.199951171875,2.699829101558862,4.099609375,0.10003662109375,1.099792480472388
2024-03-11 10:30:00,0.0,0.20013427734375,0.400390625,0.0,0.20025634765625
2024-03-11 10:45:00,0.0999755859375,1.0,1.5,0.0,0.4000244140625
2024-03-11 11:15:00,0.10009765625,1.400512695314319,2.400390625,0.0,0.899780273435681
2024-03-11 11:45:00,0.0999755859375,1.399353027341931,2.298828125,0.0,0.799499511720569
2024-03-11 12:00:00,0.0999755859375,0.800170898441138,1.201171875,0.0,0.301025390621362
2024-03-11 12:30:00,0.0,1.29986572265625,2.0,0.0,0.70013427734375
2024-03-11 12:45:00,0.0999755859375,1.300170898435681,2.0,0.0,0.599853515626819
2024-03-11 13:00:00,0.0999755859375,0.79986572265625,1.19921875,0.0999755859375,0.19940185546875
2024-03-11 13:30:00,0.0,1.10003662109375,1.5,0.0,0.39996337890625
2024-03-11 13:45:00,0.10009765625,1.10009765625,2.0,0.0,0.7998046875
2024-03-11 14:30:00,0.199951171875,2.200317382810681,3.5,0.0,1.099731445314319
2024-03-11 14:45:00,0.0999755859375,0.599548339845569,1.099609375,0.0,0.400085449216931
2024-03-11 15:15:00,0.0,1.200439453125,1.900390625,0.0,0.699951171875
2024-03-11 15:45:00,0.0,1.1998291015625,1.80078125,0.0,0.6009521484375
2024-03-11 16:45:00,0.0999755859375,3.2996826171875,5.298828125,0.0999755859375,1.7991943359375
2024-03-11 17:00:00,0.0,0.400146484376819,0.80078125,0.0,0.400634765623181
2024-03-11 17:45:00,0.10009765625,2.100280761716931,3.298828125,0.0,1.098449707033069
2024-03-11 18:00:00,0.0,0.399658203125,0.701171875,0.0,0.301513671875
2024-03-11 18:30:00,0.0,1.5003662109375,2.099609375,0.0,0.5992431640625
2024-03-11 19:30:00,0.0999755859375,2.89984130859375,4.099609375,0.10003662109375,0.999755859375
2024-03-11 19:45:00,0.0,0.300048828126819,0.599609375,0.0,0.299560546873181
2024-03-11 20:15:00,0.0999755859375,0.400024414058862,0.6015625,0.0,0.10156250000363798
2024-03-11 20:30:00,0.0,0.10009765625181899,0.298828125,0.0,0.198730468748181
2024-03-11 20:45:00,0.0,0.10009765624818101,0.201171875,0.0,0.10107421875181899
2024-03-11 21:15:00,0.0,0.399780273441138,0.798828125,0.0,0.399047851558862
2024-03-11 21:45:00,0.0999755859375,0.0,0.30078125,0.0,0.2008056640625
2024-03-11 22:30:00,0.0,0.0,0.599609375,0.0999755859375,0.4996337890625
2024-03-11 22:45:00,0.0,0.0,0.19921875,0.0,0.19921875
2024-03-11 23:15:00,0.0999755859375,0.0,0.201171875,0.0,0.1011962890625
2024-03-11 23:30:00,0.0,0.0,0.099609375,0.0,0.099609375
2024-03-11 23:45:00,0.0,0.0,0.099609375,0.0,0.099609375
2024-03-12 00:00:00,0.0,0.0,0.30078125,0.0,0.30078125
2024-03-12 00:15:00,0.0,0.0,0.099609375,0.0,0.099609375
2024-03-12 00:30:00,0.10009765625,0.0,0.19921875,0.0,0.09912109375
2024-03-12 00:45:00,0.0,0.0,0.1015625,0.0,0.1015625
2024-03-12 01:00:00,0.0,0.0,0.19921875,0.0,0.19921875
2024-03-12 01:30:00,0.0,0.0,0.19921875,0.10003662109375,0.09918212890625
2024-03-12 01:45:00,0.0,0.0,0.1015625,0.0,0.1015625
2024-03-12 03:15:00,0.199951171875,0.0,1.0,0.0,0.800048828125
2024-03-12 03:30:00,0.0,0.0,0.0,0.0,0.0
2024-03-12 04:15:00,0.0,0.0,0.5,0.0999755859375,0.4000244140625
2024-03-12 05:00:00,0.0999755859375,0.300048828123181,0.69921875,0.0,0.299194335939319
2024-03-12 05:15:00,0.0,0.099853515625,0.30078125,0.0,0.200927734375
2024-03-12 05:30:00,0.0,0.10009765625181899,0.19921875,0.0,0.09912109374818101
2024-03-12 07:00:00,0.0999755859375,0.5,1.400390625,0.0,0.8004150390625
2024-03-12 07:15:00,0.0,0.0,0.19921875,0.0,0.19921875
2024-03-12 07:30:00,0.0,0.399658203123181,0.599609375,0.0999755859375,0.09997558593931899
2024-03-12 07:45:00,0.10009765625,1.10003662109375,1.5,0.0,0.29986572265625
2024-03-12 08:00:00,0.0,0.10009765625,0.30078125,0.0,0.20068359375
2024-03-12 08:15:00,0.0999755859375,0.7001953125,1.400390625,0.0,0.6002197265625
2024-03-12 08:30:00,0.0,0.200073242189319,0.298828125,0.0,0.09875488281068101
2024-03-12 08:45:00,0.0999755859375,0.800048828123181,1.30078125,0.0,0.400756835939319
2024-03-12 10:00:00,0.199951171875,2.999694824220569,5.19921875,0.0,1.999572753904431
2024-03-12 10:30:00,0.10009765625,1.200073242185681,2.1015625,0.10003662109375,0.701354980470569
2024-03-12 11:00:00,0.0999755859375,1.4000244140625,2.19921875,0.0,0.69921875
2024-03-12 11:30:00,0.0999755859375,1.600097656251819,2.69921875,0.0,0.999145507810681
2024-03-12 12:00:00,0.0999755859375,1.199890136716931,1.701171875,0.0,0.401306152345569
2024-03-12 12:30:00,0.0,1.10009765625,1.69921875,0.0,0.59912109375
2024-03-12 13:00:00,0.0999755859375,1.9000244140625,2.80078125,0.0,0.80078125
2024-03-12 13:45:00,0.0,1.800048828126819,2.900390625,0.0999755859375,1.000366210935681
2024-03-12 14:00:00,0.10009765625,0.699707031246362,1.19921875,0.0,0.399414062503638
2024-03-12 14:15:00,0.0,0.900146484376819,1.599609375,0.0,0.699462890623181
2024-03-12 14:30:00,0.0,0.599853515623181,1.099609375,0.0,0.499755859376819
2024-03-12 14:45:00,0.0,0.500244140626819,0.701171875,0.0,0.200927734373181
2024-03-12 15:00:00,0.0999755859375,0.89990234375,1.400390625,0.0,0.4005126953125
2024-03-12 15:15:00,0.0,0.699951171876819,1.099609375,0.0,0.399658203123181
2024-03-12 16:00:00,0.199951171875,1.799926757810681,2.798828125,0.0,0.798950195314319
2024-03-12 16:45:00,0.0999755859375,1.89990234375,3.0,0.10003662109375,0.90008544921875
2024-03-12 17:00:00,0.10009765625,1.2001953125,1.900390625,0.0,0.60009765625
2024-03-12 17:15:00,0.0,0.499755859375,0.701171875,0.0,0.201416015625
2024-03-12 17:30:00,0.0999755859375,0.89990234375,1.5,0.0,0.5001220703125
2024-03-12 17:45:00,0.0,0.600341796875,1.0,0.0,0.399658203125
2024-03-12 18:00:00,0.0,0.2001953125,0.298828125,0.0,0.0986328125
2024-03-12 18:45:00,0.2999267578125,1.89984130859375,3.099609375,0.0,0.89984130859375
2024-03-12 19:00:00,0.0,0.10009765624818101,0.201171875,0.0,0.10107421875181899
2024-03-12 20:00:00,0.10009765625,0.699707031251819,1.298828125,0.0999755859375,0.399047851560681
2024-03-12 20:15:00,0.0,0.0,0.30078125,0.0,0.30078125
2024-03-12 21:15:00,0.0999755859375,0.0999755859375,0.599609375,0.0,0.399658203125
2024-03-12 21:30:00,0.0,0.0,0.099609375,0.0,0.099609375
2024-03-12 22:00:00,0.0,0.0,0.30078125,0.0,0.30078125
2024-03-12 22:15:00,0.0,0.0,0.19921875,0.0,0.19921875
2024-03-12 22:45:00,0.0999755859375,0.0,0.30078125,0.0999755859375,0.100830078125
2024-03-12 23:00:00,0.0,0.0,0.099609375,0.0,0.099609375
2024-03-12 23:15:00,0.0,0.0,0.201171875,0.0,0.201171875
2024-03-12 23:30:00,0.0,0.0,0.099609375,0.0,0.099609375
2024-03-13 00:00:00,0.0999755859375,0.0999755859375,0.298828125,0.0,0.098876953125
2024-03-13 00:15:00,0.0,0.0,0.30078125,0.0,0.30078125
2024-03-13 01:15:00,0.0999755859375,0.0,0.5,0.0,0.4000244140625
2024-03-13 01:30:00,0.0,0.0,0.30078125,0.0,0.30078125
2024-03-13 02:00:00,0.0,0.0,0.19921875,0.10003662109375,0.09918212890625
2024-03-13 02:30:00,0.0,0.10003662109375,0.30078125,0.0,0.20074462890625
2024-03-13 03:15:00,0.10009765625,0.0,0.5,0.0,0.39990234375
2024-03-13 03:30:00,0.0,0.0,0.099609375,0.0,0.099609375
2024-03-13 03:45:00,0.0,0.0,0.099609375,0.0,0.099609375
2024-03-13 04:00:00,0.0999755859375,0.0,0.19921875,0.0,0.0992431640625
2024-03-13 04:30:00,0.0,0.10009765625,0.400390625,0.0,0.30029296875
2024-03-13 04:45:00,0.0,0.09985351562681899,0.201171875,0.0999755859375,0.0013427734356810106
2024-03-13 05:30:00,0.0999755859375,0.400024414060681,0.69921875,0.0,0.199218750001819
2024-03-13 05:45:00,0.0,0.10009765625,0.30078125,0.0,0.20068359375
2024-03-13 06:30:00,0.0,0.199951171875,0.69921875,0.0,0.499267578125
2024-03-13 06:45:00,0.0999755859375,0.10009765625,0.30078125,0.0,0.1007080078125
2024-03-13 07:30:00,0.0,0.7000732421875,1.19921875,0.0,0.4991455078125
2024-03-13 07:45:00,0.0999755859375,0.699951171876819,1.30078125,0.10003662109375,0.400817871091931
2024-03-13 08:00:00,0.0,0.2001953125,0.298828125,0.0,0.0986328125
2024-03-13 09:15:00,0.2000732421875,2.699707031246362,4.599609375,0.0,1.699829101566138
2024-03-13 09:30:00,0.0999755859375,0.7001953125,1.1015625,0.0,0.3013916015625
2024-03-13 10:15:00,0.0999755859375,1.899963378908069,3.19921875,0.0,1.199279785154431
2024-03-13 10:30:00,0.0999755859375,0.800048828125,1.69921875,0.0,0.7991943359375
2024-03-13 12:00:00,0.2000732421875,4.10015869140625,6.80078125,0.0999755859375,2.40057373046875
2024-03-13 12:15:00,0.0,0.7998046875,1.099609375,0.0,0.2998046875
2024-03-13 13:15:00,0.0999755859375,3.2996826171875,5.30078125,0.0,1.901123046875
2024-03-13 13:30:00,0.0999755859375,0.600341796873181,1.19921875,0.0,0.498901367189319
2024-03-13 13:45:00,0.0,0.499755859376819,0.80078125,0.0,0.301025390623181
2024-03-13 14:00:00,0.0,0.500244140623181,0.69921875,0.0999755859375,0.09899902343931899
2024-03-13 14:30:00,0.0,1.900085449220569,3.201171875,0.0,1.301086425779431
2024-03-13 15:00:00,0.0999755859375,1.399780273435681,2.298828125,0.0,0.799072265626819
2024-03-13 15:15:00,0.0,0.300048828126819,0.400390625,0.0,0.10034179687318101
2024-03-13 15:30:00,0.0,0.799926757814319,1.30078125,0.0,0.500854492185681
2024-03-13 16:00:00,0.0,2.400146484373181,3.3984375,0.0,0.998291015626819
2024-03-13 16:15:00,0.0,0.10009765625,0.5,0.0,0.39990234375
2024-03-13 16:30:00,0.10009765625,1.19970703125,1.701171875,0.0,0.4013671875
2024-03-13 16:45:00,0.0,1.00006103515625,1.798828125,0.0,0.79876708984375
2024-03-13 17:15:00,0.0,1.40008544921875,2.201171875,0.10003662109375,0.7010498046875
2024-03-13 17:45:00,0.0999755859375,2.199707031251819,2.900390625,0.0,0.600708007810681
2024-03-13 18:00:00,0.0,0.700561523435681,1.19921875,0.0,0.498657226564319
2024-03-13 18:15:00,0.0,0.99981689453125,1.19921875,0.0,0.19940185546875
2024-03-13 18:30:00,0.0,0.69989013671875,1.201171875,0.0,0.50128173828125
2024-03-13 18:45:00,0.0,0.3001708984375,0.400390625,0.0,0.1002197265625
2024-03-13 20:15:00,0.0999755859375,3.39996337890625,5.099609375,0.0999755859375,1.49969482421875
2024-03-13 20:45:00,0.0999755859375,0.299560546873181,0.798828125,0.0,0.399291992189319
2024-03-13 21:00:00,0.0,0.0,0.1015625,0.0,0.1015625
2024-03-13 21:15:00,0.0,0.0,0.099609375,0.0,0.099609375
2024-03-13 21:30:00,0.0,0.0,0.19921875,0.0,0.19921875
2024-03-13 22:15:00,0.0999755859375,0.10009765625363798,0.400390625,0.0,0.20031738280886202
2024-03-13 22:30:00,0.0,0.0,0.099609375,0.0,0.099609375
2024-03-13 22:45:00,0.0,0.0,0.099609375,0.0,0.099609375
2024-03-13 23:00:00,0.0,0.09997558593568101,0.201171875,0.0,0.10119628906431899
2024-03-13 23:30:00,0.10009765625,0.0,0.19921875,0.10003662109375,-0.00091552734375
2024-03-13 23:45:00,0.0,0.0,0.099609375,0.0,0.099609375
2024-03-14 00:30:00,0.0,0.0,0.400390625,0.0,0.400390625
2024-03-14 01:00:00,0.0999755859375,0.0,0.400390625,0.0,0.3004150390625
2024-03-14 01:30:00,0.0,0.0999755859375,0.19921875,0.0,0.0992431640625
2024-03-14 01:45:00,0.0,0.0,0.201171875,0.0,0.201171875
2024-03-14 02:00:00,0.0,0.0,0.099609375,0.0,0.099609375
2024-03-14 02:15:00,0.0,0.0,0.0,0.0999755859375,-0.0999755859375
2024-03-14 02:45:00,0.0999755859375,0.0,0.30078125,0.0,0.2008056640625
2024-03-14 03:00:00,0.0,0.0,0.19921875,0.0,0.19921875
2024-03-14 03:15:00,0.0,0.0,0.099609375,0.0,0.099609375
2024-03-14 04:00:00,0.0999755859375,0.0,0.30078125,0.0,0.2008056640625
2024-03-14 04:45:00,0.0,0.40008544921875,0.798828125,0.0,0.39874267578125
2024-03-14 05:00:00,0.0999755859375,0.2001953125,0.400390625,0.0,0.1002197265625
2024-03-14 05:15:00,0.0,0.099853515625,0.201171875,0.0999755859375,0.0013427734375
2024-03-14 05:30:00,0.0,0.199951171875,0.19921875,0.0,-0.000732421875
2024-03-14 06:00:00,0.0,0.400146484375,0.69921875,0.0,0.299072265625
2024-03-14 06:15:00,0.0,0.199951171876819,0.400390625,0.0,0.200439453123181
2024-03-14 06:30:00,0.0,0.0,0.201171875,0.0,0.201171875
2024-03-14 07:30:00,0.2000732421875,1.500244140623181,2.19921875,0.0,0.498901367189319
2024-03-14 08:45:00,0.199951171875,2.700012207033069,4.30078125,0.10003662109375,1.300781249998181
2024-03-14 09:15:00,0.0999755859375,1.100036621091931,1.798828125,0.0,0.598815917970569
2024-03-14 09:45:00,0.10009765625,1.4998779296875,2.5,0.0,0.9000244140625
2024-03-14 10:00:00,0.0,0.400146484375,0.900390625,0.0,0.500244140625
2024-03-14 10:15:00,0.0,0.899902343748181,1.80078125,0.0,0.900878906251819
2024-03-14 10:30:00,0.0999755859375,0.800231933597388,1.298828125,0.0,0.398620605465112
2024-03-14 10:45:00,0.0,0.599609375,1.201171875,0.0,0.6015625
2024-03-14 11:15:00,0.0,1.699829101560681,2.8984375,0.0,1.198608398439319
2024-03-14 11:45:00,0.0999755859375,1.500366210939319,2.30078125,0.0999755859375,0.600463867185681
2024-03-14 12:00:00,0.0,0.499511718746362,0.80078125,0.0,0.301269531253638
2024-03-14 12:30:00,0.0,1.400512695314319,2.3984375,0.0,0.997924804685681
2024-03-14 12:45:00,0.0999755859375,0.89990234375,1.6015625,0.0,0.6016845703125
2024-03-14 13:15:00,0.0,1.40008544921875,2.5,0.0,1.09991455078125
2024-03-14 13:45:00,0.0,1.399597167970569,2.19921875,0.0,0.799621582029431
2024-03-14 14:45:00,0.0999755859375,3.70013427734375,5.80078125,0.10003662109375,1.900634765625
2024-03-14 15:15:00,0.0,1.400024414058862,1.798828125,0.0,0.398803710941138
2024-03-14 15:30:00,0.0,1.500061035158069,2.30078125,0.0,0.800720214841931
2024-03-14 16:00:00,0.10009765625,1.5001220703125,2.298828125,0.0,0.6986083984375
2024-03-14 16:15:00,0.0,1.19989013671875,1.80078125,0.0,0.60089111328125
2024-03-14 16:45:00,0.0,1.40020751953125,2.19921875,0.0,0.79901123046875
2024-03-14 17:30:00,0.0999755859375,2.300048828123181,3.400390625,0.0,1.000366210939319
2024-03-14 17:45:00,0.0,1.299621582033069,2.099609375,0.0999755859375,0.700012207029431
2024-03-14 18:15:00,0.0999755859375,1.59991455078125,2.400390625,0.0,0.70050048828125
2024-03-14 19:00:00,0.0,2.099975585939319,2.701171875,0.0,0.601196289060681
2024-03-14 19:15:00,0.0,1.300109863279431,1.8984375,0.0,0.598327636720569
2024-03-14 19:45:00,0.0,0.60009765625,1.1015625,0.0,0.50146484375
2024-03-14 20:00:00,0.0999755859375,0.3001708984375,0.5,0.0,0.099853515625
2024-03-14 20:30:00,0.0,0.099853515625,0.599609375,0.0999755859375,0.3997802734375
2024-03-14 20:45:00,0.0,0.30010986328125,0.19921875,0.0,-0.10089111328125
2024-03-14 21:00:00,0.0,0.0,0.201171875,0.0,0.201171875
2024-03-14 21:45:00,0.0999755859375,0.09985351562681899,0.599609375,0.0,0.399780273435681
2024-03-14 22:00:00,0.0,0.0,0.099609375,0.0,0.099609375
2024-03-14 22:30:00,0.0,0.0,0.400390625,0.0,0.400390625
2024-03-14 22:45:00,0.10009765625,0.0,0.099609375,0.0,-0.00048828125
2024-03-14 23:00:00,0.0,0.0,0.19921875,0.0,0.19921875
2024-03-14 23:15:00,0.0,0.0,0.1015625,0.0,0.1015625
2024-03-14 23:30:00,0.0,0.09997558593568101,0.19921875,0.0,0.09924316406431899
2024-03-15 00:15:00,0.0999755859375,0.0,0.400390625,0.10003662109375,0.20037841796875
2024-03-15 00:45:00,0.0,0.0,0.400390625,0.0,0.400390625
2024-03-15 01:00:00,0.0,0.0,0.19921875,0.0,0.19921875
2024-03-15 01:30:00,0.0,0.0,0.30078125,0.0,0.30078125
2024-03-15 02:00:00,0.0999755859375,0.0,0.298828125,0.0,0.1988525390625
2024-03-15 02:15:00,0.0,0.0999755859375,0.099609375,0.0,-0.0003662109375
2024-03-15 03:00:00,0.0999755859375,0.0,0.6015625,0.0999755859375,0.401611328125
2024-03-15 03:15:00,0.0,0.0,0.099609375,0.0,0.099609375
2024-03-15 03:30:00,0.0,0.0,0.099609375,0.0,0.099609375
2024-03-15 03:45:00,0.0,0.0,0.19921875,0.0,0.19921875
2024-03-15 04:00:00,0.0,0.0,0.30078125,0.0,0.30078125
2024-03-15 05:00:00,0.0999755859375,0.40008544921875,0.900390625,0.0,0.40032958984375
2024-03-15 05:45:00,0.0,0.199951171875,0.5,0.0,0.300048828125
2024-03-15 06:00:00,0.10009765625,0.10009765625,0.298828125,0.10003662109375,-0.00140380859375
2024-03-15 06:45:00,0.0,0.300048828126819,0.900390625,0.0,0.600341796873181
2024-03-15 07:15:00,0.0999755859375,0.599914550779431,0.900390625,0.0,0.200500488283069
2024-03-15 08:00:00,0.0,1.60009765625,2.69921875,0.0,1.09912109375
2024-03-15 08:15:00,0.0,0.2998046875,0.201171875,0.0,-0.0986328125
2024-03-15 08:30:00,0.0999755859375,0.800048828126819,1.400390625,0.0,0.500366210935681
2024-03-15 09:45:00,0.0999755859375,2.7001953125,4.599609375,0.0999755859375,1.699462890625
2024-03-15 10:00:00,0.0,0.499694824216931,0.798828125,0.0,0.299133300783069
2024-03-15 10:30:00,0.0999755859375,1.700073242185681,2.80078125,0.0,1.000732421876819
2024-03-15 10:45:00,0.0,0.899902343751819,1.599609375,0.0,0.699707031248181
2024-03-15 11:00:00,0.10009765625,0.70037841796875,1.201171875,0.0,0.40069580078125
2024-03-15 11:15:00,0.0,0.599609375,0.8984375,0.0,0.298828125
2024-03-15 11:45:00,0.0,1.200439453123181,2.201171875,0.0,1.000732421876819
2024-03-15 12:30:00,0.0999755859375,2.099853515626819,2.900390625,0.0999755859375,0.600585937498181
2024-03-15 12:45:00,0.0999755859375,1.2000732421875,1.8984375,0.0,0.598388671875
2024-03-15 13:15:00,0.0,1.099609375,1.80078125,0.0,0.701171875
2024-03-15 13:30:00,0.0999755859375,0.700439453125,1.099609375,0.0,0.2991943359375
2024-03-15 13:45:00,0.0,0.900085449216931,1.599609375,0.0,0.699523925783069
2024-03-15 14:30:00,0.0999755859375,2.199890136720569,3.30078125,0.0,1.000915527341931
2024-03-15 14:45:00,0.0,0.7999267578125,1.19921875,0.0,0.3992919921875
2024-03-15 15:00:00,0.0,0.49993896484375,0.900390625,0.10003662109375,0.3004150390625
2024-03-15 16:15:00,0.2000732421875,4.799499511720569,7.400390625,0.0,2.400817871091931
2024-03-15 16:30:00,0.0,0.900695800779431,1.30078125,0.0,0.400085449220569
2024-03-15 17:15:00,0.0999755859375,2.0999755859375,3.3984375,0.0,1.198486328125
2024-03-15 17:30:00,0.0,0.6995849609375,0.80078125,0.0,0.1011962890625
2024-03-15 18:00:00,0.0999755859375,1.900268554689319,2.80078125,0.0999755859375,0.700561523435681
2024-03-15 18:45:00,0.0999755859375,2.299926757810681,3.3984375,0.0,0.998535156251819
2024-03-15 19:00:00,0.0,0.10009765624818101,0.30078125,0.0,0.200683593751819
2024-03-15 19:15:00,0.10009765625,0.799926757814319,1.19921875,0.0,0.299194335935681
2024-03-15 19:30:00,0.0,0.0,0.201171875,0.0,0.201171875
2024-03-15 19:45:00,0.0,0.09985351562681899,0.400390625,0.0,0.300537109373181
2024-03-15 20:00:00,0.0,0.0,0.19921875,0.0,0.19921875
2024-03-15 21:00:00,0.0999755859375,0.09997558593568101,0.69921875,0.10003662109375,0.399230957033069
2024-03-15 21:15:00,0.0,0.0,0.1015625,0.0,0.1015625
2024-03-15 21:30:00,0.0,0.0,0.099609375,0.0,0.099609375
2024-03-15 21:45:00,0.0,0.10009765625,0.298828125,0.0,0.19873046875
2024-03-15 22:00:00,0.0999755859375,0.099609375,0.30078125,0.0,0.1011962890625
2024-03-15 22:15:00,0.0,0.0,0.099609375,0.0,0.099609375
2024-03-15 22:30:00,0.0,0.0,0.201171875,0.0,0.201171875
2024-03-15 23:00:00,0.0,0.10003662109375,0.298828125,0.0,0.19879150390625
2024-03-15 23:15:00,0.0,0.0,0.099609375,0.0,0.099609375
2024-03-15 23:30:00,0.0999755859375,0.0,0.30078125,0.0,0.2008056640625
2024-03-15 23:45:00,0.0,0.0,0.099609375,0.0,0.099609375
2024-03-16 00:00:00,0.0,0.0,0.099609375,0.0,0.099609375
2024-03-16 00:15:00,0.0,0.0,0.201171875,0.0999755859375,0.1011962890625
2024-03-16 00:30:00,0.0,0.0,0.099609375,0.0,0.099609375
2024-03-16 00:45:00,0.0999755859375,0.0,0.19921875,0.0,0.0992431640625
2024-03-16 01:15:00,0.0,0.0,0.201171875,0.0,0.201171875
2024-03-16 01:30:00,0.0,0.0999755859375,0.298828125,0.0,0.1988525390625
2024-03-16 02:00:00,0.0,0.0,0.30078125,0.0,0.30078125
2024-03-16 02:30:00,0.10009765625,0.0,0.30078125,0.0,0.20068359375
2024-03-16 02:45:00,0.0,0.0,0.099609375,0.0,0.099609375
2024-03-16 03:15:00,0.0,0.0,0.298828125,0.0999755859375,0.1988525390625
2024-03-16 03:45:00,0.0999755859375,0.0,0.30078125,0.0,0.2008056640625
2024-03-16 04:15:00,0.0,0.09997558593931899,0.30078125,0.0,0.200805664060681
2024-03-16 04:30:00,0.0,0.0,0.099609375,0.0,0.099609375
2024-03-16 05:00:00,0.0999755859375,0.0,0.400390625,0.0,0.3004150390625
2024-03-16 05:15:00,0.0,0.0,0.099609375,0.0,0.099609375
2024-03-16 06:00:00,0.0,0.0,0.400390625,0.0,0.400390625
2024-03-16 06:15:00,0.0,0.0,0.19921875,0.10003662109375,0.09918212890625
2024-03-16 06:45:00,0.0999755859375,0.10003662109193101,0.30078125,0.0,0.10076904297056899
2024-03-16 07:45:00,0.0,0.0,0.599609375,0.0,0.599609375
2024-03-16 08:00:00,0.0999755859375,0.0,0.19921875,0.0,0.0992431640625
2024-03-16 08:15:00,0.0,0.0,0.099609375,0.0,0.099609375
2024-03-16 08:30:00,0.0,0.0,0.201171875,0.0,0.201171875
2024-03-16 08:45:00,0.0,0.0,0.19921875,0.0,0.19921875
2024-03-16 09:15:00,0.10009765625,0.4002685546875,0.5,0.0999755859375,-0.100341796875
2024-03-16 09:45:00,0.0,0.0,0.30078125,0.0,0.30078125
2024-03-16 10:00:00,0.0,0.0,0.19921875,0.0,0.19921875
2024-03-16 10:15:00,0.0,0.0,0.099609375,0.0,0.099609375
2024-03-16 11:00:00,0.0999755859375,0.0,0.5,0.0,0.4000244140625
2024-03-16 11:15:00,0.0,0.0,0.201171875,0.0,0.201171875
2024-03-16 11:45:00,0.0,0.0,0.298828125,0.0,0.298828125
2024-03-16 12:00:00,0.0,0.10003662109375,0.1015625,0.0,0.00152587890625
2024-03-16 12:15:00,0.0999755859375,0.0,0.19921875,0.0,0.0992431640625
2024-03-16 13:00:00,0.0,0.0,0.400390625,0.10003662109375,0.30035400390625
2024-03-16 13:30:00,0.0999755859375,0.0,0.298828125,0.0,0.1988525390625
2024-03-16 13:45:00,0.0,0.0,0.201171875,0.0,0.201171875
2024-03-16 14:00:00,0.0,0.0,0.099609375,0.0,0.099609375
2024-03-16 15:15:00,0.0999755859375,0.0999755859375,0.900390625,0.0,0.700439453125
2024-03-16 15:30:00,0.0,0.0,0.19921875,0.0999755859375,0.0992431640625
2024-03-16 15:45:00,0.0,0.0,0.0,0.0,0.0
2024-03-16 16:00:00,0.0,0.0,0.30078125,0.0,0.30078125
2024-03-16 16:15:00,0.10009765625,0.0,0.099609375,0.0,-0.00048828125
2024-03-16 17:45:00,0.0999755859375,0.09997558593568101,0.900390625,0.0,0.700439453126819
2024-03-16 18:00:00,0.0,0.0,0.099609375,0.0,0.099609375
2024-03-16 18:45:00,0.0,0.0,0.400390625,0.0999755859375,0.3004150390625
2024-03-16 19:00:00,0.0,0.0,0.19921875,0.0,0.19921875
2024-03-16 20:30:00,0.0999755859375,0.200134277345569,1.0,0.0,0.699890136716931
2024-03-16 20:45:00,0.0999755859375,0.0,0.099609375,0.0,-0.0003662109375
2024-03-16 21:15:00,0.0,0.0,0.30078125,0.0,0.30078125
2024-03-16 21:45:00,0.0,0.0,0.30078125,0.10003662109375,0.20074462890625
2024-03-16 22:00:00,0.0999755859375,0.0,0.19921875,0.0,0.0992431640625
2024-03-16 22:30:00,0.0,0.0999755859375,0.30078125,0.0,0.2008056640625
2024-03-16 23:00:00,0.0,0.0,0.298828125,0.0,0.298828125
2024-03-16 23:15:00,0.0,0.0,0.201171875,0.0,0.201171875
2024-03-16 23:45:00,0.10009765625,0.0,0.19921875,0.0,0.09912109375
2024-03-17 00:00:00,0.0,0.0,0.099609375,0.0,0.099609375
2024-03-17 00:15:00,0.0,0.0,0.201171875,0.0,0.201171875
2024-03-17 00:45:00,0.0999755859375,0.0,0.298828125,0.0999755859375,0.098876953125
2024-03-17 01:45:00,0.0,0.10003662109375,0.701171875,0.0,0.60113525390625
2024-03-17 02:00:00,0.0,0.0,0.19921875,0.0,0.19921875
2024-03-17 02:15:00,0.0999755859375,0.0,0.099609375,0.0,-0.0003662109375
2024-03-17 02:30:00,0.0,0.0,0.099609375,0.0,0.099609375
2024-03-17 03:00:00,0.0,0.0,0.30078125,0.0,0.30078125
2024-03-17 03:30:00,0.0999755859375,0.0999755859375,0.400390625,0.0,0.200439453125
2024-03-17 04:15:00,0.0,0.0,0.400390625,0.10003662109375,0.30035400390625
2024-03-17 04:30:00,0.0,0.0,0.099609375,0.0,0.099609375
2024-03-17 04:45:00,0.0,0.0,0.099609375,0.0,0.099609375
2024-03-17 05:30:00,0.0999755859375,0.10009765625,0.5,0.0,0.2999267578125
2024-03-17 05:45:00,0.0,0.0,0.19921875,0.0,0.19921875
2024-03-17 06:45:00,0.10009765625,0.09997558593568101,0.6015625,0.0999755859375,0.301513671876819
2024-03-17 08:00:00,0.0999755859375,0.0,0.8984375,0.0,0.7984619140625
2024-03-17 08:15:00,0.0,0.0,0.1015625,0.0,0.1015625
2024-03-17 08:30:00,0.0,0.0,0.099609375,0.0,0.099609375
2024-03-17 10:00:00,0.0999755859375,0.10003662109738798,1.0,0.0999755859375,0.700012207027612
2024-03-17 10:15:00,0.0,0.0,0.099609375,0.0,0.099609375
2024-03-17 11:00:00,0.0999755859375,0.0,0.5,0.0,0.4000244140625
2024-03-17 11:15:00,0.0,0.0,0.099609375,0.0,0.099609375
2024-03-17 11:30:00,0.0,0.09997558593568101,0.201171875,0.0,0.10119628906431899
2024-03-17 12:00:00,0.0,0.0,0.298828125,0.0,0.298828125
2024-03-17 12:45:00,0.0999755859375,0.0,0.5,0.0,0.4000244140625
2024-03-17 13:00:00,0.0,0.0,0.201171875,0.10003662109375,0.10113525390625
2024-03-17 13:15:00,0.0,0.0,0.099609375,0.0,0.099609375
2024-03-17 13:30:00,0.0,0.0,0.099609375,0.0,0.099609375
2024-03-17 13:45:00,0.10009765625,0.0,0.19921875,0.0,0.09912109375
2024-03-17 14:30:00,0.0,0.10003662109375,0.400390625,0.0,0.30035400390625
2024-03-17 14:45:00,0.0,0.0,0.201171875,0.0,0.201171875
2024-03-17 15:45:00,0.0999755859375,0.0,0.69921875,0.0,0.5992431640625
2024-03-17 16:15:00,0.0,0.0,0.19921875,0.0999755859375,0.0992431640625
2024-03-17 16:30:00,0.0999755859375,0.0,0.201171875,0.0,0.1011962890625
2024-03-17 16:45:00,0.0,0.0999755859375,0.19921875,0.0,0.0992431640625
2024-03-17 17:00:00,0.0,0.0,0.099609375,0.0,0.099609375
2024-03-17 17:30:00,0.0,0.0,0.30078125,0.0,0.30078125
2024-03-17 17:45:00,0.0999755859375,0.0,0.19921875,0.0,0.0992431640625
2024-03-17 18:00:00,0.0,0.0,0.1015625,0.0,0.1015625
2024-03-17 18:30:00,0.0,0.0,0.19921875,0.0,0.19921875
2024-03-17 18:45:00,0.0,0.0,0.19921875,0.0,0.19921875
2024-03-17 19:00:00,0.0,0.0,0.201171875,0.10003662109375,0.10113525390625
2024-03-17 19:45:00,0.0999755859375,0.09997558593568101,0.400390625,0.0,0.200439453126819
2024-03-17 20:30:00,0.0,0.0,0.599609375,0.0,0.599609375
2024-03-17 21:15:00,0.10009765625,0.0,0.400390625,0.0,0.30029296875
2024-03-17 21:45:00,0.0,0.10003662109738798,0.3984375,0.0,0.298400878902612
2024-03-17 22:00:00,0.0,0.0,0.0,0.0,0.0
2024-03-17 22:30:00,0.0999755859375,0.0,0.400390625,0.0999755859375,0.200439453125
2024-03-17 22:45:00,0.0,0.0,0.201171875,0.0,0.201171875
2024-03-17 23:00:00,0.0,0.0,0.099609375,0.0,0.099609375
2024-03-17 23:30:00,0.0999755859375,0.0,0.19921875,0.0,0.0992431640625
2024-03-17 23:45:00,0.0,0.0,0.099609375,0.0,0.099609375
2024-03-18 00:00:00,0.0,0.0,0.201171875,0.0,0.201171875
2024-03-18 00:30:00,0.0,0.09997558593568101,0.298828125,0.0,0.198852539064319
2024-03-18 00:45:00,0.0,0.0,0.1015625,0.0,0.1015625
2024-03-18 01:00:00,0.0999755859375,0.0,0.3984375,0.0,0.2984619140625
2024-03-18 01:45:00,0.0,0.0,0.400390625,0.0999755859375,0.3004150390625
2024-03-18 02:00:00,0.0,0.0,0.201171875,0.0,0.201171875
2024-03-18 02:45:00,0.0999755859375,0.0,0.3984375,0.0,0.2984619140625
2024-03-18 03:00:00,0.0,0.0,0.1015625,0.0,0.1015625
2024-03-18 03:15:00,0.0,0.10003662109375,0.19921875,0.0,0.09918212890625
2024-03-18 03:30:00,0.0,0.0,0.099609375,0.0,0.099609375
2024-03-18 03:45:00,0.10009765625,0.0,0.201171875,0.0,0.10107421875
2024-03-18 04:00:00,0.0,0.0,0.099609375,0.0,0.099609375
2024-03-18 04:15:00,0.0,0.0,0.19921875,0.10003662109375,0.09918212890625
2024-03-18 04:30:00,0.0,0.10009765625,0.201171875,0.0,0.10107421875
2024-03-18 04:45:00,0.0,0.09985351562318101,0.298828125,0.0,0.198974609376819
2024-03-18 05:00:00,0.0999755859375,0.10009765625363798,0.30078125,0.0,0.10070800780886202
2024-03-18 05:15:00,0.0,0.09985351562318101,0.298828125,0.0,0.198974609376819
2024-03-18 05:45:00,0.0,0.2000732421875,0.30078125,0.0,0.1007080078125
2024-03-18 06:30:00,0.0999755859375,0.300048828125,0.69921875,0.0,0.2991943359375
2024-03-18 06:45:00,0.0,0.099853515625,0.400390625,0.0,0.300537109375
2024-03-18 07:00:00,0.0,0.10009765625,0.30078125,0.0,0.20068359375
2024-03-18 07:15:00,0.0,0.2001953125,0.19921875,0.0,-0.0009765625
2024-03-18 07:30:00,0.0999755859375,0.59954833984375,0.900390625,0.0999755859375,0.10089111328125
2024-03-18 07:45:00,0.0,1.10040283203125,1.69921875,0.0,0.59881591796875
2024-03-18 08:00:00,0.0999755859375,0.69970703125,0.900390625,0.0,0.1007080078125
2024-03-18 08:30:00,0.10009765625,1.29974365234375,1.701171875,0.0,0.30133056640625
2024-03-18 09:00:00,0.0999755859375,1.300476074220569,1.798828125,0.0,0.398376464841931
2024-03-18 09:30:00,0.0999755859375,1.499572753902612,2.099609375,0.0,0.500061035159888
2024-03-18 10:30:00,0.199951171875,3.100341796876819,5.30078125,0.10003662109375,1.900451660154431
2024-03-18 11:00:00,0.10009765625,1.7999267578125,2.5,0.0,0.5999755859375
2024-03-18 11:15:00,0.0,0.2001953125,0.400390625,0.0,0.2001953125
2024-03-18 11:45:00,0.0999755859375,2.0999755859375,3.298828125,0.0,1.098876953125
2024-03-18 12:00:00,0.0,0.6995849609375,0.701171875,0.0,0.0015869140625
2024-03-18 12:30:00,0.0999755859375,1.30035400390625,2.0,0.0,0.59967041015625
2024-03-18 12:45:00,0.0999755859375,1.29986572265625,2.0,0.0,0.60015869140625
2024-03-18 13:15:00,0.0999755859375,1.700378417970569,2.400390625,0.0,0.600036621091931
2024-03-18 13:30:00,0.0,0.799621582029431,1.19921875,0.0999755859375,0.299621582033069
2024-03-18 13:45:00,0.0,0.8001708984375,1.30078125,0.0,0.5006103515625
2024-03-18 14:00:00,0.0,0.2998046875,0.3984375,0.0,0.0986328125
2024-03-18 14:15:00,0.10009765625,1.00006103515625,1.6015625,0.0,0.50140380859375
2024-03-18 14:45:00,0.0999755859375,1.300109863279431,2.099609375,0.0,0.699523925783069
2024-03-18 15:00:00,0.0,0.899902343751819,1.19921875,0.0,0.299316406248181
2024-03-18 15:15:00,0.0999755859375,1.30010986328125,2.0,0.0,0.59991455078125
2024-03-18 15:30:00,0.0,0.79974365234375,1.201171875,0.0,0.40142822265625
2024-03-18 15:45:00,0.0999755859375,0.8001708984375,1.19921875,0.0,0.299072265625
2024-03-18 16:30:00,0.0999755859375,2.599914550783069,3.80078125,0.0999755859375,1.000915527341931
2024-03-18 16:45:00,0.0,0.799926757810681,1.298828125,0.0,0.498901367189319
2024-03-18 17:00:00,0.10009765625,0.70025634765625,1.201171875,0.0,0.40081787109375
2024-03-18 17:15:00,0.0,0.599853515625,0.798828125,0.0,0.198974609375
2024-03-18 17:30:00,0.0,0.5003662109375,0.701171875,0.0,0.2008056640625
2024-03-18 17:45:00,0.0,0.89971923828125,1.19921875,0.0,0.29949951171875
2024-03-18 18:00:00,0.0999755859375,0.6998291015625,1.099609375,0.0,0.2998046875
2024-03-18 18:15:00,0.0999755859375,1.30010986328125,1.80078125,0.0,0.40069580078125
2024-03-18 18:30:00,0.0,0.79998779296875,1.19921875,0.0,0.39923095703125
2024-03-18 19:00:00,0.0999755859375,1.70001220703125,2.201171875,0.0,0.40118408203125
2024-03-18 19:15:00,0.0,0.2001953125,0.298828125,0.0,0.0986328125
2024-03-18 19:30:00,0.0,0.69976806640625,1.099609375,0.10003662109375,0.2998046875
2024-03-18 20:15:00,0.0999755859375,0.89990234375,1.400390625,0.0,0.4005126953125
2024-03-18 20:30:00,0.0,0.10009765625,0.30078125,0.0,0.20068359375
2024-03-18 20:45:00,0.10009765625,0.0,0.298828125,0.0,0.19873046875
2024-03-18 21:00:00,0.0,0.0,0.201171875,0.0,0.201171875
2024-03-18 21:15:00,0.0,0.0,0.19921875,0.0,0.19921875
2024-03-18 21:45:00,0.0,0.09997558593931899,0.400390625,0.0,0.300415039060681
2024-03-18 22:15:00,0.0999755859375,0.0,0.30078125,0.0,0.2008056640625
2024-03-18 22:45:00,0.0,0.0,0.599609375,0.0999755859375,0.4996337890625
2024-03-18 23:30:00,0.0,0.0,0.400390625,0.0,0.400390625
2024-03-18 23:45:00,0.0999755859375,0.0,0.298828125,0.0,0.1988525390625
2024-03-19 00:15:00,0.0,0.10003662109193101,0.5,0.0,0.399963378908069
2024-03-19 00:30:00,0.0,0.0,0.099609375,0.0,0.099609375
2024-03-19 00:45:00,0.0,0.0,0.1015625,0.0,0.1015625
2024-03-19 01:15:00,0.0999755859375,0.0,0.5,0.0,0.4000244140625
2024-03-19 01:30:00,0.0,0.0,0.19921875,0.0,0.19921875
2024-03-19 02:15:00,0.0,0.0,0.5,0.10003662109375,0.39996337890625
2024-03-19 02:30:00,0.0999755859375,0.0,0.099609375,0.0,-0.0003662109375
2024-03-19 02:45:00,0.0,0.0999755859375,0.30078125,0.0,0.2008056640625
2024-03-19 03:00:00,0.0,0.0,0.099609375,0.0,0.099609375
2024-03-19 03:15:00,0.0,0.0,0.19921875,0.0,0.19921875
2024-03-19 03:45:00,0.0,0.0,0.400390625,0.0,0.400390625
2024-03-19 04:00:00,0.10009765625,0.0,0.099609375,0.0,-0.00048828125
2024-03-19 04:15:00,0.0,0.0,0.201171875,0.0,0.201171875
2024-03-19 05:00:00,0.0,0.300048828125,1.0,0.0999755859375,0.5999755859375
2024-03-19 05:15:00,0.0999755859375,0.200134277345569,0.298828125,0.0,-0.0012817382830689894
2024-03-19 05:45:00,0.0,0.09985351562318101,0.400390625,0.0,0.300537109376819
2024-03-19 06:00:00,0.0,0.199951171876819,0.30078125,0.0,0.10083007812318101
2024-03-19 06:30:00,0.0,0.10009765624636202,0.599609375,0.0,0.499511718753638
2024-03-19 06:45:00,0.0999755859375,0.10009765625363798,0.19921875,0.0,-0.0008544921911379788
2024-03-19 07:00:00,0.0,0.09985351562318101,0.400390625,0.0,0.300537109376819
2024-03-19 07:15:00,0.0,0.30029296875,0.599609375,0.0,0.29931640625
2024-03-19 07:30:00,0.0,0.49951171875,0.701171875,0.0,0.20166015625
2024-03-19 07:45:00,0.0999755859375,0.500244140623181,0.599609375,0.0,-0.0006103515606810106
2024-03-19 08:00:00,0.0,0.599975585939319,1.19921875,0.0999755859375,0.499267578123181
2024-03-19 08:15:00,0.0999755859375,0.60009765625,0.900390625,0.0,0.2003173828125
2024-03-19 09:00:00,0.10009765625,1.300048828125,2.400390625,0.0,1.000244140625
2024-03-19 09:30:00,0.0999755859375,1.099853515625,2.0,0.0,0.8001708984375
2024-03-19 09:45:00,0.0,0.599853515625,1.099609375,0.0,0.499755859375
2024-03-19 10:00:00,0.0999755859375,0.900146484375,1.701171875,0.0,0.7010498046875
2024-03-19 11:00:00,0.199951171875,2.9998779296875,5.599609375,0.10003662109375,2.29974365234375
2024-03-19 11:15:00,0.0,0.500244140626819,0.798828125,0.0,0.298583984373181
2024-03-19 12:15:00,0.2000732421875,2.999755859373181,5.80078125,0.0,2.600952148439319
2024-03-19 12:30:00,0.0,0.400146484373181,0.900390625,0.0,0.500244140626819
2024-03-19 13:45:00,0.2999267578125,3.999877929689319,6.5,0.0,2.200195312498181
2024-03-19 14:00:00,0.0,0.7000732421875,1.298828125,0.0999755859375,0.498779296875
2024-03-19 14:30:00,0.10009765625,1.39990234375,2.1015625,0.0,0.6015625
2024-03-19 14:45:00,0.0999755859375,0.99993896484375,1.599609375,0.0,0.49969482421875
2024-03-19 15:00:00,0.0,0.7999267578125,1.19921875,0.0,0.3992919921875
2024-03-19 15:45:00,0.0999755859375,1.700317382814319,2.701171875,0.0,0.900878906248181
2024-03-19 16:30:00,0.199951171875,2.299682617185681,3.8984375,0.0,1.398803710939319
2024-03-19 16:45:00,0.0,0.89990234375,1.400390625,0.0,0.50048828125
2024-03-19 17:00:00,0.0,0.800537109375,1.201171875,0.10003662109375,0.30059814453125
2024-03-19 17:30:00,0.10009765625,1.099609375,1.798828125,0.0,0.59912109375
2024-03-19 17:45:00,0.0,0.8997802734375,1.400390625,0.0,0.5006103515625
2024-03-19 18:00:00,0.0,0.500488281251819,0.69921875,0.0,0.198730468748181
2024-03-19 18:15:00,0.0,0.399902343748181,0.6015625,0.0,0.201660156251819
2024-03-19 18:30:00,0.0,0.600097656251819,1.0,0.0,0.399902343748181
2024-03-19 19:15:00,0.0999755859375,1.300048828123181,2.19921875,0.0,0.799194335939319
2024-03-19 19:45:00,0.0,0.0,0.19921875,0.0,0.19921875
2024-03-19 20:00:00,0.0999755859375,0.0,0.201171875,0.0999755859375,0.001220703125
2024-03-19 20:15:00,0.0,0.0,0.099609375,0.0,0.099609375
2024-03-19 20:30:00,0.0,0.10003662109375,0.19921875,0.0,0.09918212890625
2024-03-19 20:45:00,0.0,0.0,0.1015625,0.0,0.1015625
2024-03-19 21:15:00,0.0,0.0,0.298828125,0.0,0.298828125
2024-03-19 21:45:00,0.0999755859375,0.0,0.400390625,0.0,0.3004150390625
2024-03-19 22:00:00,0.0,0.0,0.0,0.0,0.0
2024-03-19 22:45:00,0.0,0.0,0.5,0.0,0.5
2024-03-19 23:15:00,0.0999755859375,0.09997558593931899,0.30078125,0.0999755859375,0.0008544921856810106
2024-03-20 00:30:00,0.10009765625,0.0,0.69921875,0.0,0.59912109375
2024-03-20 01:30:00,0.0,0.10003662109193101,0.599609375,0.0,0.499572753908069
2024-03-20 01:45:00,0.0999755859375,0.0,0.201171875,0.0,0.1011962890625
2024-03-20 02:30:00,0.0,0.0,0.298828125,0.10003662109375,0.19879150390625
2024-03-20 02:45:00,0.0,0.0,0.201171875,0.0,0.201171875
2024-03-20 03:15:00,0.0999755859375,0.0,0.298828125,0.0,0.1988525390625
2024-03-20 03:45:00,0.0,0.0,0.201171875,0.0,0.201171875
2024-03-20 04:00:00,0.0,0.0,0.19921875,0.0,0.19921875
2024-03-20 04:45:00,0.0999755859375,0.299926757810681,0.599609375,0.0,0.199707031251819
2024-03-20 05:30:00,0.0,0.300048828126819,0.701171875,0.0999755859375,0.301147460935681
2024-03-20 05:45:00,0.0,0.10009765625,0.3984375,0.0,0.29833984375
2024-03-20 07:00:00,0.0999755859375,0.4998779296875,0.900390625,0.0,0.300537109375
2024-03-20 07:15:00,0.0,0.10009765625,0.5,0.0,0.39990234375
2024-03-20 07:30:00,0.10009765625,1.0,1.30078125,0.0,0.20068359375
2024-03-20 08:15:00,0.0999755859375,0.999755859375,1.900390625,0.0,0.8006591796875
2024-03-20 08:30:00,0.0999755859375,0.7998046875,1.3984375,0.10003662109375,0.39862060546875
2024-03-20 08:45:00,0.0,0.400146484375,0.6015625,0.0,0.201416015625
2024-03-20 09:00:00,0.0,0.300048828125,0.5,0.0,0.199951171875
2024-03-20 09:15:00,0.0999755859375,0.800048828125,1.298828125,0.0,0.3988037109375
2024-03-20 09:30:00,0.0,0.70013427734375,1.099609375,0.0,0.39947509765625
2024-03-20 10:00:00,0.0999755859375,1.699951171875,2.6015625,0.0,0.8016357421875
2024-03-20 10:45:00,0.2000732421875,1.800048828125,3.099609375,0.0,1.0994873046875
2024-03-20 11:15:00,0.0,1.10009765625,2.0,0.0,0.89990234375
2024-03-20 11:45:00,0.199951171875,1.800048828125,3.19921875,0.0999755859375,1.0992431640625
2024-03-20 12:45:00,0.0999755859375,2.299438476564319,3.5,0.0,1.100585937498181
2024-03-20 13:00:00,0.10009765625,0.900146484373181,1.5,0.0,0.499755859376819
2024-03-20 14:15:00,0.0999755859375,3.2001953125,5.201171875,0.0,1.9010009765625
2024-03-20 14:30:00,0.0999755859375,0.800048828126819,1.3984375,0.0999755859375,0.398437499998181
2024-03-20 15:00:00,0.0999755859375,1.499694824216931,2.30078125,0.0,0.701110839845569
2024-03-20 15:15:00,0.0,0.89990234375,1.5,0.0,0.60009765625
2024-03-20 15:30:00,0.0999755859375,0.700439453125,1.0,0.0,0.1995849609375
2024-03-20 15:45:00,0.0,0.599853515625,1.099609375,0.0,0.499755859375
2024-03-20 16:00:00,0.0,0.5,0.80078125,0.0,0.30078125
2024-03-20 16:15:00,0.0,0.5,0.69921875,0.0,0.19921875
2024-03-20 16:30:00,0.0,0.800048828126819,1.400390625,0.0,0.600341796873181
2024-03-20 16:45:00,0.10009765625,0.599609375,1.099609375,0.0,0.39990234375
2024-03-20 17:00:00,0.0,0.800537109373181,1.099609375,0.0,0.299072265626819
2024-03-20 17:30:00,0.0,1.3997802734375,2.1015625,0.10003662109375,0.60174560546875
2024-03-20 17:45:00,0.0999755859375,0.899902343748181,1.3984375,0.0,0.398559570314319
2024-03-20 18:30:00,0.0,1.699951171876819,2.400390625,0.0,0.700439453123181
2024-03-20 18:45:00,0.0999755859375,0.7998046875,1.30078125,0.0,0.4010009765625
2024-03-20 19:00:00,0.0,0.900390625,1.298828125,0.0,0.3984375
2024-03-20 19:15:00,0.0,0.19970703125,0.30078125,0.0,0.10107421875
2024-03-20 19:45:00,0.0999755859375,1.00048828125,1.400390625,0.0,0.2999267578125
2024-03-20 20:15:00,0.0,0.5994873046875,0.798828125,0.0,0.1993408203125
2024-03-20 21:00:00,0.0999755859375,0.500244140625,1.0,0.0999755859375,0.2998046875
2024-03-20 21:15:00,0.0,0.0,0.30078125,0.0,0.30078125
2024-03-20 21:30:00,0.0,0.0,0.0,0.0,0.0
2024-03-20 22:15:00,0.10009765625,0.0,0.599609375,0.0,0.49951171875
2024-03-20 22:45:00,0.0,0.10003662109375,0.30078125,0.0,0.20074462890625
2024-03-20 23:30:00,0.0,0.0,0.400390625,0.10003662109375,0.30035400390625
2024-03-20 23:45:00,0.0999755859375,0.0,0.19921875,0.0,0.0992431640625
2024-03-21 01:15:00,0.0999755859375,0.0999755859375,0.80078125,0.0,0.600830078125
2024-03-21 01:30:00,0.0,0.0,0.099609375,0.0,0.099609375
2024-03-21 02:00:00,0.0,0.0,0.400390625,0.0,0.400390625
2024-03-21 02:30:00,0.0999755859375,0.0,0.19921875,0.0,0.0992431640625
2024-03-21 03:00:00,0.0,0.0,0.30078125,0.0999755859375,0.2008056640625
2024-03-21 03:15:00,0.0,0.0,0.099609375,0.0,0.099609375
2024-03-21 03:30:00,0.0,0.0,0.19921875,0.0,0.19921875
2024-03-21 04:00:00,0.0999755859375,0.10003662109375,0.30078125,0.0,0.10076904296875
2024-03-21 04:15:00,0.0,0.0,0.19921875,0.0,0.19921875
2024-03-21 04:30:00,0.0,0.09985351562681899,0.099609375,0.0,-0.0002441406268189894
2024-03-21 04:45:00,0.0,0.10009765624818101,0.30078125,0.0,0.200683593751819
2024-03-21 05:15:00,0.10009765625,0.199951171875,0.5,0.0,0.199951171875
2024-03-21 05:45:00,0.0,0.199951171876819,0.5,0.0999755859375,0.200073242185681
2024-03-21 06:15:00,0.0,0.200073242185681,0.400390625,0.0,0.200317382814319
2024-03-21 06:45:00,0.0999755859375,0.199951171873181,0.5,0.0,0.200073242189319
2024-03-21 07:00:00,0.0,0.10009765625181899,0.298828125,0.0,0.198730468748181
2024-03-21 08:00:00,0.0999755859375,1.700073242189319,2.701171875,0.0,0.901123046873181
2024-03-21 08:15:00,0.0999755859375,0.699951171873181,1.0,0.0,0.200073242189319
2024-03-21 08:45:00,0.0999755859375,1.1998291015625,2.0,0.10003662109375,0.60015869140625
2024-03-21 09:00:00,0.0,0.300048828123181,0.5,0.0,0.199951171876819
2024-03-21 09:15:00,0.0,0.300292968751819,0.599609375,0.0,0.299316406248181
2024-03-21 10:00:00,0.2000732421875,1.999755859375,3.30078125,0.0,1.1009521484375
2024-03-21 10:15:00,0.0,0.900146484373181,1.599609375,0.0,0.699462890626819
2024-03-21 10:30:00,0.0999755859375,0.99993896484375,1.798828125,0.0,0.69891357421875
2024-03-21 11:30:00,0.199951171875,2.899963378908069,5.0,0.0,1.900085449216931
2024-03-21 12:45:00,0.2000732421875,3.69989013671875,5.80078125,0.0999755859375,1.80084228515625
2024-03-21 13:00:00,0.0,0.20013427734375,0.5,0.0,0.29986572265625
2024-03-21 13:15:00,0.0,0.9000244140625,1.19921875,0.0,0.2991943359375
2024-03-21 13:30:00,0.0999755859375,1.39984130859375,2.201171875,0.0,0.70135498046875
2024-03-21 14:00:00,0.0,1.39971923828125,2.19921875,0.0,0.79949951171875
2024-03-21 14:45:00,0.0999755859375,2.7001953125,4.30078125,0.10003662109375,1.40057373046875
2024-03-21 15:00:00,0.0,0.3001708984375,0.400390625,0.0,0.1002197265625
2024-03-21 15:30:00,0.0999755859375,1.60028076171875,2.599609375,0.0,0.89935302734375
2024-03-21 16:00:00,0.0,1.800170898435681,2.599609375,0.0,0.799438476564319
2024-03-21 16:30:00,0.10009765625,1.899353027345569,3.0,0.0,1.000549316404431
2024-03-21 16:45:00,0.0,0.6998291015625,1.30078125,0.0,0.6009521484375
2024-03-21 17:15:00,0.0,1.60064697265625,2.3984375,0.0,0.79779052734375
2024-03-21 17:30:00,0.0999755859375,1.09991455078125,1.6015625,0.0,0.40167236328125
2024-03-21 18:00:00,0.0,1.69940185546875,2.298828125,0.0999755859375,0.49945068359375
2024-03-21 18:45:00,0.0999755859375,2.200073242185681,2.900390625,0.0,0.600341796876819
2024-03-21 19:00:00,0.0,0.80084228515625,1.30078125,0.0,0.49993896484375
2024-03-21 19:30:00,0.0,0.3994140625,0.69921875,0.0,0.2998046875
2024-03-21 19:45:00,0.0,0.0,0.19921875,0.0,0.19921875
2024-03-21 20:00:00,0.0,0.0,0.1015625,0.0,0.1015625
2024-03-21 20:15:00,0.0999755859375,0.0,0.19921875,0.0,0.0992431640625
2024-03-21 20:30:00,0.0,0.0,0.099609375,0.0,0.099609375
2024-03-21 21:15:00,0.0,0.09997558594113798,0.5,0.0999755859375,0.300048828121362
2024-03-21 21:45:00,0.0999755859375,0.0,0.30078125,0.0,0.2008056640625
2024-03-21 22:00:00,0.0,0.0,0.099609375,0.0,0.099609375
2024-03-21 22:30:00,0.0,0.0,0.400390625,0.0,0.400390625
2024-03-22 00:15:00,0.10009765625,0.10003662109193101,1.0,0.10003662109375,0.699829101564319
2024-03-22 00:30:00,0.0999755859375,0.0,0.19921875,0.0,0.0992431640625
2024-03-22 00:45:00,0.0,0.0,0.201171875,0.0,0.201171875
2024-03-22 01:30:00,0.0,0.0,0.3984375,0.0,0.3984375
2024-03-22 03:00:00,0.0999755859375,0.0999755859375,0.900390625,0.0999755859375,0.6004638671875
2024-03-22 04:30:00,0.199951171875,0.2001953125,0.900390625,0.0,0.500244140625
2024-03-22 05:00:00,0.0,0.2999267578125,0.400390625,0.0,0.1004638671875
2024-03-22 05:15:00,0.0,0.0,0.099609375,0.0,0.099609375
2024-03-22 05:30:00,0.0,0.199951171875,0.400390625,0.0,0.200439453125
2024-03-22 05:45:00,0.0,0.10009765625,0.19921875,0.0,0.09912109375
2024-03-22 06:00:00,0.10009765625,0.0,0.201171875,0.10003662109375,0.00103759765625
2024-03-22 06:15:00,0.0,0.099853515625,0.19921875,0.0,0.099365234375
2024-03-22 06:45:00,0.0,0.2001953125,0.599609375,0.0,0.3994140625
2024-03-22 07:45:00,0.0999755859375,1.699768066408069,2.599609375,0.0,0.799865722654431
2024-03-22 08:00:00,0.0,0.500244140623181,0.80078125,0.0,0.300537109376819
2024-03-22 08:15:00,0.0,0.3994140625,0.5,0.0,0.1005859375
2024-03-22 08:30:00,0.0999755859375,0.80078125,1.400390625,0.0,0.4996337890625
2024-03-22 08:45:00,0.0,0.299560546876819,0.5,0.0,0.200439453123181
2024-03-22 09:00:00,0.0999755859375,0.600341796873181,1.19921875,0.0,0.498901367189319
2024-03-22 09:15:00,0.0,0.299560546875,0.5,0.0999755859375,0.1004638671875
2024-03-22 09:30:00,0.0999755859375,0.599609375,1.0,0.0,0.3004150390625
2024-03-22 09:45:00,0.0,0.400390625,0.80078125,0.0,0.400390625
2024-03-22 10:00:00,0.10009765625,0.800537109375,1.099609375,0.0,0.198974609375
2024-03-22 10:15:00,0.0,1.199584960935681,2.099609375,0.0,0.900024414064319
2024-03-22 11:45:00,0.199951171875,3.800537109376819,6.599609375,0.0,2.599121093748181
2024-03-22 12:00:00,0.0999755859375,0.89990234375,1.5,0.0,0.5001220703125
2024-03-22 12:30:00,0.0999755859375,1.299072265625,2.1015625,0.0999755859375,0.6025390625
2024-03-22 12:45:00,0.0,0.200683593748181,0.3984375,0.0,0.197753906251819
2024-03-22 13:00:00,0.0,1.100280761720569,1.400390625,0.0,0.300109863279431
2024-03-22 13:30:00,0.10009765625,1.199951171876819,2.201171875,0.0,0.901123046873181
2024-03-22 13:45:00,0.0,0.699890136716931,0.798828125,0.0,0.09893798828306899
2024-03-22 14:00:00,0.0,0.499755859375,1.099609375,0.0,0.599853515625
2024-03-22 14:15:00,0.0,1.199707031251819,1.900390625,0.0,0.700683593748181
2024-03-22 15:00:00,0.0999755859375,2.000732421873181,3.201171875,0.0,1.100463867189319
2024-03-22 15:15:00,0.0,0.49951171875,0.69921875,0.0,0.19970703125
2024-03-22 15:45:00,0.0,1.4002685546875,2.19921875,0.10003662109375,0.69891357421875
2024-03-22 16:00:00,0.0999755859375,1.0,1.400390625,0.0,0.3004150390625
2024-03-22 17:00:00,0.0,2.2998046875,3.900390625,0.0,1.6005859375
2024-03-22 17:30:00,0.0999755859375,1.600341796875,2.400390625,0.0,0.7000732421875
2024-03-22 17:45:00,0.0,0.599365234373181,1.0,0.0,0.400634765626819
2024-03-22 18:00:00,0.0,0.400268554689319,0.5,0.0,0.09973144531068101
2024-03-22 18:15:00,0.0,0.699951171875,1.0,0.0999755859375,0.2000732421875
2024-03-22 18:30:00,0.0,0.099609375,0.298828125,0.0,0.19921875
2024-03-22 18:45:00,0.0,0.30029296875,0.5,0.0,0.19970703125
2024-03-22 19:30:00,0.0999755859375,0.199951171875,0.900390625,0.0,0.6004638671875
2024-03-22 20:00:00,0.0,0.0,0.400390625,0.0,0.400390625
2024-03-22 20:45:00,0.10009765625,0.10003662109375,0.5,0.0,0.29986572265625
2024-03-22 21:30:00,0.0,0.0,0.400390625,0.10003662109375,0.30035400390625
2024-03-22 21:45:00,0.0999755859375,0.0,0.099609375,0.0,-0.0003662109375
2024-03-22 22:45:00,0.0,0.10009765625,0.80078125,0.0,0.70068359375
2024-03-22 23:15:00,0.0999755859375,0.0999755859375,0.19921875,0.0,-0.000732421875
2024-03-23 00:15:00,0.0,0.0,0.80078125,0.0,0.80078125
2024-03-23 00:30:00,0.0999755859375,0.0,0.099609375,0.0999755859375,-0.100341796875
2024-03-23 01:00:00,0.0,0.0,0.298828125,0.0,0.298828125
2024-03-23 01:15:00,0.0,0.0,0.201171875,0.0,0.201171875
2024-03-23 01:30:00,0.0,0.0,0.19921875,0.0,0.19921875
2024-03-23 01:45:00,0.0,0.0,0.099609375,0.0,0.099609375
2024-03-23 02:00:00,0.0999755859375,0.10003662109375,0.201171875,0.0,0.00115966796875
2024-03-23 02:30:00,0.0,0.0,0.400390625,0.0,0.400390625
2024-03-23 02:45:00,0.0,0.0,0.099609375,0.0,0.099609375
2024-03-23 03:00:00,0.0,0.0,0.19921875,0.0,0.19921875
2024-03-23 03:15:00,0.0,0.0,0.0,0.0,0.0
2024-03-23 03:30:00,0.10009765625,0.0,0.201171875,0.0,0.10107421875
2024-03-23 04:15:00,0.0,0.0,0.5,0.0999755859375,0.4000244140625
2024-03-23 05:00:00,0.0999755859375,0.09997558593568101,0.5,0.0,0.300048828126819
2024-03-23 05:15:00,0.0,0.0,0.099609375,0.0,0.099609375
2024-03-23 05:45:00,0.0,0.0,0.298828125,0.0,0.298828125
2024-03-23 06:30:00,0.0999755859375,0.0,0.5,0.0,0.4000244140625
2024-03-23 06:45:00,0.0,0.0,0.400390625,0.10003662109375,0.30035400390625
2024-03-23 07:45:00,0.0999755859375,0.09997558594113798,0.599609375,0.0,0.399658203121362
2024-03-23 08:45:00,0.0,0.0,0.701171875,0.0,0.701171875
2024-03-23 09:00:00,0.0999755859375,0.0,0.099609375,0.0,-0.0003662109375
2024-03-23 09:45:00,0.0,0.10003662109193101,0.5,0.0999755859375,0.299987792970569
2024-03-23 10:30:00,0.10009765625,0.0,0.5,0.0,0.39990234375
2024-03-23 11:00:00,0.0,0.0,0.400390625,0.0,0.400390625
2024-03-23 11:15:00,0.0,0.0,0.19921875,0.0,0.19921875
2024-03-23 13:00:00,0.0999755859375,0.0999755859375,1.099609375,0.10003662109375,0.79962158203125
2024-03-23 13:45:00,0.0999755859375,0.0,0.6015625,0.0,0.5015869140625
2024-03-23 14:00:00,0.0,0.0,0.099609375,0.0,0.099609375
2024-03-23 14:15:00,0.0,0.0,0.099609375,0.0,0.099609375
2024-03-23 14:45:00,0.0999755859375,0.0,0.400390625,0.0,0.3004150390625
2024-03-23 16:00:00,0.0999755859375,0.10003662109375,0.798828125,0.0999755859375,0.49884033203125
2024-03-23 16:30:00,0.0,0.0,0.30078125,0.0,0.30078125
2024-03-23 16:45:00,0.0,0.0,0.30078125,0.0,0.30078125
2024-03-23 17:15:00,0.0,0.0,0.298828125,0.0,0.298828125
2024-03-23 19:00:00,0.2000732421875,0.09997558593568101,1.099609375,0.0999755859375,0.699584960939319
2024-03-23 19:15:00,0.0,0.0,0.1015625,0.0,0.1015625
2024-03-23 19:30:00,0.0,0.0,0.19921875,0.0,0.19921875
2024-03-23 20:30:00,0.0999755859375,0.09997558594113798,0.69921875,0.0,0.499267578121362
2024-03-23 21:00:00,0.0,0.0,0.30078125,0.0,0.30078125
2024-03-23 21:15:00,0.0,0.0,0.099609375,0.0,0.099609375
2024-03-23 21:45:00,0.0,0.0,0.30078125,0.0,0.30078125
2024-03-23 22:00:00,0.0999755859375,0.0,0.19921875,0.10003662109375,-0.00079345703125
2024-03-23 22:30:00,0.0,0.0,0.30078125,0.0,0.30078125
2024-03-23 23:45:00,0.0999755859375,0.10003662109193101,0.69921875,0.0,0.499206542970569
2024-03-24 01:00:00,0.10009765625,0.0,0.900390625,0.0,0.80029296875
2024-03-24 01:15:00,0.0,0.0,0.099609375,0.0999755859375,-0.0003662109375
2024-03-24 01:45:00,0.0,0.0999755859375,0.30078125,0.0,0.2008056640625
2024-03-24 02:00:00,0.0999755859375,0.0,0.19921875,0.0,0.0992431640625
2024-03-24 02:15:00,0.0,0.0,0.099609375,0.0,0.099609375
2024-03-24 03:00:00,0.0,0.0,0.5,0.0,0.5
2024-03-24 03:15:00,0.0,0.0,0.1015625,0.0,0.1015625
2024-03-24 03:30:00,0.0999755859375,0.0,0.19921875,0.0,0.0992431640625
2024-03-24 03:45:00,0.0,0.0,0.19921875,0.0,0.19921875
2024-03-24 04:15:00,0.0,0.10003662109375,0.1015625,0.10003662109375,-0.0985107421875
2024-03-24 04:30:00,0.0,0.0,0.19921875,0.0,0.19921875
2024-03-24 04:45:00,0.0,0.0,0.099609375,0.0,0.099609375
2024-03-24 05:30:00,0.0999755859375,0.300048828125,1.0,0.0,0.5999755859375
2024-03-24 06:00:00,0.0,0.0,0.30078125,0.0,0.30078125
2024-03-24 07:00:00,0.0999755859375,0.0999755859375,0.69921875,0.0999755859375,0.3992919921875
2024-03-24 07:30:00,0.0,0.0,0.201171875,0.0,0.201171875
2024-03-24 07:45:00,0.10009765625,0.0,0.19921875,0.0,0.09912109375
2024-03-24 08:30:00,0.0,0.19970703125,0.80078125,0.0,0.60107421875
2024-03-24 08:45:00,0.0,0.1005859375,0.19921875,0.0,0.0986328125
2024-03-24 09:00:00,0.0,0.0,0.099609375,0.0,0.099609375
2024-03-24 09:15:00,0.0999755859375,0.0999755859375,0.201171875,0.0,0.001220703125
2024-03-24 09:45:00,0.0,0.0,0.19921875,0.0,0.19921875
2024-03-24 10:00:00,0.0,0.0,0.099609375,0.0,0.099609375
2024-03-24 10:15:00,0.0,0.0,0.30078125,0.0999755859375,0.2008056640625
2024-03-24 10:30:00,0.0999755859375,0.0,0.19921875,0.0,0.0992431640625
2024-03-24 10:45:00,0.0,0.0,0.099609375,0.0,0.099609375
2024-03-24 11:00:00,0.0,0.0,0.201171875,0.0,0.201171875
2024-03-24 11:30:00,0.0,0.0,0.400390625,0.0,0.400390625
2024-03-24 12:45:00,0.0999755859375,0.10003662109375,0.798828125,0.0,0.59881591796875
2024-03-24 13:00:00,0.0,0.0,0.0,0.0,0.0
2024-03-24 13:15:00,0.0999755859375,0.0,0.30078125,0.10003662109375,0.10076904296875
2024-03-24 14:00:00,0.0,0.0,0.400390625,0.0,0.400390625
2024-03-24 15:15:00,0.10009765625,0.09997558593568101,0.8984375,0.0,0.698364257814319
2024-03-24 15:30:00,0.0,0.0,0.1015625,0.0,0.1015625
2024-03-24 16:00:00,0.0,0.0,0.3984375,0.0,0.3984375
2024-03-24 16:15:00,0.0999755859375,0.0,0.1015625,0.0,0.0015869140625
2024-03-24 17:15:00,0.0,0.10003662109738798,0.599609375,0.0999755859375,0.399597167965112
2024-03-24 17:45:00,0.0999755859375,0.0,0.298828125,0.0,0.1988525390625
2024-03-24 18:00:00,0.0,0.0,0.201171875,0.0,0.201171875
2024-03-24 18:45:00,0.0,0.0,0.400390625,0.0,0.400390625
2024-03-24 19:00:00,0.0999755859375,0.0,0.19921875,0.0,0.0992431640625
2024-03-24 19:30:00,0.0,0.0,0.30078125,0.10003662109375,0.20074462890625
2024-03-24 20:00:00,0.0,0.09997558593568101,0.3984375,0.0,0.298461914064319
2024-03-24 20:15:00,0.0,0.0,0.201171875,0.0,0.201171875
2024-03-24 20:30:00,0.0999755859375,0.0,0.099609375,0.0,-0.0003662109375
2024-03-24 21:00:00,0.0,0.0,0.30078125,0.0,0.30078125
2024-03-24 21:15:00,0.0,0.0,0.099609375,0.0,0.099609375
2024-03-24 21:45:00,0.0,0.0,0.298828125,0.0,0.298828125
2024-03-24 22:00:00,0.10009765625,0.0,0.201171875,0.0,0.10107421875
2024-03-24 22:30:00,0.0,0.0999755859375,0.298828125,0.0999755859375,0.098876953125
2024-03-24 22:45:00,0.0,0.0,0.1015625,0.0,0.1015625
2024-03-25 00:15:00,0.0999755859375,0.0,1.0,0.0,0.9000244140625
2024-03-25 00:30:00,0.0,0.0,0.0,0.0,0.0
2024-03-25 00:45:00,0.0999755859375,0.10003662109375,0.298828125,0.0,0.09881591796875
2024-03-25 01:30:00,0.0,0.0,0.400390625,0.0,0.400390625
2024-03-25 01:45:00,0.0,0.0,0.19921875,0.0999755859375,0.0992431640625
2024-03-25 02:00:00,0.0,0.0,0.1015625,0.0,0.1015625
2024-03-25 02:30:00,0.0999755859375,0.0,0.298828125,0.0,0.1988525390625
2024-03-25 02:45:00,0.0,0.0,0.30078125,0.0,0.30078125
2024-03-25 03:15:00,0.0,0.0,0.19921875,0.0,0.19921875
2024-03-25 03:30:00,0.0,0.09997558593568101,0.201171875,0.0,0.10119628906431899
2024-03-25 04:15:00,0.0999755859375,0.10009765625363798,0.5,0.0,0.299926757808862
2024-03-25 05:00:00,0.0,0.199951171873181,0.599609375,0.10003662109375,0.299621582033069
2024-03-25 05:45:00,0.10009765625,0.300048828126819,0.69921875,0.0,0.299072265623181
2024-03-25 06:00:00,0.0,0.199890136716931,0.5,0.0,0.300109863283069
2024-03-25 06:15:00,0.0,0.10009765625,0.201171875,0.0,0.10107421875
2024-03-25 06:30:00,0.0999755859375,0.099853515625,0.298828125,0.0,0.0989990234375
2024-03-25 07:00:00,0.0,0.10009765625181899,0.30078125,0.0,0.200683593748181
2024-03-25 07:15:00,0.0,0.10009765624818101,0.400390625,0.0,0.300292968751819
2024-03-25 07:30:00,0.0,1.0999755859375,1.298828125,0.0,0.1988525390625
2024-03-25 07:45:00,0.0,0.599609375,0.80078125,0.0999755859375,0.1011962890625
2024-03-25 08:00:00,0.0999755859375,0.600341796873181,1.099609375,0.0,0.399291992189319
2024-03-25 08:30:00,0.0,0.600097656251819,1.19921875,0.0,0.599121093748181
2024-03-25 09:00:00,0.0,1.1993408203125,1.6015625,0.0,0.4022216796875
2024-03-25 09:15:00,0.0999755859375,0.7998046875,1.5,0.0,0.6002197265625
2024-03-25 10:30:00,0.0999755859375,3.2001953125,5.5,0.0,2.1998291015625
2024-03-25 10:45:00,0.0,0.5,0.798828125,0.10003662109375,0.19879150390625
2024-03-25 11:00:00,0.0,1.100341796876819,1.900390625,0.0,0.800048828123181
2024-03-25 11:15:00,0.10009765625,0.2998046875,0.400390625,0.0,0.00048828125
2024-03-25 11:30:00,0.0,0.899780273435681,1.5,0.0,0.600219726564319
2024-03-25 12:00:00,0.0,1.400390625,2.19921875,0.0,0.798828125
2024-03-25 12:15:00,0.0999755859375,0.700439453123181,1.0,0.0,0.199584960939319
2024-03-25 12:30:00,0.0,0.899902343751819,1.400390625,0.0,0.500488281248181
2024-03-25 13:00:00,0.0,0.899902343748181,1.400390625,0.0,0.500488281251819
2024-03-25 13:15:00,0.0999755859375,0.599853515626819,1.099609375,0.0,0.399780273435681
2024-03-25 13:30:00,0.0,1.2001953125,1.900390625,0.0,0.7001953125
2024-03-25 13:45:00,0.0,0.69970703125,1.099609375,0.0999755859375,0.2999267578125
2024-03-25 14:00:00,0.0,0.799499511720569,1.099609375,0.0,0.300109863279431
2024-03-25 14:15:00,0.0999755859375,0.6005859375,1.201171875,0.0,0.5006103515625
2024-03-25 14:30:00,0.0,0.599975585935681,0.798828125,0.0,0.198852539064319
2024-03-25 15:00:00,0.0,1.30023193359375,2.30078125,0.0,1.00054931640625
2024-03-25 15:15:00,0.0999755859375,0.899536132814319,1.19921875,0.0,0.199707031248181
2024-03-25 15:45:00,0.0,1.200561523435681,2.0,0.0,0.799438476564319
2024-03-25 16:00:00,0.0,0.79925537109375,1.201171875,0.0,0.40191650390625
2024-03-25 17:15:00,0.2000732421875,4.10028076171875,6.19921875,0.0999755859375,1.79888916015625
2024-03-25 17:45:00,0.0,1.399658203125,2.099609375,0.0,0.699951171875
2024-03-25 18:15:00,0.0,0.89990234375,1.30078125,0.0,0.40087890625
2024-03-25 18:30:00,0.0999755859375,0.8004150390625,1.298828125,0.0,0.3984375
2024-03-25 18:45:00,0.0,0.399658203125,0.6015625,0.0,0.201904296875
2024-03-25 19:00:00,0.0,0.900634765625,1.298828125,0.0,0.398193359375
2024-03-25 19:15:00,0.0999755859375,0.0,0.201171875,0.0,0.1011962890625
2024-03-25 20:00:00,0.0,0.0,0.3984375,0.10003662109375,0.29840087890625
2024-03-25 20:15:00,0.0,0.0,0.201171875,0.0,0.201171875
2024-03-25 20:45:00,0.0999755859375,0.0,0.298828125,0.0,0.1988525390625
2024-03-25 21:00:00,0.0,0.0,0.1015625,0.0,0.1015625
2024-03-25 21:15:00,0.0,0.10003662109375,0.298828125,0.0,0.19879150390625
2024-03-25 22:00:00,0.10009765625,0.0,0.400390625,0.0,0.30029296875
2024-03-25 22:15:00,0.0,0.0,0.19921875,0.0,0.19921875
2024-03-25 22:45:00,0.0,0.0,0.201171875,0.0,0.201171875
2024-03-25 23:15:00,0.0,0.0,0.400390625,0.0999755859375,0.3004150390625
2024-03-25 23:30:00,0.0999755859375,0.0,0.099609375,0.0,-0.0003662109375
2024-03-25 23:45:00,0.0,0.0999755859375,0.298828125,0.0,0.1988525390625
2024-03-26 00:00:00,0.0,0.0,0.1015625,0.0,0.1015625
2024-03-26 00:15:00,0.0,0.0,0.19921875,0.0,0.19921875
2024-03-26 00:30:00,0.0,0.0,0.099609375,0.0,0.099609375
2024-03-26 01:15:00,0.0999755859375,0.0,0.5,0.0,0.4000244140625
2024-03-26 01:30:00,0.0,0.0,0.099609375,0.0,0.099609375
2024-03-26 01:45:00,0.0,0.0,0.1015625,0.0,0.1015625
2024-03-26 02:00:00,0.0,0.0,0.099609375,0.0,0.099609375
2024-03-26 02:30:00,0.0999755859375,0.10003662109193101,0.400390625,0.10003662109375,0.10034179687681899
2024-03-26 03:00:00,0.0,0.0,0.298828125,0.0,0.298828125
2024-03-26 03:15:00,0.0,0.0,0.099609375,0.0,0.099609375
2024-03-26 03:45:00,0.0999755859375,0.0,0.201171875,0.0,0.1011962890625
2024-03-26 04:00:00,0.0,0.0,0.19921875,0.0,0.19921875
2024-03-26 04:45:00,0.0,0.300048828126819,0.701171875,0.0,0.401123046873181
2024-03-26 05:45:00,0.10009765625,0.4996337890625,0.798828125,0.0999755859375,0.09912109375
2024-03-26 06:00:00,0.0,0.10009765625181899,0.400390625,0.0,0.300292968748181
2024-03-26 06:15:00,0.0,0.09985351562318101,0.30078125,0.0,0.200927734376819
2024-03-26 06:30:00,0.0,0.0,0.099609375,0.0,0.099609375
2024-03-26 06:45:00,0.0999755859375,0.10009765625,0.19921875,0.0,-0.0008544921875
2024-03-26 07:15:00,0.0,0.300048828126819,0.80078125,0.0,0.500732421873181
2024-03-26 07:30:00,0.0999755859375,0.699584960935681,1.099609375,0.0,0.300048828126819
2024-03-26 07:45:00,0.0,0.30029296875,0.30078125,0.0,0.00048828125
2024-03-26 08:15:00,0.0999755859375,0.999755859373181,1.69921875,0.0999755859375,0.499511718751819
2024-03-26 08:30:00,0.0,0.400390625,0.80078125,0.0,0.400390625
2024-03-26 08:45:00,0.0999755859375,0.899658203126819,1.3984375,0.0,0.398803710935681
2024-03-26 09:00:00,0.0,0.300537109373181,0.6015625,0.0,0.301025390626819
2024-03-26 09:45:00,0.10009765625,1.69915771484375,2.69921875,0.0,0.89996337890625
2024-03-26 10:00:00,0.0999755859375,1.1005859375,2.0,0.0,0.7994384765625
2024-03-26 10:15:00,0.0,0.500244140626819,0.80078125,0.0,0.300537109373181
2024-03-26 10:45:00,0.0999755859375,1.7994384765625,2.8984375,0.0,0.9990234375
2024-03-26 11:00:00,0.0999755859375,0.20068359375,0.400390625,0.0,0.0997314453125
2024-03-26 11:15:00,0.0,1.099609375,2.0,0.10003662109375,0.80035400390625
2024-03-26 11:30:00,0.0999755859375,0.599853515625,0.80078125,0.0,0.1009521484375
2024-03-26 11:45:00,0.0,0.400146484375,0.798828125,0.0,0.398681640625
2024-03-26 12:00:00,0.0,0.700439453125,1.1015625,0.0,0.401123046875
2024-03-26 12:15:00,0.10009765625,0.599609375,1.0,0.0,0.30029296875
2024-03-26 13:00:00,0.0999755859375,2.19970703125,3.298828125,0.0,0.9991455078125
2024-03-26 13:15:00,0.0999755859375,1.20062255859375,1.80078125,0.0,0.50018310546875
2024-03-26 13:30:00,0.0,0.299316406248181,0.400390625,0.0,0.10107421875181899
2024-03-26 14:00:00,0.0,1.900268554689319,3.0,0.0,1.099731445310681
2024-03-26 14:30:00,0.0999755859375,1.59991455078125,2.298828125,0.0999755859375,0.49896240234375
2024-03-26 14:45:00,0.0,0.1005859375,0.30078125,0.0,0.2001953125
2024-03-26 15:15:00,0.0,2.09991455078125,3.099609375,0.0,0.99969482421875
2024-03-26 15:30:00,0.0,0.399291992189319,0.80078125,0.0,0.401489257810681
2024-03-26 16:15:00,0.0999755859375,2.200317382810681,3.5,0.0,1.199707031251819
2024-03-26 16:30:00,0.0,0.5,0.69921875,0.0,0.19921875
2024-03-26 17:15:00,0.10009765625,1.999755859375,3.5,0.0,1.400146484375
2024-03-26 17:30:00,0.0,0.70068359375,1.0,0.10003662109375,0.19927978515625
2024-03-26 17:45:00,0.0,0.799499511720569,1.099609375,0.0,0.300109863279431
2024-03-26 18:15:00,0.0,1.499511718746362,2.400390625,0.0,0.900878906253638
2024-03-26 18:30:00,0.0999755859375,0.5009765625,0.599609375,0.0,-0.0013427734375
2024-03-26 19:00:00,0.0,1.800048828126819,2.599609375,0.0,0.799560546873181
2024-03-26 19:45:00,0.0999755859375,1.099365234373181,1.701171875,0.0,0.501831054689319
2024-03-26 20:00:00,0.0,0.300048828126819,0.5,0.0,0.199951171873181
2024-03-26 20:15:00,0.0,0.3006591796875,0.298828125,0.0,-0.0018310546875
2024-03-26 20:30:00,0.0,0.499267578125,0.900390625,0.0999755859375,0.3011474609375
2024-03-26 21:15:00,0.0999755859375,0.39990234375,0.80078125,0.0,0.3009033203125
2024-03-26 21:45:00,0.0,0.0,0.298828125,0.0,0.298828125
2024-03-26 22:00:00,0.0,0.0,0.1015625,0.0,0.1015625
2024-03-26 22:15:00,0.0,0.0,0.19921875,0.0,0.19921875
2024-03-26 23:00:00,0.0999755859375,0.10003662109375,0.5,0.0,0.29998779296875
2024-03-26 23:30:00,0.0,0.0,0.19921875,0.0999755859375,0.0992431640625
2024-03-26 23:45:00,0.0,0.0,0.201171875,0.0,0.201171875
2024-03-27 00:00:00,0.10009765625,0.0,0.19921875,0.0,0.09912109375
2024-03-27 00:30:00,0.0,0.0,0.201171875,0.0,0.201171875
2024-03-27 01:00:00,0.0,0.0,0.298828125,0.0,0.298828125
2024-03-27 01:15:00,0.0,0.0999755859375,0.30078125,0.0,0.2008056640625
2024-03-27 01:30:00,0.0999755859375,0.0,0.099609375,0.0,-0.0003662109375
2024-03-27 02:15:00,0.0,0.0,0.5,0.0,0.5
2024-03-27 02:45:00,0.0,0.0,0.19921875,0.10003662109375,0.09918212890625
2024-03-27 03:00:00,0.0999755859375,0.0,0.201171875,0.0,0.1011962890625
2024-03-27 03:30:00,0.0,0.0,0.298828125,0.0,0.298828125
2024-03-27 04:00:00,0.0,0.09997558593568101,0.30078125,0.0,0.200805664064319
2024-03-27 04:30:00,0.0999755859375,0.199951171876819,0.5,0.0,0.200073242185681
2024-03-27 05:00:00,0.0,0.10009765625,0.400390625,0.0,0.30029296875
2024-03-27 05:15:00,0.0,0.099853515625,0.298828125,0.0,0.198974609375
2024-03-27 05:30:00,0.0,0.10009765624818101,0.201171875,0.0999755859375,0.0010986328143189894
2024-03-27 05:45:00,0.0999755859375,0.09985351562681899,0.298828125,0.0,0.09899902343568101
2024-03-27 06:00:00,0.0,0.0,0.1015625,0.0,0.1015625
2024-03-27 06:15:00,0.0,0.2001953125,0.3984375,0.0,0.1982421875
2024-03-27 06:30:00,0.0,0.199890136716931,0.30078125,0.0,0.10089111328306899
2024-03-27 07:00:00,0.10009765625,0.10009765625363798,0.599609375,0.0,0.399414062496362
2024-03-27 07:45:00,0.0,1.400573730466931,2.099609375,0.0,0.699035644533069
2024-03-27 08:15:00,0.0999755859375,1.19921875,1.900390625,0.0,0.6011962890625
2024-03-27 09:30:00,0.0999755859375,2.500366210935681,3.900390625,0.10003662109375,1.200012207033069
2024-03-27 10:15:00,0.0999755859375,1.999755859376819,3.69921875,0.0,1.599487304685681
2024-03-27 10:45:00,0.0,2.0,3.30078125,0.0,1.30078125
2024-03-27 11:00:00,0.0,0.1005859375,0.5,0.0,0.3994140625
2024-03-27 11:15:00,0.0999755859375,1.199462890623181,2.099609375,0.0,0.800170898439319
2024-03-27 11:30:00,0.0,0.800476074220569,1.201171875,0.0,0.400695800779431
2024-03-27 11:45:00,0.0,0.500244140623181,0.798828125,0.0999755859375,0.198608398439319
2024-03-27 12:00:00,0.0,0.499755859376819,0.701171875,0.0,0.201416015623181
2024-03-27 12:15:00,0.10009765625,0.599853515623181,1.099609375,0.0,0.399658203126819
2024-03-27 12:45:00,0.0,1.499755859376819,2.19921875,0.0,0.699462890623181
2024-03-27 13:00:00,0.0,1.20068359375,1.80078125,0.0,0.60009765625
2024-03-27 13:15:00,0.0,0.599609375,1.099609375,0.0,0.5
2024-03-27 13:30:00,0.0999755859375,0.699462890626819,1.19921875,0.0,0.399780273435681
2024-03-27 14:15:00,0.0,2.400634765623181,4.1015625,0.0,1.700927734376819
2024-03-27 14:30:00,0.0,0.699462890623181,1.3984375,0.0,0.698974609376819
2024-03-27 14:45:00,0.0,0.700866699220569,1.201171875,0.0999755859375,0.400329589841931
2024-03-27 15:00:00,0.0999755859375,0.599609375,0.798828125,0.0,0.0992431640625
2024-03-27 15:45:00,0.0,2.4002685546875,4.0,0.0,1.5997314453125
2024-03-27 16:00:00,0.0,0.699462890625,1.201171875,0.0,0.501708984375
2024-03-27 16:45:00,0.0999755859375,2.20062255859375,3.69921875,0.0,1.39862060546875
2024-03-27 17:15:00,0.0,0.79931640625,1.599609375,0.0,0.80029296875
2024-03-27 17:45:00,0.0999755859375,1.700439453123181,2.701171875,0.10003662109375,0.800720214845569
2024-03-27 18:00:00,0.0,1.0,1.400390625,0.0,0.400390625
2024-03-27 18:30:00,0.0,0.899902343753638,1.298828125,0.0,0.398925781246362
2024-03-27 19:00:00,0.10009765625,0.999755859373181,1.900390625,0.0,0.800537109376819
2024-03-27 19:30:00,0.0,0.1998291015625,0.400390625,0.0,0.2005615234375
2024-03-27 19:45:00,0.0,0.0,0.099609375,0.0,0.099609375
2024-03-27 20:00:00,0.0,0.0,0.099609375,0.0,0.099609375
2024-03-27 20:30:00,0.0,0.0,0.30078125,0.0,0.30078125
2024-03-27 21:15:00,0.0999755859375,0.0,0.5,0.0999755859375,0.300048828125
2024-03-27 21:30:00,0.0,0.0,0.19921875,0.0,0.19921875
2024-03-27 21:45:00,0.0,0.0,0.099609375,0.0,0.099609375
2024-03-27 22:30:00,0.0999755859375,0.0999755859375,0.701171875,0.0,0.501220703125
2024-03-27 22:45:00,0.0,0.0,0.099609375,0.0,0.099609375
2024-03-27 23:00:00,0.0,0.0,0.30078125,0.0,0.30078125
2024-03-27 23:30:00,0.0999755859375,0.0,0.19921875,0.0,0.0992431640625
2024-03-28 00:30:00,0.0,0.10003662109375,0.69921875,0.10003662109375,0.4991455078125
2024-03-28 00:45:00,0.0,0.0,0.0,0.0,0.0
2024-03-28 01:00:00,0.0999755859375,0.0,0.201171875,0.0,0.1011962890625
2024-03-28 01:15:00,0.0,0.0,0.298828125,0.0,0.298828125
2024-03-28 01:30:00,0.0,0.0,0.1015625,0.0,0.1015625
2024-03-28 02:00:00,0.0,0.0,0.298828125,0.0,0.298828125
2024-03-28 02:30:00,0.10009765625,0.0,0.30078125,0.0,0.20068359375
2024-03-28 02:45:00,0.0,0.0,0.099609375,0.0,0.099609375
2024-03-28 03:30:00,0.0999755859375,0.09997558593568101,0.69921875,0.0999755859375,0.399291992189319
2024-03-28 04:15:00,0.0,0.0,0.400390625,0.0,0.400390625
2024-03-28 05:00:00,0.0,0.300537109376819,0.80078125,0.0,0.500244140623181
2024-03-28 05:15:00,0.0999755859375,0.10009765625,0.19921875,0.0,-0.0008544921875
2024-03-28 06:30:00,0.0999755859375,0.60003662109375,1.400390625,0.0999755859375,0.60040283203125
2024-03-28 07:00:00,0.0,0.199951171876819,0.80078125,0.0,0.600830078123181
2024-03-28 07:30:00,0.0,0.799316406246362,1.599609375,0.0,0.800292968753638
2024-03-28 07:45:00,0.0999755859375,0.30078125,0.298828125,0.0,-0.1019287109375
2024-03-28 08:00:00,0.0,0.7998046875,1.5,0.0,0.7001953125
2024-03-28 08:15:00,0.0,0.199462890626819,0.5,0.0,0.300537109373181
2024-03-28 08:30:00,0.0,0.5003662109375,0.6015625,0.0,0.1011962890625
2024-03-28 09:00:00,0.10009765625,1.200439453125,2.298828125,0.10003662109375,0.89825439453125
2024-03-28 09:15:00,0.0,0.4990234375,0.701171875,0.0,0.2021484375
2024-03-28 09:30:00,0.0,0.80029296875,1.19921875,0.0,0.39892578125
2024-03-28 09:45:00,0.0,0.70068359375,1.099609375,0.0,0.39892578125
2024-03-28 10:45:00,0.0999755859375,2.8992919921875,5.201171875,0.0,2.201904296875
2024-03-28 11:30:00,0.0999755859375,1.900146484376819,3.298828125,0.0,1.298706054685681
2024-03-28 11:45:00,0.0,0.7001953125,1.201171875,0.0,0.5009765625
2024-03-28 12:30:00,0.0999755859375,2.300292968746362,3.69921875,0.0999755859375,1.198974609378638
2024-03-28 12:45:00,0.0,1.0,1.5,0.0,0.5
2024-03-28 13:00:00,0.0999755859375,0.399169921876819,0.900390625,0.0,0.401245117185681
2024-03-28 13:30:00,0.0,1.70037841796875,2.900390625,0.0,1.20001220703125
2024-03-28 14:00:00,0.0,1.0999755859375,1.599609375,0.0,0.4996337890625
2024-03-28 14:30:00,0.10009765625,1.90045166015625,3.298828125,0.0,1.29827880859375
2024-03-28 15:30:00,0.0,2.3997802734375,3.80078125,0.10003662109375,1.30096435546875
2024-03-28 15:45:00,0.0,0.8992919921875,1.69921875,0.0,0.7999267578125
2024-03-28 16:15:00,0.0999755859375,1.60089111328125,2.30078125,0.0,0.59991455078125
2024-03-28 16:30:00,0.0,1.0,1.5,0.0,0.5
2024-03-28 16:45:00,0.0,0.599609375,1.19921875,0.0,0.599609375
2024-03-28 17:00:00,0.0,0.69970703125,1.1015625,0.0,0.40185546875
2024-03-28 17:30:00,0.0999755859375,1.300048828125,2.099609375,0.0,0.6995849609375
2024-03-28 17:45:00,0.0,0.700439453125,1.099609375,0.0,0.399169921875
2024-03-28 18:00:00,0.0,0.699462890625,1.0,0.0,0.300537109375
2024-03-28 18:15:00,0.0,0.80072021484375,1.0,0.0999755859375,0.09930419921875
2024-03-28 19:15:00,0.0999755859375,2.699951171875,3.900390625,0.0,1.1004638671875
2024-03-28 19:30:00,0.0,0.10009765625,0.400390625,0.0,0.30029296875
2024-03-28 20:00:00,0.0999755859375,0.79931640625,1.099609375,0.0,0.2003173828125
2024-03-28 20:15:00,0.0,0.400390625,0.5,0.0,0.099609375
2024-03-28 20:30:00,0.0,0.099609375,0.19921875,0.0,0.099609375
2024-03-28 20:45:00,0.0,0.6007080078125,0.80078125,0.0,0.2000732421875
2024-03-28 21:15:00,0.10009765625,0.0,0.298828125,0.0999755859375,0.0987548828125
2024-03-28 21:45:00,0.0,0.0,0.201171875,0.0,0.201171875
2024-03-28 22:15:00,0.0,0.0,0.298828125,0.0,0.298828125
2024-03-28 22:30:00,0.0,0.0,0.30078125,0.0,0.30078125
2024-03-28 22:45:00,0.0,0.0,0.099609375,0.0,0.099609375
2024-03-28 23:00:00,0.0999755859375,0.0,0.201171875,0.0,0.1011962890625
2024-03-28 23:15:00,0.0,0.0,0.099609375,0.0,0.099609375
2024-03-28 23:30:00,0.0,0.0999755859375,0.19921875,0.0,0.0992431640625
2024-03-28 23:45:00,0.0,0.0,0.201171875,0.0,0.201171875
2024-03-29 00:00:00,0.0,0.0,0.19921875,0.0,0.19921875
2024-03-29 00:15:00,0.0999755859375,0.0,0.099609375,0.10003662109375,-0.10040283203125
2024-03-29 00:30:00,0.0,0.0,0.201171875,0.0,0.201171875
2024-03-29 01:00:00,0.0,0.0,0.19921875,0.0,0.19921875
2024-03-29 01:15:00,0.0,0.0,0.30078125,0.0,0.30078125
2024-03-29 02:00:00,0.0999755859375,0.10003662109375,0.5,0.0,0.29998779296875
2024-03-29 02:30:00,0.0,0.0,0.19921875,0.0,0.19921875
2024-03-29 02:45:00,0.0,0.0,0.19921875,0.0,0.19921875
2024-03-29 03:00:00,0.0,0.0,0.1015625,0.0,0.1015625
2024-03-29 03:15:00,0.0999755859375,0.0,0.298828125,0.0,0.1988525390625
2024-03-29 03:30:00,0.0,0.0,0.0,0.0999755859375,-0.0999755859375
2024-03-29 03:45:00,0.0,0.0,0.201171875,0.0,0.201171875
2024-03-29 04:15:00,0.0,0.0,0.298828125,0.0,0.298828125
2024-03-29 05:15:00,0.10009765625,0.4998779296875,1.099609375,0.0,0.4996337890625
2024-03-29 05:30:00,0.0,0.0,0.1015625,0.0,0.1015625
2024-03-29 05:45:00,0.0,0.10009765625,0.19921875,0.0,0.09912109375
2024-03-29 06:00:00,0.0999755859375,0.10009765625,0.19921875,0.0,-0.0008544921875
2024-03-29 06:15:00,0.0,0.099853515625,0.400390625,0.0,0.300537109375
2024-03-29 06:30:00,0.0,0.10009765625,0.400390625,0.10003662109375,0.20025634765625
2024-03-29 06:45:00,0.0,0.099853515625,0.099609375,0.0,-0.000244140625
2024-03-29 07:00:00,0.0,0.0,0.201171875,0.0,0.201171875
2024-03-29 07:15:00,0.0999755859375,0.59942626953125,0.798828125,0.0,0.09942626953125
2024-03-29 07:45:00,0.0,1.200439453125,1.900390625,0.0,0.699951171875
2024-03-29 08:15:00,0.0,0.7998046875,1.30078125,0.0,0.5009765625
2024-03-29 08:30:00,0.0,0.7998046875,1.099609375,0.0,0.2998046875
2024-03-29 09:00:00,0.0999755859375,0.60009765625,1.099609375,0.0,0.3995361328125
2024-03-29 09:30:00,0.0,1.700439453125,2.80078125,0.0999755859375,1.0003662109375
2024-03-29 09:45:00,0.0,0.19970703125,0.3984375,0.0,0.19873046875
2024-03-29 10:15:00,0.0999755859375,1.7003173828125,2.400390625,0.0,0.60009765625
2024-03-29 10:45:00,0.10009765625,1.299072265625,2.201171875,0.0,0.802001953125
2024-03-29 11:00:00,0.0,0.900146484375,1.5,0.0,0.599853515625
2024-03-29 11:15:00,0.0,0.500244140625,0.69921875,0.0,0.198974609375
2024-03-29 11:30:00,0.0,0.600341796875,1.0,0.0,0.399658203125
2024-03-29 12:30:00,0.199951171875,2.999755859375,4.400390625,0.0999755859375,1.1007080078125
2024-03-29 12:45:00,0.0,0.200439453125,0.298828125,0.0,0.098388671875
2024-03-29 13:30:00,0.0999755859375,2.39990234375,3.80078125,0.0,1.3009033203125
2024-03-29 14:00:00,0.0,1.099609375,1.69921875,0.0,0.599609375
2024-03-29 14:30:00,0.0999755859375,1.1005859375,1.701171875,0.0,0.5006103515625
2024-03-29 14:45:00,0.0,1.198974609375,1.69921875,0.0,0.500244140625
2024-03-29 15:00:00,0.0,0.700927734375,0.900390625,0.0,0.199462890625
2024-03-29 15:15:00,0.0,0.699462890625,1.099609375,0.0,0.400146484375
2024-03-29 15:30:00,0.0,0.400146484375,0.599609375,0.0,0.199462890625
2024-03-29 15:45:00,0.0,0.700439453125,1.0,0.10003662109375,0.19952392578125
2024-03-29 16:15:00,0.10009765625,1.299072265625,2.0,0.0,0.600830078125
2024-03-29 16:45:00,0.0,1.500732421875,2.1015625,0.0,0.600830078125
2024-03-29 17:00:00,0.0,0.69970703125,1.298828125,0.0,0.59912109375
2024-03-29 17:15:00,0.0999755859375,0.80029296875,0.900390625,0.0,0.0001220703125
2024-03-29 17:30:00,0.0,0.199462890625,0.30078125,0.0,0.101318359375
2024-03-29 18:15:00,0.0,2.00048828125,2.798828125,0.0,0.79833984375
2024-03-29 18:45:00,0.0999755859375,0.2998046875,0.599609375,0.0999755859375,0.099853515625
2024-03-29 19:15:00,0.0,0.099853515625,0.701171875,0.0,0.601318359375
2024-03-29 20:30:00,0.0999755859375,0.0,0.599609375,0.0,0.4996337890625
2024-03-29 21:00:00,0.0,0.0,0.30078125,0.0,0.30078125
2024-03-29 22:00:00,0.0999755859375,0.0,0.599609375,0.10003662109375,0.39959716796875
2024-03-29 22:15:00,0.0,0.0,0.099609375,0.0,0.099609375
2024-03-29 22:30:00,0.0,0.0,0.0,0.0,0.0
2024-03-29 23:30:00,0.10009765625,0.0,0.599609375,0.0,0.49951171875
2024-03-30 00:15:00,0.0999755859375,0.0,0.400390625,0.0,0.3004150390625
2024-03-30 00:30:00,0.0,0.0,0.099609375,0.0,0.099609375
2024-03-30 00:45:00,0.0,0.0,0.099609375,0.0,0.099609375
2024-03-30 01:00:00,0.0,0.0,0.201171875,0.0999755859375,0.1011962890625
2024-03-30 01:45:00,0.0999755859375,0.0,0.400390625,0.0,0.3004150390625
2024-03-30 02:00:00,0.0,0.0,0.0,0.0,0.0
2024-03-30 02:15:00,0.0,0.0,0.19921875,0.0,0.19921875
2024-03-30 02:30:00,0.0,0.0,0.099609375,0.0,0.099609375
2024-03-30 03:00:00,0.0,0.0,0.201171875,0.0,0.201171875
2024-03-30 03:15:00,0.0999755859375,0.0,0.099609375,0.0,-0.0003662109375
2024-03-30 03:30:00,0.0,0.0,0.099609375,0.0,0.099609375
2024-03-30 04:15:00,0.0,0.0,0.5,0.0999755859375,0.4000244140625
2024-03-30 04:45:00,0.0999755859375,0.0,0.099609375,0.0,-0.0003662109375
2024-03-30 06:30:00,0.10009765625,0.0,1.099609375,0.0,0.99951171875
2024-03-30 06:45:00,0.0,0.0,0.1015625,0.0,0.1015625
2024-03-30 07:00:00,0.0,0.0,0.19921875,0.10003662109375,0.09918212890625
2024-03-30 08:15:00,0.0999755859375,0.10009765625,0.5,0.0,0.2999267578125
2024-03-30 09:00:00,0.0999755859375,0.19970703125,0.69921875,0.0,0.3995361328125
2024-03-30 09:15:00,0.0,0.0,0.1015625,0.0,0.1015625
2024-03-30 09:30:00,0.0,0.0,0.19921875,0.0,0.19921875
2024-03-30 09:45:00,0.0,0.0,0.099609375,0.0,0.099609375
2024-03-30 10:15:00,0.0999755859375,0.1005859375,0.30078125,0.0999755859375,0.000244140625
2024-03-30 10:30:00,0.0,0.0,0.099609375,0.0,0.099609375
2024-03-30 10:45:00,0.0,0.0,0.099609375,0.0,0.099609375
2024-03-30 11:45:00,0.0999755859375,0.0,0.599609375,0.0,0.4996337890625
2024-03-30 13:00:00,0.10009765625,0.0,0.701171875,0.10003662109375,0.50103759765625
2024-03-30 13:15:00,0.0,0.0,0.0,0.0,0.0
2024-03-30 13:30:00,0.0,0.0,0.19921875,0.0,0.19921875
2024-03-30 13:45:00,0.0,0.0,0.201171875,0.0,0.201171875
2024-03-30 14:00:00,0.0,0.0,0.099609375,0.0,0.099609375
2024-03-30 14:15:00,0.0,0.0,0.0,0.0,0.0
2024-03-30 14:30:00,0.0999755859375,0.0,0.298828125,0.0,0.1988525390625
2024-03-30 14:45:00,0.0,0.0,0.1015625,0.0,0.1015625
2024-03-30 15:30:00,0.0,0.0,0.298828125,0.0,0.298828125
2024-03-30 15:45:00,0.0999755859375,0.0,0.201171875,0.0,0.1011962890625
2024-03-30 19:30:00,0.199951171875,0.0,1.798828125,0.199951171875,1.39892578125
2024-03-30 19:45:00,0.0,0.0,0.0,0.0,0.0
2024-03-30 20:15:00,0.10009765625,0.0,0.5,0.0,0.39990234375
2024-03-30 20:30:00,0.0,0.0,0.099609375,0.0,0.099609375
2024-03-30 20:45:00,0.0,0.0,0.0,0.0,0.0
2024-03-30 21:00:00,0.0,0.0,0.201171875,0.0,0.201171875
2024-03-30 21:15:00,0.0,0.0,0.099609375,0.0,0.099609375
2024-03-30 21:45:00,0.0999755859375,0.0,0.30078125,0.0,0.2008056640625
2024-03-30 22:15:00,0.0,0.0,0.099609375,0.0,0.099609375
2024-03-30 22:45:00,0.0,0.0,0.298828125,0.10003662109375,0.19879150390625
2024-03-31 00:00:00,0.0999755859375,0.0,0.6015625,0.0,0.5015869140625
2024-03-31 00:15:00,0.0999755859375,0.0,0.19921875,0.0,0.0992431640625
2024-03-31 00:45:00,0.0,0.0,0.099609375,0.0,0.099609375
2024-03-31 01:00:00,0.0,0.0,0.30078125,0.0,0.30078125
2024-03-31 01:45:00,0.0999755859375,0.0,0.400390625,0.0999755859375,0.200439453125
2024-03-31 02:00:00,0.0,0.0,0.099609375,0.0,0.099609375
2024-03-31 03:45:00,0.10009765625,0.0,0.798828125,0.0,0.69873046875
2024-03-31 04:00:00,0.0,0.0,0.1015625,0.0,0.1015625
2024-03-31 04:45:00,0.0999755859375,0.0,0.3984375,0.10003662109375,0.19842529296875
2024-03-31 05:00:00,0.0,0.0,0.1015625,0.0,0.1015625
2024-03-31 05:15:00,0.0,0.0,0.099609375,0.0,0.099609375
2024-03-31 05:30:00,0.0,0.10009765625,0.099609375,0.0,-0.00048828125
2024-03-31 05:45:00,0.0,0.0,0.30078125,0.0,0.30078125
2024-03-31 06:15:00,0.0999755859375,0.0,0.19921875,0.0,0.0992431640625
2024-03-31 06:30:00,0.0,0.0,0.19921875,0.0,0.19921875
2024-03-31 06:45:00,0.0,0.0,0.0,0.0,0.0
2024-03-31 07:15:00,0.0,0.0,0.30078125,0.0,0.30078125
2024-03-31 07:30:00,0.0999755859375,0.0,0.099609375,0.0999755859375,-0.100341796875
2024-03-31 07:45:00,0.0,0.0,0.201171875,0.0,0.201171875
2024-03-31 08:00:00,0.0,0.0,0.099609375,0.0,0.099609375
2024-03-31 08:15:00,0.0,0.0,0.099609375,0.0,0.099609375
2024-03-31 08:30:00,0.0,0.0,0.099609375,0.0,0.099609375
2024-03-31 09:00:00,0.0999755859375,0.0,0.30078125,0.0,0.2008056640625
2024-03-31 09:15:00,0.0,0.0,0.099609375,0.0,0.099609375
2024-03-31 09:45:00,0.0,0.0,0.30078125,0.0,0.30078125
2024-03-31 10:45:00,0.10009765625,0.0,0.5,0.0999755859375,0.2999267578125
2024-03-31 11:15:00,0.0,0.0,0.298828125,0.0,0.298828125
2024-03-31 11:30:00,0.0999755859375,0.0,0.201171875,0.0,0.1011962890625
2024-03-31 11:45:00,0.0,0.0,0.0,0.0,0.0
2024-03-31 12:00:00,0.0,0.0,0.099609375,0.0,0.099609375
2024-03-31 12:15:00,0.0,0.0,0.19921875,0.0,0.19921875
2024-03-31 12:30:00,0.0,0.0,0.201171875,0.0,0.201171875
2024-03-31 12:45:00,0.0,0.0,0.099609375,0.0,0.099609375
2024-03-31 13:00:00,0.0999755859375,0.0,0.19921875,0.0,0.0992431640625
2024-03-31 13:30:00,0.0,0.0,0.201171875,0.0,0.201171875
2024-03-31 13:45:00,0.0,0.0,0.19921875,0.10003662109375,0.09918212890625
2024-03-31 14:15:00,0.0,0.0,0.19921875,0.0,0.19921875
2024-03-31 14:45:00,0.0999755859375,0.0,0.30078125,0.0,0.2008056640625
2024-03-31 15:00:00,0.0,0.0,0.0,0.0,0.0
2024-03-31 15:15:00,0.0,0.0,0.19921875,0.0,0.19921875
2024-03-31 15:30:00,0.0,0.0,0.1015625,0.0,0.1015625
2024-03-31 15:45:00,0.0,0.0,0.099609375,0.0,0.099609375
2024-03-31 16:30:00,0.0999755859375,0.0,0.400390625,0.0,0.3004150390625
2024-03-31 17:00:00,0.0,0.0,0.298828125,0.0999755859375,0.1988525390625
2024-03-31 17:30:00,0.10009765625,0.0,0.201171875,0.0,0.10107421875
2024-03-31 17:45:00,0.0,0.0,0.099609375,0.0,0.099609375
2024-03-31 18:15:00,0.0,0.0,0.19921875,0.0,0.19921875
2024-03-31 19:00:00,0.0999755859375,0.0,0.400390625,0.0,0.3004150390625
2024-03-31 19:15:00,0.0,0.0,0.099609375,0.0,0.099609375
2024-03-31 19:45:00,0.0,0.0,0.400390625,0.10003662109375,0.30035400390625
2024-03-31 20:30:00,0.0999755859375,0.0,0.30078125,0.0,0.2008056640625
2024-03-31 20:45:00,0.0,0.0,0.099609375,0.0,0.099609375
2024-03-31 21:00:00,0.0,0.0,0.099609375,0.0,0.099609375
2024-03-31 21:15:00,0.0,0.0,0.19921875,0.0,0.19921875
2024-03-31 21:30:00,0.0999755859375,0.0,0.201171875,0.0,0.1011962890625
2024-03-31 22:30:00,0.0,0.0,0.400390625,0.0,0.400390625
2024-03-31 22:45:00,0.0999755859375,0.0,0.19921875,0.0999755859375,-0.000732421875
2024-03-31 23:00:00,0.0,0.0,0.099609375,0.0,0.099609375
2024-03-31 23:15:00,0.0,0.0,0.0,0.0,0.0
2024-03-31 23:30:00,0.0,0.0,0.099609375,0.0,0.099609375
2024-04-01 00:00:00,0.0,0.0,0.30078125,0.0,0.30078125
2024-04-01 00:15:00,0.10009765625,0.0,0.099609375,0.0,-0.00048828125
2024-04-01 00:30:00,0.0,0.0,0.201171875,0.0,0.201171875
2024-04-01 00:45:00,0.0,0.0,0.099609375,0.0,0.099609375
2024-04-01 01:00:00,0.0,0.0,0.19921875,0.0,0.19921875
2024-04-01 01:15:00,0.0,0.0,0.099609375,0.0,0.099609375
2024-04-01 01:45:00,0.0999755859375,0.0,0.30078125,0.0,0.2008056640625
2024-04-01 02:00:00,0.0,0.0,0.0,0.0999755859375,-0.0999755859375
2024-04-01 02:15:00,0.0,0.0,0.19921875,0.0,0.19921875
2024-04-01 02:30:00,0.0,0.0,0.1015625,0.0,0.1015625
2024-04-01 02:45:00,0.0,0.0,0.099609375,0.0,0.099609375
2024-04-01 03:30:00,0.0999755859375,0.0,0.298828125,0.0,0.1988525390625
2024-04-01 03:45:00,0.0,0.0,0.1015625,0.0,0.1015625
2024-04-01 04:00:00,0.0,0.0,0.19921875,0.0,0.19921875
2024-04-01 05:00:00,0.0999755859375,0.300048828125,0.80078125,0.10003662109375,0.30072021484375
2024-04-01 05:15:00,0.0,0.099853515625,0.19921875,0.0,0.099365234375
2024-04-01 05:45:00,0.0,0.199951171875,0.5,0.0,0.300048828125
2024-04-01 06:00:00,0.0999755859375,0.10009765625,0.30078125,0.0,0.1007080078125
2024-04-01 06:15:00,0.0,0.10009765625,0.19921875,0.0,0.09912109375
2024-04-01 07:00:00,0.0,0.599609375,1.0,0.0,0.400390625
2024-04-01 07:30:00,0.10009765625,0.69970703125,1.19921875,0.0,0.3994140625
2024-04-01 08:00:00,0.0999755859375,0.999755859375,1.5,0.0999755859375,0.30029296875
2024-04-01 09:15:00,0.199951171875,2.400634765625,3.701171875,0.0,1.1005859375
2024-04-01 09:30:00,0.0999755859375,1.00048828125,1.798828125,0.0,0.6983642578125
2024-04-01 09:45:00,0.0,0.69921875,1.1015625,0.0,0.40234375
2024-04-01 10:00:00,0.10009765625,0.200439453125,0.3984375,0.0,0.097900390625
2024-04-01 11:15:00,0.0999755859375,3.699951171875,5.900390625,0.10003662109375,2.00042724609375
2024-04-01 12:00:00,0.0999755859375,1.999755859375,3.099609375,0.0,0.9998779296875
2024-04-01 12:15:00,0.0,0.89990234375,1.400390625,0.0,0.50048828125
2024-04-01 13:00:00,0.0999755859375,1.700439453125,2.701171875,0.0,0.9007568359375
2024-04-01 13:15:00,0.0,0.89990234375,1.3984375,0.0,0.49853515625
2024-04-01 14:30:00,0.0999755859375,3.69952392578125,5.5,0.0999755859375,1.60052490234375
2024-04-01 14:45:00,0.0,0.2005615234375,0.400390625,0.0,0.1998291015625
2024-04-01 15:00:00,0.0,1.29974365234375,1.80078125,0.0,0.50103759765625
2024-04-01 15:45:00,0.10009765625,2.19970703125,3.298828125,0.0,0.9990234375
2024-04-01 16:30:00,0.0,2.20037841796875,3.30078125,0.0,1.10040283203125
2024-04-01 16:45:00,0.0,0.099609375,0.400390625,0.0,0.30078125
2024-04-01 17:30:00,0.0999755859375,2.5,3.798828125,0.0999755859375,1.098876953125
2024-04-01 17:45:00,0.0,0.700439453125,1.1015625,0.0,0.401123046875
2024-04-01 18:15:00,0.0,1.099609375,1.599609375,0.0,0.5
2024-04-01 18:30:00,0.0999755859375,0.60009765625,0.900390625,0.0,0.2003173828125
2024-04-01 19:00:00,0.0,1.39990234375,2.19921875,0.0,0.79931640625
2024-04-01 19:15:00,0.0,0.700439453125,0.900390625,0.0,0.199951171875
2024-04-01 19:30:00,0.0,0.199462890625,0.298828125,0.0,0.099365234375
2024-04-01 20:00:00,0.0999755859375,0.30029296875,0.80078125,0.0,0.4005126953125
2024-04-01 20:15:00,0.0,0.0,0.0,0.10003662109375,-0.10003662109375
2024-04-01 20:30:00,0.0,0.0,0.19921875,0.0,0.19921875
2024-04-01 21:00:00,0.0,0.0,0.30078125,0.0,0.30078125
2024-04-01 21:15:00,0.0999755859375,0.0,0.19921875,0.0,0.0992431640625
2024-04-01 21:30:00,0.0,0.0,0.1015625,0.0,0.1015625
2024-04-01 21:45:00,0.0,0.0,0.099609375,0.0,0.099609375
2024-04-01 22:15:00,0.0,0.0,0.298828125,0.0,0.298828125
2024-04-01 22:45:00,0.10009765625,0.0,0.400390625,0.0,0.30029296875
2024-04-01 23:00:00,0.0,0.0,0.099609375,0.0,0.099609375
2024-04-01 23:45:00,0.0,0.0,0.5,0.0999755859375,0.4000244140625
2024-04-02 00:00:00,0.0,0.0,0.0,0.0,0.0
2024-04-02 00:45:00,0.0999755859375,0.0,0.5,0.0,0.4000244140625
2024-04-02 01:00:00,0.0,0.0,0.201171875,0.0,0.201171875
2024-04-02 01:15:00,0.0,0.0,0.099609375,0.0,0.099609375
2024-04-02 01:30:00,0.0999755859375,0.0,0.099609375,0.0,-0.0003662109375
2024-04-02 01:45:00,0.0,0.0,0.201171875,0.0,0.201171875
2024-04-02 02:15:00,0.0,0.0,0.298828125,0.10003662109375,0.19879150390625
2024-04-02 02:45:00,0.0,0.0,0.201171875,0.0,0.201171875
2024-04-02 03:00:00,0.0999755859375,0.0,0.099609375,0.0,-0.0003662109375
2024-04-02 03:30:00,0.0,0.0,0.19921875,0.0,0.19921875
2024-04-02 03:45:00,0.0,0.0,0.201171875,0.0,0.201171875
2024-04-02 04:00:00,0.0,0.0,0.19921875,0.0,0.19921875
2024-04-02 05:00:00,0.0999755859375,0.300048828125,0.80078125,0.0,0.4007568359375
2024-04-02 05:15:00,0.0,0.10009765625,0.19921875,0.0,0.09912109375
2024-04-02 05:30:00,0.0,0.099853515625,0.30078125,0.0999755859375,0.1009521484375
2024-04-02 05:45:00,0.10009765625,0.10009765625,0.19921875,0.0,-0.0009765625
2024-04-02 06:45:00,0.0,0.300048828125,1.0,0.0,0.699951171875
2024-04-02 07:00:00,0.0,0.099853515625,0.19921875,0.0,0.099365234375
2024-04-02 07:15:00,0.0999755859375,0.400146484375,0.6015625,0.0,0.1014404296875
2024-04-02 07:30:00,0.0,0.699951171875,0.8984375,0.0,0.198486328125
2024-04-02 08:30:00,0.0999755859375,1.599609375,2.6015625,0.0999755859375,0.802001953125
2024-04-02 08:45:00,0.0,0.5,0.798828125,0.0,0.298828125
2024-04-02 10:00:00,0.0999755859375,3.500732421875,5.80078125,0.0,2.2000732421875
2024-04-02 10:15:00,0.0,0.399169921875,0.900390625,0.0,0.501220703125
2024-04-02 10:30:00,0.0,1.0001220703125,1.69921875,0.0,0.6990966796875
2024-04-02 10:45:00,0.0999755859375,0.400146484375,0.5,0.0,-0.0001220703125
2024-04-02 11:00:00,0.0,1.30047607421875,2.099609375,0.0,0.79913330078125
2024-04-02 11:15:00,0.0,0.3992919921875,0.80078125,0.0,0.4014892578125
2024-04-02 11:30:00,0.0,0.500732421875,0.798828125,0.0,0.298095703125
2024-04-02 11:45:00,0.0,0.8994140625,1.6015625,0.10003662109375,0.60211181640625
2024-04-02 12:00:00,0.10009765625,0.700439453125,1.099609375,0.0,0.299072265625
2024-04-02 12:15:00,0.0,0.69921875,1.099609375,0.0,0.400390625
2024-04-02 12:30:00,0.0,0.60107421875,1.0,0.0,0.39892578125
2024-04-02 13:15:00,0.0999755859375,1.99951171875,3.400390625,0.0,1.3009033203125
2024-04-02 13:30:00,0.0,0.80029296875,1.19921875,0.0,0.39892578125
2024-04-02 14:15:00,0.0999755859375,2.19964599609375,3.599609375,0.0,1.29998779296875
2024-04-02 14:30:00,0.0,0.500244140625,0.80078125,0.0,0.300537109375
2024-04-02 14:45:00,0.0,1.099609375,2.0,0.0999755859375,0.8004150390625
2024-04-02 15:15:00,0.0,1.0999755859375,1.599609375,0.0,0.4996337890625
2024-04-02 16:00:00,0.0999755859375,2.00048828125,3.5,0.0,1.3995361328125
2024-04-02 16:30:00,0.0999755859375,2.0001220703125,3.201171875,0.0,1.10107421875
2024-04-02 16:45:00,0.0,0.499267578125,0.798828125,0.0,0.299560546875
2024-04-02 17:00:00,0.0,0.500732421875,0.701171875,0.0,0.200439453125
2024-04-02 17:15:00,0.0,1.0,1.5,0.0,0.5
2024-04-02 17:30:00,0.0,0.89990234375,1.5,0.10003662109375,0.50006103515625
2024-04-02 17:45:00,0.10009765625,0.699951171875,1.099609375,0.0,0.299560546875
2024-04-02 18:00:00,0.0,0.300048828125,0.298828125,0.0,-0.001220703125
2024-04-02 18:15:00,0.0,0.79931640625,1.400390625,0.0,0.60107421875
2024-04-02 18:30:00,0.0,0.39990234375,0.599609375,0.0,0.19970703125
2024-04-02 18:45:00,0.0,1.000244140625,1.30078125,0.0,0.300537109375
2024-04-02 20:00:00,0.199951171875,1.300048828125,2.599609375,0.0,1.099609375
2024-04-02 20:15:00,0.0,0.0,0.201171875,0.0,0.201171875
2024-04-02 20:30:00,0.0,0.0,0.19921875,0.0,0.19921875
2024-04-02 20:45:00,0.0,0.0,0.099609375,0.0999755859375,-0.0003662109375
2024-04-02 21:00:00,0.0,0.0,0.30078125,0.0,0.30078125
2024-04-02 21:45:00,0.0999755859375,0.0,0.599609375,0.0,0.4996337890625
2024-04-02 22:00:00,0.0,0.0,0.19921875,0.0,0.19921875
2024-04-02 22:15:00,0.0,0.099853515625,0.0,0.0,-0.099853515625
2024-04-02 22:45:00,0.0,0.0,0.5,0.0,0.5
2024-04-02 23:45:00,0.0999755859375,0.0,0.6015625,0.0,0.5015869140625
2024-04-03 00:15:00,0.10009765625,0.0,0.3984375,0.0999755859375,0.1983642578125
2024-04-03 00:45:00,0.0,0.0,0.5,0.0,0.5
2024-04-03 01:30:00,0.0,0.0,0.400390625,0.0,0.400390625
2024-04-03 01:45:00,0.0999755859375,0.0,0.30078125,0.0,0.2008056640625
2024-04-03 02:15:00,0.0,0.0,0.298828125,0.0,0.298828125
2024-04-03 02:30:00,0.0,0.0,0.30078125,0.0,0.30078125
2024-04-03 03:15:00,0.0999755859375,0.0,0.5,0.10003662109375,0.29998779296875
2024-04-03 03:45:00,0.0,0.0,0.400390625,0.0,0.400390625
2024-04-03 04:00:00,0.0,0.0,0.19921875,0.0,0.19921875
2024-04-03 04:15:00,0.0,0.0,0.099609375,0.0,0.099609375
2024-04-03 04:30:00,0.0999755859375,0.10009765625,0.30078125,0.0,0.1007080078125
2024-04-03 04:45:00,0.0,0.10009765625,0.30078125,0.0,0.20068359375
2024-04-03 05:00:00,0.0,0.099853515625,0.19921875,0.0,0.099365234375
2024-04-03 06:00:00,0.0999755859375,0.300048828125,1.099609375,0.0999755859375,0.599609375
2024-04-03 06:30:00,0.0,0.199951171875,0.5,0.0,0.300048828125
2024-04-03 06:45:00,0.0,0.10009765625,0.099609375,0.0,-0.00048828125
2024-04-03 07:30:00,0.10009765625,1.00042724609375,1.80078125,0.0,0.70025634765625
2024-04-03 08:15:00,0.0,1.5,2.5,0.0,1.0
2024-04-03 08:30:00,0.0,0.699462890625,1.400390625,0.0,0.700927734375
2024-04-03 09:30:00,0.0999755859375,1.7001953125,3.0,0.10003662109375,1.09979248046875
2024-04-03 10:00:00,0.0999755859375,1.800048828125,3.0,0.0,1.0999755859375
2024-04-03 10:15:00,0.0,0.80029296875,1.19921875,0.0,0.39892578125
2024-04-03 10:30:00,0.0,0.69989013671875,1.201171875,0.0,0.50128173828125
2024-04-03 11:15:00,0.0,1.99951171875,3.3984375,0.0,1.39892578125
2024-04-03 11:45:00,0.0999755859375,1.5008544921875,2.201171875,0.0,0.600341796875
2024-04-03 12:00:00,0.0,0.399169921875,0.69921875,0.0999755859375,0.2000732421875
2024-04-03 12:30:00,0.0,1.40032958984375,2.201171875,0.0,0.80084228515625
2024-04-03 12:45:00,0.0,0.700439453125,1.099609375,0.0,0.399169921875
2024-04-03 13:00:00,0.0999755859375,0.89990234375,1.400390625,0.0,0.4005126953125
2024-04-03 13:30:00,0.0,1.0999755859375,1.599609375,0.0,0.4996337890625
2024-04-03 13:45:00,0.0,0.800048828125,1.5,0.0,0.699951171875
2024-04-03 14:30:00,0.10009765625,2.1995849609375,3.400390625,0.0,1.1007080078125
2024-04-03 14:45:00,0.0,0.80029296875,1.5,0.0,0.69970703125
2024-04-03 15:00:00,0.0,0.300048828125,0.3984375,0.0,0.098388671875
2024-04-03 15:15:00,0.0,1.1995849609375,2.0,0.0999755859375,0.700439453125
2024-04-03 16:00:00,0.0999755859375,1.60003662109375,2.80078125,0.0,1.10076904296875
2024-04-03 16:45:00,0.0,3.1004638671875,4.80078125,0.0,1.7003173828125
2024-04-03 17:00:00,0.0,0.79974365234375,1.298828125,0.0,0.49908447265625
2024-04-03 17:45:00,0.0999755859375,2.20001220703125,3.400390625,0.0,1.10040283203125
2024-04-03 18:00:00,0.0,1.19989013671875,1.69921875,0.10003662109375,0.3992919921875
2024-04-03 19:00:00,0.0999755859375,3.20037841796875,4.701171875,0.0,1.40081787109375
2024-04-03 19:30:00,0.0,1.20001220703125,1.69921875,0.0,0.49920654296875
2024-04-03 20:00:00,0.0999755859375,0.0,0.400390625,0.0,0.3004150390625
2024-04-03 20:30:00,0.0,0.0,0.19921875,0.0,0.19921875
2024-04-03 21:00:00,0.0,0.0,0.5,0.0,0.5
2024-04-03 22:15:00,0.10009765625,0.0,0.80078125,0.0999755859375,0.6007080078125
2024-04-03 22:30:00,0.0,0.0,0.30078125,0.0,0.30078125
2024-04-03 22:45:00,0.0,0.0,0.099609375,0.0,0.099609375
2024-04-03 23:00:00,0.0999755859375,0.0,0.099609375,0.0,-0.0003662109375
2024-04-03 23:30:00,0.0,0.0,0.5,0.0,0.5
2024-04-04 00:00:00,0.0,0.0,0.30078125,0.0,0.30078125
2024-04-04 00:15:00,0.0999755859375,0.0,0.19921875,0.10003662109375,-0.00079345703125
2024-04-04 00:45:00,0.0,0.0,0.30078125,0.0,0.30078125
2024-04-04 01:00:00,0.0,0.0,0.298828125,0.0,0.298828125
2024-04-04 01:45:00,0.0999755859375,0.0,0.5,0.0,0.4000244140625
2024-04-04 02:15:00,0.0,0.0,0.201171875,0.0,0.201171875
2024-04-04 02:30:00,0.0,0.0,0.298828125,0.0,0.298828125
2024-04-04 02:45:00,0.0,0.0,0.099609375,0.0,0.099609375
2024-04-04 03:00:00,0.0,0.0,0.201171875,0.0,0.201171875
2024-04-04 03:15:00,0.0999755859375,0.0,0.099609375,0.0,-0.0003662109375
2024-04-04 03:30:00,0.0,0.0,0.30078125,0.0999755859375,0.2008056640625
2024-04-04 03:45:00,0.0,0.0,0.19921875,0.0,0.19921875
2024-04-04 04:00:00,0.0,0.0,0.099609375,0.0,0.099609375
2024-04-04 05:00:00,0.10009765625,0.2001953125,0.900390625,0.0,0.60009765625
2024-04-04 05:30:00,0.0,0.199951171875,0.5,0.0,0.300048828125
2024-04-04 05:45:00,0.0,0.099853515625,0.19921875,0.0,0.099365234375
2024-04-04 06:00:00,0.0999755859375,0.10009765625,0.400390625,0.0,0.2003173828125
2024-04-04 06:45:00,0.0,0.199951171875,0.701171875,0.0999755859375,0.4012451171875
2024-04-04 07:00:00,0.0,0.10009765625,0.5,0.0,0.39990234375
2024-04-04 07:15:00,0.0999755859375,0.399169921875,0.69921875,0.0,0.2000732421875
2024-04-04 07:30:00,0.0,0.500732421875,0.69921875,0.0,0.198486328125
2024-04-04 07:45:00,0.0,0.4993896484375,0.701171875,0.0,0.2017822265625
2024-04-04 08:15:00,0.0,1.10009765625,2.099609375,0.0,0.99951171875
2024-04-04 08:45:00,0.0999755859375,1.1004638671875,1.80078125,0.0,0.600341796875
2024-04-04 09:00:00,0.0,0.69921875,1.298828125,0.0,0.599609375
2024-04-04 09:30:00,0.0,1.40081787109375,2.201171875,0.10003662109375,0.7003173828125
2024-04-04 10:00:00,0.0,0.899658203125,1.599609375,0.0,0.699951171875
2024-04-04 10:45:00,0.0999755859375,2.6998291015625,4.599609375,0.0,1.7998046875
2024-04-04 11:00:00,0.0,0.19970703125,0.5,0.0,0.30029296875
2024-04-04 11:15:00,0.0,0.80047607421875,1.19921875,0.0,0.39874267578125
2024-04-04 11:45:00,0.10009765625,1.600341796875,2.6015625,0.0,0.901123046875
2024-04-04 12:15:00,0.0,1.6995849609375,2.599609375,0.0,0.9000244140625
2024-04-04 12:30:00,0.0,0.099609375,0.400390625,0.0999755859375,0.2008056640625
2024-04-04 12:45:00,0.0,1.000244140625,1.3984375,0.0,0.398193359375
2024-04-04 13:30:00,0.0999755859375,2.40045166015625,3.6015625,0.0,1.10113525390625
2024-04-04 13:45:00,0.0,0.79949951171875,1.3984375,0.0,0.59893798828125
2024-04-04 14:15:00,0.0,2.099609375,3.0,0.0,0.900390625
2024-04-04 14:45:00,0.0999755859375,1.30084228515625,2.1015625,0.0,0.70074462890625
2024-04-04 15:45:00,0.0999755859375,3.59967041015625,5.599609375,0.10003662109375,1.7999267578125
2024-04-04 16:15:00,0.0,1.59979248046875,2.5,0.0,0.90020751953125
2024-04-04 16:30:00,0.0,0.5999755859375,0.900390625,0.0,0.3004150390625
2024-04-04 16:45:00,0.0,0.60040283203125,0.798828125,0.0,0.19842529296875
2024-04-04 17:15:00,0.0,1.79974365234375,2.5,0.0,0.70025634765625
2024-04-04 17:30:00,0.0999755859375,0.99981689453125,1.5,0.0,0.40020751953125
2024-04-04 17:45:00,0.0,0.50042724609375,0.80078125,0.0,0.30035400390625
2024-04-04 18:00:00,0.0,1.3994140625,1.900390625,0.0,0.5009765625
2024-04-04 19:00:00,0.10009765625,2.80047607421875,3.69921875,0.0999755859375,0.69866943359375
2024-04-04 20:15:00,0.0999755859375,2.4000244140625,3.599609375,0.0,1.099609375
2024-04-04 21:15:00,0.0,0.699951171875,1.400390625,0.0,0.700439453125
2024-04-04 21:45:00,0.0999755859375,0.0,0.400390625,0.0999755859375,0.200439453125
2024-04-04 22:15:00,0.0,0.10009765625,0.400390625,0.0,0.30029296875
2024-04-04 23:00:00,0.0999755859375,0.0,0.5,0.0,0.4000244140625
2024-04-04 23:15:00,0.0,0.0,0.099609375,0.0,0.099609375
2024-04-04 23:30:00,0.0,0.0,0.099609375,0.0,0.099609375
2024-04-05 00:30:00,0.0999755859375,0.0,0.69921875,0.0,0.5992431640625
2024-04-05 00:45:00,0.0,0.0,0.1015625,0.10003662109375,0.00152587890625
2024-04-05 01:15:00,0.0,0.0,0.3984375,0.0,0.3984375
2024-04-05 01:30:00,0.0,0.0,0.0,0.0,0.0
2024-04-05 01:45:00,0.0,0.0,0.201171875,0.0,0.201171875
2024-04-05 02:00:00,0.10009765625,0.0,0.19921875,0.0,0.09912109375
2024-04-05 02:15:00,0.0,0.0,0.099609375,0.0,0.099609375
2024-04-05 02:45:00,0.0,0.0,0.400390625,0.0,0.400390625
2024-04-05 03:00:00,0.0,0.0,0.201171875,0.0,0.201171875
2024-04-05 03:15:00,0.0999755859375,0.0,0.099609375,0.0,-0.0003662109375
2024-04-05 03:30:00,0.0,0.0,0.19921875,0.0,0.19921875
2024-04-05 03:45:00,0.0,0.0,0.099609375,0.0999755859375,-0.0003662109375
2024-04-05 04:00:00,0.0,0.0,0.201171875,0.0,0.201171875
2024-04-05 04:15:00,0.0,0.0,0.19921875,0.0,0.19921875
2024-04-05 04:30:00,0.0,0.10009765625,0.201171875,0.0,0.10107421875
2024-04-05 05:15:00,0.0999755859375,0.2998046875,0.798828125,0.0,0.3990478515625
2024-04-05 05:30:00,0.0,0.10009765625,0.30078125,0.0,0.20068359375
2024-04-05 05:45:00,0.0,0.0,0.099609375,0.0,0.099609375
2024-04-05 06:00:00,0.0,0.10009765625,0.19921875,0.0,0.09912109375
2024-04-05 06:15:00,0.0999755859375,0.099853515625,0.400390625,0.0,0.2005615234375
2024-04-05 06:45:00,0.0,0.199951171875,0.400390625,0.10003662109375,0.10040283203125
2024-04-05 07:00:00,0.0,0.10009765625,0.30078125,0.0,0.20068359375
2024-04-05 08:30:00,0.0999755859375,2.89984130859375,4.798828125,0.0,1.79901123046875
2024-04-05 09:00:00,0.10009765625,1.2001953125,2.099609375,0.0,0.79931640625
2024-04-05 09:30:00,0.0,1.699462890625,2.900390625,0.0,1.200927734375
2024-04-05 09:45:00,0.0,0.600830078125,1.30078125,0.0999755859375,0.5999755859375
2024-04-05 10:00:00,0.0,0.699462890625,1.19921875,0.0,0.499755859375
2024-04-05 10:30:00,0.0999755859375,1.20068359375,2.099609375,0.0,0.7989501953125
2024-04-05 11:15:00,0.0,2.1995849609375,4.0,0.0,1.8004150390625
2024-04-05 12:00:00,0.0999755859375,2.199462890625,3.701171875,0.0,1.4017333984375
2024-04-05 12:15:00,0.0,1.0001220703125,1.5,0.0,0.4998779296875
2024-04-05 12:30:00,0.0,0.20068359375,0.400390625,0.0,0.19970703125
2024-04-05 12:45:00,0.0,1.199462890625,1.8984375,0.0,0.698974609375
2024-04-05 13:00:00,0.0,0.7001953125,1.201171875,0.0999755859375,0.4010009765625
2024-04-05 13:30:00,0.0999755859375,1.10028076171875,1.798828125,0.0,0.59857177734375
2024-04-05 14:15:00,0.0,2.29931640625,3.900390625,0.0,1.60107421875
2024-04-05 15:00:00,0.0999755859375,2.100830078125,3.599609375,0.0,1.3988037109375
2024-04-05 15:15:00,0.0,1.199462890625,2.0,0.0,0.800537109375
2024-04-05 16:15:00,0.10009765625,2.700439453125,4.80078125,0.10003662109375,1.90020751953125
2024-04-05 16:30:00,0.0,0.29931640625,0.400390625,0.0,0.10107421875
2024-04-05 16:45:00,0.0,0.70068359375,1.19921875,0.0,0.49853515625
2024-04-05 17:00:00,0.0,0.699462890625,1.201171875,0.0,0.501708984375
2024-04-05 17:15:00,0.0,1.1005859375,1.798828125,0.0,0.6982421875
2024-04-05 18:00:00,0.0999755859375,1.99951171875,3.0,0.0,0.9005126953125
2024-04-05 18:45:00,0.0,1.89990234375,2.599609375,0.0,0.69970703125
2024-04-05 19:00:00,0.0999755859375,0.60009765625,1.0,0.0999755859375,0.199951171875
2024-04-05 19:15:00,0.0,0.400390625,0.5,0.0,0.099609375
2024-04-05 20:15:00,0.0,1.099853515625,1.900390625,0.0,0.800537109375
2024-04-05 20:45:00,0.0999755859375,0.7001953125,0.900390625,0.0,0.1002197265625
2024-04-05 21:30:00,0.0,0.799072265625,1.30078125,0.0,0.501708984375
2024-04-05 21:45:00,0.0999755859375,0.0,0.099609375,0.0,-0.0003662109375
2024-04-05 22:00:00,0.0,0.0,0.099609375,0.10003662109375,-0.00042724609375
2024-04-05 22:15:00,0.0,0.10009765625,0.19921875,0.0,0.09912109375
2024-04-05 22:45:00,0.0,0.0,0.30078125,0.0,0.30078125
2024-04-05 23:00:00,0.0,0.0,0.099609375,0.0,0.099609375
2024-04-05 23:45:00,0.10009765625,0.0,0.5,0.0,0.39990234375
2024-04-06 00:00:00,0.0,0.0,0.0,0.0,0.0
2024-04-06 00:45:00,0.0999755859375,0.0,0.5,0.0,0.4000244140625
2024-04-06 01:45:00,0.0,0.0,0.5,0.0999755859375,0.4000244140625
2024-04-06 02:00:00,0.0999755859375,0.0,0.201171875,0.0,0.1011962890625
2024-04-06 02:15:00,0.0,0.0,0.099609375,0.0,0.099609375
2024-04-06 02:45:00,0.0,0.0,0.19921875,0.0,0.19921875
2024-04-06 03:30:00,0.0999755859375,0.0,0.400390625,0.0,0.3004150390625
2024-04-06 04:15:00,0.0,0.0,0.400390625,0.0999755859375,0.3004150390625
2024-04-06 04:45:00,0.0999755859375,0.0,0.298828125,0.0,0.1988525390625
2024-04-06 05:45:00,0.0,0.0,0.6015625,0.0,0.6015625
2024-04-06 06:30:00,0.10009765625,0.0,0.3984375,0.0,0.29833984375
2024-04-06 06:45:00,0.0,0.0,0.1015625,0.0,0.1015625
2024-04-06 07:00:00,0.0,0.0,0.099609375,0.0,0.099609375
2024-04-06 07:15:00,0.0,0.0,0.19921875,0.10003662109375,0.09918212890625
2024-04-06 07:45:00,0.0999755859375,0.0,0.30078125,0.0,0.2008056640625
2024-04-06 08:30:00,0.0,0.0,0.400390625,0.0,0.400390625
2024-04-06 08:45:00,0.0,0.1005859375,0.19921875,0.0,0.0986328125
2024-04-06 09:00:00,0.0,0.0,0.19921875,0.0,0.19921875
2024-04-06 10:00:00,0.0999755859375,0.0,0.5,0.0,0.4000244140625
2024-04-06 10:15:00,0.0,0.0,0.201171875,0.0,0.201171875
2024-04-06 10:30:00,0.0999755859375,0.0,0.19921875,0.0999755859375,-0.000732421875
2024-04-06 10:45:00,0.0,0.0,0.099609375,0.0,0.099609375
2024-04-06 11:30:00,0.0,0.0,0.30078125,0.0,0.30078125
2024-04-06 12:15:00,0.0999755859375,0.199951171875,0.69921875,0.0,0.3992919921875
2024-04-06 12:30:00,0.0,0.10009765625,0.201171875,0.0,0.10107421875
2024-04-06 12:45:00,0.0,0.0,0.19921875,0.0,0.19921875
2024-04-06 13:00:00,0.0,0.0,0.099609375,0.0,0.099609375
2024-04-06 13:15:00,0.10009765625,0.099853515625,0.30078125,0.10003662109375,0.00079345703125
2024-04-06 13:30:00,0.0,0.0,0.19921875,0.0,0.19921875
2024-04-06 14:00:00,0.0,0.199951171875,0.5,0.0,0.300048828125
2024-04-06 14:30:00,0.0,0.10009765625,0.400390625,0.0,0.30029296875
2024-04-06 15:00:00,0.0999755859375,0.0,0.30078125,0.0,0.2008056640625
2024-04-06 15:30:00,0.0,0.10009765625,0.400390625,0.0,0.30029296875
2024-04-06 15:45:00,0.0,0.099853515625,0.19921875,0.0,0.099365234375
2024-04-06 16:00:00,0.0999755859375,0.10009765625,0.30078125,0.0,0.1007080078125
2024-04-06 16:30:00,0.0,0.0,0.19921875,0.0999755859375,0.0992431640625
2024-04-06 16:45:00,0.0,0.0,0.099609375,0.0,0.099609375
2024-04-06 17:30:00,0.0999755859375,0.0,0.5,0.0,0.4000244140625
2024-04-06 18:30:00,0.0,0.0,0.599609375,0.0,0.599609375
2024-04-06 19:15:00,0.0999755859375,0.0,0.400390625,0.0,0.3004150390625
2024-04-06 19:30:00,0.0,0.0,0.099609375,0.0999755859375,-0.0003662109375
2024-04-06 19:45:00,0.0,0.0,0.201171875,0.0,0.201171875
2024-04-06 20:00:00,0.0,0.0,0.19921875,0.0,0.19921875
2024-04-06 20:15:00,0.0,0.0,0.099609375,0.0,0.099609375
2024-04-06 20:30:00,0.10009765625,0.0,0.1015625,0.0,0.00146484375
2024-04-06 20:45:00,0.0,0.0,0.099609375,0.0,0.099609375
2024-04-06 21:15:00,0.0,0.0,0.298828125,0.0,0.298828125
2024-04-06 21:30:00,0.0,0.0,0.201171875,0.0,0.201171875
2024-04-06 21:45:00,0.0999755859375,0.0,0.099609375,0.0,-0.0003662109375
2024-04-06 22:00:00,0.0,0.0,0.19921875,0.0,0.19921875
2024-04-06 22:15:00,0.0,0.0,0.1015625,0.0,0.1015625
2024-04-06 22:30:00,0.0,0.0,0.099609375,0.10003662109375,-0.00042724609375
2024-04-06 22:45:00,0.0,0.0,0.099609375,0.0,0.099609375
2024-04-06 23:15:00,0.0999755859375,0.0,0.30078125,0.0,0.2008056640625
2024-04-06 23:30:00,0.0,0.0,0.19921875,0.0,0.19921875
2024-04-06 23:45:00,0.0,0.0,0.099609375,0.0,0.099609375
2024-04-07 00:00:00,0.0,0.0,0.0,0.0,0.0
2024-04-07 00:15:00,0.0,0.0,0.201171875,0.0,0.201171875
2024-04-07 00:30:00,0.0999755859375,0.0,0.099609375,0.0,-0.0003662109375
2024-04-07 01:00:00,0.0,0.0,0.298828125,0.0,0.298828125
2024-04-07 01:15:00,0.0,0.0,0.1015625,0.0,0.1015625
2024-04-07 01:30:00,0.0,0.0,0.099609375,0.0,0.099609375
2024-04-07 02:45:00,0.0999755859375,0.0,0.69921875,0.0999755859375,0.499267578125
2024-04-07 03:15:00,0.0,0.0,0.201171875,0.0,0.201171875
2024-04-07 03:45:00,0.10009765625,0.0,0.5,0.0,0.39990234375
2024-04-07 04:15:00,0.0,0.0,0.19921875,0.0,0.19921875
2024-04-07 05:15:00,0.0999755859375,0.0,0.5,0.10003662109375,0.29998779296875
2024-04-07 05:45:00,0.0,0.0,0.30078125,0.0,0.30078125
2024-04-07 06:00:00,0.0,0.0,0.0,0.0,0.0
2024-04-07 07:15:00,0.0999755859375,0.0,0.798828125,0.0,0.6988525390625
2024-04-07 07:30:00,0.0,0.0,0.099609375,0.0,0.099609375
2024-04-07 07:45:00,0.0999755859375,0.0,0.201171875,0.0999755859375,0.001220703125
2024-04-07 08:00:00,0.0,0.0,0.0,0.0,0.0
2024-04-07 08:45:00,0.0,0.0,0.400390625,0.0,0.400390625
2024-04-07 09:15:00,0.0999755859375,0.0,0.298828125,0.0,0.1988525390625
2024-04-07 09:45:00,0.0,0.0,0.30078125,0.0,0.30078125
2024-04-07 10:15:00,0.0,0.0,0.298828125,0.0,0.298828125
2024-04-07 10:30:00,0.0,0.0,0.201171875,0.0,0.201171875
2024-04-07 10:45:00,0.10009765625,0.0,0.099609375,0.0999755859375,-0.1004638671875
2024-04-07 11:00:00,0.0,0.0,0.099609375,0.0,0.099609375
2024-04-07 12:15:00,0.0999755859375,0.0,0.599609375,0.0,0.4996337890625
2024-04-07 12:30:00,0.0,0.0,0.1015625,0.0,0.1015625
2024-04-07 12:45:00,0.0,0.0,0.298828125,0.0,0.298828125
2024-04-07 13:00:00,0.0,0.0,0.0,0.0,0.0
2024-04-07 13:30:00,0.0999755859375,0.0,0.30078125,0.0,0.2008056640625
2024-04-07 13:45:00,0.0,0.0,0.19921875,0.0,0.19921875
2024-04-07 14:15:00,0.0,0.0,0.201171875,0.10003662109375,0.10113525390625
2024-04-07 14:30:00,0.0,0.0,0.19921875,0.0,0.19921875
2024-04-07 14:45:00,0.0999755859375,0.0,0.19921875,0.0,0.0992431640625
2024-04-07 15:00:00,0.0,0.0,0.1015625,0.0,0.1015625
2024-04-07 15:45:00,0.0,0.0,0.5,0.0,0.5
2024-04-07 16:00:00,0.0,0.0,0.0,0.0,0.0
2024-04-07 16:15:00,0.0999755859375,0.0,0.19921875,0.0,0.0992431640625
2024-04-07 16:45:00,0.0,0.0,0.30078125,0.0999755859375,0.2008056640625
2024-04-07 17:15:00,0.0,0.0,0.298828125,0.0,0.298828125
2024-04-07 17:30:00,0.0,0.0,0.0,0.0,0.0
2024-04-07 17:45:00,0.10009765625,0.0,0.201171875,0.0,0.10107421875
2024-04-07 18:15:00,0.0,0.0,0.19921875,0.0,0.19921875
2024-04-07 18:30:00,0.0,0.0,0.19921875,0.0,0.19921875
2024-04-07 19:00:00,0.0,0.0,0.30078125,0.0,0.30078125
2024-04-07 19:15:00,0.0999755859375,0.0,0.0,0.0,-0.0999755859375
2024-04-07 19:30:00,0.0,0.0,0.19921875,0.0,0.19921875
2024-04-07 19:45:00,0.0,0.0,0.1015625,0.0,0.1015625
2024-04-07 20:00:00,0.0,0.0,0.298828125,0.10003662109375,0.19879150390625
2024-04-07 20:15:00,0.0,0.0,0.201171875,0.0,0.201171875
2024-04-07 20:30:00,0.0999755859375,0.0,0.099609375,0.0,-0.0003662109375
2024-04-07 21:15:00,0.0,0.0,0.400390625,0.0,0.400390625
2024-04-07 21:45:00,0.0,0.0,0.19921875,0.0,0.19921875
2024-04-07 22:00:00,0.0999755859375,0.0,0.099609375,0.0,-0.0003662109375
2024-04-07 22:15:00,0.0,0.0,0.099609375,0.0,0.099609375
2024-04-07 22:45:00,0.0,0.0,0.30078125,0.0,0.30078125
2024-04-07 23:00:00,0.0,0.0,0.19921875,0.0999755859375,0.0992431640625
2024-04-08 00:15:00,0.0999755859375,0.0,0.5,0.0,0.4000244140625
2024-04-08 00:45:00,0.10009765625,0.0,0.400390625,0.0,0.30029296875
2024-04-08 01:30:00,0.0,0.0,0.5,0.0,0.5
2024-04-08 02:00:00,0.0,0.0,0.30078125,0.0999755859375,0.2008056640625
2024-04-08 02:15:00,0.0999755859375,0.0,0.0,0.0,-0.0999755859375
2024-04-08 02:30:00,0.0,0.0,0.19921875,0.0,0.19921875
2024-04-08 02:45:00,0.0,0.0,0.099609375,0.0,0.099609375
2024-04-08 03:00:00,0.0,0.0,0.1015625,0.0,0.1015625
2024-04-08 03:15:00,0.0,0.0,0.19921875,0.0,0.19921875
2024-04-08 03:30:00,0.0,0.0,0.0,0.0,0.0
2024-04-08 03:45:00,0.0999755859375,0.0,0.19921875,0.0,0.0992431640625
2024-04-08 04:15:00,0.0,0.10009765625,0.30078125,0.0,0.20068359375
2024-04-08 04:30:00,0.0,0.10009765625,0.30078125,0.0,0.20068359375
2024-04-08 04:45:00,0.0,0.099853515625,0.19921875,0.0,0.099365234375
2024-04-08 05:00:00,0.0999755859375,0.10009765625,0.19921875,0.10003662109375,-0.10089111328125
2024-04-08 05:30:00,0.0,0.099853515625,0.400390625,0.0,0.300537109375
2024-04-08 05:45:00,0.0,0.10009765625,0.30078125,0.0,0.20068359375
2024-04-08 06:00:00,0.0,0.10009765625,0.19921875,0.0,0.09912109375
2024-04-08 06:45:00,0.0999755859375,0.2998046875,0.701171875,0.0,0.3013916015625
2024-04-08 07:00:00,0.0,0.0,0.099609375,0.0,0.099609375
2024-04-08 07:15:00,0.0,1.1002197265625,1.400390625,0.0,0.3001708984375
2024-04-08 07:30:00,0.0,0.69921875,0.8984375,0.0,0.19921875
2024-04-08 07:45:00,0.10009765625,0.400146484375,0.80078125,0.0,0.300537109375
2024-04-08 08:30:00,0.0,1.200439453125,1.599609375,0.0999755859375,0.2991943359375
2024-04-08 09:30:00,0.0999755859375,2.29931640625,3.30078125,0.0,0.9014892578125
2024-04-08 09:45:00,0.0,0.30029296875,0.69921875,0.0,0.39892578125
2024-04-08 10:15:00,0.0,1.700439453125,2.599609375,0.0,0.899169921875
2024-04-08 10:30:00,0.0,0.400146484375,0.701171875,0.0,0.301025390625
2024-04-08 10:45:00,0.0999755859375,1.099609375,1.900390625,0.0,0.7008056640625
2024-04-08 11:00:00,0.0,0.499755859375,0.69921875,0.0,0.199462890625
2024-04-08 11:30:00,0.0,1.30029296875,2.19921875,0.10003662109375,0.79888916015625
2024-04-08 12:45:00,0.0999755859375,3.2998046875,5.201171875,0.0,1.8013916015625
2024-04-08 13:15:00,0.0,1.100341796875,1.900390625,0.0,0.800048828125
2024-04-08 13:30:00,0.0999755859375,1.099853515625,1.798828125,0.0,0.5989990234375
2024-04-08 13:45:00,0.0,0.599609375,0.701171875,0.0,0.1015625
2024-04-08 14:00:00,0.0,0.699951171875,1.099609375,0.0,0.399658203125
2024-04-08 14:15:00,0.0,0.600341796875,1.099609375,0.0999755859375,0.3992919921875
2024-04-08 14:30:00,0.0,0.900146484375,1.400390625,0.0,0.500244140625
2024-04-08 15:00:00,0.10009765625,1.099609375,1.798828125,0.0,0.59912109375
2024-04-08 15:45:00,0.0,2.199951171875,3.701171875,0.0,1.501220703125
2024-04-08 16:15:00,0.0999755859375,1.5,2.099609375,0.0,0.4996337890625
2024-04-08 16:30:00,0.0,0.600830078125,1.099609375,0.0,0.498779296875
2024-04-08 17:00:00,0.0,1.39892578125,2.30078125,0.0,0.90185546875
2024-04-08 17:15:00,0.0,0.30029296875,0.400390625,0.0,0.10009765625
2024-04-08 17:45:00,0.0999755859375,1.599853515625,2.599609375,0.0999755859375,0.7998046875
2024-04-08 18:15:00,0.0,1.200439453125,1.798828125,0.0,0.598388671875
2024-04-08 18:45:00,0.0,1.400146484375,2.1015625,0.0,0.701416015625
2024-04-08 19:15:00,0.0999755859375,1.599853515625,2.298828125,0.0,0.5989990234375
2024-04-08 19:45:00,0.0,0.400146484375,0.599609375,0.0,0.199462890625
2024-04-08 20:00:00,0.0,0.199951171875,0.400390625,0.0,0.200439453125
2024-04-08 20:30:00,0.0,0.60009765625,0.900390625,0.10003662109375,0.20025634765625
2024-04-08 21:00:00,0.0999755859375,0.5,0.80078125,0.0,0.2008056640625
2024-04-08 21:15:00,0.0,0.10009765625,0.298828125,0.0,0.19873046875
2024-04-08 21:45:00,0.0,0.499755859375,0.900390625,0.0,0.400634765625
2024-04-08 22:00:00,0.10009765625,0.400146484375,0.69921875,0.0,0.198974609375
2024-04-08 22:15:00,0.0,0.0,0.201171875,0.0,0.201171875
2024-04-08 22:30:00,0.0,0.300048828125,0.400390625,0.0,0.100341796875
2024-04-08 22:45:00,0.0,0.300048828125,0.599609375,0.0,0.299560546875
2024-04-08 23:00:00,0.0,0.2998046875,0.400390625,0.0,0.1005859375
2024-04-08 23:30:00,0.0999755859375,0.400146484375,0.69921875,0.0999755859375,0.09912109375
2024-04-09 00:00:00,0.0,0.0,0.30078125,0.0,0.30078125
2024-04-09 00:15:00,0.0,0.0,0.099609375,0.0,0.099609375
2024-04-09 00:30:00,0.0,0.0,0.19921875,0.0,0.19921875
2024-04-09 00:45:00,0.0,0.0,0.099609375,0.0,0.099609375
2024-04-09 01:15:00,0.0999755859375,0.0,0.201171875,0.0,0.1011962890625
2024-04-09 01:30:00,0.0,0.0,0.19921875,0.0,0.19921875
2024-04-09 02:30:00,0.0999755859375,0.0,0.701171875,0.10003662109375,0.50115966796875
2024-04-09 02:45:00,0.0,0.0,0.0,0.0,0.0
2024-04-09 03:30:00,0.0,0.0,0.5,0.0,0.5
2024-04-09 03:45:00,0.0999755859375,0.0,0.099609375,0.0,-0.0003662109375
2024-04-09 04:00:00,0.0,0.0,0.099609375,0.0,0.099609375
2024-04-09 04:30:00,0.0,0.099853515625,0.5,0.0,0.400146484375
2024-04-09 04:45:00,0.0,0.10009765625,0.19921875,0.0,0.09912109375
2024-04-09 05:00:00,0.10009765625,0.10009765625,0.30078125,0.0,0.1005859375
2024-04-09 05:15:00,0.0,0.099853515625,0.19921875,0.0,0.099365234375
2024-04-09 06:00:00,0.0,0.199951171875,0.6015625,0.0999755859375,0.3016357421875
2024-04-09 06:15:00,0.0,0.10009765625,0.19921875,0.0,0.09912109375
2024-04-09 06:45:00,0.0999755859375,0.199951171875,0.400390625,0.0,0.1004638671875
2024-04-09 07:30:00,0.0,1.0,1.900390625,0.0,0.900390625
2024-04-09 08:00:00,0.0999755859375,1.099609375,1.69921875,0.0,0.4996337890625
2024-04-09 08:15:00,0.0,0.39990234375,0.5,0.0,0.10009765625
2024-04-09 08:45:00,0.0,0.700439453125,1.400390625,0.0999755859375,0.5999755859375
2024-04-09 09:00:00,0.0,0.899658203125,1.400390625,0.0,0.500732421875
2024-04-09 09:15:00,0.0,0.400146484375,0.5,0.0,0.099853515625
2024-04-09 09:45:00,0.0999755859375,1.5,2.69921875,0.0,1.0992431640625
2024-04-09 10:15:00,0.0,1.5,2.400390625,0.0,0.900390625
2024-04-09 10:30:00,0.0,0.5,0.798828125,0.0,0.298828125
2024-04-09 11:00:00,0.0999755859375,1.599853515625,3.0,0.0,1.3001708984375
2024-04-09 11:15:00,0.0,0.500732421875,0.80078125,0.0,0.300048828125
2024-04-09 11:45:00,0.0,1.499755859375,2.69921875,0.10003662109375,1.09942626953125
2024-04-09 12:00:00,0.0,0.400146484375,0.400390625,0.0,0.000244140625
2024-04-09 12:15:00,0.10009765625,1.099609375,1.80078125,0.0,0.60107421875
2024-04-09 12:30:00,0.0,0.599853515625,1.099609375,0.0,0.499755859375
2024-04-09 13:00:00,0.0,0.800048828125,2.19921875,0.0,1.399169921875
2024-04-09 13:00:00,0.0,0.499755859375,0.0,0.0,-0.499755859375
2024-04-09 13:15:00,0.0,0.500244140625,0.80078125,0.0,0.300537109375
2024-04-09 13:45:00,0.0999755859375,1.1005859375,1.900390625,0.0,0.6998291015625
2024-04-09 14:00:00,0.0,0.699462890625,1.099609375,0.0,0.400146484375
2024-04-09 15:00:00,0.0999755859375,3.10009765625,5.30078125,0.0999755859375,2.000732421875
2024-04-09 15:15:00,0.0,0.500244140625,0.798828125,0.0,0.298583984375
2024-04-09 16:15:00,0.0,2.899658203125,4.900390625,0.0,2.000732421875
2024-04-09 17:00:00,0.0999755859375,1.600341796875,2.599609375,0.0,0.8992919921875
2024-04-09 18:15:00,0.0999755859375,3.499267578125,5.701171875,0.10003662109375,2.00189208984375
2024-04-09 18:30:00,0.0,0.40087890625,0.599609375,0.0,0.19873046875
2024-04-09 18:45:00,0.0,0.599365234375,1.099609375,0.0,0.500244140625
2024-04-09 19:00:00,0.0,0.39990234375,0.5,0.0,0.10009765625
2024-04-09 19:15:00,0.0,0.599853515625,1.099609375,0.0,0.499755859375
2024-04-09 20:30:00,0.10009765625,0.40087890625,1.30078125,0.0,0.7998046875
2024-04-09 20:45:00,0.0999755859375,0.0,0.099609375,0.0,-0.0003662109375
2024-04-09 21:00:00,0.0,0.0,0.19921875,0.0999755859375,0.0992431640625
2024-04-09 21:15:00,0.0,0.0,0.1015625,0.0,0.1015625
2024-04-09 21:30:00,0.0,0.0,0.19921875,0.0,0.19921875
2024-04-09 21:45:00,0.0,0.0,0.099609375,0.0,0.099609375
2024-04-09 22:00:00,0.0,0.0,0.099609375,0.0,0.099609375
2024-04-09 22:15:00,0.0999755859375,0.0,0.30078125,0.0,0.2008056640625
2024-04-09 22:30:00,0.0,0.0,0.099609375,0.0,0.099609375
2024-04-09 23:00:00,0.0,0.0,0.30078125,0.0,0.30078125
2024-04-09 23:15:00,0.0,0.0,0.19921875,0.0,0.19921875
2024-04-09 23:45:00,0.0999755859375,0.0,0.30078125,0.0,0.2008056640625
2024-04-10 00:00:00,0.0,0.0,0.099609375,0.0999755859375,-0.0003662109375
2024-04-10 00:15:00,0.0,0.0,0.19921875,0.0,0.19921875
2024-04-10 00:30:00,0.0,0.0,0.201171875,0.0,0.201171875
2024-04-10 00:45:00,0.0,0.0,0.19921875,0.0,0.19921875
2024-04-10 01:30:00,0.0999755859375,0.0,0.400390625,0.0,0.3004150390625
2024-04-10 02:00:00,0.0,0.0,0.400390625,0.0,0.400390625
2024-04-10 02:30:00,0.10009765625,0.0,0.298828125,0.0,0.19873046875
2024-04-10 03:00:00,0.0,0.0,0.201171875,0.0,0.201171875
2024-04-10 03:45:00,0.0999755859375,0.0,0.5,0.10003662109375,0.29998779296875
2024-04-10 04:00:00,0.0,0.0,0.19921875,0.0,0.19921875
2024-04-10 05:15:00,0.0999755859375,0.0,0.701171875,0.0,0.6011962890625
2024-04-10 05:30:00,0.0,0.0,0.099609375,0.0,0.099609375
2024-04-10 05:45:00,0.0,0.0,0.19921875,0.0,0.19921875
2024-04-10 06:00:00,0.0,0.0,0.099609375,0.0,0.099609375
2024-04-10 06:15:00,0.0,0.0,0.30078125,0.0999755859375,0.2008056640625
2024-04-10 06:30:00,0.0999755859375,0.0,0.19921875,0.0,0.0992431640625
2024-04-10 07:00:00,0.0,0.0,0.30078125,0.0,0.30078125
2024-04-10 07:15:00,0.0,0.0,0.19921875,0.0,0.19921875
2024-04-10 07:30:00,0.0,0.0,0.1015625,0.0,0.1015625
2024-04-10 07:45:00,0.0,0.0,0.298828125,0.0,0.298828125
2024-04-10 08:00:00,0.0,0.0,0.0,0.0,0.0
2024-04-10 08:15:00,0.0999755859375,0.10009765625,0.30078125,0.0,0.1007080078125
2024-04-10 08:30:00,0.0,0.0,0.099609375,0.0,0.099609375
2024-04-10 08:45:00,0.0,0.0,0.099609375,0.0,0.099609375
2024-04-10 09:00:00,0.0,0.0,0.201171875,0.10003662109375,0.10113525390625
2024-04-10 09:30:00,0.10009765625,0.099853515625,0.5,0.0,0.300048828125
2024-04-10 09:45:00,0.0,0.0,0.099609375,0.0,0.099609375
2024-04-10 10:15:00,0.0,0.199951171875,0.69921875,0.0,0.499267578125
2024-04-10 10:45:00,0.0,0.2001953125,0.400390625,0.0,0.2001953125
2024-04-10 11:00:00,0.0999755859375,0.099853515625,0.30078125,0.0,0.1009521484375
2024-04-10 11:45:00,0.0,0.10009765625,0.599609375,0.0,0.49951171875
2024-04-10 12:15:00,0.0,0.199951171875,0.599609375,0.0999755859375,0.2996826171875
2024-04-10 12:30:00,0.0999755859375,0.10009765625,0.19921875,0.0,-0.0008544921875
2024-04-10 12:45:00,0.0,0.0,0.201171875,0.0,0.201171875
2024-04-10 13:30:00,0.0,0.39990234375,1.0,0.0,0.60009765625
2024-04-10 14:00:00,0.0999755859375,0.199951171875,0.599609375,0.0,0.2996826171875
2024-04-10 14:45:00,0.0,0.400146484375,0.80078125,0.0,0.400634765625
2024-04-10 15:00:00,0.0999755859375,0.099853515625,0.3984375,0.0,0.1986083984375
2024-04-10 15:15:00,0.0,0.20013427734375,0.30078125,0.0999755859375,0.00067138671875
2024-04-10 15:45:00,0.0,0.300048828125,0.80078125,0.0,0.500732421875
2024-04-10 16:00:00,0.0,0.099853515625,0.298828125,0.0,0.198974609375
2024-04-10 16:15:00,0.0,0.10009765625,0.30078125,0.0,0.20068359375
2024-04-10 16:30:00,0.0,0.099853515625,0.099609375,0.0,-0.000244140625
2024-04-10 16:45:00,0.10009765625,0.10009765625,0.5,0.0,0.2998046875
2024-04-10 17:15:00,0.0,0.199951171875,0.5,0.0,0.300048828125
2024-04-10 17:45:00,0.0,0.10009765625,0.599609375,0.0,0.49951171875
2024-04-10 18:00:00,0.0999755859375,0.099853515625,0.201171875,0.0,0.0013427734375
2024-04-10 20:00:00,0.0999755859375,0.2001953125,1.5,0.10003662109375,1.09979248046875
2024-04-10 20:30:00,0.0,0.0,0.19921875,0.0,0.19921875
2024-04-10 20:45:00,0.0,0.0,0.19921875,0.0,0.19921875
2024-04-10 21:15:00,0.0999755859375,0.099853515625,0.400390625,0.0999755859375,0.1005859375
2024-04-10 21:30:00,0.0,0.0,0.201171875,0.0,0.201171875
2024-04-10 21:45:00,0.0,0.0,0.099609375,0.0,0.099609375
2024-04-10 22:00:00,0.0,0.0,0.19921875,0.0,0.19921875
2024-04-10 23:00:00,0.0999755859375,0.0,0.599609375,0.0,0.4996337890625
2024-04-11 00:00:00,0.10009765625,0.0,0.6015625,0.0,0.50146484375
2024-04-11 00:15:00,0.0,0.0,0.099609375,0.0,0.099609375
2024-04-11 00:30:00,0.0,0.0,0.099609375,0.10003662109375,-0.00042724609375
2024-04-11 01:15:00,0.0999755859375,0.0,0.5,0.0,0.4000244140625
2024-04-11 01:30:00,0.0,0.0,0.099609375,0.0,0.099609375
2024-04-11 01:45:00,0.0,0.0,0.099609375,0.0,0.099609375
2024-04-11 02:30:00,0.0999755859375,0.0,0.6015625,0.0,0.5015869140625
2024-04-11 02:45:00,0.0,0.0,0.19921875,0.0,0.19921875
2024-04-11 03:00:00,0.0,0.0,0.099609375,0.0,0.099609375
2024-04-11 03:30:00,0.0,0.0,0.201171875,0.0999755859375,0.1011962890625
2024-04-11 04:00:00,0.0999755859375,0.0,0.3984375,0.0,0.2984619140625
2024-04-11 04:15:00,0.0,0.0,0.1015625,0.0,0.1015625
2024-04-11 04:30:00,0.0,0.10009765625,0.3984375,0.0,0.29833984375
2024-04-11 04:45:00,0.0,0.10009765625,0.1015625,0.0,0.00146484375
2024-04-11 05:00:00,0.0,0.099853515625,0.298828125,0.0,0.198974609375
2024-04-11 05:15:00,0.0,0.0,0.099609375,0.0,0.099609375
2024-04-11 05:30:00,0.0999755859375,0.10009765625,0.400390625,0.0,0.2003173828125
2024-04-11 05:45:00,0.0,0.099853515625,0.201171875,0.0,0.101318359375
2024-04-11 06:00:00,0.0,0.10009765625,0.099609375,0.0,-0.00048828125
2024-04-11 06:15:00,0.0,0.10009765625,0.400390625,0.0,0.30029296875
2024-04-11 06:30:00,0.0,0.099853515625,0.19921875,0.0999755859375,-0.0006103515625
2024-04-11 06:45:00,0.10009765625,0.10009765625,0.19921875,0.0,-0.0009765625
2024-04-11 07:00:00,0.0,0.099853515625,0.400390625,0.0,0.300537109375
2024-04-11 07:15:00,0.0,0.0,0.201171875,0.0,0.201171875
2024-04-11 08:15:00,0.0999755859375,2.6990966796875,3.8984375,0.0,1.099365234375
2024-04-11 08:30:00,0.0,0.20068359375,0.6015625,0.0,0.40087890625
2024-04-11 08:45:00,0.0,0.7001953125,1.0,0.0,0.2998046875
2024-04-11 09:00:00,0.0,0.399169921875,0.798828125,0.0,0.399658203125
2024-04-11 09:30:00,0.0999755859375,1.1005859375,1.599609375,0.10003662109375,0.29901123046875
2024-04-11 09:45:00,0.0,0.3994140625,0.900390625,0.0,0.5009765625
2024-04-11 10:15:00,0.0,0.80078125,1.099609375,0.0,0.298828125
2024-04-11 10:45:00,0.0,0.800048828125,1.80078125,0.0,1.000732421875
2024-04-11 11:30:00,0.0999755859375,1.599365234375,2.599609375,0.0,0.9002685546875
2024-04-11 12:00:00,0.0,1.200439453125,2.099609375,0.0,0.899169921875
2024-04-11 12:15:00,0.0,0.299560546875,0.5,0.0,0.200439453125
2024-04-11 12:30:00,0.0999755859375,0.400146484375,0.5,0.0,-0.0001220703125
2024-04-11 12:45:00,0.0,0.7001953125,1.400390625,0.0999755859375,0.6002197265625
2024-04-11 14:15:00,0.10009765625,2.800048828125,4.701171875,0.0,1.801025390625
2024-04-11 14:30:00,0.0,0.699951171875,1.19921875,0.0,0.499267578125
2024-04-11 14:45:00,0.0,0.39959716796875,0.900390625,0.0,0.50079345703125
2024-04-11 15:00:00,0.0,0.5,0.5,0.0,0.0
2024-04-11 15:15:00,0.0999755859375,0.600341796875,1.099609375,0.0,0.3992919921875
2024-04-11 15:30:00,0.0,0.6002197265625,0.80078125,0.0,0.2005615234375
2024-04-11 16:00:00,0.0,0.60009765625,1.099609375,0.10003662109375,0.39947509765625
2024-04-11 16:15:00,0.0,0.599365234375,1.099609375,0.0,0.500244140625
2024-04-11 17:00:00,0.0999755859375,1.4998779296875,2.30078125,0.0,0.700927734375
2024-04-11 17:30:00,0.0,1.40008544921875,2.19921875,0.0,0.79913330078125
2024-04-11 18:15:00,0.0999755859375,1.100341796875,1.80078125,0.0,0.6004638671875
2024-04-11 18:30:00,0.0,0.8997802734375,1.298828125,0.0,0.3990478515625
2024-04-11 19:00:00,0.0,0.99969482421875,1.599609375,0.0999755859375,0.49993896484375
2024-04-11 19:15:00,0.0,0.20068359375,0.201171875,0.0,0.00048828125
2024-04-11 20:15:00,0.0999755859375,1.9002685546875,2.69921875,0.0,0.698974609375
2024-04-11 20:45:00,0.0,0.89990234375,1.400390625,0.0,0.50048828125
2024-04-11 21:00:00,0.10009765625,0.6995849609375,0.900390625,0.0,0.1007080078125
2024-04-11 21:15:00,0.0,0.399658203125,0.400390625,0.0,0.000732421875
2024-04-11 22:00:00,0.0,0.80023193359375,1.599609375,0.0999755859375,0.69940185546875
2024-04-11 22:15:00,0.0,0.0,0.19921875,0.0,0.19921875
2024-04-11 22:30:00,0.0999755859375,0.0,0.201171875,0.0,0.1011962890625
2024-04-11 22:45:00,0.0,0.0,0.19921875,0.0,0.19921875
2024-04-11 23:15:00,0.0,0.0,0.400390625,0.0,0.400390625
2024-04-11 23:30:00,0.0,0.0,0.099609375,0.0,0.099609375
2024-04-12 00:15:00,0.0999755859375,0.0,0.599609375,0.0,0.4996337890625
2024-04-12 00:30:00,0.0,0.0,0.099609375,0.0,0.099609375
2024-04-12 00:45:00,0.0,0.0,0.1015625,0.0,0.1015625
2024-04-12 01:45:00,0.0999755859375,0.0,0.798828125,0.10003662109375,0.59881591796875
2024-04-12 02:00:00,0.0,0.0,0.099609375,0.0,0.099609375
2024-04-12 02:30:00,0.0,0.0,0.30078125,0.0,0.30078125
2024-04-12 03:00:00,0.0999755859375,0.0,0.400390625,0.0,0.3004150390625
2024-04-12 03:15:00,0.0,0.0,0.099609375,0.0,0.099609375
2024-04-12 03:45:00,0.0,0.0,0.30078125,0.0,0.30078125
2024-04-12 04:00:00,0.10009765625,0.0,0.298828125,0.0999755859375,0.0987548828125
2024-04-12 04:15:00,0.0,0.0,0.099609375,0.0,0.099609375
2024-04-12 04:45:00,0.0,0.199951171875,0.5,0.0,0.300048828125
2024-04-12 05:15:00,0.0999755859375,0.2001953125,0.6015625,0.0,0.3013916015625
2024-04-12 05:30:00,0.0,0.099853515625,0.19921875,0.0,0.099365234375
2024-04-12 06:45:00,0.0,0.400146484375,1.19921875,0.0,0.799072265625
2024-04-12 07:00:00,0.0999755859375,0.099853515625,0.400390625,0.10003662109375,0.10052490234375
2024-04-12 07:15:00,0.0,0.4005126953125,0.599609375,0.0,0.1990966796875
2024-04-12 07:45:00,0.0,1.19970703125,2.0,0.0,0.80029296875
2024-04-12 08:00:00,0.0,0.10009765625,0.201171875,0.0,0.10107421875
2024-04-12 08:45:00,0.0999755859375,2.00018310546875,3.19921875,0.0,1.09906005859375
2024-04-12 09:00:00,0.0,0.2000732421875,0.201171875,0.0,0.0010986328125
2024-04-12 09:15:00,0.0,0.69970703125,1.19921875,0.0,0.49951171875
2024-04-12 09:45:00,0.0999755859375,1.400146484375,2.30078125,0.0,0.8006591796875
2024-04-12 10:00:00,0.0,0.89947509765625,1.298828125,0.0999755859375,0.29937744140625
2024-04-12 10:30:00,0.0,1.39990234375,2.599609375,0.0,1.19970703125
2024-04-12 10:45:00,0.0,0.80072021484375,1.30078125,0.0,0.50006103515625
2024-04-12 11:00:00,0.0,0.6002197265625,0.80078125,0.0,0.2005615234375
2024-04-12 11:15:00,0.10009765625,0.69921875,1.298828125,0.0,0.49951171875
2024-04-12 11:30:00,0.0,1.0,1.701171875,0.0,0.701171875
2024-04-12 12:00:00,0.0,1.79986572265625,2.798828125,0.0,0.99896240234375
2024-04-12 12:30:00,0.0,0.800048828125,1.599609375,0.0,0.799560546875
2024-04-12 12:45:00,0.0999755859375,0.8001708984375,1.1015625,0.0,0.201416015625
2024-04-12 13:15:00,0.0,1.5999755859375,2.8984375,0.0999755859375,1.198486328125
2024-04-12 13:30:00,0.0999755859375,0.9005126953125,1.30078125,0.0,0.30029296875
2024-04-12 14:15:00,0.0999755859375,2.39935302734375,3.80078125,0.0,1.30145263671875
2024-04-12 14:30:00,0.0,0.8006591796875,1.298828125,0.0,0.4981689453125
2024-04-12 15:00:00,0.0,1.29937744140625,1.900390625,0.0,0.60101318359375
2024-04-12 15:15:00,0.0999755859375,1.00018310546875,1.599609375,0.0,0.49945068359375
2024-04-12 15:45:00,0.0,1.4000244140625,2.30078125,0.0,0.9007568359375
2024-04-12 16:15:00,0.0,1.400146484375,2.19921875,0.10003662109375,0.69903564453125
2024-04-12 16:30:00,0.10009765625,0.69970703125,1.0,0.0,0.2001953125
2024-04-12 17:00:00,0.0,1.2003173828125,1.80078125,0.0,0.6004638671875
2024-04-12 17:45:00,0.0,2.09954833984375,3.19921875,0.0,1.09967041015625
2024-04-12 19:00:00,0.0999755859375,3.4005126953125,5.201171875,0.0,1.70068359375
2024-04-12 19:15:00,0.0,0.50042724609375,0.69921875,0.0999755859375,0.09881591796875
2024-04-12 19:45:00,0.0999755859375,0.39990234375,0.599609375,0.0,0.0997314453125
2024-04-12 20:00:00,0.0,0.4000244140625,0.701171875,0.0,0.3011474609375
2024-04-12 20:15:00,0.0,0.0,0.099609375,0.0,0.099609375
2024-04-12 20:30:00,0.0,0.2998046875,0.5,0.0,0.2001953125
2024-04-12 21:00:00,0.0999755859375,0.5001220703125,0.900390625,0.0,0.30029296875
2024-04-12 21:45:00,0.0,0.60003662109375,1.298828125,0.0,0.69879150390625
2024-04-12 22:00:00,0.0,0.199951171875,0.099609375,0.0,-0.100341796875
2024-04-12 22:15:00,0.0999755859375,0.199951171875,0.6015625,0.10003662109375,0.20159912109375
2024-04-12 22:30:00,0.0,0.2001953125,0.298828125,0.0,0.0986328125
2024-04-12 23:00:00,0.0,0.3997802734375,0.701171875,0.0,0.3013916015625
2024-04-12 23:30:00,0.10009765625,0.0,0.3984375,0.0,0.29833984375
2024-04-12 23:45:00,0.0,0.0,0.1015625,0.0,0.1015625
2024-04-13 00:15:00,0.0,0.0,0.298828125,0.0,0.298828125
2024-04-13 00:45:00,0.0,0.0,0.30078125,0.0,0.30078125
2024-04-13 01:00:00,0.0999755859375,0.0,0.19921875,0.0,0.0992431640625
2024-04-13 01:30:00,0.0,0.0,0.201171875,0.0999755859375,0.1011962890625
2024-04-13 02:00:00,0.0,0.0,0.298828125,0.0,0.298828125
2024-04-13 02:15:00,0.0,0.0,0.201171875,0.0,0.201171875
2024-04-13 03:00:00,0.0999755859375,0.0,0.298828125,0.0,0.1988525390625
2024-04-13 03:15:00,0.0,0.0,0.201171875,0.0,0.201171875
2024-04-13 03:45:00,0.0999755859375,0.0,0.3984375,0.0,0.2984619140625
2024-04-13 04:15:00,0.0,0.0,0.30078125,0.0999755859375,0.2008056640625
2024-04-13 04:45:00,0.0,0.0,0.400390625,0.0,0.400390625
2024-04-13 05:00:00,0.0,0.0,0.099609375,0.0,0.099609375
2024-04-13 05:15:00,0.0,0.0,0.099609375,0.0,0.099609375
2024-04-13 05:30:00,0.0999755859375,0.0,0.201171875,0.0,0.1011962890625
2024-04-13 06:00:00,0.0,0.0,0.19921875,0.0,0.19921875
2024-04-13 06:15:00,0.0,0.0,0.19921875,0.0,0.19921875
2024-04-13 06:30:00,0.0,0.0,0.1015625,0.0,0.1015625
2024-04-13 07:00:00,0.10009765625,0.0,0.298828125,0.0,0.19873046875
2024-04-13 08:30:00,0.0999755859375,0.0,1.0,0.10003662109375,0.79998779296875
2024-04-13 08:45:00,0.0,0.0,0.0,0.0,0.0
2024-04-13 09:15:00,0.0,0.0,0.400390625,0.0,0.400390625
2024-04-13 09:30:00,0.0,0.0,0.099609375,0.0,0.099609375
2024-04-13 09:45:00,0.0999755859375,0.0,0.201171875,0.0,0.1011962890625
2024-04-13 10:00:00,0.0,0.0,0.19921875,0.0,0.19921875
2024-04-13 10:30:00,0.0,0.0,0.30078125,0.0999755859375,0.2008056640625
2024-04-13 11:00:00,0.0999755859375,0.0,0.298828125,0.0,0.1988525390625
2024-04-13 11:15:00,0.0,0.0,0.099609375,0.0,0.099609375
2024-04-13 11:30:00,0.0,0.0,0.201171875,0.0,0.201171875
2024-04-13 12:15:00,0.0999755859375,0.099853515625,0.5,0.0,0.3001708984375
2024-04-13 12:30:00,0.0,0.0,0.19921875,0.0,0.19921875
2024-04-13 12:45:00,0.0,0.0,0.099609375,0.0,0.099609375
2024-04-13 13:00:00,0.0,0.10009765625,0.30078125,0.0,0.20068359375
2024-04-13 13:15:00,0.0,0.0,0.099609375,0.0,0.099609375
2024-04-13 13:45:00,0.10009765625,0.0,0.5,0.10003662109375,0.29986572265625
2024-04-13 14:00:00,0.0,0.10009765625,0.099609375,0.0,-0.00048828125
2024-04-13 14:15:00,0.0,0.0,0.30078125,0.0,0.30078125
2024-04-13 14:45:00,0.0,0.199951171875,0.599609375,0.0,0.399658203125
2024-04-13 15:15:00,0.0999755859375,0.099853515625,0.5,0.0,0.3001708984375
2024-04-13 15:45:00,0.0,0.2001953125,0.599609375,0.0,0.3994140625
2024-04-13 16:30:00,0.0,0.199951171875,0.80078125,0.0,0.600830078125
2024-04-13 16:45:00,0.0999755859375,0.099853515625,0.5,0.0999755859375,0.2001953125
2024-04-13 17:45:00,0.0,0.300048828125,1.0,0.0,0.699951171875
2024-04-13 18:00:00,0.0999755859375,0.199951171875,0.400390625,0.0,0.1004638671875
2024-04-13 19:00:00,0.0,0.300048828125,1.099609375,0.0,0.799560546875
2024-04-13 19:15:00,0.0,0.10009765625,0.400390625,0.0,0.30029296875
2024-04-13 20:00:00,0.0999755859375,0.199951171875,0.69921875,0.0999755859375,0.29931640625
2024-04-13 20:15:00,0.0,0.0,0.201171875,0.0,0.201171875
2024-04-13 23:00:00,0.2000732421875,0.60009765625,2.798828125,0.10003662109375,1.89862060546875
2024-04-13 23:45:00,0.0999755859375,0.199951171875,0.900390625,0.0,0.6004638671875
2024-04-14 00:00:00,0.0,0.099853515625,0.099609375,0.0,-0.000244140625
2024-04-14 01:00:00,0.0,0.0,0.599609375,0.0,0.599609375
2024-04-14 01:15:00,0.0999755859375,0.0,0.30078125,0.0,0.2008056640625
2024-04-14 02:30:00,0.0999755859375,0.0,0.80078125,0.0999755859375,0.600830078125
2024-04-14 03:00:00,0.0,0.0,0.298828125,0.0,0.298828125
2024-04-14 03:15:00,0.0,0.0,0.201171875,0.0,0.201171875
2024-04-14 04:00:00,0.10009765625,0.0,0.3984375,0.0,0.29833984375
2024-04-14 04:15:00,0.0,0.0,0.1015625,0.0,0.1015625
2024-04-14 04:30:00,0.0,0.0,0.19921875,0.0,0.19921875
2024-04-14 04:45:00,0.0,0.0,0.19921875,0.10003662109375,0.09918212890625
2024-04-14 05:45:00,0.0999755859375,0.0,0.6015625,0.0,0.5015869140625
2024-04-14 06:00:00,0.0,0.0,0.099609375,0.0,0.099609375
2024-04-14 07:00:00,0.0999755859375,0.0,0.69921875,0.0,0.5992431640625
2024-04-14 07:45:00,0.0,0.0,0.400390625,0.0999755859375,0.3004150390625
2024-04-14 08:00:00,0.0,0.0,0.099609375,0.0,0.099609375
2024-04-14 08:15:00,0.0999755859375,0.0,0.099609375,0.0,-0.0003662109375
2024-04-14 08:30:00,0.0,0.0,0.30078125,0.0,0.30078125
2024-04-14 09:00:00,0.0,0.0,0.30078125,0.0,0.30078125
2024-04-14 09:15:00,0.0,0.0,0.0,0.0,0.0
2024-04-14 09:30:00,0.0,0.0,0.19921875,0.0,0.19921875
2024-04-14 10:30:00,0.0999755859375,0.0,0.69921875,0.0,0.5992431640625
2024-04-14 10:45:00,0.0,0.0,0.201171875,0.0,0.201171875
2024-04-14 11:00:00,0.10009765625,0.10009765625,0.19921875,0.0999755859375,-0.1009521484375
2024-04-14 11:15:00,0.0,0.0,0.201171875,0.0,0.201171875
2024-04-14 11:30:00,0.0,0.0,0.099609375,0.0,0.099609375
2024-04-14 11:45:00,0.0,0.10009765625,0.400390625,0.0,0.30029296875
2024-04-14 12:30:00,0.0999755859375,0.199951171875,0.599609375,0.0,0.2996826171875
2024-04-14 13:00:00,0.0,0.199951171875,0.69921875,0.0,0.499267578125
2024-04-14 13:15:00,0.0,0.10009765625,0.099609375,0.0,-0.00048828125
2024-04-14 13:30:00,0.0,0.0,0.30078125,0.0,0.30078125
2024-04-14 13:45:00,0.0,0.099853515625,0.30078125,0.0,0.200927734375
2024-04-14 14:00:00,0.0999755859375,0.10009765625,0.19921875,0.0,-0.0008544921875
2024-04-14 14:30:00,0.0,0.199951171875,0.80078125,0.10003662109375,0.50079345703125
2024-04-14 14:45:00,0.0,0.10009765625,0.19921875,0.0,0.09912109375
2024-04-14 15:15:00,0.0999755859375,0.099853515625,0.599609375,0.0,0.3997802734375
2024-04-14 15:30:00,0.0,0.10009765625,0.400390625,0.0,0.30029296875
2024-04-14 15:45:00,0.0,0.099853515625,0.19921875,0.0,0.099365234375
2024-04-14 16:00:00,0.0,0.0,0.201171875,0.0,0.201171875
2024-04-14 16:45:00,0.0999755859375,0.300048828125,1.0,0.0,0.5999755859375
2024-04-14 17:45:00,0.0,0.199951171875,0.798828125,0.0999755859375,0.4989013671875
2024-04-14 18:00:00,0.0,0.0,0.30078125,0.0,0.30078125
2024-04-14 19:00:00,0.10009765625,0.2001953125,0.80078125,0.0,0.50048828125
2024-04-14 19:15:00,0.0,0.099853515625,0.3984375,0.0,0.298583984375
2024-04-14 19:30:00,0.0999755859375,0.0,0.1015625,0.0,0.0015869140625
2024-04-14 19:45:00,0.0,0.10009765625,0.19921875,0.0,0.09912109375
2024-04-14 20:15:00,0.0,0.099853515625,0.400390625,0.10003662109375,0.20050048828125
2024-04-14 20:30:00,0.0,0.10009765625,0.19921875,0.0,0.09912109375
2024-04-14 21:00:00,0.0999755859375,0.10009765625,0.599609375,0.0,0.3995361328125
2024-04-14 22:15:00,0.0999755859375,0.199951171875,1.201171875,0.0,0.9012451171875
2024-04-14 22:30:00,0.0,0.099853515625,0.19921875,0.0,0.099365234375
2024-04-14 22:45:00,0.0,0.0,0.099609375,0.0,0.099609375
2024-04-14 23:00:00,0.0,0.10009765625,0.201171875,0.0,0.10107421875
2024-04-14 23:30:00,0.0,0.10009765625,0.599609375,0.0999755859375,0.3995361328125
2024-04-14 23:45:00,0.0,0.0,0.0,0.0,0.0
2024-04-15 00:30:00,0.0999755859375,0.199951171875,0.80078125,0.0,0.5008544921875
2024-04-15 00:45:00,0.0,0.0,0.099609375,0.0,0.099609375
2024-04-15 01:15:00,0.10009765625,0.0,0.19921875,0.0,0.09912109375
2024-04-15 01:30:00,0.0,0.0,0.30078125,0.0,0.30078125
2024-04-15 02:00:00,0.0,0.0,0.19921875,0.0,0.19921875
2024-04-15 03:15:00,0.0999755859375,0.0,0.701171875,0.0999755859375,0.501220703125
2024-04-15 03:30:00,0.0,0.0,0.099609375,0.0,0.099609375
2024-04-15 03:45:00,0.0,0.0,0.19921875,0.0,0.19921875
2024-04-15 04:00:00,0.0,0.0,0.0,0.0,0.0
2024-04-15 04:15:00,0.0999755859375,0.0,0.201171875,0.0,0.1011962890625
2024-04-15 04:45:00,0.0,0.2998046875,0.599609375,0.0,0.2998046875
2024-04-15 05:15:00,0.0,0.199951171875,0.5,0.10003662109375,0.20001220703125
2024-04-15 05:45:00,0.0999755859375,0.199951171875,0.400390625,0.0,0.1004638671875
2024-04-15 06:30:00,0.0,0.199951171875,0.69921875,0.0,0.499267578125
2024-04-15 07:00:00,0.0999755859375,0.10009765625,0.30078125,0.0,0.1007080078125
2024-04-15 07:30:00,0.0,0.7000732421875,1.099609375,0.0,0.3995361328125
2024-04-15 08:30:00,0.10009765625,1.799560546875,2.900390625,0.0999755859375,0.9007568359375
2024-04-15 09:00:00,0.0,0.80078125,1.19921875,0.0,0.3984375
2024-04-15 09:30:00,0.0,1.399658203125,2.0,0.0,0.600341796875
2024-04-15 09:45:00,0.0999755859375,0.099609375,0.400390625,0.0,0.2008056640625
2024-04-15 10:15:00,0.0,1.7998046875,2.900390625,0.0,1.1005859375
2024-04-15 10:30:00,0.0,0.300537109375,0.3984375,0.0,0.097900390625
2024-04-15 10:45:00,0.0,1.099609375,1.80078125,0.0,0.701171875
2024-04-15 11:00:00,0.0,0.20068359375,0.400390625,0.0,0.19970703125
2024-04-15 11:30:00,0.0999755859375,1.800048828125,3.0,0.10003662109375,0.99993896484375
2024-04-15 11:45:00,0.0,0.399169921875,0.798828125,0.0,0.399658203125
2024-04-15 12:00:00,0.0,0.89990234375,1.400390625,0.0,0.50048828125
2024-04-15 12:15:00,0.0,0.20068359375,0.400390625,0.0,0.19970703125
2024-04-15 13:00:00,0.0999755859375,2.099609375,3.30078125,0.0,1.1011962890625
2024-04-15 13:30:00,0.0,1.800048828125,2.8984375,0.0,1.098388671875
2024-04-15 14:00:00,0.0999755859375,1.300048828125,2.201171875,0.0,0.8011474609375
2024-04-15 14:30:00,0.0,0.89990234375,1.400390625,0.0999755859375,0.4005126953125
2024-04-15 15:15:00,0.10009765625,2.600341796875,4.0,0.0,1.299560546875
2024-04-15 15:30:00,0.0,0.099609375,0.3984375,0.0,0.298828125
2024-04-15 15:45:00,0.0,1.099853515625,1.80078125,0.0,0.700927734375
2024-04-15 16:00:00,0.0,0.300537109375,0.400390625,0.0,0.099853515625
2024-04-15 16:30:00,0.0,1.800048828125,3.0,0.0,1.199951171875
2024-04-15 16:45:00,0.0999755859375,0.699462890625,1.19921875,0.0,0.3997802734375
2024-04-15 17:00:00,0.0,0.6005859375,1.099609375,0.0,0.4990234375
2024-04-15 17:15:00,0.0,0.5,0.80078125,0.0,0.30078125
2024-04-15 17:45:00,0.0,1.39990234375,2.400390625,0.0999755859375,0.9005126953125
2024-04-15 18:30:00,0.0999755859375,1.60009765625,2.298828125,0.0,0.5987548828125
2024-04-15 19:45:00,0.0999755859375,2.59912109375,4.1015625,0.0,1.4024658203125
2024-04-15 20:00:00,0.0,0.0,0.099609375,0.0,0.099609375
2024-04-15 20:30:00,0.0,0.30029296875,0.69921875,0.10003662109375,0.29888916015625
2024-04-15 20:45:00,0.0,0.0,0.099609375,0.0,0.099609375
2024-04-15 21:45:00,0.0999755859375,0.0,0.701171875,0.0,0.6011962890625
2024-04-15 22:00:00,0.0,0.0,0.099609375,0.0,0.099609375
2024-04-15 22:30:00,0.10009765625,0.0,0.30078125,0.0,0.20068359375
2024-04-15 23:00:00,0.0,0.0,0.298828125,0.0,0.298828125
2024-04-16 00:00:00,0.0999755859375,0.0,0.599609375,0.0999755859375,0.399658203125
2024-04-16 00:45:00,0.0,0.0,0.5,0.0,0.5
2024-04-16 01:00:00,0.0,0.0,0.1015625,0.0,0.1015625
2024-04-16 01:15:00,0.0999755859375,0.0,0.298828125,0.0,0.1988525390625
2024-04-16 01:30:00,0.0,0.0,0.099609375,0.0,0.099609375
2024-04-16 01:45:00,0.0,0.0,0.201171875,0.0,0.201171875
2024-04-16 02:30:00,0.0,0.0,0.400390625,0.0,0.400390625
2024-04-16 03:00:00,0.0999755859375,0.0,0.298828125,0.10003662109375,0.09881591796875
2024-04-16 03:30:00,0.0,0.0,0.30078125,0.0,0.30078125
2024-04-16 03:45:00,0.0,0.0,0.099609375,0.0,0.099609375
2024-04-16 04:30:00,0.0999755859375,0.10009765625,0.5,0.0,0.2999267578125
2024-04-16 05:00:00,0.0,0.199951171875,0.5,0.0,0.300048828125
2024-04-16 05:15:00,0.0,0.0,0.099609375,0.0,0.099609375
2024-04-16 05:45:00,0.10009765625,0.300048828125,0.701171875,0.0999755859375,0.2010498046875
2024-04-16 06:00:00,0.0,0.0,0.099609375,0.0,0.099609375
2024-04-16 06:30:00,0.0,0.199951171875,0.599609375,0.0,0.399658203125
2024-04-16 06:45:00,0.0,0.099853515625,0.30078125,0.0,0.200927734375
2024-04-16 07:00:00,0.0999755859375,0.10009765625,0.298828125,0.0,0.0987548828125
2024-04-16 07:45:00,0.0,1.200439453125,1.900390625,0.0,0.699951171875
2024-04-16 08:00:00,0.0,0.699951171875,1.0,0.0,0.300048828125
2024-04-16 08:30:00,0.0999755859375,0.699951171875,1.30078125,0.0,0.5008544921875
2024-04-16 08:45:00,0.0,0.60009765625,1.099609375,0.0999755859375,0.3995361328125
2024-04-16 09:00:00,0.0,0.3994140625,0.599609375,0.0,0.2001953125
2024-04-16 09:30:00,0.0,1.000244140625,1.69921875,0.0,0.698974609375
2024-04-16 10:15:00,0.0999755859375,2.400146484375,3.701171875,0.0,1.2010498046875
2024-04-16 11:30:00,0.0999755859375,2.900634765625,4.798828125,0.0,1.7982177734375
2024-04-16 11:45:00,0.0,0.69921875,1.1015625,0.0,0.40234375
2024-04-16 12:15:00,0.0,1.499755859375,2.5,0.10003662109375,0.90020751953125
2024-04-16 12:45:00,0.10009765625,1.1005859375,1.798828125,0.0,0.59814453125
2024-04-16 13:15:00,0.0,1.9000244140625,3.0,0.0,1.0999755859375
2024-04-16 14:15:00,0.0999755859375,2.6002197265625,4.201171875,0.0,1.5009765625
2024-04-16 14:30:00,0.0,1.29962158203125,2.0,0.0,0.70037841796875
2024-04-16 14:45:00,0.0999755859375,0.8004150390625,1.298828125,0.0999755859375,0.2984619140625
2024-04-16 15:00:00,0.0,0.99932861328125,1.30078125,0.0,0.30145263671875
2024-04-16 15:45:00,0.0,2.00042724609375,3.19921875,0.0,1.19879150390625
2024-04-16 16:45:00,0.0999755859375,3.399658203125,5.30078125,0.0,1.8011474609375
2024-04-16 17:15:00,0.0999755859375,1.19976806640625,1.599609375,0.0,0.29986572265625
2024-04-16 17:30:00,0.0,0.7005615234375,1.099609375,0.0,0.3990478515625
2024-04-16 17:45:00,0.0,1.20001220703125,1.599609375,0.0,0.39959716796875
2024-04-16 18:30:00,0.10009765625,2.4002685546875,3.5,0.10003662109375,0.89959716796875
2024-04-16 18:45:00,0.0,0.69976806640625,1.0,0.0,0.30023193359375
2024-04-16 19:45:00,0.0999755859375,0.89947509765625,1.701171875,0.0,0.70172119140625
2024-04-16 20:15:00,0.0,0.39984130859375,0.69921875,0.0,0.29937744140625
2024-04-16 20:45:00,0.0,0.20001220703125,0.400390625,0.0,0.20037841796875
2024-04-16 21:00:00,0.0999755859375,0.10003662109375,0.30078125,0.0999755859375,0.00079345703125
2024-04-16 22:15:00,0.0999755859375,0.800048828125,1.599609375,0.0,0.6995849609375
2024-04-16 22:30:00,0.0,0.0,0.099609375,0.0,0.099609375
2024-04-16 22:45:00,0.0,0.0,0.19921875,0.0,0.19921875
2024-04-16 23:15:00,0.0,0.0,0.30078125,0.0,0.30078125
2024-04-16 23:30:00,0.0,0.0,0.099609375,0.0,0.099609375
2024-04-16 23:45:00,0.0999755859375,0.0,0.201171875,0.0,0.1011962890625
2024-04-17 00:30:00,0.0,0.0,0.3984375,0.0999755859375,0.2984619140625
2024-04-17 00:45:00,0.0,0.0,0.1015625,0.0,0.1015625
2024-04-17 01:15:00,0.10009765625,0.0,0.298828125,0.0,0.19873046875
2024-04-17 01:45:00,0.0,0.0,0.201171875,0.0,0.201171875
2024-04-17 02:15:00,0.0,0.0,0.298828125,0.0,0.298828125
2024-04-17 02:30:00,0.0,0.0,0.099609375,0.0,0.099609375
2024-04-17 03:45:00,0.0999755859375,0.0,0.701171875,0.10003662109375,0.50115966796875
2024-04-17 04:00:00,0.0999755859375,0.0,0.099609375,0.0,-0.0003662109375
2024-04-17 04:15:00,0.0,0.0,0.099609375,0.0,0.099609375
2024-04-17 04:30:00,0.0,0.199951171875,0.30078125,0.0,0.100830078125
2024-04-17 05:00:00,0.0,0.2998046875,0.599609375,0.0,0.2998046875
2024-04-17 05:15:00,0.0,0.0,0.099609375,0.0,0.099609375
2024-04-17 05:45:00,0.0999755859375,0.2001953125,0.5,0.0,0.1998291015625
2024-04-17 06:00:00,0.0,0.099853515625,0.30078125,0.0999755859375,0.1009521484375
2024-04-17 06:15:00,0.0,0.0,0.0,0.0,0.0
2024-04-17 06:30:00,0.0,0.199951171875,0.400390625,0.0,0.200439453125
2024-04-17 06:45:00,0.0,0.0,0.099609375,0.0,0.099609375
2024-04-17 07:30:00,0.0999755859375,1.20037841796875,1.798828125,0.0,0.49847412109375
2024-04-17 07:45:00,0.0,0.50048828125,0.900390625,0.0,0.39990234375
2024-04-17 08:15:00,0.10009765625,0.800048828125,1.400390625,0.0,0.500244140625
2024-04-17 08:30:00,0.0,0.299560546875,0.5,0.0,0.200439453125
2024-04-17 09:15:00,0.0,1.900146484375,3.099609375,0.10003662109375,1.09942626953125
2024-04-17 09:30:00,0.0,0.800537109375,1.099609375,0.0,0.299072265625
2024-04-17 10:00:00,0.0999755859375,1.199462890625,2.0,0.0,0.7005615234375
2024-04-17 10:15:00,0.0,0.900146484375,1.5,0.0,0.599853515625
2024-04-17 11:00:00,0.0,1.99981689453125,3.30078125,0.0,1.30096435546875
2024-04-17 11:15:00,0.0999755859375,0.9000244140625,1.30078125,0.0,0.30078125
2024-04-17 11:45:00,0.0,1.100341796875,1.8984375,0.0,0.798095703125
2024-04-17 12:15:00,0.0,1.900146484375,2.900390625,0.0999755859375,0.9002685546875
2024-04-17 12:45:00,0.0999755859375,1.0,1.400390625,0.0,0.3004150390625
2024-04-17 13:00:00,0.0,0.69921875,1.099609375,0.0,0.400390625
2024-04-17 14:15:00,0.0999755859375,3.5,5.900390625,0.0,2.3004150390625
2024-04-17 14:30:00,0.0,1.20037841796875,2.0,0.0,0.79962158203125
2024-04-17 15:00:00,0.0,1.2996826171875,2.0,0.0,0.7003173828125
2024-04-17 15:30:00,0.10009765625,1.90045166015625,2.900390625,0.0999755859375,0.79986572265625
2024-04-17 15:45:00,0.0,0.599853515625,1.099609375,0.0,0.499755859375
2024-04-17 16:00:00,0.0,0.19970703125,0.400390625,0.0,0.20068359375
2024-04-17 16:15:00,0.0,0.80029296875,1.19921875,0.0,0.39892578125
2024-04-17 17:15:00,0.0999755859375,3.2001953125,5.30078125,0.0,2.0006103515625
2024-04-17 17:30:00,0.0,0.499755859375,0.69921875,0.0,0.199462890625
2024-04-17 18:00:00,0.0,1.5997314453125,2.30078125,0.0,0.7010498046875
2024-04-17 18:30:00,0.0999755859375,1.200439453125,1.798828125,0.10003662109375,0.39837646484375
2024-04-17 18:45:00,0.0,0.7001953125,0.900390625,0.0,0.2001953125
2024-04-17 19:00:00,0.0,0.599365234375,0.900390625,0.0,0.301025390625
2024-04-17 19:30:00,0.0,0.699951171875,1.0,0.0,0.300048828125
2024-04-17 19:45:00,0.0999755859375,0.400390625,0.80078125,0.0,0.3004150390625
2024-04-17 20:00:00,0.0,0.19970703125,0.19921875,0.0,-0.00048828125
2024-04-17 20:30:00,0.0,0.80023193359375,1.099609375,0.0,0.29937744140625
2024-04-17 21:15:00,0.0999755859375,0.80029296875,1.201171875,0.0,0.3009033203125
2024-04-17 22:30:00,0.10009765625,0.899658203125,1.69921875,0.0999755859375,0.5994873046875
2024-04-17 23:00:00,0.0,0.0999755859375,0.19921875,0.0,0.0992431640625
2024-04-17 23:15:00,0.0,0.0,0.30078125,0.0,0.30078125
2024-04-17 23:30:00,0.0,0.0,0.099609375,0.0,0.099609375
2024-04-18 00:00:00,0.0999755859375,0.0,0.400390625,0.0,0.3004150390625
2024-04-18 00:15:00,0.0,0.0,0.0,0.0,0.0
2024-04-18 01:00:00,0.0,0.0,0.5,0.10003662109375,0.39996337890625
2024-04-18 01:30:00,0.0999755859375,0.10003662109375,0.30078125,0.0,0.10076904296875
2024-04-18 01:45:00,0.0,0.0,0.099609375,0.0,0.099609375
2024-04-18 02:00:00,0.0,0.0,0.19921875,0.0,0.19921875
2024-04-18 02:30:00,0.0,0.0,0.201171875,0.0,0.201171875
2024-04-18 03:15:00,0.0999755859375,0.0,0.5,0.0,0.4000244140625
2024-04-18 03:30:00,0.0,0.0,0.19921875,0.0999755859375,0.0992431640625
2024-04-18 04:00:00,0.0,0.0,0.099609375,0.0,0.099609375
2024-04-18 04:15:00,0.0999755859375,0.0999755859375,0.30078125,0.0,0.100830078125
2024-04-18 04:30:00,0.0,0.099853515625,0.099609375,0.0,-0.000244140625
2024-04-18 04:45:00,0.0,0.10009765625,0.30078125,0.0,0.20068359375
2024-04-18 05:00:00,0.0,0.0,0.19921875,0.0,0.19921875
2024-04-18 05:15:00,0.0,0.10009765625,0.19921875,0.0,0.09912109375
2024-04-18 05:45:00,0.10009765625,0.199951171875,0.6015625,0.0,0.301513671875
2024-04-18 06:00:00,0.0,0.099853515625,0.19921875,0.0,0.099365234375
2024-04-18 06:30:00,0.0,0.10009765625,0.400390625,0.0,0.30029296875
2024-04-18 06:45:00,0.0,0.2999267578125,0.298828125,0.0999755859375,-0.10107421875
2024-04-18 07:00:00,0.0999755859375,0.10009765625,0.30078125,0.0,0.1007080078125
2024-04-18 07:15:00,0.0,0.5001220703125,0.69921875,0.0,0.1990966796875
2024-04-18 07:45:00,0.0,1.19970703125,1.701171875,0.0,0.50146484375
2024-04-18 08:00:00,0.0,0.500732421875,0.900390625,0.0,0.399658203125
2024-04-18 08:15:00,0.0999755859375,0.4990234375,0.69921875,0.0,0.1002197265625
2024-04-18 08:45:00,0.0,0.900634765625,1.69921875,0.0,0.798583984375
2024-04-18 09:00:00,0.0,0.3994140625,0.5,0.0,0.1005859375
2024-04-18 10:30:00,0.0999755859375,3.60052490234375,6.201171875,0.10003662109375,2.400634765625
2024-04-18 10:45:00,0.0,1.000244140625,1.798828125,0.0,0.798583984375
2024-04-18 11:00:00,0.0,0.79931640625,1.701171875,0.0,0.90185546875
2024-04-18 11:15:00,0.0999755859375,0.700439453125,1.099609375,0.0,0.2991943359375
2024-04-18 11:30:00,0.0,0.80029296875,1.099609375,0.0,0.29931640625
2024-04-18 11:45:00,0.0,0.599853515625,1.099609375,0.0,0.499755859375
2024-04-18 12:15:00,0.0,0.9998779296875,1.5,0.0,0.5001220703125
2024-04-18 13:15:00,0.10009765625,2.999755859375,4.6015625,0.0999755859375,1.4017333984375
2024-04-18 14:15:00,0.0999755859375,3.09979248046875,4.798828125,0.0,1.59906005859375
2024-04-18 14:30:00,0.0,1.29974365234375,1.599609375,0.0,0.29986572265625
2024-04-18 15:00:00,0.0,1.30084228515625,2.201171875,0.0,0.90032958984375
2024-04-18 15:30:00,0.0999755859375,2.09918212890625,3.0,0.0,0.80084228515625
2024-04-18 15:45:00,0.0,0.9005126953125,1.298828125,0.10003662109375,0.29827880859375
2024-04-18 16:00:00,0.0,0.7999267578125,1.30078125,0.0,0.5008544921875
2024-04-18 16:15:00,0.0,0.90020751953125,1.30078125,0.0,0.40057373046875
2024-04-18 16:45:00,0.0,1.600341796875,2.5,0.0,0.899658203125
2024-04-18 17:00:00,0.0999755859375,1.00018310546875,1.599609375,0.0,0.49945068359375
2024-04-18 17:15:00,0.0,0.79931640625,1.099609375,0.0,0.30029296875
2024-04-18 17:30:00,0.0,0.400146484375,0.69921875,0.0,0.299072265625
2024-04-18 17:45:00,0.0,0.89990234375,1.400390625,0.0,0.50048828125
2024-04-18 18:15:00,0.0999755859375,1.2996826171875,1.80078125,0.0,0.401123046875
2024-04-18 18:30:00,0.0,0.999755859375,1.400390625,0.0,0.400634765625
2024-04-18 18:45:00,0.0,0.1005859375,0.19921875,0.0,0.0986328125
2024-04-18 19:00:00,0.0,0.49951171875,0.80078125,0.0999755859375,0.2012939453125
2024-04-18 19:45:00,0.10009765625,0.30029296875,1.0,0.0,0.599609375
2024-04-18 20:15:00,0.0,0.0,0.298828125,0.0,0.298828125
2024-04-18 20:30:00,0.0,0.10003662109375,0.201171875,0.0,0.10113525390625
2024-04-18 21:45:00,0.0999755859375,0.0,0.69921875,0.0,0.5992431640625
2024-04-18 22:00:00,0.0,0.0,0.19921875,0.0999755859375,0.0992431640625
2024-04-18 22:30:00,0.0,0.0,0.30078125,0.0,0.30078125
2024-04-18 23:00:00,0.0999755859375,0.0999755859375,0.400390625,0.0,0.200439453125
2024-04-19 00:15:00,0.0999755859375,0.0,0.69921875,0.0,0.5992431640625
2024-04-19 00:30:00,0.0,0.0,0.201171875,0.0,0.201171875
2024-04-19 01:00:00,0.0,0.0,0.298828125,0.10003662109375,0.19879150390625
2024-04-19 01:15:00,0.0,0.0,0.099609375,0.0,0.099609375
2024-04-19 01:45:00,0.0999755859375,0.0999755859375,0.5,0.0,0.300048828125
2024-04-19 02:15:00,0.0,0.0,0.30078125,0.0,0.30078125
2024-04-19 03:15:00,0.10009765625,0.0,0.599609375,0.0,0.49951171875
2024-04-19 03:45:00,0.0,0.0,0.30078125,0.0,0.30078125
2024-04-19 04:00:00,0.0,0.0,0.099609375,0.0999755859375,-0.0003662109375
2024-04-19 04:15:00,0.0999755859375,0.19989013671875,0.30078125,0.0,0.00091552734375
2024-04-19 04:30:00,0.0,0.0,0.099609375,0.0,0.099609375
2024-04-19 04:45:00,0.0,0.199951171875,0.400390625,0.0,0.200439453125
2024-04-19 05:15:00,0.0,0.2001953125,0.5,0.0,0.2998046875
2024-04-19 05:30:00,0.0,0.0,0.099609375,0.0,0.099609375
2024-04-19 05:45:00,0.0999755859375,0.099853515625,0.400390625,0.0,0.2005615234375
2024-04-19 06:30:00,0.0,0.300048828125,0.69921875,0.0,0.399169921875
2024-04-19 07:00:00,0.0,0.10009765625,0.30078125,0.10003662109375,0.10064697265625
2024-04-19 08:15:00,0.0999755859375,2.800048828125,4.298828125,0.0,1.3988037109375
2024-04-19 08:45:00,0.0999755859375,0.7998046875,1.400390625,0.0,0.5006103515625
2024-04-19 09:00:00,0.0,0.600341796875,0.80078125,0.0,0.200439453125
2024-04-19 09:45:00,0.0,1.39984130859375,2.5,0.0,1.10015869140625
2024-04-19 10:00:00,0.10009765625,1.099853515625,1.69921875,0.0999755859375,0.3992919921875
2024-04-19 10:30:00,0.0,1.50048828125,2.19921875,0.0,0.69873046875
2024-04-19 10:45:00,0.0,0.60009765625,1.1015625,0.0,0.50146484375
2024-04-19 11:00:00,0.0,0.300048828125,0.3984375,0.0,0.098388671875
2024-04-19 11:15:00,0.0999755859375,0.79931640625,1.400390625,0.0,0.5010986328125
2024-04-19 11:30:00,0.0,0.5,0.701171875,0.0,0.201171875
2024-04-19 11:45:00,0.0,1.1005859375,1.69921875,0.0,0.5986328125
2024-04-19 12:30:00,0.0,1.9000244140625,2.69921875,0.0,0.7991943359375
2024-04-19 13:00:00,0.0999755859375,1.300048828125,2.0,0.0999755859375,0.5
2024-04-19 13:15:00,0.0,1.0,1.400390625,0.0,0.400390625
2024-04-19 13:30:00,0.0,0.3994140625,0.701171875,0.0,0.3017578125
2024-04-19 13:45:00,0.0,0.999755859375,1.3984375,0.0,0.398681640625
2024-04-19 14:00:00,0.0,0.5009765625,0.80078125,0.0,0.2998046875
2024-04-19 14:30:00,0.0999755859375,1.399169921875,2.099609375,0.0,0.6004638671875
2024-04-19 14:45:00,0.0,0.6005859375,1.099609375,0.0,0.4990234375
2024-04-19 15:15:00,0.0,1.7994384765625,2.5,0.0,0.7005615234375
2024-04-19 15:30:00,0.0999755859375,0.700439453125,1.1015625,0.0,0.3011474609375
2024-04-19 16:15:00,0.0,1.89959716796875,2.8984375,0.10003662109375,0.8988037109375
2024-04-19 16:30:00,0.0,1.0,1.5,0.0,0.5
2024-04-19 16:45:00,0.10009765625,0.7001953125,1.1015625,0.0,0.30126953125
2024-04-19 17:00:00,0.0,0.5003662109375,0.69921875,0.0,0.1988525390625
2024-04-19 17:15:00,0.0,1.0997314453125,1.599609375,0.0,0.4998779296875
2024-04-19 17:30:00,0.0,0.999755859375,1.201171875,0.0,0.201416015625
2024-04-19 17:45:00,0.0,0.80047607421875,1.099609375,0.0,0.29913330078125
2024-04-19 18:00:00,0.0,0.4998779296875,0.69921875,0.0,0.1993408203125
2024-04-19 18:30:00,0.0999755859375,0.799560546875,1.201171875,0.0,0.3016357421875
2024-04-19 19:00:00,0.0,0.600341796875,1.19921875,0.0,0.598876953125
2024-04-19 19:15:00,0.0,0.0,0.099609375,0.0999755859375,-0.0003662109375
2024-04-19 19:30:00,0.0999755859375,0.2001953125,0.400390625,0.0,0.1002197265625
2024-04-19 19:45:00,0.0,0.0,0.099609375,0.0,0.099609375
2024-04-19 20:00:00,0.0,0.0999755859375,0.30078125,0.0,0.2008056640625
2024-04-19 20:30:00,0.0,0.0,0.19921875,0.0,0.19921875
2024-04-19 20:45:00,0.0,0.0,0.201171875,0.0,0.201171875
2024-04-19 21:00:00,0.0999755859375,0.0,0.099609375,0.0,-0.0003662109375
2024-04-19 21:15:00,0.0,0.0,0.19921875,0.0,0.19921875
2024-04-19 21:45:00,0.0,0.0,0.400390625,0.0,0.400390625
2024-04-19 22:00:00,0.0,0.0,0.30078125,0.0,0.30078125
2024-04-19 22:15:00,0.0,0.0,0.0,0.10003662109375,-0.10003662109375
2024-04-19 22:30:00,0.0999755859375,0.0,0.298828125,0.0,0.1988525390625
2024-04-19 23:00:00,0.0,0.10003662109375,0.30078125,0.0,0.20074462890625
2024-04-19 23:30:00,0.0,0.0,0.298828125,0.0,0.298828125
2024-04-19 23:45:00,0.10009765625,0.0,0.30078125,0.0,0.20068359375
2024-04-20 00:00:00,0.0,0.0,0.099609375,0.0,0.099609375
2024-04-20 00:15:00,0.0,0.0,0.099609375,0.0,0.099609375
2024-04-20 01:15:00,0.0999755859375,0.0,0.701171875,0.0,0.6011962890625
2024-04-20 01:45:00,0.0,0.0999755859375,0.298828125,0.0999755859375,0.098876953125
2024-04-20 02:00:00,0.0,0.0,0.201171875,0.0,0.201171875
2024-04-20 02:30:00,0.0999755859375,0.0,0.400390625,0.0,0.3004150390625
2024-04-20 02:45:00,0.0,0.0,0.099609375,0.0,0.099609375
2024-04-20 03:00:00,0.0,0.0,0.099609375,0.0,0.099609375
2024-04-20 03:15:00,0.0,0.0,0.19921875,0.0,0.19921875
2024-04-20 03:30:00,0.0,0.0,0.201171875,0.0,0.201171875
2024-04-20 03:45:00,0.0,0.0,0.19921875,0.0,0.19921875
2024-04-20 04:30:00,0.0999755859375,0.0999755859375,0.400390625,0.0999755859375,0.1004638671875
2024-04-20 04:45:00,0.0,0.0,0.19921875,0.0,0.19921875
2024-04-20 05:00:00,0.0,0.0,0.1015625,0.0,0.1015625
2024-04-20 05:15:00,0.0,0.0,0.19921875,0.0,0.19921875
2024-04-20 05:45:00,0.0999755859375,0.0,0.30078125,0.0,0.2008056640625
2024-04-20 06:45:00,0.0,0.10003662109375,0.599609375,0.0,0.49957275390625
2024-04-20 07:15:00,0.10009765625,0.0,0.5,0.0,0.39990234375
2024-04-20 07:30:00,0.0,0.0,0.099609375,0.10003662109375,-0.00042724609375
2024-04-20 08:00:00,0.0,0.0,0.400390625,0.0,0.400390625
2024-04-20 08:30:00,0.0999755859375,0.0,0.298828125,0.0,0.1988525390625
2024-04-20 08:45:00,0.0,0.0,0.1015625,0.0,0.1015625
2024-04-20 09:00:00,0.0,0.0999755859375,0.19921875,0.0,0.0992431640625
2024-04-20 10:30:00,0.0999755859375,0.0,1.099609375,0.0999755859375,0.899658203125
2024-04-20 11:30:00,0.0999755859375,0.0,0.599609375,0.0,0.4996337890625
2024-04-20 12:00:00,0.0,0.10003662109375,0.30078125,0.0,0.20074462890625
2024-04-20 12:15:00,0.0,0.0,0.19921875,0.0,0.19921875
2024-04-20 12:30:00,0.0999755859375,0.0,0.1015625,0.0,0.0015869140625
2024-04-20 13:15:00,0.0,0.0,0.599609375,0.0,0.599609375
2024-04-20 13:30:00,0.0,0.0,0.099609375,0.10003662109375,-0.00042724609375
2024-04-20 14:00:00,0.10009765625,0.0,0.19921875,0.0,0.09912109375
2024-04-20 15:00:00,0.0,0.0999755859375,0.701171875,0.0,0.6011962890625
2024-04-20 15:15:00,0.0,0.0,0.19921875,0.0,0.19921875
2024-04-20 15:30:00,0.0999755859375,0.0,0.099609375,0.0,-0.0003662109375
2024-04-20 15:45:00,0.0,0.0,0.201171875,0.0,0.201171875
2024-04-20 16:00:00,0.0,0.0,0.19921875,0.0,0.19921875
2024-04-20 16:15:00,0.0,0.0,0.099609375,0.0,0.099609375
2024-04-20 16:30:00,0.0,0.0,0.1015625,0.0999755859375,0.0015869140625
2024-04-20 16:45:00,0.0999755859375,0.0,0.19921875,0.0,0.0992431640625
2024-04-20 17:00:00,0.0,0.0999755859375,0.19921875,0.0,0.0992431640625
2024-04-20 17:15:00,0.0,0.0,0.1015625,0.0,0.1015625
2024-04-20 17:30:00,0.0,0.0,0.19921875,0.0,0.19921875
2024-04-20 17:45:00,0.0,0.0,0.19921875,0.0,0.19921875
2024-04-20 18:00:00,0.0,0.0,0.1015625,0.0,0.1015625
2024-04-20 18:45:00,0.0999755859375,0.0,0.3984375,0.0,0.2984619140625
2024-04-20 19:00:00,0.0,0.0,0.201171875,0.0,0.201171875
2024-04-20 19:15:00,0.0,0.0,0.19921875,0.0,0.19921875
2024-04-20 19:30:00,0.0,0.0,0.099609375,0.0,0.099609375
2024-04-20 19:45:00,0.0999755859375,0.10003662109375,0.201171875,0.0999755859375,-0.09881591796875
2024-04-20 21:30:00,0.10009765625,0.0,1.19921875,0.0,1.09912109375
2024-04-20 22:00:00,0.0,0.0,0.201171875,0.0,0.201171875
2024-04-20 22:30:00,0.0999755859375,0.0999755859375,0.3984375,0.10003662109375,0.09844970703125
2024-04-20 23:00:00,0.0,0.0,0.30078125,0.0,0.30078125
2024-04-20 23:30:00,0.0,0.0,0.30078125,0.0,0.30078125
2024-04-21 00:00:00,0.0999755859375,0.0,0.298828125,0.0,0.1988525390625
2024-04-21 01:30:00,0.0999755859375,0.10003662109375,1.0,0.0,0.79998779296875
2024-04-21 02:15:00,0.0,0.0,0.400390625,0.0999755859375,0.3004150390625
2024-04-21 02:30:00,0.0,0.0,0.099609375,0.0,0.099609375
2024-04-21 02:45:00,0.0999755859375,0.0,0.201171875,0.0,0.1011962890625
2024-04-21 03:00:00,0.0,0.0,0.19921875,0.0,0.19921875
2024-04-21 03:15:00,0.0,0.0,0.19921875,0.0,0.19921875
2024-04-21 04:15:00,0.10009765625,0.0999755859375,0.5,0.0,0.2999267578125
2024-04-21 04:45:00,0.0,0.0,0.400390625,0.10003662109375,0.30035400390625
2024-04-21 05:00:00,0.0,0.0,0.099609375,0.0,0.099609375
2024-04-21 05:30:00,0.0999755859375,0.0,0.30078125,0.0,0.2008056640625
2024-04-21 05:45:00,0.0,0.0,0.30078125,0.0,0.30078125
2024-04-21 06:00:00,0.0,0.0999755859375,0.099609375,0.0,-0.0003662109375
2024-04-21 06:15:00,0.0,0.0,0.298828125,0.0,0.298828125
2024-04-21 06:45:00,0.0,0.0,0.30078125,0.0,0.30078125
2024-04-21 07:15:00,0.0999755859375,0.0,0.19921875,0.0,0.0992431640625
2024-04-21 07:30:00,0.0,0.0,0.201171875,0.0,0.201171875
2024-04-21 08:00:00,0.0,0.0,0.298828125,0.0999755859375,0.1988525390625
2024-04-21 08:30:00,0.0999755859375,0.0,0.30078125,0.0,0.2008056640625
2024-04-21 09:00:00,0.0,0.10003662109375,0.400390625,0.0,0.30035400390625
2024-04-21 09:30:00,0.0,0.0,0.19921875,0.0,0.19921875
2024-04-21 09:45:00,0.0,0.0,0.201171875,0.0,0.201171875
2024-04-21 10:15:00,0.0999755859375,0.0,0.298828125,0.0,0.1988525390625
2024-04-21 11:15:00,0.10009765625,0.0,0.701171875,0.0999755859375,0.5010986328125
2024-04-21 11:30:00,0.0,0.0999755859375,0.19921875,0.0,0.0992431640625
2024-04-21 12:00:00,0.0,0.0,0.400390625,0.0,0.400390625
2024-04-21 12:45:00,0.0999755859375,0.0,0.400390625,0.0,0.3004150390625
2024-04-21 13:00:00,0.0,0.0,0.099609375,0.0,0.099609375
2024-04-21 13:15:00,0.0,0.0,0.298828125,0.0,0.298828125
2024-04-21 13:30:00,0.0,0.0,0.1015625,0.0,0.1015625
2024-04-21 15:00:00,0.0999755859375,0.10003662109375,1.099609375,0.10003662109375,0.799560546875
2024-04-21 15:15:00,0.0,0.0,0.19921875,0.0,0.19921875
2024-04-21 15:30:00,0.0999755859375,0.0,0.0,0.0,-0.0999755859375
2024-04-21 16:00:00,0.0,0.0,0.400390625,0.0,0.400390625
2024-04-21 16:45:00,0.0999755859375,0.0999755859375,0.599609375,0.0,0.399658203125
2024-04-21 17:00:00,0.0,0.0,0.099609375,0.0999755859375,-0.0003662109375
2024-04-21 17:45:00,0.0,0.0,0.5,0.0,0.5
2024-04-21 18:00:00,0.0,0.0,0.1015625,0.0,0.1015625
2024-04-21 18:15:00,0.10009765625,0.0,0.19921875,0.0,0.09912109375
2024-04-21 19:00:00,0.0,0.0,0.400390625,0.0,0.400390625
2024-04-21 19:15:00,0.0,0.0999755859375,0.298828125,0.0,0.1988525390625
2024-04-21 19:30:00,0.0,0.0,0.1015625,0.0,0.1015625
2024-04-21 19:45:00,0.0999755859375,0.0,0.19921875,0.0,0.0992431640625
2024-04-21 20:00:00,0.0,0.0,0.099609375,0.0,0.099609375
2024-04-21 20:15:00,0.0,0.0,0.201171875,0.10003662109375,0.10113525390625
2024-04-21 21:00:00,0.0999755859375,0.0,0.5,0.0,0.4000244140625
2024-04-21 21:15:00,0.0,0.0,0.099609375,0.0,0.099609375
2024-04-21 21:45:00,0.0,0.10003662109375,0.400390625,0.0,0.30035400390625
2024-04-21 22:00:00,0.0,0.0,0.0,0.0,0.0
2024-04-21 22:15:00,0.0,0.0,0.19921875,0.0,0.19921875
2024-04-21 22:30:00,0.0999755859375,0.0,0.30078125,0.0,0.2008056640625
2024-04-21 22:45:00,0.0,0.0,0.0,0.0,0.0
2024-04-21 23:00:00,0.0,0.0,0.298828125,0.0999755859375,0.1988525390625
2024-04-21 23:15:00,0.0,0.0,0.099609375,0.0,0.099609375
2024-04-21 23:30:00,0.0,0.0,0.201171875,0.0,0.201171875
2024-04-22 00:15:00,0.0999755859375,0.0,0.298828125,0.0,0.1988525390625
2024-04-22 00:30:00,0.0,0.0999755859375,0.30078125,0.0,0.2008056640625
2024-04-22 01:30:00,0.10009765625,0.0,0.69921875,0.0,0.59912109375
2024-04-22 01:45:00,0.0,0.0,0.201171875,0.0,0.201171875
2024-04-22 02:15:00,0.0,0.0,0.19921875,0.0999755859375,0.0992431640625
2024-04-22 02:30:00,0.0,0.0,0.201171875,0.0,0.201171875
2024-04-22 02:45:00,0.0999755859375,0.0,0.099609375,0.0,-0.0003662109375
2024-04-22 03:00:00,0.0,0.10003662109375,0.099609375,0.0,-0.00042724609375
2024-04-22 03:45:00,0.0,0.0,0.5,0.0,0.5
2024-04-22 04:15:00,0.0999755859375,0.0,0.400390625,0.0,0.3004150390625
2024-04-22 05:15:00,0.0,0.39990234375,1.0,0.10003662109375,0.50006103515625
2024-04-22 06:00:00,0.0999755859375,0.3001708984375,0.900390625,0.0,0.500244140625
2024-04-22 06:30:00,0.0,0.099853515625,0.298828125,0.0,0.198974609375
2024-04-22 06:45:00,0.0,0.10009765625,0.30078125,0.0,0.20068359375
2024-04-22 07:15:00,0.0999755859375,0.7001953125,1.19921875,0.0,0.3990478515625
2024-04-22 08:15:00,0.0,2.2994384765625,3.30078125,0.0999755859375,0.9013671875
2024-04-22 08:30:00,0.10009765625,0.300537109375,0.599609375,0.0,0.198974609375
2024-04-22 09:30:00,0.0,1.799560546875,3.099609375,0.0,1.300048828125
2024-04-22 09:45:00,0.0999755859375,1.099609375,1.900390625,0.0,0.7008056640625
2024-04-22 10:15:00,0.0,1.600830078125,2.30078125,0.0,0.699951171875
2024-04-22 10:30:00,0.0,0.29931640625,0.798828125,0.0,0.49951171875
2024-04-22 11:00:00,0.0,1.50030517578125,2.099609375,0.0,0.59930419921875
2024-04-22 11:15:00,0.0999755859375,1.10015869140625,1.701171875,0.10003662109375,0.4010009765625
2024-04-22 11:30:00,0.0,0.7994384765625,1.298828125,0.0,0.4993896484375
2024-04-22 11:45:00,0.0,0.80084228515625,1.201171875,0.0,0.40032958984375
2024-04-22 12:00:00,0.0,0.9998779296875,1.5,0.0,0.5001220703125
2024-04-22 12:15:00,0.0,0.39935302734375,0.400390625,0.0,0.00103759765625
2024-04-22 12:30:00,0.0,1.400390625,2.0,0.0,0.599609375
2024-04-22 12:45:00,0.0999755859375,0.099609375,0.3984375,0.0,0.1988525390625
2024-04-22 13:00:00,0.0,1.400634765625,2.30078125,0.0,0.900146484375
2024-04-22 13:15:00,0.0,0.59930419921875,0.900390625,0.0,0.30108642578125
2024-04-22 14:30:00,0.0999755859375,4.40032958984375,6.400390625,0.0999755859375,1.80010986328125
2024-04-22 14:45:00,0.0,1.20013427734375,1.798828125,0.0,0.59869384765625
2024-04-22 15:30:00,0.10009765625,2.49993896484375,3.80078125,0.0,1.20074462890625
2024-04-22 16:00:00,0.0,1.40020751953125,2.099609375,0.0,0.69940185546875
2024-04-22 16:45:00,0.0,2.60015869140625,4.0,0.0,1.39984130859375
2024-04-22 17:00:00,0.0999755859375,0.39959716796875,0.30078125,0.0,-0.19879150390625
2024-04-22 17:45:00,0.0,2.899658203125,4.5,0.0999755859375,1.5003662109375
2024-04-22 18:30:00,0.0999755859375,1.800048828125,2.69921875,0.0,0.7991943359375
2024-04-22 19:15:00,0.0,1.80029296875,2.69921875,0.0,0.89892578125
2024-04-22 19:30:00,0.0,0.2001953125,0.30078125,0.0,0.1005859375
2024-04-22 20:00:00,0.0999755859375,0.60009765625,0.900390625,0.0,0.2003173828125
2024-04-22 20:15:00,0.0,0.199951171875,0.298828125,0.0,0.098876953125
2024-04-22 20:30:00,0.0,0.199951171875,0.400390625,0.10003662109375,0.10040283203125
2024-04-22 21:15:00,0.0999755859375,0.7999267578125,1.30078125,0.0,0.40087890625
2024-04-22 21:45:00,0.0,0.5,0.798828125,0.0,0.298828125
2024-04-22 22:15:00,0.0,0.5,0.80078125,0.0,0.30078125
2024-04-22 22:30:00,0.10009765625,0.0,0.19921875,0.0,0.09912109375
2024-04-22 23:00:00,0.0,0.0,0.1015625,0.0,0.1015625
2024-04-22 23:30:00,0.0,0.0,0.298828125,0.0999755859375,0.1988525390625
2024-04-22 23:45:00,0.0,0.0,0.201171875,0.0,0.201171875
2024-04-23 00:00:00,0.0999755859375,0.0,0.19921875,0.0,0.0992431640625
2024-04-23 00:15:00,0.0,0.0,0.19921875,0.0,0.19921875
2024-04-23 01:00:00,0.0,0.0,0.400390625,0.0,0.400390625
2024-04-23 02:00:00,0.0999755859375,0.0,0.701171875,0.0,0.6011962890625
2024-04-23 02:45:00,0.0999755859375,0.0,0.3984375,0.10003662109375,0.19842529296875
2024-04-23 03:15:00,0.0,0.0,0.201171875,0.0,0.201171875
2024-04-23 03:45:00,0.0,0.0,0.19921875,0.0,0.19921875
2024-04-23 04:00:00,0.0,0.0,0.30078125,0.0,0.30078125
2024-04-23 04:15:00,0.0999755859375,0.19970703125,0.19921875,0.0,-0.1004638671875
2024-04-23 04:30:00,0.0,0.0,0.30078125,0.0,0.30078125
2024-04-23 05:15:00,0.0,0.2998046875,0.599609375,0.0,0.2998046875
2024-04-23 05:30:00,0.0,0.10009765625,0.19921875,0.0,0.09912109375
2024-04-23 05:45:00,0.10009765625,0.10009765625,0.400390625,0.0999755859375,0.1002197265625
2024-04-23 06:00:00,0.0,0.099853515625,0.201171875,0.0,0.101318359375
2024-04-23 06:15:00,0.0,0.10009765625,0.19921875,0.0,0.09912109375
2024-04-23 06:45:00,0.0,0.39990234375,0.69921875,0.0,0.29931640625
2024-04-23 07:00:00,0.0999755859375,0.2001953125,0.5,0.0,0.1998291015625
2024-04-23 07:15:00,0.0,0.10009765625,0.1015625,0.0,0.00146484375
2024-04-23 07:30:00,0.0,0.5,1.0,0.0,0.5
2024-04-23 08:00:00,0.0,0.900390625,1.298828125,0.0,0.3984375
2024-04-23 08:15:00,0.0,0.7998046875,1.30078125,0.0,0.5009765625
2024-04-23 08:30:00,0.0999755859375,0.299560546875,0.5,0.0,0.1004638671875
2024-04-23 09:00:00,0.0,0.899658203125,1.400390625,0.0999755859375,0.4007568359375
2024-04-23 09:15:00,0.0,0.801025390625,1.298828125,0.0,0.497802734375
2024-04-23 09:45:00,0.0,1.399169921875,2.30078125,0.0,0.901611328125
2024-04-23 10:15:00,0.0999755859375,1.20001220703125,1.798828125,0.0,0.49884033203125
2024-04-23 10:30:00,0.0,0.8004150390625,1.30078125,0.0,0.5003662109375
2024-04-23 11:15:00,0.0,2.19964599609375,3.80078125,0.0,1.60113525390625
2024-04-23 11:30:00,0.0999755859375,0.600830078125,1.298828125,0.0,0.5980224609375
2024-04-23 12:30:00,0.0,2.9998779296875,5.701171875,0.10003662109375,2.60125732421875
2024-04-23 13:15:00,0.10009765625,2.7998046875,4.599609375,0.0,1.69970703125
2024-04-23 13:30:00,0.0,0.79931640625,1.19921875,0.0,0.39990234375
2024-04-23 13:45:00,0.0,0.8006591796875,1.30078125,0.0,0.5001220703125
2024-04-23 14:00:00,0.0,0.39990234375,0.798828125,0.0,0.39892578125
2024-04-23 14:30:00,0.0999755859375,1.2999267578125,2.0,0.0,0.60009765625
2024-04-23 14:45:00,0.0,0.99969482421875,1.701171875,0.0999755859375,0.60150146484375
2024-04-23 15:15:00,0.0,1.79986572265625,2.900390625,0.0,1.10052490234375
2024-04-23 15:30:00,0.0,0.5009765625,0.798828125,0.0,0.2978515625
2024-04-23 15:45:00,0.0999755859375,0.79931640625,1.201171875,0.0,0.3018798828125
2024-04-23 16:00:00,0.0,0.400146484375,0.798828125,0.0,0.398681640625
2024-04-23 16:30:00,0.0,1.599853515625,2.80078125,0.0,1.200927734375
2024-04-23 16:45:00,0.0,0.700439453125,1.19921875,0.0,0.498779296875
2024-04-23 17:15:00,0.0999755859375,1.699462890625,2.701171875,0.0,0.9017333984375
2024-04-23 17:45:00,0.0,0.999755859375,1.3984375,0.0,0.398681640625
2024-04-23 18:00:00,0.0,0.5009765625,1.0,0.10003662109375,0.39898681640625
2024-04-23 18:15:00,0.0,1.099609375,1.80078125,0.0,0.701171875
2024-04-23 19:00:00,0.0999755859375,1.899658203125,3.0,0.0,1.0003662109375
2024-04-23 19:15:00,0.0,0.200439453125,0.30078125,0.0,0.100341796875
2024-04-23 19:30:00,0.0,0.600341796875,0.8984375,0.0,0.298095703125
2024-04-23 19:45:00,0.0,0.0,0.201171875,0.0,0.201171875
2024-04-23 20:00:00,0.10009765625,0.399658203125,0.400390625,0.0,-0.099365234375
2024-04-23 20:15:00,0.0,0.3994140625,0.798828125,0.0,0.3994140625
2024-04-23 20:30:00,0.0,0.30078125,0.5,0.0,0.19921875
2024-04-23 20:45:00,0.0,0.0,0.201171875,0.0999755859375,0.1011962890625
2024-04-23 21:15:00,0.0,0.0,0.19921875,0.0,0.19921875
2024-04-23 21:45:00,0.0999755859375,0.0,0.5,0.0,0.4000244140625
2024-04-23 22:15:00,0.0,0.0,0.30078125,0.0,0.30078125
2024-04-23 22:30:00,0.0,0.0,0.19921875,0.0,0.19921875
2024-04-23 23:15:00,0.0999755859375,0.0,0.599609375,0.0,0.4996337890625
2024-04-23 23:30:00,0.0,0.0,0.099609375,0.0,0.099609375
2024-04-23 23:45:00,0.0,0.0,0.1015625,0.0,0.1015625
2024-04-24 00:15:00,0.0999755859375,0.0,0.3984375,0.0999755859375,0.198486328125
2024-04-24 00:30:00,0.0,0.0,0.30078125,0.0,0.30078125
2024-04-24 00:45:00,0.0,0.0,0.099609375,0.0,0.099609375
2024-04-24 01:00:00,0.0,0.0,0.30078125,0.0,0.30078125
2024-04-24 01:15:00,0.0,0.0,0.099609375,0.0,0.099609375
2024-04-24 01:45:00,0.0999755859375,0.0,0.400390625,0.0,0.3004150390625
2024-04-24 02:00:00,0.0,0.0,0.099609375,0.0,0.099609375
2024-04-24 02:15:00,0.0,0.0,0.19921875,0.0,0.19921875
2024-04-24 03:45:00,0.10009765625,0.0,1.1015625,0.10003662109375,0.90142822265625
2024-04-24 04:30:00,0.0999755859375,0.0,0.3984375,0.0,0.2984619140625
2024-04-24 05:00:00,0.0,0.199951171875,0.6015625,0.0,0.401611328125
2024-04-24 05:30:00,0.0,0.199951171875,0.5,0.0,0.300048828125
2024-04-24 05:45:00,0.0999755859375,0.10009765625,0.3984375,0.0,0.1983642578125
2024-04-24 06:00:00,0.0,0.099853515625,0.201171875,0.0999755859375,0.0013427734375
2024-04-24 06:15:00,0.0,0.10009765625,0.400390625,0.0,0.30029296875
2024-04-24 07:30:00,0.0999755859375,1.3997802734375,2.3984375,0.0,0.898681640625
2024-04-24 08:00:00,0.0,0.8994140625,1.6015625,0.0,0.7021484375
2024-04-24 08:15:00,0.0,0.80078125,1.298828125,0.0,0.498046875
2024-04-24 08:30:00,0.0,0.19970703125,0.30078125,0.0,0.10107421875
2024-04-24 08:45:00,0.0999755859375,0.600341796875,1.099609375,0.0,0.3992919921875
2024-04-24 09:00:00,0.0,0.199462890625,0.599609375,0.0,0.400146484375
2024-04-24 09:15:00,0.0,0.7998046875,1.201171875,0.10003662109375,0.30133056640625
2024-04-24 09:45:00,0.0,1.500244140625,2.599609375,0.0,1.099365234375
2024-04-24 10:45:00,0.10009765625,2.900146484375,4.900390625,0.0,1.900146484375
2024-04-24 11:30:00,0.0999755859375,1.599609375,2.8984375,0.0,1.1988525390625
2024-04-24 11:45:00,0.0,1.1005859375,1.900390625,0.0,0.7998046875
2024-04-24 12:00:00,0.0,0.599853515625,0.80078125,0.0,0.200927734375
2024-04-24 12:15:00,0.0,0.80029296875,1.5,0.0999755859375,0.5997314453125
2024-04-24 12:30:00,0.0,0.499755859375,0.798828125,0.0,0.299072265625
2024-04-24 12:45:00,0.0,0.500244140625,0.701171875,0.0,0.200927734375
2024-04-24 13:00:00,0.0999755859375,0.900146484375,1.599609375,0.0,0.5994873046875
2024-04-24 13:15:00,0.0,0.89990234375,1.599609375,0.0,0.69970703125
2024-04-24 13:45:00,0.0,1.4991455078125,2.599609375,0.0,1.1004638671875
2024-04-24 14:30:00,0.0999755859375,2.30059814453125,3.80078125,0.0,1.40020751953125
2024-04-24 14:45:00,0.0,0.699462890625,1.19921875,0.0,0.499755859375
2024-04-24 15:00:00,0.0,0.30078125,0.5,0.0,0.19921875
2024-04-24 15:15:00,0.0,1.09967041015625,1.701171875,0.0999755859375,0.50152587890625
2024-04-24 15:30:00,0.0,1.10003662109375,1.798828125,0.0,0.69879150390625
2024-04-24 15:45:00,0.0999755859375,0.5003662109375,0.80078125,0.0,0.200439453125
2024-04-24 16:00:00,0.0,0.599853515625,0.80078125,0.0,0.200927734375
2024-04-24 16:30:00,0.0,1.99920654296875,3.5,0.0,1.50079345703125
2024-04-24 17:00:00,0.0,1.4002685546875,2.298828125,0.0,0.8985595703125
2024-04-24 19:00:00,0.2000732421875,5.1002197265625,8.5,0.10003662109375,3.09967041015625
2024-04-24 19:30:00,0.0,0.30029296875,0.701171875,0.0,0.40087890625
2024-04-24 20:15:00,0.0999755859375,0.0,0.3984375,0.0,0.2984619140625
2024-04-24 20:30:00,0.0,0.0,0.201171875,0.0,0.201171875
2024-04-24 20:45:00,0.0,0.0,0.099609375,0.0,0.099609375
2024-04-24 21:00:00,0.0,0.0,0.099609375,0.0,0.099609375
2024-04-24 21:15:00,0.0,0.0,0.201171875,0.0999755859375,0.1011962890625
2024-04-24 22:15:00,0.0999755859375,0.0,0.69921875,0.0,0.5992431640625
2024-04-24 22:30:00,0.0,0.0,0.19921875,0.0,0.19921875
2024-04-24 23:15:00,0.0999755859375,0.0,0.400390625,0.0,0.3004150390625
2024-04-24 23:30:00,0.0,0.0,0.099609375,0.0,0.099609375
2024-04-24 23:45:00,0.0,0.0,0.201171875,0.0,0.201171875
2024-04-25 00:00:00,0.10009765625,0.0,0.19921875,0.0,0.09912109375
2024-04-25 00:15:00,0.0,0.0,0.099609375,0.10003662109375,-0.00042724609375
2024-04-25 00:30:00,0.0,0.0,0.1015625,0.0,0.1015625
2024-04-25 00:45:00,0.0,0.0,0.19921875,0.0,0.19921875
2024-04-25 01:00:00,0.0,0.0,0.099609375,0.0,0.099609375
2024-04-25 01:15:00,0.0,0.0,0.201171875,0.0,0.201171875
2024-04-25 01:30:00,0.0999755859375,0.0,0.099609375,0.0,-0.0003662109375
2024-04-25 02:30:00,0.0,0.0,0.599609375,0.0,0.599609375
2024-04-25 02:45:00,0.0,0.0,0.099609375,0.0,0.099609375
2024-04-25 03:00:00,0.0999755859375,0.0,0.201171875,0.0,0.1011962890625
2024-04-25 03:45:00,0.0,0.0,0.5,0.0999755859375,0.4000244140625
2024-04-25 04:15:00,0.0999755859375,0.0,0.3984375,0.0,0.2984619140625
2024-04-25 04:30:00,0.0,0.099853515625,0.201171875,0.0,0.101318359375
2024-04-25 04:45:00,0.0,0.10009765625,0.19921875,0.0,0.09912109375
2024-04-25 05:15:00,0.0,0.199951171875,0.400390625,0.0,0.200439453125
2024-04-25 05:30:00,0.0,0.0,0.19921875,0.0,0.19921875
2024-04-25 05:45:00,0.0999755859375,0.10009765625,0.30078125,0.0,0.1007080078125
2024-04-25 06:45:00,0.0,0.39990234375,0.900390625,0.0999755859375,0.4005126953125
2024-04-25 07:15:00,0.10009765625,0.199951171875,0.599609375,0.0,0.299560546875
2024-04-25 08:45:00,0.0999755859375,3.199462890625,5.19921875,0.0,1.8997802734375
2024-04-25 09:00:00,0.0,0.7001953125,0.900390625,0.0,0.2001953125
2024-04-25 09:15:00,0.0,0.1005859375,0.30078125,0.0,0.2001953125
2024-04-25 09:30:00,0.0,0.8994140625,1.5,0.10003662109375,0.50054931640625
2024-04-25 09:45:00,0.0,0.20068359375,0.298828125,0.0,0.09814453125
2024-04-25 10:45:00,0.0999755859375,2.800048828125,4.5,0.0,1.5999755859375
2024-04-25 11:00:00,0.0,1.099365234375,1.80078125,0.0,0.701416015625
2024-04-25 11:30:00,0.0999755859375,1.30029296875,2.19921875,0.0,0.7989501953125
2024-04-25 11:45:00,0.0,0.19970703125,0.30078125,0.0,0.10107421875
2024-04-25 12:30:00,0.0,2.299560546875,3.5,0.0999755859375,1.1004638671875
2024-04-25 13:30:00,0.0999755859375,2.5009765625,3.80078125,0.0,1.1998291015625
2024-04-25 13:45:00,0.0,1.1993408203125,1.8984375,0.0,0.6990966796875
2024-04-25 14:00:00,0.10009765625,0.400390625,0.80078125,0.0,0.30029296875
2024-04-25 14:15:00,0.0,1.00018310546875,1.5,0.0,0.49981689453125
2024-04-25 14:45:00,0.0,1.299560546875,1.900390625,0.0,0.600830078125
2024-04-25 15:15:00,0.0,1.39996337890625,1.900390625,0.0,0.50042724609375
2024-04-25 15:30:00,0.0999755859375,1.00042724609375,1.599609375,0.10003662109375,0.399169921875
2024-04-25 16:15:00,0.0,2.29974365234375,3.5,0.0,1.20025634765625
2024-04-25 16:30:00,0.0,0.4998779296875,0.798828125,0.0,0.2989501953125
2024-04-25 16:45:00,0.0,1.0999755859375,1.5,0.0,0.4000244140625
2024-04-25 17:30:00,0.0999755859375,2.20037841796875,3.30078125,0.0,1.00042724609375
2024-04-25 18:00:00,0.0,1.2998046875,2.30078125,0.0,1.0009765625
2024-04-25 18:15:00,0.0,0.2998046875,0.298828125,0.0,-0.0009765625
2024-04-25 18:30:00,0.0999755859375,0.900390625,1.5,0.0999755859375,0.399658203125
2024-04-25 18:45:00,0.0,0.19921875,0.201171875,0.0,0.001953125
2024-04-25 19:00:00,0.0,0.500732421875,0.798828125,0.0,0.298095703125
2024-04-25 19:15:00,0.0,0.7998046875,1.30078125,0.0,0.5009765625
2024-04-25 19:30:00,0.0,0.099609375,0.19921875,0.0,0.099609375
2024-04-25 19:45:00,0.0999755859375,0.0,0.099609375,0.0,-0.0003662109375
2024-04-25 20:00:00,0.0,0.0,0.1015625,0.0,0.1015625
2024-04-25 20:15:00,0.0,0.0,0.19921875,0.0,0.19921875
2024-04-25 20:30:00,0.0,0.0,0.19921875,0.0,0.19921875
2024-04-25 21:00:00,0.0,0.0,0.30078125,0.0,0.30078125
2024-04-25 21:30:00,0.10009765625,0.0,0.30078125,0.0,0.20068359375
2024-04-25 22:00:00,0.0,0.0,0.298828125,0.0999755859375,0.1988525390625
2024-04-25 22:15:00,0.0,0.0,0.099609375,0.0,0.099609375
2024-04-25 22:30:00,0.0999755859375,0.0,0.201171875,0.0,0.1011962890625
2024-04-25 23:15:00,0.0,0.0,0.400390625,0.0,0.400390625
2024-04-25 23:30:00,0.0,0.0,0.0,0.0,0.0
2024-04-25 23:45:00,0.0,0.0,0.19921875,0.0,0.19921875
2024-04-26 00:45:00,0.0999755859375,0.0,0.5,0.10003662109375,0.29998779296875
2024-04-26 01:00:00,0.0,0.0,0.099609375,0.0,0.099609375
2024-04-26 02:00:00,0.0999755859375,0.0,0.599609375,0.0,0.4996337890625
2024-04-26 02:30:00,0.0,0.0,0.30078125,0.0,0.30078125
2024-04-26 02:45:00,0.0999755859375,0.0,0.19921875,0.0,0.0992431640625
2024-04-26 03:15:00,0.0,0.0,0.201171875,0.0,0.201171875
2024-04-26 03:45:00,0.0,0.0,0.298828125,0.0999755859375,0.1988525390625
2024-04-26 04:00:00,0.0,0.0,0.0,0.0,0.0
2024-04-26 04:15:00,0.10009765625,0.0,0.1015625,0.0,0.00146484375
2024-04-26 04:30:00,0.0,0.0,0.19921875,0.0,0.19921875
2024-04-26 04:45:00,0.0,0.199951171875,0.30078125,0.0,0.100830078125
2024-04-26 05:00:00,0.0,0.0,0.19921875,0.0,0.19921875
2024-04-26 05:30:00,0.0,0.199951171875,0.400390625,0.0,0.200439453125
2024-04-26 05:45:00,0.0999755859375,0.10009765625,0.298828125,0.0,0.0987548828125
2024-04-26 06:00:00,0.0,0.099853515625,0.201171875,0.0,0.101318359375
2024-04-26 06:30:00,0.0,0.199951171875,0.400390625,0.0,0.200439453125
2024-04-26 06:45:00,0.0,0.0,0.19921875,0.0,0.19921875
2024-04-26 07:00:00,0.0,0.10009765625,0.19921875,0.10003662109375,-0.00091552734375
2024-04-26 07:45:00,0.0999755859375,1.80029296875,2.900390625,0.0,1.0001220703125
2024-04-26 08:15:00,0.0,1.1005859375,1.5,0.0,0.3994140625
2024-04-26 08:30:00,0.0999755859375,0.499267578125,0.900390625,0.0,0.3011474609375
2024-04-26 09:15:00,0.0,1.100341796875,1.900390625,0.0,0.800048828125
2024-04-26 09:30:00,0.0,0.69970703125,1.099609375,0.0,0.39990234375
2024-04-26 09:45:00,0.0,0.80029296875,1.099609375,0.0,0.29931640625
2024-04-26 10:00:00,0.0999755859375,0.699462890625,1.5,0.0999755859375,0.6005859375
2024-04-26 10:30:00,0.0,1.5009765625,2.201171875,0.0,0.7001953125
2024-04-26 10:45:00,0.0,0.299072265625,0.798828125,0.0,0.499755859375
2024-04-26 11:30:00,0.10009765625,2.30029296875,3.599609375,0.0,1.19921875
2024-04-26 11:45:00,0.0,0.30029296875,0.400390625,0.0,0.10009765625
2024-04-26 12:00:00,0.0,0.80029296875,1.30078125,0.0,0.50048828125
2024-04-26 12:15:00,0.0,0.900146484375,1.400390625,0.0,0.500244140625
2024-04-26 12:30:00,0.0,0.49951171875,0.599609375,0.0,0.10009765625
2024-04-26 12:45:00,0.0999755859375,1.0,1.400390625,0.0,0.3004150390625
2024-04-26 13:00:00,0.0,0.599853515625,1.0,0.0999755859375,0.3001708984375
2024-04-26 13:30:00,0.0,0.800048828125,1.3984375,0.0,0.598388671875
2024-04-26 14:30:00,0.0999755859375,2.80023193359375,4.400390625,0.0,1.50018310546875
2024-04-26 14:45:00,0.0999755859375,1.199462890625,1.900390625,0.0,0.6009521484375
2024-04-26 15:00:00,0.0,0.200439453125,0.400390625,0.0,0.199951171875
2024-04-26 15:15:00,0.0999755859375,0.7994384765625,1.19921875,0.0,0.2998046875
2024-04-26 15:30:00,0.0,1.1005859375,1.701171875,0.0,0.6005859375
2024-04-26 15:45:00,0.10009765625,0.400390625,0.69921875,0.0,0.19873046875
2024-04-26 16:00:00,0.0,0.69921875,1.099609375,0.10003662109375,0.30035400390625
2024-04-26 16:15:00,0.0,1.000244140625,1.30078125,0.0,0.300537109375
2024-04-26 16:30:00,0.0,0.300048828125,0.798828125,0.0,0.498779296875
2024-04-26 17:00:00,0.0,1.600341796875,2.30078125,0.0,0.700439453125
2024-04-26 17:30:00,0.0999755859375,0.999755859375,1.599609375,0.0,0.4998779296875
2024-04-26 18:00:00,0.0,1.399658203125,2.099609375,0.0,0.699951171875
2024-04-26 18:30:00,0.0,1.1005859375,1.5,0.0,0.3994140625
2024-04-26 18:45:00,0.0999755859375,0.299072265625,0.400390625,0.0,0.0013427734375
2024-04-26 19:00:00,0.0,0.40087890625,0.80078125,0.0999755859375,0.2999267578125
2024-04-26 19:15:00,0.0,0.099609375,0.19921875,0.0,0.099609375
2024-04-26 19:30:00,0.0,0.0,0.099609375,0.0,0.099609375
2024-04-26 20:15:00,0.0999755859375,0.0,0.6015625,0.0,0.5015869140625
2024-04-26 20:30:00,0.0,0.0,0.19921875,0.0,0.19921875
2024-04-26 20:45:00,0.0,0.0,0.099609375,0.0,0.099609375
2024-04-26 21:15:00,0.0,0.0,0.30078125,0.0,0.30078125
2024-04-26 21:30:00,0.0999755859375,0.0,0.19921875,0.0,0.0992431640625
2024-04-26 22:00:00,0.0,0.0,0.30078125,0.10003662109375,0.20074462890625
2024-04-26 22:30:00,0.0,0.0,0.400390625,0.0,0.400390625
2024-04-26 23:30:00,0.10009765625,0.0,0.69921875,0.0,0.59912109375
2024-04-27 00:30:00,0.0999755859375,0.0,0.599609375,0.0,0.4996337890625
2024-04-27 00:45:00,0.0,0.0,0.099609375,0.0,0.099609375
2024-04-27 01:30:00,0.0,0.0,0.5,0.0999755859375,0.4000244140625
2024-04-27 01:45:00,0.0999755859375,0.0,0.30078125,0.0,0.2008056640625
2024-04-27 02:00:00,0.0,0.0,0.0,0.0,0.0
2024-04-27 02:15:00,0.0,0.0,0.19921875,0.0,0.19921875
2024-04-27 02:30:00,0.0,0.0,0.201171875,0.0,0.201171875
2024-04-27 02:45:00,0.0,0.0,0.099609375,0.0,0.099609375
2024-04-27 03:00:00,0.0,0.0,0.099609375,0.0,0.099609375
2024-04-27 03:30:00,0.0999755859375,0.0,0.400390625,0.0,0.3004150390625
2024-04-27 04:15:00,0.0,0.0,0.30078125,0.0999755859375,0.2008056640625
2024-04-27 04:45:00,0.0999755859375,0.0,0.5,0.0,0.4000244140625
2024-04-27 06:30:00,0.10009765625,0.0,1.099609375,0.0,0.99951171875
2024-04-27 07:00:00,0.0,0.0,0.298828125,0.0,0.298828125
2024-04-27 07:15:00,0.0999755859375,0.0,0.201171875,0.10003662109375,0.00115966796875
2024-04-27 07:30:00,0.0,0.0,0.0,0.0,0.0
2024-04-27 07:45:00,0.0,0.0,0.099609375,0.0,0.099609375
2024-04-27 08:00:00,0.0,0.0,0.30078125,0.0,0.30078125
2024-04-27 08:15:00,0.0,0.0,0.19921875,0.0,0.19921875
2024-04-27 08:45:00,0.0,0.0,0.19921875,0.0,0.19921875
2024-04-27 09:15:00,0.0999755859375,0.0,0.400390625,0.0,0.3004150390625
2024-04-27 09:30:00,0.0,0.0,0.099609375,0.0,0.099609375
2024-04-27 09:45:00,0.0,0.0,0.1015625,0.0,0.1015625
2024-04-27 10:00:00,0.0,0.0,0.298828125,0.0,0.298828125
2024-04-27 10:15:00,0.0999755859375,0.0,0.099609375,0.0999755859375,-0.100341796875
2024-04-27 10:30:00,0.0,0.0,0.1015625,0.0,0.1015625
2024-04-27 11:00:00,0.0,0.0,0.3984375,0.0,0.3984375
2024-04-27 11:30:00,0.0,0.0,0.400390625,0.0,0.400390625
2024-04-27 12:00:00,0.0999755859375,0.0,0.30078125,0.0,0.2008056640625
2024-04-27 12:15:00,0.0,0.0,0.19921875,0.0,0.19921875
2024-04-27 12:30:00,0.0,0.0,0.099609375,0.0,0.099609375
2024-04-27 12:45:00,0.0,0.0,0.1015625,0.0,0.1015625
2024-04-27 13:00:00,0.10009765625,0.0,0.298828125,0.0,0.19873046875
2024-04-27 13:15:00,0.0,0.0,0.099609375,0.10003662109375,-0.00042724609375
2024-04-27 13:45:00,0.0,0.0,0.400390625,0.0,0.400390625
2024-04-27 14:00:00,0.0,0.0,0.099609375,0.0,0.099609375
2024-04-27 14:15:00,0.0,0.0,0.201171875,0.0,0.201171875
2024-04-27 15:15:00,0.0999755859375,0.0,0.599609375,0.0,0.4996337890625
2024-04-27 15:45:00,0.0,0.0,0.19921875,0.0,0.19921875
2024-04-27 16:15:00,0.0999755859375,0.0,0.30078125,0.0,0.2008056640625
2024-04-27 16:30:00,0.0,0.0,0.19921875,0.0999755859375,0.0992431640625
2024-04-27 17:00:00,0.0,0.0,0.30078125,0.0,0.30078125
2024-04-27 17:15:00,0.0,0.0,0.19921875,0.0,0.19921875
2024-04-27 17:30:00,0.0999755859375,0.0,0.1015625,0.0,0.0015869140625
2024-04-27 17:45:00,0.0,0.0,0.298828125,0.0,0.298828125
2024-04-27 18:45:00,0.0999755859375,0.0,0.599609375,0.0,0.4996337890625
2024-04-27 19:00:00,0.0,0.0,0.201171875,0.0,0.201171875
2024-04-27 20:00:00,0.0,0.0,0.69921875,0.0999755859375,0.5992431640625
2024-04-27 20:30:00,0.10009765625,0.0,0.30078125,0.0,0.20068359375
2024-04-27 20:45:00,0.0,0.0,0.19921875,0.0,0.19921875
2024-04-27 22:00:00,0.0999755859375,0.0,0.701171875,0.0,0.6011962890625
2024-04-27 22:15:00,0.0,0.0,0.19921875,0.0,0.19921875
2024-04-27 22:30:00,0.0,0.0,0.099609375,0.10003662109375,-0.00042724609375
2024-04-27 22:45:00,0.0,0.0,0.201171875,0.0,0.201171875
2024-04-27 23:00:00,0.0999755859375,0.0,0.19921875,0.0,0.0992431640625
2024-04-27 23:30:00,0.0,0.0,0.30078125,0.0,0.30078125
2024-04-28 00:45:00,0.0999755859375,0.0,0.798828125,0.0,0.6988525390625
2024-04-28 01:00:00,0.0,0.0,0.099609375,0.0,0.099609375
2024-04-28 01:15:00,0.0,0.0,0.30078125,0.0,0.30078125
2024-04-28 01:30:00,0.0,0.0,0.19921875,0.0999755859375,0.0992431640625
2024-04-28 02:15:00,0.0999755859375,0.0,0.400390625,0.0,0.3004150390625
2024-04-28 02:30:00,0.0,0.0,0.201171875,0.0,0.201171875
2024-04-28 02:45:00,0.0,0.0,0.099609375,0.0,0.099609375
2024-04-28 03:15:00,0.10009765625,0.0,0.298828125,0.0,0.19873046875
2024-04-28 03:30:00,0.0,0.0,0.201171875,0.0,0.201171875
2024-04-28 03:45:00,0.0,0.0,0.19921875,0.0,0.19921875
2024-04-28 04:00:00,0.0,0.0,0.099609375,0.0,0.099609375
2024-04-28 05:15:00,0.0999755859375,0.0,0.701171875,0.10003662109375,0.50115966796875
2024-04-28 05:30:00,0.0,0.0,0.099609375,0.0,0.099609375
2024-04-28 07:00:00,0.0999755859375,0.0,1.19921875,0.0,1.0992431640625
2024-04-28 07:15:00,0.0,0.0,0.1015625,0.0,0.1015625
2024-04-28 07:30:00,0.0,0.0,0.099609375,0.0,0.099609375
2024-04-28 07:45:00,0.0999755859375,0.0,0.298828125,0.0999755859375,0.098876953125
2024-04-28 08:30:00,0.0,0.0,0.30078125,0.0,0.30078125
2024-04-28 08:45:00,0.0,0.0,0.19921875,0.0,0.19921875
2024-04-28 10:00:00,0.0999755859375,0.10009765625,0.900390625,0.0,0.7003173828125
2024-04-28 10:30:00,0.10009765625,0.0,0.30078125,0.0,0.20068359375
2024-04-28 11:30:00,0.0,0.0,0.798828125,0.0999755859375,0.6988525390625
2024-04-28 11:45:00,0.0999755859375,0.0,0.1015625,0.0,0.0015869140625
2024-04-28 12:30:00,0.0,0.0,0.5,0.0,0.5
2024-04-28 12:45:00,0.0,0.0,0.19921875,0.0,0.19921875
2024-04-28 13:15:00,0.0999755859375,0.0,0.400390625,0.0,0.3004150390625
2024-04-28 13:30:00,0.0,0.0,0.0,0.0,0.0
2024-04-28 14:00:00,0.0,0.0,0.5,0.10003662109375,0.39996337890625
2024-04-28 14:15:00,0.0,0.0,0.099609375,0.0,0.099609375
2024-04-28 14:45:00,0.0999755859375,0.0,0.400390625,0.0,0.3004150390625
2024-04-28 15:00:00,0.0,0.0,0.099609375,0.0,0.099609375
2024-04-28 15:15:00,0.0,0.0,0.099609375,0.0,0.099609375
2024-04-28 15:30:00,0.0,0.0,0.201171875,0.0,0.201171875
2024-04-28 16:00:00,0.0999755859375,0.0,0.298828125,0.0,0.1988525390625
2024-04-28 16:15:00,0.0,0.0,0.099609375,0.0,0.099609375
2024-04-28 16:30:00,0.0,0.0,0.30078125,0.0,0.30078125
2024-04-28 16:45:00,0.0,0.0,0.0,0.0,0.0
2024-04-28 17:15:00,0.0,0.0,0.5,0.0999755859375,0.4000244140625
2024-04-28 17:45:00,0.10009765625,0.0,0.30078125,0.0,0.20068359375
2024-04-28 18:15:00,0.0,0.0,0.19921875,0.0,0.19921875
2024-04-28 19:15:00,0.0999755859375,0.0,0.69921875,0.0,0.5992431640625
2024-04-28 19:30:00,0.0,0.0,0.201171875,0.0,0.201171875
2024-04-28 19:45:00,0.0,0.0,0.298828125,0.10003662109375,0.19879150390625
2024-04-28 20:15:00,0.0,0.0,0.30078125,0.0,0.30078125
2024-04-28 20:30:00,0.0999755859375,0.0,0.099609375,0.0,-0.0003662109375
2024-04-28 20:45:00,0.0,0.0,0.201171875,0.0,0.201171875
2024-04-28 21:00:00,0.0,0.0,0.099609375,0.0,0.099609375
2024-04-28 21:15:00,0.0,0.0,0.19921875,0.0,0.19921875
2024-04-28 21:30:00,0.0,0.0,0.099609375,0.0,0.099609375
2024-04-28 21:45:00,0.0999755859375,0.0,0.201171875,0.0,0.1011962890625
2024-04-28 22:00:00,0.0,0.0,0.19921875,0.0,0.19921875
2024-04-28 22:45:00,0.0,0.0,0.400390625,0.0999755859375,0.3004150390625
2024-04-28 23:00:00,0.0,0.0,0.19921875,0.0,0.19921875
2024-04-28 23:15:00,0.0999755859375,0.0,0.201171875,0.0,0.1011962890625
2024-04-28 23:30:00,0.0,0.0,0.099609375,0.0,0.099609375
2024-04-28 23:45:00,0.0,0.0,0.19921875,0.0,0.19921875
2024-04-29 00:00:00,0.0,0.0,0.1015625,0.0,0.1015625
2024-04-29 00:30:00,0.10009765625,0.0,0.3984375,0.0,0.29833984375
2024-04-29 01:00:00,0.0,0.0,0.400390625,0.0,0.400390625
2024-04-29 01:15:00,0.0,0.0,0.201171875,0.0,0.201171875
2024-04-29 01:30:00,0.0,0.0,0.19921875,0.0,0.19921875
2024-04-29 02:15:00,0.0999755859375,0.0,0.400390625,0.0999755859375,0.200439453125
2024-04-29 02:30:00,0.0,0.0,0.298828125,0.0,0.298828125
2024-04-29 02:45:00,0.0,0.0,0.1015625,0.0,0.1015625
2024-04-29 03:15:00,0.0,0.0,0.298828125,0.0,0.298828125
2024-04-29 03:30:00,0.0999755859375,0.0,0.201171875,0.0,0.1011962890625
2024-04-29 03:45:00,0.0,0.0,0.0,0.0,0.0
2024-04-29 04:30:00,0.0,0.199951171875,0.69921875,0.0,0.499267578125
2024-04-29 04:45:00,0.0,0.0,0.30078125,0.0,0.30078125
2024-04-29 05:15:00,0.0999755859375,0.199951171875,0.5,0.10003662109375,0.10003662109375
2024-04-29 05:30:00,0.0,0.10009765625,0.19921875,0.0,0.09912109375
2024-04-29 06:00:00,0.0,0.199951171875,0.69921875,0.0,0.499267578125
2024-04-29 06:15:00,0.0999755859375,0.10009765625,0.30078125,0.0,0.1007080078125
2024-04-29 06:30:00,0.0,0.099853515625,0.19921875,0.0,0.099365234375
2024-04-29 06:45:00,0.0,0.0,0.201171875,0.0,0.201171875
2024-04-29 07:30:00,0.0,1.099853515625,1.900390625,0.0,0.800537109375
2024-04-29 08:00:00,0.10009765625,0.099853515625,0.599609375,0.0999755859375,0.2996826171875
2024-04-29 08:45:00,0.0,1.000244140625,1.69921875,0.0,0.698974609375
2024-04-29 09:00:00,0.0999755859375,1.0,1.30078125,0.0,0.2008056640625
2024-04-29 09:15:00,0.0,0.5,0.900390625,0.0,0.400390625
2024-04-29 10:00:00,0.0,1.999755859375,3.298828125,0.0,1.299072265625
2024-04-29 10:30:00,0.0,0.900146484375,1.599609375,0.0,0.699462890625
2024-04-29 10:45:00,0.0999755859375,1.000244140625,1.6015625,0.0,0.5013427734375
2024-04-29 11:15:00,0.0,1.600341796875,2.798828125,0.10003662109375,1.09844970703125
2024-04-29 11:45:00,0.0,1.2998046875,1.900390625,0.0,0.6005859375
2024-04-29 12:15:00,0.0999755859375,1.300048828125,2.30078125,0.0,0.9007568359375
2024-04-29 12:30:00,0.0,0.599609375,0.69921875,0.0,0.099609375
2024-04-29 12:45:00,0.0,0.599853515625,1.19921875,0.0,0.599365234375
2024-04-29 13:00:00,0.0,1.30059814453125,2.1015625,0.0,0.80096435546875
2024-04-29 13:30:00,0.0999755859375,1.39971923828125,2.298828125,0.0,0.79913330078125
2024-04-29 13:45:00,0.0,0.69970703125,0.900390625,0.0,0.20068359375
2024-04-29 14:00:00,0.0,0.79986572265625,1.400390625,0.0,0.60052490234375
2024-04-29 14:15:00,0.0,0.90032958984375,1.400390625,0.0999755859375,0.40008544921875
2024-04-29 14:30:00,0.10009765625,1.000244140625,1.3984375,0.0,0.298095703125
2024-04-29 15:00:00,0.0,1.79998779296875,3.201171875,0.0,1.40118408203125
2024-04-29 15:15:00,0.0,0.99957275390625,1.298828125,0.0,0.29925537109375
2024-04-29 15:30:00,0.0999755859375,0.99969482421875,1.80078125,0.0,0.70111083984375
2024-04-29 15:45:00,0.0,0.801025390625,1.30078125,0.0,0.499755859375
2024-04-29 16:15:00,0.0999755859375,1.39898681640625,2.19921875,0.0,0.70025634765625
2024-04-29 17:15:00,0.0999755859375,3.0008544921875,5.0,0.0999755859375,1.7991943359375
2024-04-29 17:30:00,0.0999755859375,1.49969482421875,2.19921875,0.0,0.59954833984375
2024-04-29 18:00:00,0.10009765625,1.0999755859375,1.701171875,0.0,0.5010986328125
2024-04-29 19:00:00,0.199951171875,3.00042724609375,4.798828125,0.10003662109375,1.4984130859375
2024-04-29 19:30:00,0.0999755859375,0.39947509765625,0.80078125,0.0,0.30133056640625
2024-04-29 20:00:00,0.0,0.0,0.19921875,0.0,0.19921875
2024-04-29 20:15:00,0.0,0.0,0.201171875,0.0,0.201171875
2024-04-29 20:30:00,0.0,0.0,0.099609375,0.0,0.099609375
2024-04-29 20:45:00,0.0999755859375,0.0,0.19921875,0.0999755859375,-0.000732421875
2024-04-29 21:30:00,0.0,0.0,0.400390625,0.0,0.400390625
2024-04-29 22:00:00,0.0,0.0,0.30078125,0.0,0.30078125
2024-04-29 22:15:00,0.10009765625,0.0,0.19921875,0.0,0.09912109375
2024-04-29 22:30:00,0.0,0.0,0.201171875,0.0,0.201171875
2024-04-29 23:30:00,0.0999755859375,0.0,0.5,0.0,0.4000244140625
2024-04-29 23:45:00,0.0,0.0,0.19921875,0.10003662109375,0.09918212890625
2024-04-30 00:00:00,0.0,0.0,0.099609375,0.0,0.099609375
2024-04-30 00:15:00,0.0,0.0,0.201171875,0.0,0.201171875
2024-04-30 00:30:00,0.0,0.0,0.19921875,0.0,0.19921875
2024-04-30 01:30:00,0.0999755859375,0.0,0.599609375,0.0,0.4996337890625
2024-04-30 01:45:00,0.0,0.0,0.201171875,0.0,0.201171875
2024-04-30 02:15:00,0.0999755859375,0.0,0.298828125,0.0,0.1988525390625
2024-04-30 02:45:00,0.0,0.0,0.30078125,0.0999755859375,0.2008056640625
2024-04-30 03:00:00,0.0,0.0,0.099609375,0.0,0.099609375
2024-04-30 03:30:00,0.0,0.0,0.30078125,0.0,0.30078125
2024-04-30 03:45:00,0.0999755859375,0.0,0.0,0.0,-0.0999755859375
2024-04-30 04:00:00,0.0,0.0,0.19921875,0.0,0.19921875
2024-04-30 04:15:00,0.0,0.0,0.19921875,0.0,0.19921875
2024-04-30 04:30:00,0.0,0.0,0.0,0.0,0.0
2024-04-30 04:45:00,0.0,0.10009765625,0.30078125,0.0,0.20068359375
2024-04-30 05:00:00,0.10009765625,0.199951171875,0.30078125,0.0,0.000732421875
2024-04-30 05:15:00,0.0,0.0,0.099609375,0.0,0.099609375
2024-04-30 05:45:00,0.0,0.199951171875,0.5,0.0,0.300048828125
2024-04-30 06:30:00,0.0,0.199951171875,0.599609375,0.0999755859375,0.2996826171875
2024-04-30 06:45:00,0.0999755859375,0.2001953125,0.400390625,0.0,0.1002197265625
2024-04-30 07:00:00,0.0,0.099853515625,0.298828125,0.0,0.198974609375
2024-04-30 07:30:00,0.0,0.7000732421875,1.1015625,0.0,0.4014892578125
2024-04-30 07:45:00,0.0,0.800537109375,1.19921875,0.0,0.398681640625
2024-04-30 08:15:00,0.0999755859375,1.099365234375,1.599609375,0.0,0.4002685546875
2024-04-30 08:30:00,0.0,0.20068359375,0.5,0.0,0.29931640625
2024-04-30 09:00:00,0.0,1.1993408203125,1.80078125,0.10003662109375,0.50140380859375
2024-04-30 09:30:00,0.0999755859375,0.900390625,1.19921875,0.0,0.1988525390625
2024-04-30 09:45:00,0.0,1.099609375,1.900390625,0.0,0.80078125
2024-04-30 10:00:00,0.0,0.599853515625,1.099609375,0.0,0.499755859375
2024-04-30 10:15:00,0.0,0.7001953125,1.201171875,0.0,0.5009765625
2024-04-30 10:30:00,0.0,0.700439453125,1.099609375,0.0,0.399169921875
2024-04-30 10:45:00,0.0999755859375,0.399169921875,0.798828125,0.0,0.2996826171875
2024-04-30 11:15:00,0.0,1.100830078125,2.0,0.0,0.899169921875
2024-04-30 11:30:00,0.0,1.19940185546875,2.0,0.0,0.80059814453125
2024-04-30 11:45:00,0.0,0.499755859375,0.701171875,0.0,0.201416015625
2024-04-30 12:00:00,0.0,0.600830078125,1.19921875,0.0999755859375,0.4984130859375
2024-04-30 12:45:00,0.10009765625,2.099609375,3.30078125,0.0,1.10107421875
2024-04-30 13:15:00,0.0,1.600341796875,2.69921875,0.0,1.098876953125
2024-04-30 13:30:00,0.0999755859375,0.3994140625,0.80078125,0.0,0.3013916015625
2024-04-30 13:45:00,0.0,0.6005859375,0.798828125,0.0,0.1982421875
2024-04-30 14:15:00,0.0,1.7994384765625,3.1015625,0.0,1.3021240234375
2024-04-30 14:30:00,0.0,0.5,0.798828125,0.0,0.298828125
2024-04-30 15:00:00,0.0999755859375,1.100341796875,2.0,0.10003662109375,0.69964599609375
2024-04-30 15:15:00,0.0,0.900146484375,1.599609375,0.0,0.699462890625
2024-04-30 15:30:00,0.0,0.400146484375,0.80078125,0.0,0.400634765625
2024-04-30 15:45:00,0.0999755859375,1.199462890625,2.0,0.0,0.7005615234375
2024-04-30 16:15:00,0.0,1.199951171875,2.0,0.0,0.800048828125
2024-04-30 16:30:00,0.0,0.999755859375,1.599609375,0.0,0.599853515625
2024-04-30 17:00:00,0.0999755859375,1.20062255859375,2.0,0.0,0.69940185546875
2024-04-30 17:15:00,0.0,0.699462890625,1.201171875,0.0,0.501708984375
2024-04-30 17:45:00,0.0,1.30029296875,2.099609375,0.0,0.79931640625
2024-04-30 18:30:00,0.10009765625,1.900390625,2.900390625,0.0999755859375,0.7999267578125
2024-04-30 19:15:00,0.0,0.699951171875,1.5,0.0,0.800048828125
2024-04-30 19:45:00,0.0999755859375,0.0,0.19921875,0.0,0.0992431640625
2024-04-30 20:30:00,0.0,0.0,0.5,0.0,0.5
2024-04-30 21:15:00,0.0999755859375,0.0,0.5,0.0999755859375,0.300048828125
2024-04-30 21:30:00,0.0,0.0,0.19921875,0.0,0.19921875
2024-04-30 21:45:00,0.0,0.0,0.201171875,0.0,0.201171875
2024-04-30 22:15:00,0.0999755859375,0.0,0.298828125,0.0,0.1988525390625
2024-04-30 22:30:00,0.0,0.0,0.1015625,0.0,0.1015625
2024-04-30 22:45:00,0.0,0.0,0.298828125,0.0,0.298828125
2024-04-30 23:15:00,0.0,0.0,0.30078125,0.0,0.30078125
2024-04-30 23:45:00,0.0999755859375,0.0,0.298828125,0.0,0.1988525390625
2024-05-01 00:00:00,0.0,0.0,0.201171875,0.10003662109375,0.10113525390625
2024-05-01 00:15:00,0.0,0.0,0.099609375,0.0,0.099609375
2024-05-01 00:30:00,0.0,0.0,0.099609375,0.0,0.099609375
2024-05-01 00:45:00,0.0,0.0,0.201171875,0.0,0.201171875
2024-05-01 01:30:00,0.10009765625,0.0,0.3984375,0.0,0.29833984375
2024-05-01 01:45:00,0.0,0.0,0.201171875,0.0,0.201171875
2024-05-01 02:15:00,0.0,0.0,0.298828125,0.0,0.298828125
2024-05-01 02:30:00,0.0999755859375,0.0,0.1015625,0.0,0.0015869140625
2024-05-01 03:00:00,0.0,0.0,0.3984375,0.0,0.3984375
2024-05-01 03:15:00,0.0,0.0,0.1015625,0.0999755859375,0.0015869140625
2024-05-01 03:30:00,0.0,0.0,0.099609375,0.0,0.099609375
2024-05-01 03:45:00,0.0,0.0,0.19921875,0.0,0.19921875
2024-05-01 04:30:00,0.0999755859375,0.0,0.30078125,0.0,0.2008056640625
2024-05-01 04:45:00,0.0,0.0,0.19921875,0.0,0.19921875
2024-05-01 05:00:00,0.0,0.0,0.201171875,0.0,0.201171875
2024-05-01 05:15:00,0.0,0.0,0.19921875,0.0,0.19921875
2024-05-01 06:00:00,0.0999755859375,0.0,0.5,0.0,0.4000244140625
2024-05-01 06:30:00,0.0,0.0,0.400390625,0.10003662109375,0.30035400390625
2024-05-01 07:00:00,0.0999755859375,0.0,0.19921875,0.0,0.0992431640625
2024-05-01 07:30:00,0.0,0.0,0.201171875,0.0,0.201171875
2024-05-01 07:45:00,0.0,0.0,0.19921875,0.0,0.19921875
2024-05-01 08:15:00,0.10009765625,0.0,0.30078125,0.0,0.20068359375
2024-05-01 08:45:00,0.0,0.0,0.3984375,0.0,0.3984375
2024-05-01 09:30:00,0.0999755859375,0.199951171875,0.701171875,0.0999755859375,0.30126953125
2024-05-01 09:45:00,0.0,0.0,0.19921875,0.0,0.19921875
2024-05-01 10:00:00,0.0,0.10009765625,0.30078125,0.0,0.20068359375
2024-05-01 10:45:00,0.0,0.199951171875,0.599609375,0.0,0.399658203125
2024-05-01 11:00:00,0.0999755859375,0.10009765625,0.5,0.0,0.2999267578125
2024-05-01 11:30:00,0.0,0.099853515625,0.400390625,0.0,0.300537109375
2024-05-01 11:45:00,0.0,0.10009765625,0.298828125,0.0,0.19873046875
2024-05-01 12:00:00,0.0,0.10009765625,0.201171875,0.0,0.10107421875
2024-05-01 12:30:00,0.0999755859375,0.199951171875,0.5,0.0999755859375,0.10009765625
2024-05-01 12:45:00,0.0,0.0,0.099609375,0.0,0.099609375
2024-05-01 13:00:00,0.0,0.099853515625,0.400390625,0.0,0.300537109375
2024-05-01 13:15:00,0.0,0.0,0.099609375,0.0,0.099609375
2024-05-01 13:30:00,0.0,0.10009765625,0.30078125,0.0,0.20068359375
2024-05-01 13:45:00,0.0,0.10009765625,0.298828125,0.0,0.19873046875
2024-05-01 14:00:00,0.0999755859375,0.099853515625,0.30078125,0.0,0.1009521484375
2024-05-01 14:30:00,0.0,0.10009765625,0.5,0.0,0.39990234375
2024-05-01 14:45:00,0.0,0.299072265625,0.5,0.0,0.200927734375
2024-05-01 15:00:00,0.0,0.30029296875,0.5,0.0,0.19970703125
2024-05-01 15:15:00,0.10009765625,0.30029296875,0.400390625,0.10003662109375,-0.10003662109375
2024-05-01 15:45:00,0.0,0.500244140625,0.8984375,0.0,0.398193359375
2024-05-01 16:00:00,0.0,0.099609375,0.30078125,0.0,0.201171875
2024-05-01 16:15:00,0.0,0.30029296875,0.69921875,0.0,0.39892578125
2024-05-01 16:45:00,0.0999755859375,0.499755859375,0.701171875,0.0,0.1014404296875
2024-05-01 17:15:00,0.0,0.50048828125,1.0,0.0,0.49951171875
2024-05-01 18:15:00,0.0999755859375,0.499755859375,1.298828125,0.0999755859375,0.59912109375
2024-05-01 18:30:00,0.0,0.0,0.0,0.0,0.0
2024-05-01 19:30:00,0.0999755859375,0.0,0.701171875,0.0,0.6011962890625
2024-05-01 19:45:00,0.0,0.0,0.19921875,0.0,0.19921875
2024-05-01 20:00:00,0.0,0.0,0.201171875,0.0,0.201171875
2024-05-01 20:15:00,0.0,0.0,0.0,0.0,0.0
2024-05-01 20:30:00,0.0,0.0,0.19921875,0.0,0.19921875
2024-05-01 20:45:00,0.0,0.0,0.19921875,0.0,0.19921875
2024-05-01 21:00:00,0.0999755859375,0.0,0.1015625,0.0,0.0015869140625
2024-05-01 21:15:00,0.0,0.0,0.298828125,0.10003662109375,0.19879150390625
2024-05-01 21:30:00,0.0,0.0,0.099609375,0.0,0.099609375
2024-05-01 21:45:00,0.0,0.0,0.1015625,0.0,0.1015625
2024-05-01 22:00:00,0.0,0.0,0.099609375,0.0,0.099609375
2024-05-01 22:15:00,0.10009765625,0.0,0.298828125,0.0,0.19873046875
2024-05-01 22:30:00,0.0,0.0,0.1015625,0.0,0.1015625
2024-05-01 23:00:00,0.0,0.0,0.298828125,0.0,0.298828125
2024-05-01 23:30:00,0.0,0.0,0.30078125,0.0,0.30078125
2024-05-02 00:00:00,0.0999755859375,0.0,0.298828125,0.0,0.1988525390625
2024-05-02 00:30:00,0.0,0.0,0.400390625,0.0999755859375,0.3004150390625
2024-05-02 01:15:00,0.0999755859375,0.0,0.400390625,0.0,0.3004150390625
2024-05-02 01:45:00,0.0,0.0,0.19921875,0.0,0.19921875
2024-05-02 02:00:00,0.0,0.0,0.1015625,0.0,0.1015625
2024-05-02 02:15:00,0.0,0.0,0.19921875,0.0,0.19921875
2024-05-02 02:30:00,0.0999755859375,0.0,0.19921875,0.0,0.0992431640625
2024-05-02 02:45:00,0.0,0.0,0.1015625,0.0,0.1015625
2024-05-02 03:00:00,0.0,0.0,0.19921875,0.0,0.19921875
2024-05-02 03:15:00,0.0,0.0,0.099609375,0.0,0.099609375
2024-05-02 03:30:00,0.0,0.0,0.099609375,0.0,0.099609375
2024-05-02 03:45:00,0.0,0.0,0.201171875,0.0999755859375,0.1011962890625
2024-05-02 04:00:00,0.0999755859375,0.0,0.099609375,0.0,-0.0003662109375
2024-05-02 04:15:00,0.0,0.0,0.099609375,0.0,0.099609375
2024-05-02 04:30:00,0.0,0.10009765625,0.400390625,0.0,0.30029296875
2024-05-02 04:45:00,0.0,0.10009765625,0.19921875,0.0,0.09912109375
2024-05-02 05:30:00,0.10009765625,0.2998046875,0.701171875,0.0,0.30126953125
2024-05-02 06:00:00,0.0,0.10009765625,0.599609375,0.0,0.49951171875
2024-05-02 06:30:00,0.0,1.0,1.099609375,0.0,0.099609375
2024-05-02 06:45:00,0.0,0.299560546875,0.5,0.10003662109375,0.10040283203125
2024-05-02 07:15:00,0.0999755859375,0.300048828125,0.599609375,0.0,0.1995849609375
2024-05-02 07:45:00,0.0,0.7998046875,1.30078125,0.0,0.5009765625
2024-05-02 08:00:00,0.0,0.5,0.69921875,0.0,0.19921875
2024-05-02 08:15:00,0.0999755859375,0.800048828125,1.1015625,0.0,0.2015380859375
2024-05-02 08:30:00,0.0,0.300537109375,0.5,0.0,0.199462890625
2024-05-02 08:45:00,0.0,0.399658203125,0.5,0.0,0.100341796875
2024-05-02 09:00:00,0.0,0.7998046875,1.298828125,0.0,0.4990234375
2024-05-02 09:15:00,0.0,0.200439453125,0.201171875,0.0,0.000732421875
2024-05-02 09:30:00,0.0,0.7001953125,1.099609375,0.0,0.3994140625
2024-05-02 09:45:00,0.0999755859375,0.800048828125,1.400390625,0.0999755859375,0.400390625
2024-05-02 10:00:00,0.0,0.599609375,0.8984375,0.0,0.298828125
2024-05-02 10:15:00,0.0,0.899658203125,1.6015625,0.0,0.701904296875
2024-05-02 10:30:00,0.0,0.7001953125,1.19921875,0.0,0.4990234375
2024-05-02 10:45:00,0.0,0.70068359375,1.19921875,0.0,0.49853515625
2024-05-02 12:00:00,0.0999755859375,2.99951171875,5.1015625,0.0,2.0020751953125
2024-05-02 12:15:00,0.0,0.599853515625,1.0,0.0,0.400146484375
2024-05-02 12:30:00,0.10009765625,0.80029296875,1.19921875,0.0,0.298828125
2024-05-02 13:15:00,0.2999267578125,2.4002685546875,4.099609375,0.10003662109375,1.29937744140625
2024-05-02 13:30:00,0.0999755859375,1.19970703125,1.80078125,0.0,0.5010986328125
2024-05-02 13:45:00,0.10009765625,0.39935302734375,1.0,0.0,0.50054931640625
2024-05-02 14:00:00,0.0,1.00030517578125,1.400390625,0.0,0.40008544921875
2024-05-02 14:15:00,0.0999755859375,0.90045166015625,1.5,0.0,0.49957275390625
2024-05-02 14:45:00,0.0,1.79913330078125,2.798828125,0.0,0.99969482421875
2024-05-02 15:15:00,0.0999755859375,1.8004150390625,2.900390625,0.0,1.0
2024-05-02 15:45:00,0.199951171875,1.899658203125,2.80078125,0.0999755859375,0.6011962890625
2024-05-02 16:00:00,0.0,1.20037841796875,1.798828125,0.0,0.59844970703125
2024-05-02 16:30:00,0.10009765625,1.00006103515625,1.80078125,0.0,0.70062255859375
2024-05-02 16:45:00,0.0,1.29998779296875,1.900390625,0.0,0.60040283203125
2024-05-02 17:15:00,0.0999755859375,2.0003662109375,3.0,0.0,0.899658203125
2024-05-02 17:30:00,0.0,0.70013427734375,1.19921875,0.0,0.49908447265625
2024-05-02 17:45:00,0.0,0.7991943359375,1.099609375,0.0,0.3004150390625
2024-05-02 18:00:00,0.0,0.9002685546875,1.201171875,0.0,0.3009033203125
2024-05-02 18:15:00,0.0,0.40032958984375,0.69921875,0.0,0.29888916015625
2024-05-02 18:30:00,0.0,0.99957275390625,1.099609375,0.0,0.10003662109375
2024-05-02 19:15:00,0.0999755859375,2.09979248046875,3.099609375,0.0999755859375,0.79986572265625
2024-05-02 19:45:00,0.0,0.400634765625,0.80078125,0.0,0.400146484375
2024-05-02 20:00:00,0.0,0.300048828125,0.30078125,0.0,0.000732421875
2024-05-02 20:15:00,0.0999755859375,0.39990234375,0.69921875,0.0,0.1993408203125
2024-05-02 21:00:00,0.0,0.60009765625,1.19921875,0.0,0.59912109375
2024-05-02 21:15:00,0.0,0.0,0.201171875,0.0,0.201171875
2024-05-02 21:45:00,0.0999755859375,0.599853515625,0.900390625,0.10003662109375,0.10052490234375
2024-05-02 22:15:00,0.0,0.39990234375,0.798828125,0.0,0.39892578125
2024-05-02 22:45:00,0.0,0.0,0.30078125,0.0,0.30078125
2024-05-02 23:00:00,0.0,0.0,0.099609375,0.0,0.099609375
2024-05-03 00:30:00,0.2000732421875,0.0,0.80078125,0.0,0.6007080078125
2024-05-03 00:45:00,0.0,0.0,0.19921875,0.0999755859375,0.0992431640625
2024-05-03 01:00:00,0.0,0.0,0.099609375,0.0,0.099609375
2024-05-03 01:15:00,0.0,0.0,0.201171875,0.0,0.201171875
2024-05-03 01:45:00,0.0999755859375,0.0,0.19921875,0.0,0.0992431640625
2024-05-03 02:00:00,0.0,0.0,0.099609375,0.0,0.099609375
2024-05-03 02:30:00,0.0,0.0,0.30078125,0.0,0.30078125
2024-05-03 02:45:00,0.0,0.0,0.19921875,0.0,0.19921875
2024-05-03 03:00:00,0.0,0.0,0.0,0.0,0.0
2024-05-03 03:30:00,0.0999755859375,0.0,0.400390625,0.0,0.3004150390625
2024-05-03 04:00:00,0.0,0.0,0.19921875,0.10003662109375,0.09918212890625
2024-05-03 04:15:00,0.0,0.0,0.201171875,0.0,0.201171875
2024-05-03 04:30:00,0.0,0.2001953125,0.298828125,0.0,0.0986328125
2024-05-03 06:00:00,0.0999755859375,0.5,1.5,0.0,0.9000244140625
2024-05-03 06:15:00,0.10009765625,0.399658203125,0.6015625,0.0,0.101806640625
2024-05-03 06:30:00,0.0,0.6004638671875,0.69921875,0.0,0.0987548828125
2024-05-03 06:45:00,0.0,0.29949951171875,0.599609375,0.0,0.30010986328125
2024-05-03 07:15:00,0.0,0.60003662109375,0.701171875,0.0999755859375,0.00115966796875
2024-05-03 07:30:00,0.0999755859375,0.5001220703125,0.798828125,0.0,0.19873046875
2024-05-03 08:00:00,0.0,0.999755859375,1.30078125,0.0,0.301025390625
2024-05-03 08:15:00,0.0,0.20068359375,0.298828125,0.0,0.09814453125
2024-05-03 08:30:00,0.0,0.499267578125,0.6015625,0.0,0.102294921875
2024-05-03 08:45:00,0.0,0.900634765625,1.298828125,0.0,0.398193359375
2024-05-03 09:15:00,0.0999755859375,0.800048828125,1.30078125,0.0,0.4007568359375
2024-05-03 09:45:00,0.0,0.999267578125,1.900390625,0.0,0.901123046875
2024-05-03 10:00:00,0.0,0.300537109375,0.5,0.0999755859375,0.0994873046875
2024-05-03 10:15:00,0.0,0.500244140625,0.8984375,0.0,0.398193359375
2024-05-03 10:30:00,0.0999755859375,0.499267578125,0.701171875,0.0,0.1019287109375
2024-05-03 10:45:00,0.0,0.89990234375,1.298828125,0.0,0.39892578125
2024-05-03 11:00:00,0.0,1.0,1.400390625,0.0,0.400390625
2024-05-03 11:30:00,0.0,0.800048828125,1.30078125,0.0,0.500732421875
2024-05-03 11:45:00,0.0,0.6005859375,1.0,0.0,0.3994140625
2024-05-03 12:15:00,0.0999755859375,1.599609375,2.298828125,0.0,0.5992431640625
2024-05-03 12:45:00,0.0,1.400146484375,2.0,0.0,0.599853515625
2024-05-03 13:15:00,0.10009765625,1.50048828125,2.30078125,0.10003662109375,0.60015869140625
2024-05-03 14:00:00,0.0999755859375,1.599853515625,2.599609375,0.0,0.8997802734375
2024-05-03 14:45:00,0.199951171875,2.59930419921875,4.0,0.0,1.20074462890625
2024-05-03 15:00:00,0.0,0.20068359375,0.400390625,0.0,0.19970703125
2024-05-03 15:30:00,0.2000732421875,1.5001220703125,2.19921875,0.0,0.4990234375
2024-05-03 15:45:00,0.0,0.69921875,1.1015625,0.0,0.40234375
2024-05-03 16:00:00,0.0999755859375,1.0001220703125,1.5,0.0999755859375,0.2999267578125
2024-05-03 16:45:00,0.199951171875,2.19989013671875,3.3984375,0.0,0.99859619140625
2024-05-03 17:00:00,0.0999755859375,1.0,1.5,0.0,0.4000244140625
2024-05-03 17:15:00,0.0,0.700439453125,1.1015625,0.0,0.401123046875
2024-05-03 17:30:00,0.0,0.099609375,0.3984375,0.0,0.298828125
2024-05-03 18:00:00,0.2000732421875,1.6002197265625,2.0,0.0,0.19970703125
2024-05-03 18:30:00,0.0999755859375,1.60028076171875,2.400390625,0.0,0.70013427734375
2024-05-03 18:45:00,0.0999755859375,0.60009765625,0.80078125,0.0,0.1007080078125
2024-05-03 19:00:00,0.0,0.10009765625,0.298828125,0.0,0.19873046875
2024-05-03 19:15:00,0.0,0.4990234375,0.900390625,0.10003662109375,0.30133056640625
2024-05-03 19:30:00,0.0999755859375,0.2001953125,0.400390625,0.0,0.1002197265625
2024-05-03 20:15:00,0.10009765625,0.300048828125,0.80078125,0.0,0.400634765625
2024-05-03 20:45:00,0.0,0.39990234375,0.599609375,0.0,0.19970703125
2024-05-03 21:00:00,0.0,0.0,0.19921875,0.0,0.19921875
2024-05-03 21:15:00,0.0999755859375,0.199951171875,0.400390625,0.0,0.1004638671875
2024-05-03 21:45:00,0.0,0.300048828125,0.599609375,0.0,0.299560546875
2024-05-03 22:00:00,0.0,0.0,0.201171875,0.0,0.201171875
2024-05-03 22:15:00,0.0,0.10009765625,0.19921875,0.0999755859375,-0.0008544921875
2024-05-03 22:30:00,0.0999755859375,0.199951171875,0.400390625,0.0,0.1004638671875
2024-05-03 23:00:00,0.0,0.0,0.099609375,0.0,0.099609375
2024-05-03 23:15:00,0.0,0.0,0.19921875,0.0,0.19921875
2024-05-03 23:30:00,0.0,0.0,0.201171875,0.0,0.201171875
2024-05-04 00:00:00,0.0999755859375,0.0,0.298828125,0.0,0.1988525390625
2024-05-04 00:15:00,0.0,0.0,0.1015625,0.0,0.1015625
2024-05-04 00:45:00,0.0,0.0,0.19921875,0.0,0.19921875
2024-05-04 01:15:00,0.0999755859375,0.0,0.30078125,0.0999755859375,0.100830078125
2024-05-04 02:30:00,0.0,0.0,0.599609375,0.0,0.599609375
2024-05-04 02:45:00,0.10009765625,0.0,0.298828125,0.0,0.19873046875
2024-05-04 03:00:00,0.0,0.0,0.1015625,0.0,0.1015625
2024-05-04 03:15:00,0.0,0.0,0.099609375,0.0,0.099609375
2024-05-04 03:45:00,0.0,0.0,0.19921875,0.0,0.19921875
2024-05-04 04:15:00,0.0999755859375,0.0,0.201171875,0.10003662109375,0.00115966796875
2024-05-04 04:30:00,0.0,0.0,0.099609375,0.0,0.099609375
2024-05-04 06:00:00,0.0999755859375,0.0,0.900390625,0.0,0.8004150390625
2024-05-04 06:15:00,0.0,0.0,0.099609375,0.0,0.099609375
2024-05-04 06:30:00,0.0,0.0,0.099609375,0.0,0.099609375
2024-05-04 07:00:00,0.0999755859375,0.0,0.30078125,0.0,0.2008056640625
2024-05-04 07:15:00,0.0,0.0,0.099609375,0.0999755859375,-0.0003662109375
2024-05-04 07:45:00,0.0,0.0,0.19921875,0.0,0.19921875
2024-05-04 08:45:00,0.0999755859375,0.0,0.5,0.0,0.4000244140625
2024-05-04 09:15:00,0.0,0.0,0.30078125,0.0,0.30078125
2024-05-04 09:45:00,0.10009765625,0.0,0.298828125,0.0,0.19873046875
2024-05-04 10:00:00,0.0,0.0,0.201171875,0.0,0.201171875
2024-05-04 10:15:00,0.0,0.0,0.19921875,0.10003662109375,0.09918212890625
2024-05-04 10:30:00,0.0,0.0,0.099609375,0.0,0.099609375
2024-05-04 10:45:00,0.0,0.10009765625,0.1015625,0.0,0.00146484375
2024-05-04 11:15:00,0.0999755859375,0.0,0.5,0.0,0.4000244140625
2024-05-04 11:45:00,0.0,0.10009765625,0.3984375,0.0,0.29833984375
2024-05-04 12:00:00,0.0,0.0,0.1015625,0.0,0.1015625
2024-05-04 12:30:00,0.0999755859375,0.099853515625,0.298828125,0.0,0.0989990234375
2024-05-04 12:45:00,0.0,0.0,0.201171875,0.0,0.201171875
2024-05-04 13:15:00,0.0,0.10009765625,0.298828125,0.0,0.19873046875
2024-05-04 13:30:00,0.0,0.0,0.30078125,0.0999755859375,0.2008056640625
2024-05-04 14:00:00,0.0999755859375,0.0,0.19921875,0.0,0.0992431640625
2024-05-04 14:15:00,0.0,0.099853515625,0.201171875,0.0,0.101318359375
2024-05-04 14:30:00,0.0,0.0,0.298828125,0.0,0.298828125
2024-05-04 14:45:00,0.0,0.0,0.099609375,0.0,0.099609375
2024-05-04 15:15:00,0.0999755859375,0.10009765625,0.400390625,0.0,0.2003173828125
2024-05-04 15:30:00,0.0,0.0,0.0,0.0,0.0
2024-05-04 15:45:00,0.0,0.0,0.201171875,0.0,0.201171875
2024-05-04 16:00:00,0.0,0.0,0.099609375,0.0,0.099609375
2024-05-04 16:45:00,0.10009765625,0.0,0.298828125,0.0999755859375,0.0987548828125
2024-05-04 17:15:00,0.0,0.0,0.30078125,0.0,0.30078125
2024-05-04 17:45:00,0.0,0.0,0.30078125,0.0,0.30078125
2024-05-04 18:00:00,0.0,0.0,0.099609375,0.0,0.099609375
2024-05-04 18:15:00,0.0999755859375,0.0,0.099609375,0.0,-0.0003662109375
2024-05-04 18:30:00,0.0,0.0,0.19921875,0.0,0.19921875
2024-05-04 18:45:00,0.0,0.0,0.1015625,0.0,0.1015625
2024-05-04 19:00:00,0.0,0.0,0.19921875,0.0,0.19921875
2024-05-04 19:15:00,0.0,0.0,0.099609375,0.0,0.099609375
2024-05-04 19:45:00,0.0999755859375,0.0,0.201171875,0.10003662109375,0.00115966796875
2024-05-04 20:15:00,0.0,0.0,0.19921875,0.0,0.19921875
2024-05-04 20:30:00,0.0,0.0,0.19921875,0.0,0.19921875
2024-05-04 20:45:00,0.0,0.0,0.1015625,0.0,0.1015625
2024-05-04 21:00:00,0.0999755859375,0.0,0.19921875,0.0,0.0992431640625
2024-05-04 21:15:00,0.0,0.0,0.099609375,0.0,0.099609375
2024-05-04 21:45:00,0.0,0.0,0.201171875,0.0,0.201171875
2024-05-04 22:00:00,0.0,0.0,0.19921875,0.0,0.19921875
2024-05-04 22:30:00,0.0999755859375,0.0,0.099609375,0.0,-0.0003662109375
2024-05-04 22:45:00,0.0,0.0,0.201171875,0.0999755859375,0.1011962890625
2024-05-04 23:45:00,0.0,0.0,0.3984375,0.0,0.3984375
2024-05-05 00:15:00,0.10009765625,0.0,0.400390625,0.0,0.30029296875
2024-05-05 00:45:00,0.0,0.0,0.30078125,0.0,0.30078125
2024-05-05 01:00:00,0.0999755859375,0.0,0.19921875,0.0,0.0992431640625
2024-05-05 01:15:00,0.0,0.0,0.0,0.0,0.0
2024-05-05 02:00:00,0.0,0.0,0.400390625,0.10003662109375,0.30035400390625
2024-05-05 03:00:00,0.0999755859375,0.0,0.5,0.0,0.4000244140625
2024-05-05 03:30:00,0.0,0.0,0.30078125,0.0,0.30078125
2024-05-05 04:00:00,0.0999755859375,0.0,0.19921875,0.0,0.0992431640625
2024-05-05 04:30:00,0.0,0.0,0.19921875,0.0,0.19921875
2024-05-05 04:45:00,0.0,0.0,0.201171875,0.0999755859375,0.1011962890625
2024-05-05 05:00:00,0.0,0.0,0.19921875,0.0,0.19921875
2024-05-05 05:15:00,0.0999755859375,0.0,0.099609375,0.0,-0.0003662109375
2024-05-05 06:15:00,0.0,0.0,0.5,0.0,0.5
2024-05-05 06:45:00,0.10009765625,0.0,0.30078125,0.0,0.20068359375
2024-05-05 07:00:00,0.0,0.0,0.099609375,0.0,0.099609375
2024-05-05 07:30:00,0.0,0.0,0.30078125,0.0,0.30078125
2024-05-05 07:45:00,0.0,0.0,0.099609375,0.0999755859375,-0.0003662109375
2024-05-05 08:30:00,0.0999755859375,0.30029296875,0.69921875,0.0,0.2989501953125
2024-05-05 09:00:00,0.0,0.0,0.30078125,0.0,0.30078125
2024-05-05 09:15:00,0.0,0.0,0.099609375,0.0,0.099609375
2024-05-05 09:30:00,0.0,0.0,0.201171875,0.0,0.201171875
2024-05-05 09:45:00,0.0999755859375,0.0,0.19921875,0.0,0.0992431640625
2024-05-05 10:00:00,0.0,0.0,0.099609375,0.0,0.099609375
2024-05-05 10:30:00,0.0,0.0,0.30078125,0.0,0.30078125
2024-05-05 10:45:00,0.0,0.0,0.099609375,0.10003662109375,-0.00042724609375
2024-05-05 11:00:00,0.0999755859375,0.0,0.19921875,0.0,0.0992431640625
2024-05-05 11:15:00,0.0,0.0,0.1015625,0.0,0.1015625
2024-05-05 12:00:00,0.0,0.0,0.3984375,0.0,0.3984375
2024-05-05 12:30:00,0.0999755859375,0.0,0.30078125,0.0,0.2008056640625
2024-05-05 13:00:00,0.0,0.0,0.19921875,0.0,0.19921875
2024-05-05 13:15:00,0.0,0.0,0.1015625,0.0,0.1015625
2024-05-05 13:30:00,0.0,0.0,0.099609375,0.0,0.099609375
2024-05-05 13:45:00,0.0,0.0,0.099609375,0.0,0.099609375
2024-05-05 14:30:00,0.10009765625,0.0,0.5,0.0999755859375,0.2999267578125
2024-05-05 15:15:00,0.0999755859375,0.0,0.400390625,0.0,0.3004150390625
2024-05-05 15:30:00,0.0,0.0,0.099609375,0.0,0.099609375
2024-05-05 15:45:00,0.0,0.0,0.099609375,0.0,0.099609375
2024-05-05 16:00:00,0.0,0.0,0.099609375,0.0,0.099609375
2024-05-05 16:15:00,0.0,0.0,0.1015625,0.0,0.1015625
2024-05-05 16:30:00,0.0,0.0,0.099609375,0.0,0.099609375
2024-05-05 17:00:00,0.0999755859375,0.0,0.298828125,0.10003662109375,0.09881591796875
2024-05-05 17:15:00,0.0,0.0,0.0,0.0,0.0
2024-05-05 17:30:00,0.0,0.0,0.201171875,0.0,0.201171875
2024-05-05 18:00:00,0.0,0.200439453125,0.298828125,0.0,0.098388671875
2024-05-05 18:15:00,0.0999755859375,0.0,0.1015625,0.0,0.0015869140625
2024-05-05 18:30:00,0.0,0.0,0.19921875,0.0,0.19921875
2024-05-05 18:45:00,0.0,0.0,0.099609375,0.0,0.099609375
2024-05-05 19:15:00,0.0,0.0,0.201171875,0.0,0.201171875
2024-05-05 19:30:00,0.0,0.0,0.19921875,0.0,0.19921875
2024-05-05 20:00:00,0.0999755859375,0.0,0.30078125,0.0999755859375,0.100830078125
2024-05-05 21:00:00,0.10009765625,0.0,0.5,0.0,0.39990234375
2024-05-05 21:15:00,0.0,0.0,0.099609375,0.0,0.099609375
2024-05-05 21:45:00,0.0,0.0,0.19921875,0.0,0.19921875
2024-05-05 22:15:00,0.0,0.0,0.400390625,0.0,0.400390625
2024-05-05 22:45:00,0.0999755859375,0.0,0.19921875,0.0,0.0992431640625
2024-05-05 23:00:00,0.0,0.0,0.1015625,0.0999755859375,0.0015869140625
2024-05-05 23:30:00,0.0,0.0,0.3984375,0.0,0.3984375
2024-05-06 00:00:00,0.0999755859375,0.0,0.30078125,0.0,0.2008056640625
2024-05-06 00:30:00,0.0,0.0,0.19921875,0.0,0.19921875
2024-05-06 01:00:00,0.0,0.0,0.30078125,0.0,0.30078125
2024-05-06 01:15:00,0.0999755859375,0.0,0.099609375,0.0,-0.0003662109375
2024-05-06 01:45:00,0.0,0.0,0.30078125,0.0,0.30078125
2024-05-06 02:00:00,0.0,0.0,0.099609375,0.10003662109375,-0.00042724609375
2024-05-06 02:45:00,0.0999755859375,0.0,0.30078125,0.0,0.2008056640625
2024-05-06 03:00:00,0.0,0.0,0.099609375,0.0,0.099609375
2024-05-06 03:15:00,0.0,0.0,0.19921875,0.0,0.19921875
2024-05-06 03:30:00,0.0,0.0,0.201171875,0.0,0.201171875
2024-05-06 03:45:00,0.0,0.0,0.099609375,0.0,0.099609375
2024-05-06 04:00:00,0.10009765625,0.0,0.099609375,0.0,-0.00048828125
2024-05-06 04:15:00,0.0,0.0,0.099609375,0.0,0.099609375
2024-05-06 05:00:00,0.0,0.0,0.30078125,0.0,0.30078125
2024-05-06 05:15:00,0.0,0.0,0.099609375,0.0999755859375,-0.0003662109375
2024-05-06 05:30:00,0.0999755859375,0.0,0.19921875,0.0,0.0992431640625
2024-05-06 05:45:00,0.0,0.0,0.30078125,0.0,0.30078125
2024-05-06 06:15:00,0.0,0.0,0.19921875,0.0,0.19921875
2024-05-06 06:45:00,0.0,0.0,0.201171875,0.0,0.201171875
2024-05-06 07:00:00,0.0999755859375,0.0,0.19921875,0.0,0.0992431640625
2024-05-06 07:30:00,0.0,0.0,0.201171875,0.0,0.201171875
2024-05-06 08:30:00,0.0999755859375,0.0,0.5,0.10003662109375,0.29998779296875
2024-05-06 09:00:00,0.0,0.0,0.298828125,0.0,0.298828125
2024-05-06 09:15:00,0.0,0.0,0.099609375,0.0,0.099609375
2024-05-06 09:30:00,0.0,0.0,0.1015625,0.0,0.1015625
2024-05-06 10:15:00,0.0999755859375,0.0,0.3984375,0.0,0.2984619140625
2024-05-06 10:30:00,0.0,0.0,0.1015625,0.0,0.1015625
2024-05-06 11:00:00,0.10009765625,0.0,0.298828125,0.0999755859375,0.0987548828125
2024-05-06 11:15:00,0.0,0.0,0.201171875,0.0,0.201171875
2024-05-06 11:45:00,0.0,0.0,0.19921875,0.0,0.19921875
2024-05-06 12:00:00,0.0,0.0,0.099609375,0.0,0.099609375
2024-05-06 12:15:00,0.0,0.0,0.099609375,0.0,0.099609375
2024-05-06 13:00:00,0.0999755859375,0.0,0.400390625,0.0,0.3004150390625
2024-05-06 13:15:00,0.0,0.0,0.099609375,0.0,0.099609375
2024-05-06 13:30:00,0.0,0.0,0.1015625,0.0,0.1015625
2024-05-06 14:00:00,0.0999755859375,0.0,0.298828125,0.0,0.1988525390625
2024-05-06 14:15:00,0.0,0.0,0.201171875,0.0999755859375,0.1011962890625
2024-05-06 14:30:00,0.0,0.0,0.099609375,0.0,0.099609375
2024-05-06 14:45:00,0.0,0.0,0.099609375,0.0,0.099609375
2024-05-06 15:00:00,0.0,0.0,0.19921875,0.0,0.19921875
2024-05-06 15:15:00,0.0999755859375,0.0,0.1015625,0.0,0.0015869140625
2024-05-06 15:30:00,0.0,0.0,0.0,0.0,0.0
2024-05-06 15:45:00,0.0,0.0,0.099609375,0.0,0.099609375
2024-05-06 16:30:00,0.0,0.0,0.400390625,0.0,0.400390625
2024-05-06 17:00:00,0.0999755859375,0.0,0.19921875,0.0,0.0992431640625
2024-05-06 17:15:00,0.0,0.0,0.099609375,0.10003662109375,-0.00042724609375
2024-05-06 17:30:00,0.0,0.0,0.099609375,0.0,0.099609375
2024-05-06 18:00:00,0.0,0.0,0.201171875,0.0,0.201171875
2024-05-06 18:15:00,0.10009765625,0.0,0.099609375,0.0,-0.00048828125
2024-05-06 18:30:00,0.0,0.0,0.099609375,0.0,0.099609375
2024-05-06 18:45:00,0.0,0.0,0.099609375,0.0,0.099609375
2024-05-06 19:00:00,0.0,0.0,0.1015625,0.0,0.1015625
2024-05-06 19:15:00,0.0,0.0,0.298828125,0.0,0.298828125
2024-05-06 19:45:00,0.0999755859375,0.0,0.30078125,0.0,0.2008056640625
2024-05-06 20:00:00,0.0,0.0,0.099609375,0.0,0.099609375
2024-05-06 20:15:00,0.0,0.0,0.099609375,0.0999755859375,-0.0003662109375
2024-05-06 20:30:00,0.0,0.0,0.201171875,0.0,0.201171875
2024-05-06 21:00:00,0.0999755859375,0.0,0.19921875,0.0,0.0992431640625
2024-05-06 21:30:00,0.0,0.0,0.30078125,0.0,0.30078125
2024-05-06 21:45:00,0.0,0.0,0.0,0.0,0.0
2024-05-06 22:30:00,0.0999755859375,0.0,0.3984375,0.0,0.2984619140625
2024-05-06 22:45:00,0.0,0.0,0.1015625,0.0,0.1015625
2024-05-06 23:15:00,0.0,0.0,0.298828125,0.10003662109375,0.19879150390625
2024-05-06 23:30:00,0.0,0.0,0.099609375,0.0,0.099609375
2024-05-07 00:00:00,0.0999755859375,0.0,0.201171875,0.0,0.1011962890625
2024-05-07 00:15:00,0.0,0.0,0.19921875,0.0,0.19921875
2024-05-07 00:30:00,0.0,0.0,0.0,0.0,0.0
2024-05-07 01:30:00,0.10009765625,0.0,0.599609375,0.0,0.49951171875
2024-05-07 02:00:00,0.0,0.0,0.201171875,0.0,0.201171875
2024-05-07 02:15:00,0.0,0.0,0.19921875,0.0999755859375,0.0992431640625
2024-05-07 03:15:00,0.0999755859375,0.0,0.5,0.0,0.4000244140625
2024-05-07 03:30:00,0.0,0.0,0.0,0.0,0.0
2024-05-07 04:00:00,0.0999755859375,0.0,0.400390625,0.0,0.3004150390625
2024-05-07 04:15:00,0.0,0.099853515625,0.19921875,0.0,0.099365234375
2024-05-07 04:45:00,0.0,0.10009765625,0.30078125,0.0,0.20068359375
2024-05-07 05:15:00,0.0999755859375,0.199951171875,0.5,0.0999755859375,0.10009765625
2024-05-07 05:30:00,0.0,0.10009765625,0.19921875,0.0,0.09912109375
2024-05-07 05:45:00,0.0,0.099853515625,0.201171875,0.0,0.101318359375
2024-05-07 06:30:00,0.0,0.499267578125,1.099609375,0.0,0.600341796875
2024-05-07 06:45:00,0.0,0.20068359375,0.19921875,0.0,-0.00146484375
2024-05-07 07:00:00,0.0999755859375,0.19970703125,0.400390625,0.0,0.1007080078125
2024-05-07 07:30:00,0.0,0.499755859375,0.701171875,0.0,0.201416015625
2024-05-07 07:45:00,0.0,0.500244140625,0.599609375,0.0,0.099365234375
2024-05-07 08:00:00,0.0,0.500244140625,0.69921875,0.0,0.198974609375
2024-05-07 08:15:00,0.10009765625,0.600341796875,0.80078125,0.0,0.100341796875
2024-05-07 08:30:00,0.0,0.199462890625,0.5,0.10003662109375,0.20050048828125
2024-05-07 08:45:00,0.0,0.400146484375,0.400390625,0.0,0.000244140625
2024-05-07 09:00:00,0.0,0.89990234375,1.099609375,0.0,0.19970703125
2024-05-07 09:15:00,0.0,0.299560546875,0.798828125,0.0,0.499267578125
2024-05-07 09:30:00,0.0,0.600830078125,0.6015625,0.0,0.000732421875
2024-05-07 09:45:00,0.0999755859375,0.399169921875,0.69921875,0.0,0.2000732421875
2024-05-07 10:15:00,0.0,1.800048828125,2.80078125,0.0,1.000732421875
2024-05-07 10:30:00,0.0,0.70068359375,1.19921875,0.0,0.49853515625
2024-05-07 10:45:00,0.0,0.19921875,0.400390625,0.0,0.201171875
2024-05-07 11:15:00,0.0999755859375,1.7008056640625,2.798828125,0.0,0.998046875
2024-05-07 11:45:00,0.0,1.2998046875,2.30078125,0.0999755859375,0.9010009765625
2024-05-07 12:15:00,0.0,1.599853515625,2.5,0.0,0.900146484375
2024-05-07 12:30:00,0.0999755859375,0.499755859375,0.69921875,0.0,0.0994873046875
2024-05-07 12:45:00,0.0,0.900390625,1.5,0.0,0.599609375
2024-05-07 13:15:00,0.0,1.1995849609375,1.900390625,0.0,0.7008056640625
2024-05-07 13:30:00,0.0,0.90008544921875,1.599609375,0.0,0.69952392578125
2024-05-07 14:15:00,0.0999755859375,2.00006103515625,3.1015625,0.0,1.00152587890625
2024-05-07 14:30:00,0.0,1.0,1.599609375,0.10003662109375,0.49957275390625
2024-05-07 15:15:00,0.10009765625,1.800048828125,3.0,0.0,1.099853515625
2024-05-07 15:30:00,0.0,0.89990234375,1.5,0.0,0.60009765625
2024-05-07 15:45:00,0.0,0.20068359375,0.400390625,0.0,0.19970703125
2024-05-07 16:15:00,0.0,1.89990234375,3.0,0.0,1.10009765625
2024-05-07 16:45:00,0.0999755859375,0.699462890625,1.5,0.0,0.7005615234375
2024-05-07 17:00:00,0.0,1.1005859375,1.8984375,0.0,0.7978515625
2024-05-07 17:15:00,0.0,0.79931640625,1.1015625,0.0,0.30224609375
2024-05-07 17:30:00,0.0,0.200439453125,0.3984375,0.0,0.197998046875
2024-05-07 17:45:00,0.0,0.69970703125,1.0,0.0999755859375,0.2003173828125
2024-05-07 18:15:00,0.0999755859375,1.699951171875,2.6015625,0.0,0.8016357421875
2024-05-07 18:45:00,0.0,0.800048828125,1.298828125,0.0,0.498779296875
2024-05-07 19:00:00,0.0,1.100341796875,1.400390625,0.0,0.300048828125
2024-05-07 19:30:00,0.0999755859375,0.499755859375,1.0,0.0,0.4002685546875
2024-05-07 19:45:00,0.0,0.0,0.19921875,0.0,0.19921875
2024-05-07 20:15:00,0.0,0.0,0.30078125,0.0,0.30078125
2024-05-07 20:30:00,0.0,0.0,0.099609375,0.0,0.099609375
2024-05-07 20:45:00,0.0,0.0,0.201171875,0.0999755859375,0.1011962890625
2024-05-07 21:00:00,0.0999755859375,0.0,0.099609375,0.0,-0.0003662109375
2024-05-07 21:30:00,0.0,0.0,0.400390625,0.0,0.400390625
2024-05-07 22:00:00,0.0,0.0,0.298828125,0.0,0.298828125
2024-05-07 22:45:00,0.10009765625,0.0,0.599609375,0.0,0.49951171875
2024-05-07 23:00:00,0.0,0.0,0.1015625,0.0,0.1015625
2024-05-07 23:15:00,0.0,0.0,0.099609375,0.0,0.099609375
2024-05-07 23:30:00,0.0,0.0,0.19921875,0.0,0.19921875
2024-05-08 00:30:00,0.0999755859375,0.0,0.5,0.10003662109375,0.29998779296875
2024-05-08 01:45:00,0.0999755859375,0.0,0.900390625,0.0,0.8004150390625
2024-05-08 02:15:00,0.0,0.0,0.19921875,0.0,0.19921875
2024-05-08 02:30:00,0.0999755859375,0.0,0.30078125,0.0,0.2008056640625
2024-05-08 03:30:00,0.0,0.0,0.5,0.0999755859375,0.4000244140625
2024-05-08 04:15:00,0.0999755859375,0.0,0.400390625,0.0,0.3004150390625
2024-05-08 04:30:00,0.0,0.0,0.19921875,0.0,0.19921875
2024-05-08 04:45:00,0.0,0.199951171875,0.30078125,0.0,0.100830078125
2024-05-08 05:15:00,0.0,0.10009765625,0.400390625,0.0,0.30029296875
2024-05-08 05:30:00,0.10009765625,0.10009765625,0.3984375,0.0,0.1982421875
2024-05-08 06:00:00,0.0,0.199951171875,0.400390625,0.10003662109375,0.10040283203125
2024-05-08 06:15:00,0.0,0.199462890625,0.5,0.0,0.300537109375
2024-05-08 06:45:00,0.0999755859375,0.900390625,1.201171875,0.0,0.2008056640625
2024-05-08 07:00:00,0.0,0.0,0.19921875,0.0,0.19921875
2024-05-08 07:15:00,0.0,0.10009765625,0.19921875,0.0,0.09912109375
2024-05-08 08:30:00,0.0999755859375,2.19970703125,3.30078125,0.0,1.0010986328125
2024-05-08 09:15:00,0.0,1.50048828125,2.69921875,0.0999755859375,1.0987548828125
2024-05-08 09:30:00,0.0,0.79931640625,1.1015625,0.0,0.30224609375
2024-05-08 10:15:00,0.0999755859375,2.4005126953125,4.099609375,0.0,1.59912109375
2024-05-08 10:45:00,0.0,1.099365234375,2.19921875,0.0,1.099853515625
2024-05-08 11:30:00,0.0999755859375,2.10009765625,3.400390625,0.0,1.2003173828125
2024-05-08 12:00:00,0.0,2.0001220703125,3.099609375,0.0999755859375,0.99951171875
2024-05-08 12:15:00,0.0,0.70068359375,1.201171875,0.0,0.50048828125
2024-05-08 12:30:00,0.10009765625,0.299072265625,0.3984375,0.0,-0.000732421875
2024-05-08 12:45:00,0.0,1.20062255859375,1.900390625,0.0,0.69976806640625
2024-05-08 13:00:00,0.0,0.500244140625,0.900390625,0.0,0.400146484375
2024-05-08 13:15:00,0.0,0.499755859375,0.80078125,0.0,0.301025390625
2024-05-08 13:45:00,0.0,1.5997314453125,2.8984375,0.0,1.2987060546875
2024-05-08 14:00:00,0.0999755859375,0.800537109375,1.201171875,0.0,0.3006591796875
2024-05-08 14:15:00,0.0,0.399169921875,0.900390625,0.0,0.501220703125
2024-05-08 15:00:00,0.0,2.60040283203125,4.19921875,0.10003662109375,1.498779296875
2024-05-08 15:15:00,0.0999755859375,0.9996337890625,1.69921875,0.0,0.599609375
2024-05-08 15:30:00,0.0,0.80072021484375,1.30078125,0.0,0.50006103515625
2024-05-08 16:00:00,0.0999755859375,1.7001953125,2.69921875,0.0,0.8990478515625
2024-05-08 16:15:00,0.0999755859375,0.599609375,0.90234375,0.0,0.2027587890625
2024-05-08 16:30:00,0.10009765625,0.799560546875,1.69921875,0.0,0.799560546875
2024-05-08 17:00:00,0.0999755859375,1.199951171875,1.69921875,0.0,0.3992919921875
2024-05-08 17:30:00,0.0999755859375,1.700439453125,2.80078125,0.0,1.0003662109375
2024-05-08 17:45:00,0.0,0.89984130859375,1.5,0.0,0.60015869140625
2024-05-08 18:00:00,0.0,0.500244140625,0.69921875,0.0999755859375,0.0989990234375
2024-05-08 18:15:00,0.0,1.0,1.5,0.0,0.5
2024-05-08 18:30:00,0.0,0.400390625,0.69921875,0.0,0.298828125
2024-05-08 19:15:00,0.0999755859375,1.1995849609375,2.0,0.0,0.700439453125
2024-05-08 19:45:00,0.0,0.0,0.19921875,0.0,0.19921875
2024-05-08 20:15:00,0.0999755859375,0.0,0.30078125,0.0,0.2008056640625
2024-05-08 20:30:00,0.0,0.0,0.1015625,0.0,0.1015625
2024-05-08 21:00:00,0.0,0.0,0.30078125,0.0,0.30078125
2024-05-08 21:15:00,0.0,0.0,0.19921875,0.10003662109375,0.09918212890625
2024-05-08 21:30:00,0.0,0.0,0.19921875,0.0,0.19921875
2024-05-08 21:45:00,0.10009765625,0.0,0.1015625,0.0,0.00146484375
2024-05-08 22:00:00,0.0,0.0,0.09765625,0.0,0.09765625
2024-05-08 22:30:00,0.0,0.099853515625,0.40234375,0.0,0.302490234375
2024-05-08 22:45:00,0.0,0.0,0.0,0.0,0.0
2024-05-08 23:00:00,0.0999755859375,0.0,0.296875,0.0,0.1968994140625
2024-05-09 00:15:00,0.0,0.0,0.6015625,0.0999755859375,0.5015869140625
2024-05-09 01:15:00,0.0999755859375,0.0,0.5,0.0,0.4000244140625
2024-05-09 02:00:00,0.0999755859375,0.0,0.5,0.0,0.4000244140625
2024-05-09 02:30:00,0.0,0.0,0.30078125,0.0,0.30078125
2024-05-09 02:45:00,0.0,0.0,0.09765625,0.0,0.09765625
2024-05-09 03:00:00,0.0,0.0,0.1015625,0.0,0.1015625
2024-05-09 03:45:00,0.0999755859375,0.0,0.3984375,0.0999755859375,0.198486328125
2024-05-09 04:00:00,0.0,0.0,0.203125,0.0,0.203125
2024-05-09 04:45:00,0.10009765625,0.2001953125,0.59765625,0.0,0.29736328125
2024-05-09 05:00:00,0.0,0.099853515625,0.19921875,0.0,0.099365234375
2024-05-09 05:45:00,0.0,0.300048828125,0.80078125,0.0,0.500732421875
2024-05-09 06:00:00,0.0,0.0,0.0,0.0,0.0
2024-05-09 06:15:00,0.0999755859375,0.199951171875,0.5,0.10003662109375,0.10003662109375
2024-05-09 06:30:00,0.0,0.30029296875,0.40234375,0.0,0.10205078125
2024-05-09 06:45:00,0.0,0.399169921875,0.69921875,0.0,0.300048828125
2024-05-09 07:00:00,0.0,0.10009765625,0.19921875,0.0,0.09912109375
2024-05-09 07:15:00,0.0,0.10009765625,0.19921875,0.0,0.09912109375
2024-05-09 07:30:00,0.0999755859375,0.5,0.90234375,0.0,0.3023681640625
2024-05-09 07:45:00,0.0,0.500244140625,0.69921875,0.0,0.198974609375
2024-05-09 08:15:00,0.0,0.7001953125,0.8984375,0.0,0.1982421875
2024-05-09 08:30:00,0.0,0.7998046875,1.19921875,0.0,0.3994140625
2024-05-09 09:30:00,0.0999755859375,2.199951171875,3.1015625,0.0999755859375,0.70166015625
2024-05-09 09:45:00,0.0,0.700439453125,1.1015625,0.0,0.401123046875
2024-05-09 10:00:00,0.0,0.399169921875,0.796875,0.0,0.397705078125
2024-05-09 10:15:00,0.0,0.700439453125,1.1015625,0.0,0.401123046875
2024-05-09 10:45:00,0.0999755859375,1.400390625,2.3984375,0.0,0.8980712890625
2024-05-09 11:15:00,0.0,1.5992431640625,2.80078125,0.0,1.2015380859375
2024-05-09 11:30:00,0.0,0.30078125,0.40234375,0.0,0.1015625
2024-05-09 11:45:00,0.10009765625,1.099365234375,1.8984375,0.0,0.698974609375
2024-05-09 12:00:00,0.0,0.20068359375,0.30078125,0.0,0.10009765625
2024-05-09 12:15:00,0.0,0.79949951171875,1.09765625,0.0,0.29815673828125
2024-05-09 12:30:00,0.0,0.599853515625,1.1015625,0.10003662109375,0.40167236328125
2024-05-09 13:00:00,0.0,1.90020751953125,2.80078125,0.0,0.90057373046875
2024-05-09 13:45:00,0.0999755859375,2.399658203125,4.0,0.0,1.5003662109375
2024-05-09 14:15:00,0.0,1.80010986328125,2.8984375,0.0,1.09832763671875
2024-05-09 15:00:00,0.0999755859375,2.300048828125,3.6015625,0.0,1.2015380859375
2024-05-09 15:15:00,0.0,1.400634765625,2.30078125,0.0999755859375,0.8001708984375
2024-05-09 15:30:00,0.0,0.6998291015625,0.8984375,0.0,0.1986083984375
2024-05-09 15:45:00,0.0,0.79962158203125,1.30078125,0.0,0.50115966796875
2024-05-09 16:00:00,0.0,0.5999755859375,0.8984375,0.0,0.2984619140625
2024-05-09 16:15:00,0.0999755859375,1.40045166015625,2.19921875,0.0,0.69879150390625
2024-05-09 16:30:00,0.0,0.1995849609375,0.5,0.0,0.3004150390625
2024-05-09 16:45:00,0.0,0.80072021484375,1.203125,0.0,0.40240478515625
2024-05-09 17:30:00,0.0999755859375,3.0997314453125,4.5,0.0,1.30029296875
2024-05-09 18:00:00,0.0,1.19952392578125,1.8984375,0.0,0.69891357421875
2024-05-09 18:15:00,0.0,0.9998779296875,1.5,0.0999755859375,0.400146484375
2024-05-09 18:30:00,0.0,0.70001220703125,1.1015625,0.0,0.40155029296875
2024-05-09 18:45:00,0.10009765625,0.80023193359375,1.09765625,0.0,0.19732666015625
2024-05-09 19:00:00,0.0,0.4998779296875,0.69921875,0.0,0.1993408203125
2024-05-09 19:45:00,0.0,1.2001953125,2.1015625,0.0,0.9013671875
2024-05-09 20:15:00,0.0999755859375,0.0,0.3984375,0.0,0.2984619140625
2024-05-09 20:30:00,0.0,0.0,0.1015625,0.0,0.1015625
2024-05-09 20:45:00,0.0,0.0,0.1015625,0.0,0.1015625
2024-05-09 21:00:00,0.0,0.0,0.09765625,0.0,0.09765625
2024-05-09 21:30:00,0.0,0.0,0.40234375,0.10003662109375,0.30230712890625
2024-05-09 21:45:00,0.0999755859375,0.0,0.19921875,0.0,0.0992431640625
2024-05-09 22:00:00,0.0,0.0,0.09765625,0.0,0.09765625
2024-05-09 22:15:00,0.0,0.0,0.1015625,0.0,0.1015625
2024-05-09 23:00:00,0.0999755859375,0.0,0.5,0.0,0.4000244140625
2024-05-09 23:15:00,0.0,0.0,0.1015625,0.0,0.1015625
2024-05-10 00:00:00,0.0,0.0,0.5,0.0,0.5
2024-05-10 00:15:00,0.0,0.0,0.19921875,0.0,0.19921875
2024-05-10 00:30:00,0.0999755859375,0.0,0.19921875,0.0999755859375,-0.000732421875
2024-05-10 00:45:00,0.0,0.0,0.19921875,0.0,0.19921875
2024-05-10 01:00:00,0.0,0.0,0.0,0.0,0.0
2024-05-10 01:15:00,0.0,0.0,0.19921875,0.0,0.19921875
2024-05-10 01:30:00,0.0,0.0,0.203125,0.0,0.203125
2024-05-10 02:00:00,0.10009765625,0.0,0.296875,0.0,0.19677734375
2024-05-10 02:30:00,0.0,0.0,0.30078125,0.0,0.30078125
2024-05-10 02:45:00,0.0,0.0,0.19921875,0.0,0.19921875
2024-05-10 03:00:00,0.0,0.0,0.1015625,0.0,0.1015625
2024-05-10 03:15:00,0.0999755859375,0.0,0.19921875,0.0,0.0992431640625
2024-05-10 03:45:00,0.0,0.0,0.30078125,0.10003662109375,0.20074462890625
2024-05-10 04:00:00,0.0,0.0,0.1015625,0.0,0.1015625
2024-05-10 04:30:00,0.0,0.10009765625,0.3984375,0.0,0.29833984375
2024-05-10 04:45:00,0.0999755859375,0.099853515625,0.30078125,0.0,0.1009521484375
2024-05-10 05:00:00,0.0,0.10009765625,0.19921875,0.0,0.09912109375
2024-05-10 05:30:00,0.0,0.099853515625,0.3984375,0.0,0.298583984375
2024-05-10 05:45:00,0.0,0.0,0.30078125,0.0,0.30078125
2024-05-10 06:00:00,0.0,0.2001953125,0.30078125,0.0,0.1005859375
2024-05-10 06:15:00,0.0,0.300048828125,0.6015625,0.0,0.301513671875
2024-05-10 06:45:00,0.0,0.499755859375,0.796875,0.0,0.297119140625
2024-05-10 07:15:00,0.0999755859375,0.499755859375,0.80078125,0.0,0.2010498046875
2024-05-10 07:30:00,0.0,0.20068359375,0.5,0.0,0.29931640625
2024-05-10 07:45:00,0.0,0.799560546875,1.19921875,0.0,0.399658203125
2024-05-10 08:00:00,0.0,0.600341796875,0.703125,0.0,0.102783203125
2024-05-10 08:15:00,0.0999755859375,0.199462890625,0.5,0.0,0.2005615234375
2024-05-10 08:30:00,0.0,0.7998046875,1.0,0.0999755859375,0.1002197265625
2024-05-10 09:30:00,0.10009765625,2.10009765625,3.296875,0.0,1.0966796875
2024-05-10 09:45:00,0.0,0.30078125,0.5,0.0,0.19921875
2024-05-10 10:00:00,0.0,0.299560546875,0.6015625,0.0,0.302001953125
2024-05-10 10:30:00,0.0,1.9002685546875,2.8984375,0.0,0.9981689453125
2024-05-10 11:00:00,0.0999755859375,1.39935302734375,2.203125,0.0,0.70379638671875
2024-05-10 11:15:00,0.0,0.600830078125,0.796875,0.0,0.196044921875
2024-05-10 12:15:00,0.0,2.89990234375,4.6015625,0.0999755859375,1.6016845703125
2024-05-10 12:30:00,0.0999755859375,0.79931640625,1.1015625,0.0,0.2022705078125
2024-05-10 12:45:00,0.0,0.20068359375,0.3984375,0.0,0.19775390625
2024-05-10 13:15:00,0.0,1.399658203125,2.1015625,0.0,0.701904296875
2024-05-10 13:45:00,0.0,1.899658203125,2.8984375,0.0,0.998779296875
2024-05-10 14:00:00,0.0999755859375,0.30029296875,0.3984375,0.0,-0.0018310546875
2024-05-10 14:30:00,0.0,1.80029296875,2.90234375,0.0,1.10205078125
2024-05-10 14:45:00,0.0,0.79931640625,1.0,0.10003662109375,0.10064697265625
2024-05-10 15:15:00,0.0,0.89990234375,1.5,0.0,0.60009765625
2024-05-10 15:30:00,0.0999755859375,1.100830078125,1.80078125,0.0,0.5999755859375
2024-05-10 15:45:00,0.0,0.299560546875,0.3984375,0.0,0.098876953125
2024-05-10 16:00:00,0.0,1.100341796875,1.80078125,0.0,0.700439453125
2024-05-10 16:45:00,0.10009765625,1.599609375,2.5,0.0,0.80029296875
2024-05-10 17:00:00,0.0,0.7998046875,1.09765625,0.0,0.2978515625
2024-05-10 17:15:00,0.0,0.7998046875,1.30078125,0.0,0.5009765625
2024-05-10 17:30:00,0.0,0.60107421875,0.69921875,0.0,0.09814453125
2024-05-10 17:45:00,0.0,0.499755859375,0.80078125,0.0,0.301025390625
2024-05-10 18:15:00,0.0999755859375,0.599365234375,1.19921875,0.0999755859375,0.39990234375
2024-05-10 18:30:00,0.0,0.30078125,0.703125,0.0,0.40234375
2024-05-10 19:30:00,0.0999755859375,0.49951171875,1.19921875,0.0,0.5997314453125
2024-05-10 19:45:00,0.0,0.0,0.19921875,0.0,0.19921875
2024-05-10 20:15:00,0.0,0.0,0.19921875,0.0,0.19921875
2024-05-10 20:30:00,0.0999755859375,0.0,0.1015625,0.0,0.0015869140625
2024-05-10 20:45:00,0.0,0.0,0.19921875,0.0,0.19921875
2024-05-10 21:30:00,0.0,0.0,0.5,0.10003662109375,0.39996337890625
2024-05-10 22:00:00,0.0999755859375,0.0,0.30078125,0.0,0.2008056640625
2024-05-10 22:15:00,0.0,0.0,0.09765625,0.0,0.09765625
2024-05-10 22:30:00,0.0,0.0,0.203125,0.0,0.203125
2024-05-10 23:30:00,0.10009765625,0.0,0.69921875,0.0,0.59912109375
2024-05-10 23:45:00,0.0,0.0,0.09765625,0.0,0.09765625
2024-05-11 00:00:00,0.0,0.0,0.203125,0.0999755859375,0.1031494140625
2024-05-11 00:15:00,0.0,0.0,0.09765625,0.0,0.09765625
2024-05-11 00:45:00,0.0999755859375,0.0,0.30078125,0.0,0.2008056640625
2024-05-11 01:00:00,0.0,0.0,0.1015625,0.0,0.1015625
2024-05-11 01:15:00,0.0,0.0,0.19921875,0.0,0.19921875
2024-05-11 01:30:00,0.0,0.0,0.19921875,0.0,0.19921875
2024-05-11 02:00:00,0.0,0.0,0.30078125,0.0,0.30078125
2024-05-11 02:15:00,0.0999755859375,0.0,0.0,0.0,-0.0999755859375
2024-05-11 02:45:00,0.0,0.0,0.3984375,0.0,0.3984375
2024-05-11 04:00:00,0.0999755859375,0.0,0.69921875,0.0999755859375,0.499267578125
2024-05-11 04:15:00,0.0,0.0,0.0,0.0,0.0
2024-05-11 04:30:00,0.0,0.0,0.203125,0.0,0.203125
2024-05-11 05:15:00,0.0999755859375,0.0,0.5,0.0,0.4000244140625
2024-05-11 05:30:00,0.0,0.0,0.19921875,0.0,0.19921875
2024-05-11 05:45:00,0.0,0.0,0.09765625,0.0,0.09765625
2024-05-11 06:00:00,0.0,0.0,0.1015625,0.0,0.1015625
2024-05-11 06:30:00,0.10009765625,0.0,0.30078125,0.10003662109375,0.10064697265625
2024-05-11 06:45:00,0.0,0.0,0.09765625,0.0,0.09765625
2024-05-11 07:00:00,0.0,0.0,0.203125,0.0,0.203125
2024-05-11 07:15:00,0.0,0.0,0.19921875,0.0,0.19921875
2024-05-11 07:30:00,0.0,0.0,0.09765625,0.0,0.09765625
2024-05-11 07:45:00,0.0,0.0,0.0,0.0,0.0
2024-05-11 08:00:00,0.0999755859375,0.0,0.30078125,0.0,0.2008056640625
2024-05-11 08:15:00,0.0,0.0,0.1015625,0.0,0.1015625
2024-05-11 08:45:00,0.0,0.1005859375,0.5,0.0,0.3994140625
2024-05-11 09:30:00,0.0999755859375,0.10009765625,0.5,0.0999755859375,0.199951171875
2024-05-11 10:15:00,0.0,0.099853515625,0.5,0.0,0.400146484375
2024-05-11 10:30:00,0.0,0.10009765625,0.19921875,0.0,0.09912109375
2024-05-11 11:15:00,0.0999755859375,0.39990234375,0.8984375,0.0,0.3985595703125
2024-05-11 11:30:00,0.0,0.0,0.203125,0.0,0.203125
2024-05-11 11:45:00,0.0,0.0,0.09765625,0.0,0.09765625
2024-05-11 12:30:00,0.0999755859375,0.0,0.40234375,0.10003662109375,0.20233154296875
2024-05-11 12:45:00,0.0,0.0,0.19921875,0.0,0.19921875
2024-05-11 13:00:00,0.0,0.0,0.19921875,0.0,0.19921875
2024-05-11 13:15:00,0.0,0.0,0.0,0.0,0.0
2024-05-11 13:45:00,0.10009765625,0.0,0.30078125,0.0,0.20068359375
2024-05-11 14:45:00,0.0,0.0,0.59765625,0.0,0.59765625
2024-05-11 15:00:00,0.0999755859375,0.0,0.203125,0.0,0.1031494140625
2024-05-11 15:30:00,0.0,0.0,0.19921875,0.0999755859375,0.0992431640625
2024-05-11 15:45:00,0.0,0.0,0.19921875,0.0,0.19921875
2024-05-11 16:00:00,0.0,0.0,0.1015625,0.0,0.1015625
2024-05-11 16:15:00,0.0999755859375,0.29931640625,0.3984375,0.0,-0.0008544921875
2024-05-11 16:30:00,0.0,0.0,0.19921875,0.0,0.19921875
2024-05-11 17:00:00,0.0,0.0,0.30078125,0.0,0.30078125
2024-05-11 17:15:00,0.0,0.0,0.1015625,0.0,0.1015625
2024-05-11 17:30:00,0.0,0.0,0.09765625,0.0,0.09765625
2024-05-11 17:45:00,0.0999755859375,0.0,0.1015625,0.0,0.0015869140625
2024-05-11 18:30:00,0.0,0.0,0.3984375,0.0,0.3984375
2024-05-11 18:45:00,0.0,0.099853515625,0.19921875,0.0999755859375,-0.0006103515625
2024-05-11 19:00:00,0.0,0.200439453125,0.40234375,0.0,0.201904296875
2024-05-11 19:15:00,0.0999755859375,0.0,0.19921875,0.0,0.0992431640625
2024-05-11 19:45:00,0.0,0.0,0.30078125,0.0,0.30078125
2024-05-11 20:00:00,0.0,0.0,0.0,0.0,0.0
2024-05-11 20:30:00,0.10009765625,0.0,0.3984375,0.0,0.29833984375
2024-05-11 21:30:00,0.0,0.0,0.40234375,0.0,0.40234375
2024-05-11 21:45:00,0.0999755859375,0.0,0.296875,0.10003662109375,0.09686279296875
2024-05-11 22:00:00,0.0,0.0,0.1015625,0.0,0.1015625
2024-05-11 22:15:00,0.0,0.0,0.0,0.0,0.0
2024-05-11 22:45:00,0.0,0.0,0.30078125,0.0,0.30078125
2024-05-11 23:00:00,0.0,0.0,0.19921875,0.0,0.19921875
2024-05-11 23:15:00,0.0999755859375,0.0,0.1015625,0.0,0.0015869140625
2024-05-11 23:45:00,0.0,0.0,0.19921875,0.0,0.19921875
2024-05-12 00:00:00,0.0,0.0,0.09765625,0.0,0.09765625
2024-05-12 00:45:00,0.0999755859375,0.0,0.6015625,0.0999755859375,0.401611328125
2024-05-12 01:00:00,0.0,0.0,0.1015625,0.0,0.1015625
2024-05-12 01:30:00,0.0,0.0,0.296875,0.0,0.296875
2024-05-12 01:45:00,0.0,0.0,0.1015625,0.0,0.1015625
2024-05-12 02:00:00,0.0,0.0,0.1015625,0.0,0.1015625
2024-05-12 03:00:00,0.0999755859375,0.0,0.59765625,0.0,0.4976806640625
2024-05-12 03:30:00,0.0,0.0,0.1015625,0.0,0.1015625
2024-05-12 03:45:00,0.10009765625,0.0,0.19921875,0.0,0.09912109375
2024-05-12 04:00:00,0.0,0.0,0.19921875,0.10003662109375,0.09918212890625
2024-05-12 04:30:00,0.0,0.0,0.19921875,0.0,0.19921875
2024-05-12 04:45:00,0.0,0.0,0.1015625,0.0,0.1015625
2024-05-12 05:30:00,0.0999755859375,0.0,0.5,0.0,0.4000244140625
2024-05-12 06:30:00,0.0999755859375,0.0,0.6015625,0.0,0.5015869140625
2024-05-12 06:45:00,0.0,0.0,0.09765625,0.0,0.09765625
2024-05-12 07:45:00,0.0999755859375,0.0,0.6015625,0.0999755859375,0.401611328125
2024-05-12 08:00:00,0.0,0.0,0.09765625,0.0,0.09765625
2024-05-12 08:15:00,0.0,0.0,0.203125,0.0,0.203125
2024-05-12 08:30:00,0.0,0.0,0.09765625,0.0,0.09765625
2024-05-12 08:45:00,0.0,0.0,0.19921875,0.0,0.19921875
2024-05-12 09:00:00,0.0999755859375,0.10009765625,0.203125,0.0,0.0030517578125
2024-05-12 10:15:00,0.0,0.5,1.19921875,0.0999755859375,0.5992431640625
2024-05-12 10:45:00,0.10009765625,0.39990234375,0.69921875,0.0,0.19921875
2024-05-12 11:00:00,0.0,0.10009765625,0.19921875,0.0,0.09912109375
2024-05-12 11:15:00,0.0,0.199951171875,0.30078125,0.0,0.100830078125
2024-05-12 11:30:00,0.0,0.0,0.1015625,0.0,0.1015625
2024-05-12 11:45:00,0.0,0.199951171875,0.3984375,0.0,0.198486328125
2024-05-12 12:00:00,0.0999755859375,0.10009765625,0.19921875,0.0,-0.0008544921875
2024-05-12 12:45:00,0.0,0.5,1.0,0.0,0.5
2024-05-12 14:15:00,0.0999755859375,0.699951171875,1.5,0.10003662109375,0.60003662109375
2024-05-12 14:30:00,0.0,0.10009765625,0.1015625,0.0,0.00146484375
2024-05-12 15:00:00,0.0999755859375,0.0,0.30078125,0.0,0.2008056640625
2024-05-12 15:30:00,0.0,0.0,0.296875,0.0,0.296875
2024-05-12 15:45:00,0.0,0.0,0.203125,0.0,0.203125
2024-05-12 16:15:00,0.0999755859375,0.0,0.19921875,0.0999755859375,-0.000732421875
2024-05-12 16:30:00,0.0,0.0,0.19921875,0.0,0.19921875
2024-05-12 16:45:00,0.0,0.0,0.0,0.0,0.0
2024-05-12 17:30:00,0.10009765625,0.0,0.5,0.0,0.39990234375
2024-05-12 17:45:00,0.0,0.0,0.1015625,0.0,0.1015625
2024-05-12 18:45:00,0.0,0.0,0.5,0.0,0.5
2024-05-12 19:00:00,0.0999755859375,0.0,0.19921875,0.0,0.0992431640625
2024-05-12 19:30:00,0.0,0.0,0.30078125,0.10003662109375,0.20074462890625
2024-05-12 19:45:00,0.0,0.0,0.09765625,0.0,0.09765625
2024-05-12 20:15:00,0.0999755859375,0.0,0.30078125,0.0,0.2008056640625
2024-05-12 20:45:00,0.0,0.0,0.19921875,0.0,0.19921875
2024-05-12 21:00:00,0.0,0.0,0.1015625,0.0,0.1015625
2024-05-12 21:15:00,0.0,0.0,0.09765625,0.0,0.09765625
2024-05-12 21:45:00,0.0999755859375,0.0,0.40234375,0.0,0.3023681640625
2024-05-12 22:15:00,0.0,0.0,0.19921875,0.0,0.19921875
2024-05-12 22:30:00,0.0,0.0,0.1015625,0.0999755859375,0.0015869140625
2024-05-12 22:45:00,0.0,0.0,0.09765625,0.0,0.09765625
2024-05-12 23:15:00,0.0999755859375,0.0,0.30078125,0.0,0.2008056640625
2024-05-12 23:30:00,0.0,0.0,0.19921875,0.0,0.19921875
2024-05-12 23:45:00,0.0,0.0,0.0,0.0,0.0
2024-05-13 00:00:00,0.0,0.0,0.30078125,0.0,0.30078125
2024-05-13 01:00:00,0.10009765625,0.0,0.5,0.0,0.39990234375
2024-05-13 01:15:00,0.0,0.0,0.30078125,0.0,0.30078125
2024-05-13 01:30:00,0.0,0.0,0.09765625,0.0999755859375,-0.0023193359375
2024-05-13 02:00:00,0.0999755859375,0.0,0.203125,0.0,0.1031494140625
2024-05-13 02:45:00,0.0,0.0,0.3984375,0.0,0.3984375
2024-05-13 03:00:00,0.0,0.0,0.1015625,0.0,0.1015625
2024-05-13 03:15:00,0.0999755859375,0.0,0.19921875,0.0,0.0992431640625
2024-05-13 03:30:00,0.0,0.0,0.0,0.0,0.0
2024-05-13 03:45:00,0.0,0.0,0.19921875,0.0,0.19921875
2024-05-13 04:15:00,0.0,0.10009765625,0.3984375,0.0,0.29833984375
2024-05-13 05:00:00,0.0999755859375,0.199951171875,0.5,0.10003662109375,0.10003662109375
2024-05-13 05:30:00,0.0,0.199951171875,0.5,0.0,0.300048828125
2024-05-13 06:15:00,0.0999755859375,0.299560546875,0.90234375,0.0,0.5028076171875
2024-05-13 06:30:00,0.0,0.500244140625,0.59765625,0.0,0.097412109375
2024-05-13 06:45:00,0.0,0.300048828125,0.40234375,0.0,0.102294921875
2024-05-13 07:00:00,0.0,0.39990234375,0.69921875,0.0,0.29931640625
2024-05-13 07:30:00,0.0,1.100341796875,1.3984375,0.0,0.298095703125
2024-05-13 07:45:00,0.10009765625,0.19970703125,0.40234375,0.0999755859375,0.0025634765625
2024-05-13 08:00:00,0.0,0.799560546875,1.09765625,0.0,0.298095703125
2024-05-13 08:15:00,0.0,0.500732421875,0.703125,0.0,0.202392578125
2024-05-13 08:30:00,0.0,0.300048828125,0.5,0.0,0.199951171875
2024-05-13 08:45:00,0.0,0.2998046875,0.5,0.0,0.2001953125
2024-05-13 09:15:00,0.0999755859375,0.99951171875,1.5,0.0,0.4005126953125
2024-05-13 09:45:00,0.0,1.700439453125,2.5,0.0,0.799560546875
2024-05-13 10:15:00,0.0,0.89990234375,1.5,0.0,0.60009765625
2024-05-13 10:45:00,0.0999755859375,1.699462890625,3.0,0.10003662109375,1.10052490234375
2024-05-13 11:15:00,0.0,1.40087890625,2.296875,0.0,0.89599609375
2024-05-13 11:30:00,0.0,0.599853515625,1.1015625,0.0,0.501708984375
2024-05-13 12:00:00,0.0999755859375,0.89990234375,1.3984375,0.0,0.3985595703125
2024-05-13 12:15:00,0.0999755859375,1.19970703125,1.90234375,0.0,0.6026611328125
2024-05-13 12:30:00,0.0,0.499755859375,0.80078125,0.0,0.301025390625
2024-05-13 12:45:00,0.10009765625,0.400390625,0.69921875,0.0,0.19873046875
2024-05-13 13:15:00,0.0999755859375,1.7998046875,3.0,0.0,1.1002197265625
2024-05-13 14:00:00,0.199951171875,2.1005859375,3.5,0.0999755859375,1.0994873046875
2024-05-13 14:15:00,0.0,0.499755859375,1.19921875,0.0,0.699462890625
2024-05-13 14:30:00,0.0999755859375,0.699462890625,1.19921875,0.0,0.3997802734375
2024-05-13 15:00:00,0.10009765625,1.400390625,2.30078125,0.0,0.80029296875
2024-05-13 15:45:00,0.199951171875,1.800048828125,3.19921875,0.0,1.19921875
2024-05-13 16:00:00,0.0,0.899658203125,1.5,0.0,0.600341796875
2024-05-13 17:00:00,0.199951171875,2.39990234375,4.1015625,0.0999755859375,1.4017333984375
2024-05-13 17:15:00,0.10009765625,0.700439453125,1.09765625,0.0,0.297119140625
2024-05-13 17:45:00,0.0999755859375,1.099609375,1.80078125,0.0,0.6011962890625
2024-05-13 18:15:00,0.0999755859375,1.600830078125,2.5,0.0,0.7991943359375
2024-05-13 19:15:00,0.199951171875,1.89990234375,3.0,0.0,0.900146484375
2024-05-13 19:30:00,0.0,0.0,0.1015625,0.0,0.1015625
2024-05-13 20:00:00,0.10009765625,0.0,0.3984375,0.10003662109375,0.19830322265625
2024-05-13 20:15:00,0.0,0.0,0.1015625,0.0,0.1015625
2024-05-13 20:45:00,0.0,0.0,0.3984375,0.0,0.3984375
2024-05-13 21:00:00,0.0,0.0,0.0,0.0,0.0
2024-05-13 21:45:00,0.0999755859375,0.0,0.40234375,0.0,0.3023681640625
2024-05-13 22:15:00,0.0,0.0,0.3984375,0.0,0.3984375
2024-05-13 22:30:00,0.0,0.0,0.19921875,0.0,0.19921875
2024-05-13 23:00:00,0.0999755859375,0.0,0.19921875,0.0999755859375,-0.000732421875
2024-05-13 23:15:00,0.0,0.0,0.203125,0.0,0.203125
2024-05-13 23:45:00,0.0,0.0,0.296875,0.0,0.296875
2024-05-14 00:00:00,0.0,0.0,0.1015625,0.0,0.1015625
2024-05-14 00:30:00,0.0999755859375,0.0,0.19921875,0.0,0.0992431640625
2024-05-14 00:45:00,0.0,0.0,0.19921875,0.0,0.19921875
2024-05-14 01:00:00,0.0,0.0,0.1015625,0.0,0.1015625
2024-05-14 01:15:00,0.0,0.0,0.19921875,0.0,0.19921875
2024-05-14 01:30:00,0.0,0.0,0.1015625,0.0,0.1015625
2024-05-14 01:45:00,0.0999755859375,0.0,0.09765625,0.0,-0.0023193359375
2024-05-14 02:00:00,0.0,0.0,0.30078125,0.10003662109375,0.20074462890625
2024-05-14 02:15:00,0.0,0.0,0.1015625,0.0,0.1015625
2024-05-14 02:30:00,0.0,0.0,0.09765625,0.0,0.09765625
2024-05-14 02:45:00,0.0,0.0,0.1015625,0.0,0.1015625
2024-05-14 03:00:00,0.0,0.0,0.1015625,0.0,0.1015625
2024-05-14 03:15:00,0.10009765625,0.0,0.19921875,0.0,0.09912109375
2024-05-14 03:30:00,0.0,0.0,0.09765625,0.0,0.09765625
2024-05-14 03:45:00,0.0,0.0,0.30078125,0.0,0.30078125
2024-05-14 04:30:00,0.0999755859375,0.099853515625,0.30078125,0.0,0.1009521484375
2024-05-14 05:00:00,0.0,0.10009765625,0.3984375,0.0,0.29833984375
2024-05-14 05:15:00,0.0,0.199951171875,0.40234375,0.0999755859375,0.1024169921875
2024-05-14 06:00:00,0.0999755859375,0.199951171875,0.5,0.0,0.2000732421875
2024-05-14 06:45:00,0.0,0.89990234375,1.30078125,0.0,0.40087890625
2024-05-14 07:00:00,0.0,0.49951171875,0.69921875,0.0,0.19970703125
2024-05-14 08:15:00,0.0999755859375,0.400146484375,1.09765625,0.0,0.5975341796875
2024-05-14 08:30:00,0.0,0.099853515625,0.40234375,0.0999755859375,0.2025146484375
2024-05-14 09:00:00,0.0999755859375,0.2001953125,0.5,0.0,0.1998291015625
2024-05-14 09:15:00,0.0,0.0,0.09765625,0.0,0.09765625
2024-05-14 09:30:00,0.0,0.300048828125,0.30078125,0.0,0.000732421875
2024-05-14 09:45:00,0.0,0.30029296875,0.69921875,0.0,0.39892578125
2024-05-14 10:00:00,0.0,0.199462890625,0.40234375,0.0,0.202880859375
2024-05-14 10:30:00,0.10009765625,1.1005859375,1.69921875,0.0,0.49853515625
2024-05-14 11:00:00,0.0,0.799560546875,1.30078125,0.0,0.501220703125
2024-05-14 11:15:00,0.0,0.699951171875,0.8984375,0.10003662109375,0.09844970703125
2024-05-14 11:30:00,0.0,0.1005859375,0.30078125,0.0,0.2001953125
2024-05-14 11:45:00,0.0999755859375,0.60009765625,1.0,0.0,0.2999267578125
2024-05-14 12:15:00,0.0,0.799560546875,1.19921875,0.0,0.399658203125
2024-05-14 12:45:00,0.0999755859375,1.200439453125,2.0,0.0,0.6995849609375
2024-05-14 13:00:00,0.0999755859375,0.399658203125,0.5,0.0,0.0003662109375
2024-05-14 13:15:00,0.0,0.2001953125,0.5,0.0,0.2998046875
2024-05-14 13:45:00,0.2000732421875,1.300048828125,2.1015625,0.0,0.6014404296875
2024-05-14 14:30:00,0.0999755859375,1.300048828125,2.09765625,0.0999755859375,0.59765625
2024-05-14 14:45:00,0.0999755859375,0.599853515625,1.1015625,0.0,0.4017333984375
2024-05-14 15:15:00,0.0999755859375,0.7001953125,1.0,0.0,0.1998291015625
2024-05-14 15:30:00,0.0,0.699462890625,1.30078125,0.0,0.601318359375
2024-05-14 16:00:00,0.0999755859375,0.900146484375,1.5,0.0,0.4998779296875
2024-05-14 16:15:00,0.0,0.30029296875,0.5,0.0,0.19970703125
2024-05-14 16:30:00,0.10009765625,0.49951171875,0.80078125,0.0,0.201171875
2024-05-14 17:00:00,0.0999755859375,0.900146484375,1.5,0.0,0.4998779296875
2024-05-14 17:15:00,0.0,0.699951171875,1.0,0.0,0.300048828125
2024-05-14 17:30:00,0.0,0.50048828125,0.796875,0.10003662109375,0.19635009765625
2024-05-14 18:30:00,0.0999755859375,1.099609375,2.0,0.0,0.8004150390625
2024-05-14 19:00:00,0.0,0.0,0.30078125,0.0,0.30078125
2024-05-14 19:15:00,0.0,0.0,0.19921875,0.0,0.19921875
2024-05-14 19:30:00,0.0,0.0,0.203125,0.0,0.203125
2024-05-14 19:45:00,0.0999755859375,0.0,0.19921875,0.0,0.0992431640625
2024-05-14 20:00:00,0.0,0.0,0.09765625,0.0,0.09765625
2024-05-14 20:15:00,0.0,0.0,0.203125,0.0,0.203125
2024-05-14 20:30:00,0.0,0.0,0.09765625,0.0,0.09765625
2024-05-14 20:45:00,0.0,0.0,0.1015625,0.0999755859375,0.0015869140625
2024-05-14 21:15:00,0.0999755859375,0.0,0.30078125,0.0,0.2008056640625
2024-05-14 22:00:00,0.0,0.0,0.296875,0.0,0.296875
2024-05-14 22:30:00,0.10009765625,0.0,0.40234375,0.0,0.30224609375
2024-05-14 22:45:00,0.0,0.0,0.09765625,0.0,0.09765625
2024-05-14 23:00:00,0.0,0.0,0.203125,0.0,0.203125
2024-05-14 23:15:00,0.0,0.0,0.0,0.0,0.0
2024-05-14 23:30:00,0.0,0.0,0.19921875,0.0,0.19921875
2024-05-15 00:00:00,0.0999755859375,0.0,0.30078125,0.0999755859375,0.100830078125
2024-05-15 00:15:00,0.0,0.0,0.19921875,0.0,0.19921875
2024-05-15 00:30:00,0.0,0.0,0.09765625,0.0,0.09765625
2024-05-15 00:45:00,0.0,0.0,0.0,0.0,0.0
2024-05-15 01:00:00,0.0,0.0,0.203125,0.0,0.203125
2024-05-15 01:15:00,0.0999755859375,0.0,0.19921875,0.0,0.0992431640625
2024-05-15 01:30:00,0.0,0.0,0.19921875,0.0,0.19921875
2024-05-15 01:45:00,0.0,0.0,0.0,0.0,0.0
2024-05-15 02:15:00,0.0,0.0,0.30078125,0.0,0.30078125
2024-05-15 02:30:00,0.0,0.0,0.09765625,0.0,0.09765625
2024-05-15 02:45:00,0.0999755859375,0.0,0.203125,0.10003662109375,0.00311279296875
2024-05-15 03:15:00,0.0,0.0,0.19921875,0.0,0.19921875
2024-05-15 03:45:00,0.0,0.0,0.30078125,0.0,0.30078125
2024-05-15 04:30:00,0.0999755859375,0.0,0.3984375,0.0,0.2984619140625
2024-05-15 04:45:00,0.0,0.0,0.0,0.0,0.0
2024-05-15 05:15:00,0.0,0.0,0.30078125,0.0,0.30078125
2024-05-15 05:30:00,0.0,0.0,0.19921875,0.0,0.19921875
2024-05-15 06:00:00,0.10009765625,0.0,0.30078125,0.0999755859375,0.1007080078125
2024-05-15 06:15:00,0.0,0.0,0.19921875,0.0,0.19921875
2024-05-15 07:15:00,0.0999755859375,0.0,0.5,0.0,0.4000244140625
2024-05-15 08:15:00,0.0999755859375,0.10009765625,0.6015625,0.0,0.4014892578125
2024-05-15 08:30:00,0.0,0.0,0.09765625,0.0,0.09765625
2024-05-15 08:45:00,0.0,0.0,0.19921875,0.0,0.19921875
2024-05-15 09:00:00,0.0,0.0,0.1015625,0.10003662109375,0.00152587890625
2024-05-15 09:15:00,0.0,0.0,0.19921875,0.0,0.19921875
2024-05-15 10:00:00,0.0999755859375,0.0,0.40234375,0.0,0.3023681640625
2024-05-15 10:15:00,0.0,0.0,0.09765625,0.0,0.09765625
2024-05-15 10:30:00,0.0,0.0,0.0,0.0,0.0
2024-05-15 11:00:00,0.0,0.0,0.30078125,0.0,0.30078125
2024-05-15 11:15:00,0.0999755859375,0.0,0.19921875,0.0,0.0992431640625
2024-05-15 11:30:00,0.0,0.0,0.19921875,0.0,0.19921875
2024-05-15 11:45:00,0.0,0.0,0.0,0.0,0.0
2024-05-15 12:15:00,0.0,0.0,0.30078125,0.0999755859375,0.2008056640625
2024-05-15 13:00:00,0.10009765625,0.0,0.5,0.0,0.39990234375
2024-05-15 13:30:00,0.0,0.0,0.30078125,0.0,0.30078125
2024-05-15 14:15:00,0.0999755859375,0.0,0.3984375,0.0,0.2984619140625
2024-05-15 14:30:00,0.0,0.0,0.1015625,0.0,0.1015625
2024-05-15 15:00:00,0.0,0.0,0.19921875,0.0,0.19921875
2024-05-15 15:15:00,0.0,0.0,0.19921875,0.0999755859375,0.0992431640625
2024-05-15 15:30:00,0.0999755859375,0.0,0.0,0.0,-0.0999755859375
2024-05-15 16:15:00,0.0,0.0,0.40234375,0.0,0.40234375
2024-05-15 16:45:00,0.0,0.0,0.30078125,0.0,0.30078125
2024-05-15 17:30:00,0.0999755859375,0.0,0.3984375,0.0,0.2984619140625
2024-05-15 17:45:00,0.0,0.0,0.1015625,0.0,0.1015625
2024-05-15 18:15:00,0.0999755859375,0.0,0.296875,0.10003662109375,0.09686279296875
2024-05-15 18:30:00,0.0,0.0,0.1015625,0.0,0.1015625
2024-05-15 18:45:00,0.0,0.0,0.1015625,0.0,0.1015625
2024-05-15 19:30:00,0.0,0.0,0.5,0.0,0.5
2024-05-15 19:45:00,0.10009765625,0.0,0.19921875,0.0,0.09912109375
2024-05-15 20:00:00,0.0,0.0,0.09765625,0.0,0.09765625
2024-05-15 20:15:00,0.0,0.0,0.203125,0.0,0.203125
2024-05-15 21:00:00,0.0999755859375,0.0,0.296875,0.0,0.1968994140625
2024-05-15 21:15:00,0.0,0.0,0.1015625,0.0,0.1015625
2024-05-15 21:30:00,0.0,0.0,0.1015625,0.0999755859375,0.0015869140625
2024-05-15 22:00:00,0.0,0.0,0.3984375,0.0,0.3984375
2024-05-15 22:30:00,0.0999755859375,0.0,0.1015625,0.0,0.0015869140625
2024-05-15 22:45:00,0.0,0.0,0.19921875,0.0,0.19921875
2024-05-15 23:15:00,0.0,0.0,0.19921875,0.0,0.19921875
2024-05-16 00:00:00,0.0999755859375,0.0,0.3984375,0.0,0.2984619140625
2024-05-16 00:45:00,0.0,0.0,0.6015625,0.10003662109375,0.50152587890625
2024-05-16 01:00:00,0.0,0.0,0.1015625,0.0,0.1015625
2024-05-16 01:45:00,0.0999755859375,0.0,0.3984375,0.0,0.2984619140625
2024-05-16 02:00:00,0.0,0.0,0.1015625,0.0,0.1015625
2024-05-16 02:15:00,0.0,0.0,0.09765625,0.0,0.09765625
2024-05-16 02:45:00,0.10009765625,0.0,0.40234375,0.0,0.30224609375
2024-05-16 03:00:00,0.0,0.0,0.09765625,0.0,0.09765625
2024-05-16 03:15:00,0.0,0.0,0.1015625,0.0,0.1015625
2024-05-16 03:30:00,0.0,0.0,0.19921875,0.0999755859375,0.0992431640625
2024-05-16 04:00:00,0.0999755859375,0.0,0.19921875,0.0,0.0992431640625
2024-05-16 04:15:00,0.0,0.0,0.1015625,0.0,0.1015625
2024-05-16 05:15:00,0.0,0.300048828125,0.80078125,0.0,0.500732421875
2024-05-16 05:30:00,0.0999755859375,0.10009765625,0.296875,0.0,0.0968017578125
2024-05-16 05:45:00,0.0,0.099853515625,0.203125,0.0,0.103271484375
2024-05-16 06:15:00,0.0,0.500244140625,0.8984375,0.0,0.398193359375
2024-05-16 06:30:00,0.0,0.3994140625,0.5,0.0999755859375,0.0006103515625
2024-05-16 06:45:00,0.0,0.1005859375,0.19921875,0.0,0.0986328125
2024-05-16 07:00:00,0.0999755859375,0.099853515625,0.19921875,0.0,-0.0006103515625
2024-05-16 07:45:00,0.0,1.1998291015625,1.80078125,0.0,0.6009521484375
2024-05-16 08:00:00,0.0,0.099609375,0.19921875,0.0,0.099609375
2024-05-16 08:30:00,0.0999755859375,1.39990234375,1.90234375,0.0,0.4024658203125
2024-05-16 09:00:00,0.0,0.80078125,1.3984375,0.0,0.59765625
2024-05-16 09:15:00,0.0,0.199462890625,0.5,0.0,0.300537109375
2024-05-16 10:00:00,0.10009765625,1.800048828125,2.80078125,0.10003662109375,0.80059814453125
2024-05-16 10:30:00,0.0,1.90008544921875,3.19921875,0.0,1.29913330078125
2024-05-16 10:45:00,0.0,0.80029296875,1.19921875,0.0,0.39892578125
2024-05-16 11:00:00,0.0,0.30029296875,0.80078125,0.0,0.50048828125
2024-05-16 11:15:00,0.0999755859375,1.0,1.5,0.0,0.4000244140625
2024-05-16 12:00:00,0.0,1.599365234375,2.6015625,0.0,1.002197265625
2024-05-16 12:30:00,0.0999755859375,1.700439453125,2.80078125,0.0,1.0003662109375
2024-05-16 12:45:00,0.0,0.400146484375,0.3984375,0.0999755859375,-0.1016845703125
2024-05-16 13:00:00,0.0,1.29931640625,2.0,0.0,0.70068359375
2024-05-16 13:30:00,0.0,1.50048828125,2.5,0.0,0.99951171875
2024-05-16 13:45:00,0.0,0.7991943359375,1.19921875,0.0,0.4000244140625
2024-05-16 14:00:00,0.0999755859375,0.30078125,0.40234375,0.0,0.0015869140625
2024-05-16 14:15:00,0.0,0.99981689453125,1.69921875,0.0,0.69940185546875
2024-05-16 14:30:00,0.0,1.19964599609375,1.69921875,0.0,0.49957275390625
2024-05-16 15:00:00,0.0,1.40020751953125,2.1015625,0.0,0.70135498046875
2024-05-16 15:45:00,0.0999755859375,2.699951171875,4.3984375,0.10003662109375,1.49847412109375
2024-05-16 16:00:00,0.0,0.2996826171875,0.3984375,0.0,0.0987548828125
2024-05-16 17:00:00,0.10009765625,3.60076904296875,5.5,0.0,1.79913330078125
2024-05-16 17:30:00,0.0999755859375,1.79974365234375,2.90234375,0.0,1.00262451171875
2024-05-16 18:00:00,0.0,1.69989013671875,2.19921875,0.0,0.49932861328125
2024-05-16 18:15:00,0.0,0.4998779296875,0.80078125,0.0,0.3009033203125
2024-05-16 18:45:00,0.0999755859375,1.50054931640625,2.09765625,0.0,0.49713134765625
2024-05-16 19:00:00,0.0,1.09991455078125,1.5,0.0999755859375,0.30010986328125
2024-05-16 19:15:00,0.0,0.299560546875,0.40234375,0.0,0.102783203125
2024-05-16 19:30:00,0.0,0.2998046875,0.59765625,0.0,0.2978515625
2024-05-16 19:45:00,0.0,0.199951171875,0.30078125,0.0,0.100830078125
2024-05-16 20:00:00,0.0999755859375,0.30029296875,0.40234375,0.0,0.0020751953125
2024-05-16 20:15:00,0.0,0.099853515625,0.296875,0.0,0.197021484375
2024-05-16 20:45:00,0.0,0.300048828125,0.6015625,0.0,0.301513671875
2024-05-16 21:30:00,0.0999755859375,0.10009765625,0.5,0.0,0.2999267578125
2024-05-16 22:00:00,0.0,0.0,0.3984375,0.0999755859375,0.2984619140625
2024-05-16 23:30:00,0.10009765625,0.0,0.80078125,0.0,0.70068359375
2024-05-16 23:45:00,0.0,0.0,0.19921875,0.0,0.19921875
2024-05-17 00:00:00,0.0999755859375,0.0,0.203125,0.0,0.1031494140625
2024-05-17 00:15:00,0.0,0.0,0.09765625,0.0,0.09765625
2024-05-17 01:00:00,0.0,0.0,0.30078125,0.0,0.30078125
2024-05-17 01:15:00,0.0999755859375,0.0,0.19921875,0.10003662109375,-0.00079345703125
2024-05-17 01:45:00,0.0,0.0,0.40234375,0.0,0.40234375
2024-05-17 02:00:00,0.0,0.0,0.09765625,0.0,0.09765625
2024-05-17 02:15:00,0.0,0.0,0.0,0.0,0.0
2024-05-17 02:30:00,0.0999755859375,0.0,0.30078125,0.0,0.2008056640625
2024-05-17 02:45:00,0.0,0.0,0.1015625,0.0,0.1015625
2024-05-17 03:00:00,0.0,0.0,0.09765625,0.0,0.09765625
2024-05-17 03:15:00,0.0,0.0,0.19921875,0.0,0.19921875
2024-05-17 04:00:00,0.0999755859375,0.0,0.40234375,0.0,0.3023681640625
2024-05-17 04:15:00,0.0,0.10009765625,0.30078125,0.0999755859375,0.1007080078125
2024-05-17 04:45:00,0.0,0.099853515625,0.296875,0.0,0.197021484375
2024-05-17 05:00:00,0.0,0.10009765625,0.203125,0.0,0.10302734375
2024-05-17 06:00:00,0.10009765625,0.500244140625,1.19921875,0.0,0.598876953125
2024-05-17 06:15:00,0.0,0.9002685546875,1.09765625,0.0,0.1973876953125
2024-05-17 06:30:00,0.0,0.199462890625,0.40234375,0.0,0.202880859375
2024-05-17 06:45:00,0.0,0.10009765625,0.0,0.0,-0.10009765625
2024-05-17 07:00:00,0.0999755859375,0.10009765625,0.30078125,0.0,0.1007080078125
2024-05-17 07:45:00,0.0,0.99951171875,1.796875,0.10003662109375,0.69732666015625
2024-05-17 08:00:00,0.0,0.699951171875,0.90234375,0.0,0.202392578125
2024-05-17 08:15:00,0.0999755859375,0.400634765625,0.80078125,0.0,0.3001708984375
2024-05-17 08:30:00,0.0,0.500244140625,0.796875,0.0,0.296630859375
2024-05-17 09:15:00,0.0,1.499755859375,2.30078125,0.0,0.801025390625
2024-05-17 09:30:00,0.0,0.099609375,0.30078125,0.0,0.201171875
2024-05-17 09:45:00,0.0999755859375,0.699951171875,1.0,0.0,0.2000732421875
2024-05-17 10:00:00,0.0,0.89990234375,1.5,0.0,0.60009765625
2024-05-17 10:45:00,0.0,2.2001953125,3.6015625,0.0999755859375,1.3013916015625
2024-05-17 11:30:00,0.0999755859375,1.600341796875,2.5,0.0,0.7996826171875
2024-05-17 12:00:00,0.0,1.5,2.5,0.0,1.0
2024-05-17 12:15:00,0.0,0.599853515625,0.69921875,0.0,0.099365234375
2024-05-17 12:30:00,0.10009765625,1.099609375,1.69921875,0.0,0.49951171875
2024-05-17 14:00:00,0.39990234375,3.8997802734375,6.5,0.0999755859375,2.100341796875
2024-05-17 14:15:00,0.0,0.70068359375,1.30078125,0.0,0.60009765625
2024-05-17 14:30:00,0.10009765625,1.09979248046875,1.69921875,0.0,0.49932861328125
2024-05-17 14:45:00,0.0,0.4002685546875,0.80078125,0.0,0.4005126953125
2024-05-17 15:15:00,0.0999755859375,1.40008544921875,2.09765625,0.0,0.59759521484375
2024-05-17 15:30:00,0.0999755859375,1.099609375,1.90234375,0.0,0.7027587890625
2024-05-17 15:45:00,0.0,0.2998046875,0.3984375,0.0,0.0986328125
2024-05-17 16:00:00,0.0,0.6005859375,1.19921875,0.0,0.5986328125
2024-05-17 16:15:00,0.0,1.29931640625,1.90234375,0.0,0.60302734375
2024-05-17 16:30:00,0.0999755859375,0.600830078125,1.09765625,0.10003662109375,0.29681396484375
2024-05-17 16:45:00,0.0,0.299560546875,0.40234375,0.0,0.102783203125
2024-05-17 17:00:00,0.0,0.7001953125,1.19921875,0.0,0.4990234375
2024-05-17 17:15:00,0.0,1.099853515625,1.80078125,0.0,0.700927734375
2024-05-17 18:00:00,0.0999755859375,1.7001953125,2.3984375,0.0,0.5982666015625
2024-05-17 18:15:00,0.0,0.599609375,1.1015625,0.0,0.501953125
2024-05-17 18:30:00,0.0,0.400146484375,0.59765625,0.0,0.197509765625
2024-05-17 19:00:00,0.0,0.499755859375,0.90234375,0.0,0.402587890625
2024-05-17 19:30:00,0.10009765625,0.400390625,0.8984375,0.0999755859375,0.2979736328125
2024-05-17 19:45:00,0.0,0.0,0.1015625,0.0,0.1015625
2024-05-17 20:00:00,0.0,0.0,0.19921875,0.0,0.19921875
2024-05-17 20:15:00,0.0,0.0,0.19921875,0.0,0.19921875
2024-05-17 20:45:00,0.0999755859375,0.0,0.19921875,0.0,0.0992431640625
2024-05-17 21:00:00,0.0,0.0,0.1015625,0.0,0.1015625
2024-05-17 21:15:00,0.0,0.0,0.1015625,0.0,0.1015625
2024-05-17 21:30:00,0.0,0.0,0.19921875,0.0,0.19921875
2024-05-17 22:15:00,0.0999755859375,0.099853515625,0.5,0.0,0.3001708984375
2024-05-17 22:30:00,0.0,0.0,0.0,0.0,0.0
2024-05-17 22:45:00,0.0,0.0,0.19921875,0.10003662109375,0.09918212890625
2024-05-17 23:15:00,0.0,0.0,0.19921875,0.0,0.19921875
2024-05-17 23:30:00,0.0999755859375,0.0,0.19921875,0.0,0.0992431640625
2024-05-17 23:45:00,0.0,0.0,0.0,0.0,0.0
2024-05-18 00:00:00,0.0,0.0,0.203125,0.0,0.203125
2024-05-18 00:15:00,0.0,0.0,0.09765625,0.0,0.09765625
2024-05-18 00:45:00,0.0,0.0,0.30078125,0.0,0.30078125
2024-05-18 02:00:00,0.0999755859375,0.0,0.6015625,0.0999755859375,0.401611328125
2024-05-18 03:30:00,0.10009765625,0.0,0.69921875,0.0,0.59912109375
2024-05-18 04:15:00,0.0999755859375,0.0,0.30078125,0.0,0.2008056640625
2024-05-18 04:30:00,0.0,0.0,0.09765625,0.0,0.09765625
2024-05-18 04:45:00,0.0,0.0,0.19921875,0.0,0.19921875
2024-05-18 05:15:00,0.0999755859375,0.0,0.203125,0.0999755859375,0.003173828125
2024-05-18 06:00:00,0.0,0.099609375,0.5,0.0,0.400390625
2024-05-18 06:15:00,0.0,0.0,0.09765625,0.0,0.09765625
2024-05-18 06:30:00,0.0,0.0,0.19921875,0.0,0.19921875
2024-05-18 07:00:00,0.0999755859375,0.0,0.203125,0.0,0.1031494140625
2024-05-18 07:15:00,0.0,0.0,0.09765625,0.0,0.09765625
2024-05-18 07:30:00,0.0,0.0,0.19921875,0.0,0.19921875
2024-05-18 08:00:00,0.0,0.0,0.203125,0.10003662109375,0.10308837890625
2024-05-18 08:30:00,0.0999755859375,0.0,0.296875,0.0,0.1968994140625
2024-05-18 08:45:00,0.0,0.0,0.0,0.0,0.0
2024-05-18 09:30:00,0.10009765625,0.0,0.5,0.0,0.39990234375
2024-05-18 10:00:00,0.0,0.0,0.203125,0.0,0.203125
2024-05-18 10:30:00,0.0,0.0,0.296875,0.0,0.296875
2024-05-18 10:45:00,0.0,0.0,0.1015625,0.0,0.1015625
2024-05-18 11:00:00,0.0999755859375,0.0,0.19921875,0.0999755859375,-0.000732421875
2024-05-18 11:15:00,0.0,0.0,0.19921875,0.0,0.19921875
2024-05-18 11:30:00,0.0,0.0,0.0,0.0,0.0
2024-05-18 11:45:00,0.0,0.0,0.203125,0.0,0.203125
2024-05-18 12:15:00,0.0,0.0,0.3984375,0.0,0.3984375
2024-05-18 13:15:00,0.0999755859375,0.10009765625,0.69921875,0.0,0.4991455078125
2024-05-18 13:30:00,0.0,0.0,0.1015625,0.0,0.1015625
2024-05-18 13:45:00,0.0,0.0,0.19921875,0.0,0.19921875
2024-05-18 15:00:00,0.0999755859375,0.199951171875,0.8984375,0.10003662109375,0.49847412109375
2024-05-18 15:15:00,0.0999755859375,0.0,0.1015625,0.0,0.0015869140625
2024-05-18 16:00:00,0.0,0.10009765625,0.6015625,0.0,0.50146484375
2024-05-18 16:15:00,0.0,0.0,0.19921875,0.0,0.19921875
2024-05-18 16:30:00,0.0,0.099853515625,0.09765625,0.0,-0.002197265625
2024-05-18 17:00:00,0.10009765625,0.0,0.30078125,0.0,0.20068359375
2024-05-18 17:30:00,0.0,0.0,0.30078125,0.0999755859375,0.2008056640625
2024-05-18 18:00:00,0.0,0.0,0.30078125,0.0,0.30078125
2024-05-18 18:15:00,0.0999755859375,0.0,0.0,0.0,-0.0999755859375
2024-05-18 18:45:00,0.0,0.0,0.3984375,0.0,0.3984375
2024-05-18 19:00:00,0.0,0.0,0.1015625,0.0,0.1015625
2024-05-18 19:30:00,0.0999755859375,0.0,0.30078125,0.0,0.2008056640625
2024-05-18 19:45:00,0.0,0.0,0.09765625,0.0,0.09765625
2024-05-18 20:00:00,0.0,0.0,0.1015625,0.0,0.1015625
2024-05-18 20:15:00,0.0,0.0,0.19921875,0.0999755859375,0.0992431640625
2024-05-18 20:30:00,0.0,0.0,0.1015625,0.0,0.1015625
2024-05-18 20:45:00,0.0,0.0,0.19921875,0.0,0.19921875
2024-05-18 21:15:00,0.0999755859375,0.0,0.19921875,0.0,0.0992431640625
2024-05-18 21:45:00,0.0,0.0,0.30078125,0.0,0.30078125
2024-05-18 22:00:00,0.0,0.0,0.0,0.0,0.0
2024-05-18 22:15:00,0.0,0.0,0.19921875,0.0,0.19921875
2024-05-18 22:45:00,0.0999755859375,0.0,0.30078125,0.0,0.2008056640625
2024-05-18 23:15:00,0.0,0.0,0.19921875,0.0,0.19921875
2024-05-18 23:45:00,0.10009765625,0.0,0.30078125,0.10003662109375,0.10064697265625
2024-05-19 00:30:00,0.0,0.0,0.3984375,0.0,0.3984375
2024-05-19 01:15:00,0.0999755859375,0.0,0.40234375,0.0,0.3023681640625
2024-05-19 01:30:00,0.0,0.0,0.09765625,0.0,0.09765625
2024-05-19 02:15:00,0.0,0.0,0.30078125,0.0,0.30078125
2024-05-19 02:30:00,0.0,0.0,0.1015625,0.0999755859375,0.0015869140625
2024-05-19 03:00:00,0.0999755859375,0.0,0.19921875,0.0,0.0992431640625
2024-05-19 03:15:00,0.0,0.0,0.09765625,0.0,0.09765625
2024-05-19 03:45:00,0.0,0.0,0.30078125,0.0,0.30078125
2024-05-19 04:00:00,0.0,0.0,0.1015625,0.0,0.1015625
2024-05-19 04:15:00,0.0999755859375,0.0,0.09765625,0.0,-0.0023193359375
2024-05-19 04:30:00,0.0,0.0,0.30078125,0.0,0.30078125
2024-05-19 04:45:00,0.0,0.0,0.1015625,0.0,0.1015625
2024-05-19 05:15:00,0.0,0.0,0.19921875,0.0,0.19921875
2024-05-19 05:30:00,0.0999755859375,0.0,0.19921875,0.10003662109375,-0.00079345703125
2024-05-19 06:15:00,0.0,0.0,0.30078125,0.0,0.30078125
2024-05-19 06:30:00,0.0,0.0,0.30078125,0.0,0.30078125
2024-05-19 06:45:00,0.0,0.0,0.0,0.0,0.0
2024-05-19 07:00:00,0.10009765625,0.0,0.09765625,0.0,-0.00244140625
2024-05-19 07:30:00,0.0,0.0,0.30078125,0.0,0.30078125
2024-05-19 07:45:00,0.0,0.0,0.1015625,0.0,0.1015625
2024-05-19 08:15:00,0.0999755859375,0.0,0.30078125,0.0,0.2008056640625
2024-05-19 08:30:00,0.0,0.0,0.09765625,0.0,0.09765625
2024-05-19 08:45:00,0.0,0.0,0.30078125,0.0999755859375,0.2008056640625
2024-05-19 09:00:00,0.0,0.20068359375,0.19921875,0.0,-0.00146484375
2024-05-19 09:15:00,0.0,0.0,0.1015625,0.0,0.1015625
2024-05-19 09:45:00,0.0,0.0,0.19921875,0.0,0.19921875
2024-05-19 10:15:00,0.0999755859375,0.0,0.3984375,0.0,0.2984619140625
2024-05-19 10:30:00,0.0,0.0,0.1015625,0.0,0.1015625
2024-05-19 10:45:00,0.0,0.0,0.1015625,0.0,0.1015625
2024-05-19 11:15:00,0.0999755859375,0.0,0.296875,0.0,0.1968994140625
2024-05-19 11:45:00,0.0,0.0,0.30078125,0.0999755859375,0.2008056640625
2024-05-19 12:30:00,0.0,0.0,0.30078125,0.0,0.30078125
2024-05-19 12:45:00,0.0999755859375,0.0,0.19921875,0.0,0.0992431640625
2024-05-19 13:15:00,0.0,0.0,0.30078125,0.0,0.30078125
2024-05-19 14:45:00,0.10009765625,0.0,0.69921875,0.10003662109375,0.49908447265625
2024-05-19 15:45:00,0.0999755859375,0.0,0.5,0.0,0.4000244140625
2024-05-19 16:00:00,0.0,0.0,0.1015625,0.0,0.1015625
2024-05-19 16:15:00,0.0,0.0,0.09765625,0.0,0.09765625
2024-05-19 16:30:00,0.0,0.0,0.203125,0.0,0.203125
2024-05-19 17:15:00,0.0999755859375,0.0,0.296875,0.0,0.1968994140625
2024-05-19 18:00:00,0.0,0.0,0.40234375,0.0999755859375,0.3023681640625
2024-05-19 18:15:00,0.0,0.0,0.09765625,0.0,0.09765625
2024-05-19 19:00:00,0.0999755859375,0.0,0.40234375,0.0,0.3023681640625
2024-05-19 19:30:00,0.0,0.0,0.30078125,0.0,0.30078125
2024-05-19 19:45:00,0.0,0.0,0.19921875,0.0,0.19921875
2024-05-19 20:00:00,0.0999755859375,0.0,0.19921875,0.0,0.0992431640625
2024-05-19 20:30:00,0.0,0.0,0.1015625,0.0,0.1015625
2024-05-19 21:00:00,0.0,0.0,0.296875,0.10003662109375,0.19683837890625
2024-05-19 21:45:00,0.10009765625,0.0,0.40234375,0.0,0.30224609375
2024-05-19 22:00:00,0.0,0.0,0.09765625,0.0,0.09765625
2024-05-19 22:15:00,0.0,0.0,0.203125,0.0,0.203125
2024-05-19 22:30:00,0.0999755859375,0.0,0.09765625,0.0,-0.0023193359375
2024-05-19 23:00:00,0.0,0.0,0.19921875,0.0,0.19921875
2024-05-19 23:15:00,0.0,0.0,0.1015625,0.0,0.1015625
2024-05-19 23:45:00,0.0,0.0,0.19921875,0.0,0.19921875
2024-05-20 00:00:00,0.0999755859375,0.0,0.30078125,0.0999755859375,0.100830078125
2024-05-20 00:45:00,0.0,0.0,0.3984375,0.0,0.3984375
2024-05-20 01:00:00,0.0,0.0,0.203125,0.0,0.203125
2024-05-20 02:15:00,0.0999755859375,0.0,0.5,0.0,0.4000244140625
2024-05-20 02:45:00,0.0,0.0,0.19921875,0.0,0.19921875
2024-05-20 03:00:00,0.0999755859375,0.0,0.19921875,0.0999755859375,-0.000732421875
2024-05-20 03:45:00,0.0,0.0,0.30078125,0.0,0.30078125
2024-05-20 04:45:00,0.10009765625,0.099853515625,0.5,0.0,0.300048828125
2024-05-20 05:45:00,0.0999755859375,0.400146484375,1.0,0.0,0.4998779296875
2024-05-20 06:00:00,0.0,0.099853515625,0.19921875,0.0,0.099365234375
2024-05-20 06:15:00,0.0,0.800048828125,1.0,0.10003662109375,0.09991455078125
2024-05-20 06:45:00,0.0,0.19970703125,0.3984375,0.0,0.19873046875
2024-05-20 07:00:00,0.0999755859375,0.199951171875,0.40234375,0.0,0.1024169921875
2024-05-20 07:15:00,0.0,0.0,0.09765625,0.0,0.09765625
2024-05-20 07:30:00,0.0,0.899658203125,1.0,0.0,0.100341796875
2024-05-20 07:45:00,0.0,0.400390625,0.703125,0.0,0.302734375
2024-05-20 08:15:00,0.0,0.699951171875,1.09765625,0.0,0.397705078125
2024-05-20 08:30:00,0.0,0.50048828125,0.5,0.0,-0.00048828125
2024-05-20 08:45:00,0.0999755859375,0.799560546875,1.19921875,0.0,0.2996826171875
2024-05-20 09:00:00,0.0,0.10009765625,0.203125,0.0,0.10302734375
2024-05-20 09:45:00,0.0,2.100341796875,3.09765625,0.0999755859375,0.8973388671875
2024-05-20 10:00:00,0.0999755859375,0.39990234375,0.80078125,0.0,0.3009033203125
2024-05-20 10:15:00,0.0,1.0,1.6015625,0.0,0.6015625
2024-05-20 11:30:00,0.10009765625,3.30029296875,5.59765625,0.0,2.197265625
2024-05-20 12:45:00,0.0999755859375,1.99951171875,4.19921875,0.10003662109375,1.99969482421875
2024-05-20 13:00:00,0.0,0.400146484375,0.80078125,0.0,0.400634765625
2024-05-20 13:15:00,0.0999755859375,0.699462890625,1.19921875,0.0,0.3997802734375
2024-05-20 13:45:00,0.199951171875,1.600830078125,2.90234375,0.0,1.1015625
2024-05-20 14:30:00,0.300048828125,2.099609375,3.8984375,0.0,1.498779296875
2024-05-20 14:45:00,0.0,0.300048828125,0.40234375,0.0,0.102294921875
2024-05-20 15:15:00,0.300048828125,1.799560546875,3.3984375,0.0,1.298828125
2024-05-20 15:30:00,0.0,0.200439453125,0.3984375,0.0999755859375,0.0980224609375
2024-05-20 16:00:00,0.199951171875,1.89990234375,3.30078125,0.0,1.200927734375
2024-05-20 16:15:00,0.0999755859375,0.799560546875,1.30078125,0.0,0.4012451171875
2024-05-20 16:30:00,0.0999755859375,0.600830078125,1.30078125,0.0,0.5999755859375
2024-05-20 16:45:00,0.0,0.499755859375,0.80078125,0.0,0.301025390625
2024-05-20 17:00:00,0.10009765625,0.699462890625,1.19921875,0.0,0.399658203125
2024-05-20 17:15:00,0.0999755859375,0.900390625,1.59765625,0.0,0.5972900390625
2024-05-20 17:30:00,0.0999755859375,0.700439453125,1.30078125,0.0,0.5003662109375
2024-05-20 17:45:00,0.0,0.69921875,1.19921875,0.0,0.5
2024-05-20 18:30:00,0.199951171875,2.20068359375,3.203125,0.0999755859375,0.7025146484375
2024-05-20 18:45:00,0.10009765625,0.099609375,0.3984375,0.0,0.19873046875
2024-05-20 20:15:00,0.199951171875,2.39990234375,3.80078125,0.0,1.200927734375
2024-05-20 20:45:00,0.0,0.39990234375,0.59765625,0.0,0.19775390625
2024-05-20 21:15:00,0.0999755859375,0.10009765625,0.5,0.0,0.2999267578125
2024-05-20 21:45:00,0.0,0.0,0.30078125,0.10003662109375,0.20074462890625
2024-05-20 22:00:00,0.0,0.0,0.1015625,0.0,0.1015625
2024-05-20 22:15:00,0.0999755859375,0.0,0.19921875,0.0,0.0992431640625
2024-05-20 22:45:00,0.0,0.0,0.30078125,0.0,0.30078125
2024-05-20 23:00:00,0.0,0.0,0.09765625,0.0,0.09765625
2024-05-20 23:15:00,0.0,0.0,0.203125,0.0,0.203125
2024-05-20 23:30:00,0.10009765625,0.0,0.19921875,0.0,0.09912109375
2024-05-21 00:00:00,0.0,0.0,0.19921875,0.0,0.19921875
2024-05-21 00:15:00,0.0,0.0,0.19921875,0.0,0.19921875
2024-05-21 00:45:00,0.0,0.0,0.30078125,0.0999755859375,0.2008056640625
2024-05-21 01:45:00,0.0999755859375,0.0,0.6015625,0.0,0.5015869140625
2024-05-21 02:00:00,0.0,0.0,0.09765625,0.0,0.09765625
2024-05-21 02:30:00,0.0999755859375,0.0,0.40234375,0.0,0.3023681640625
2024-05-21 02:45:00,0.0,0.0,0.09765625,0.0,0.09765625
2024-05-21 03:15:00,0.0,0.0,0.30078125,0.0,0.30078125
2024-05-21 03:30:00,0.0,0.0,0.1015625,0.0,0.1015625
2024-05-21 03:45:00,0.0999755859375,0.0,0.09765625,0.10003662109375,-0.10235595703125
2024-05-21 04:15:00,0.0,0.1005859375,0.40234375,0.0,0.3017578125
2024-05-21 04:45:00,0.0,0.199951171875,0.3984375,0.0,0.198486328125
2024-05-21 05:00:00,0.0,0.10009765625,0.19921875,0.0,0.09912109375
2024-05-21 05:15:00,0.0999755859375,0.099853515625,0.30078125,0.0,0.1009521484375
2024-05-21 05:30:00,0.0,0.0,0.1015625,0.0,0.1015625
2024-05-21 06:00:00,0.0,0.199951171875,0.59765625,0.0,0.397705078125
2024-05-21 07:00:00,0.10009765625,1.0,1.69921875,0.0999755859375,0.4991455078125
2024-05-21 07:45:00,0.0,0.89990234375,1.40234375,0.0,0.50244140625
2024-05-21 08:15:00,0.0999755859375,1.39990234375,1.8984375,0.0,0.3985595703125
2024-05-21 08:30:00,0.0,0.10009765625,0.19921875,0.0,0.09912109375
2024-05-21 08:45:00,0.0,0.500244140625,0.80078125,0.0,0.300537109375
2024-05-21 09:00:00,0.0,0.7998046875,1.40234375,0.0,0.6025390625
2024-05-21 09:30:00,0.0999755859375,0.7998046875,1.09765625,0.0,0.1978759765625
2024-05-21 09:45:00,0.0,0.89990234375,1.40234375,0.0,0.50244140625
2024-05-21 10:00:00,0.0,0.699951171875,1.19921875,0.0999755859375,0.3992919921875
2024-05-21 10:15:00,0.0,0.7001953125,1.19921875,0.0,0.4990234375
2024-05-21 10:45:00,0.0999755859375,1.599853515625,2.80078125,0.0,1.1009521484375
2024-05-21 11:00:00,0.0,0.800537109375,1.19921875,0.0,0.398681640625
2024-05-21 11:30:00,0.0,1.099365234375,2.0,0.0,0.900634765625
2024-05-21 11:45:00,0.0,1.0,1.5,0.0,0.5
2024-05-21 12:15:00,0.0999755859375,0.2998046875,1.0,0.0,0.6002197265625
2024-05-21 12:30:00,0.0,0.19970703125,0.8984375,0.0,0.69873046875
2024-05-21 12:45:00,0.10009765625,0.500244140625,0.80078125,0.0,0.200439453125
2024-05-21 13:00:00,0.0,0.0,0.19921875,0.10003662109375,0.09918212890625
2024-05-21 13:30:00,0.0999755859375,0.80029296875,1.80078125,0.0,0.9005126953125
2024-05-21 13:45:00,0.0999755859375,0.5,1.0,0.0,0.4000244140625
2024-05-21 14:15:00,0.199951171875,1.00048828125,2.40234375,0.0,1.201904296875
2024-05-21 14:30:00,0.10009765625,0.99981689453125,1.5,0.0,0.40008544921875
2024-05-21 14:45:00,0.0999755859375,0.099609375,0.3984375,0.0,0.1988525390625
2024-05-21 15:00:00,0.0,0.5003662109375,1.19921875,0.0,0.6988525390625
2024-05-21 15:45:00,0.2999267578125,1.8997802734375,3.40234375,0.0,1.20263671875
2024-05-21 16:00:00,0.10009765625,0.999755859375,2.0,0.0999755859375,0.8001708984375
2024-05-21 16:15:00,0.0,0.70025634765625,1.09765625,0.0,0.39739990234375
2024-05-21 16:30:00,0.0999755859375,0.60028076171875,1.1015625,0.0,0.40130615234375
2024-05-21 16:45:00,0.0,0.3995361328125,0.80078125,0.0,0.4012451171875
2024-05-21 17:00:00,0.0999755859375,0.6002197265625,1.09765625,0.0,0.3974609375
2024-05-21 17:15:00,0.0,0.60003662109375,1.1015625,0.0,0.50152587890625
2024-05-21 17:30:00,0.0999755859375,0.70025634765625,1.09765625,0.0,0.29742431640625
2024-05-21 17:45:00,0.0999755859375,0.4993896484375,1.0,0.0,0.400634765625
2024-05-21 18:15:00,0.10009765625,1.30023193359375,2.1015625,0.0,0.70123291015625
2024-05-21 18:30:00,0.0,0.40032958984375,0.69921875,0.0,0.29888916015625
2024-05-21 18:45:00,0.0,0.500244140625,0.80078125,0.0,0.300537109375
2024-05-21 19:00:00,0.0,0.19921875,0.5,0.0,0.30078125
2024-05-21 19:15:00,0.0999755859375,0.29986572265625,0.3984375,0.10003662109375,-0.1014404296875
2024-05-21 19:45:00,0.0,0.20013427734375,0.40234375,0.0,0.20220947265625
2024-05-21 20:00:00,0.0,0.0,0.30078125,0.0,0.30078125
2024-05-21 20:45:00,0.0999755859375,0.0,0.5,0.0,0.4000244140625
2024-05-21 21:00:00,0.0,0.0,0.09765625,0.0,0.09765625
2024-05-21 21:15:00,0.0,0.0,0.1015625,0.0,0.1015625
2024-05-21 21:30:00,0.0,0.0,0.19921875,0.0,0.19921875
2024-05-21 21:45:00,0.0,0.0,0.19921875,0.0,0.19921875
2024-05-21 22:15:00,0.0999755859375,0.0,0.30078125,0.0999755859375,0.100830078125
2024-05-21 22:30:00,0.0,0.0,0.1015625,0.0,0.1015625
2024-05-21 22:45:00,0.0,0.0,0.19921875,0.0,0.19921875
2024-05-21 23:15:00,0.0999755859375,0.0,0.3984375,0.0,0.2984619140625
2024-05-22 00:15:00,0.0,0.0,0.5,0.0,0.5
2024-05-22 00:45:00,0.10009765625,0.0,0.40234375,0.0,0.30224609375
2024-05-22 01:30:00,0.0,0.0,0.3984375,0.0999755859375,0.2984619140625
2024-05-22 01:45:00,0.0,0.0,0.19921875,0.0,0.19921875
2024-05-22 02:45:00,0.0999755859375,0.0,0.6015625,0.0,0.5015869140625
2024-05-22 03:15:00,0.0,0.0,0.30078125,0.0,0.30078125
2024-05-22 03:45:00,0.0999755859375,0.0,0.19921875,0.0,0.0992431640625
2024-05-22 04:00:00,0.0,0.0,0.19921875,0.0,0.19921875
2024-05-22 04:15:00,0.0,0.0,0.1015625,0.10003662109375,0.00152587890625
2024-05-22 04:30:00,0.0,0.099853515625,0.296875,0.0,0.197021484375
2024-05-22 04:45:00,0.0,0.0,0.1015625,0.0,0.1015625
2024-05-22 05:15:00,0.0999755859375,0.2001953125,0.3984375,0.0,0.0982666015625
2024-05-22 06:00:00,0.0,0.2998046875,1.0,0.0,0.7001953125
2024-05-22 06:15:00,0.0,0.40087890625,0.5,0.0,0.09912109375
2024-05-22 06:30:00,0.0999755859375,0.7000732421875,0.90234375,0.0,0.102294921875
2024-05-22 06:45:00,0.0,0.29931640625,0.5,0.0,0.20068359375
2024-05-22 07:00:00,0.0,0.10009765625,0.19921875,0.0,0.09912109375
2024-05-22 07:30:00,0.0,0.7001953125,1.0,0.0999755859375,0.1998291015625
2024-05-22 07:45:00,0.0,0.400390625,0.69921875,0.0,0.298828125
2024-05-22 08:15:00,0.10009765625,1.19921875,1.5,0.0,0.20068359375
2024-05-22 09:15:00,0.0999755859375,2.0,3.1015625,0.0,1.0015869140625
2024-05-22 09:45:00,0.0,1.099853515625,1.80078125,0.0,0.700927734375
2024-05-22 10:00:00,0.0999755859375,1.20068359375,2.0,0.0,0.6993408203125
2024-05-22 10:15:00,0.0,0.69921875,1.19921875,0.0,0.5
2024-05-22 11:00:00,0.0999755859375,1.600830078125,2.8984375,0.10003662109375,1.09759521484375
2024-05-22 11:15:00,0.0999755859375,1.099609375,1.90234375,0.0,0.7027587890625
2024-05-22 11:45:00,0.10009765625,1.19970703125,2.09765625,0.0,0.7978515625
2024-05-22 12:00:00,0.0,0.199951171875,0.30078125,0.0,0.100830078125
2024-05-22 12:15:00,0.0999755859375,0.800537109375,1.6015625,0.0,0.7010498046875
2024-05-22 12:30:00,0.0999755859375,0.49951171875,1.0,0.0,0.4005126953125
2024-05-22 13:00:00,0.0999755859375,1.099853515625,2.19921875,0.0,0.9993896484375
2024-05-22 13:30:00,0.0999755859375,1.0,1.69921875,0.0,0.5992431640625
2024-05-22 13:45:00,0.0,1.100830078125,2.0,0.0999755859375,0.7991943359375
2024-05-22 14:00:00,0.0,0.5,0.80078125,0.0,0.30078125
2024-05-22 14:15:00,0.10009765625,0.699462890625,1.19921875,0.0,0.399658203125
2024-05-22 14:30:00,0.0,0.599609375,1.30078125,0.0,0.701171875
2024-05-22 14:45:00,0.0,0.600830078125,0.80078125,0.0,0.199951171875
2024-05-22 15:00:00,0.0999755859375,0.69970703125,1.19921875,0.0,0.3995361328125
2024-05-22 15:30:00,0.0999755859375,1.80029296875,3.19921875,0.0,1.2989501953125
2024-05-22 15:45:00,0.0,0.699462890625,1.19921875,0.0,0.499755859375
2024-05-22 16:30:00,0.0999755859375,2.000244140625,3.5,0.0,1.3997802734375
2024-05-22 16:45:00,0.0,0.19970703125,0.40234375,0.0999755859375,0.1026611328125
2024-05-22 17:00:00,0.0999755859375,1.1005859375,1.8984375,0.0,0.6978759765625
2024-05-22 17:30:00,0.0,1.0,1.5,0.0,0.5
2024-05-22 17:45:00,0.0,0.699462890625,1.1015625,0.0,0.402099609375
2024-05-22 18:15:00,0.10009765625,1.2001953125,2.19921875,0.0,0.89892578125
2024-05-22 18:30:00,0.0999755859375,1.199462890625,1.69921875,0.0,0.3997802734375
2024-05-22 19:30:00,0.0999755859375,2.000732421875,3.1015625,0.0,1.0008544921875
2024-05-22 19:45:00,0.0,0.0,0.09765625,0.0,0.09765625
2024-05-22 20:30:00,0.0,0.2001953125,0.80078125,0.10003662109375,0.50054931640625
2024-05-22 21:00:00,0.0999755859375,0.099853515625,0.30078125,0.0,0.1009521484375
2024-05-22 21:15:00,0.0,0.0,0.19921875,0.0,0.19921875
2024-05-22 21:30:00,0.0,0.0,0.19921875,0.0,0.19921875
2024-05-22 21:45:00,0.0,0.0,0.19921875,0.0,0.19921875
2024-05-22 22:45:00,0.0999755859375,0.0,0.6015625,0.0999755859375,0.401611328125
2024-05-22 23:15:00,0.0,0.0,0.30078125,0.0,0.30078125
2024-05-23 00:00:00,0.10009765625,0.0,0.3984375,0.0,0.29833984375
2024-05-23 00:30:00,0.0,0.0,0.40234375,0.0,0.40234375
2024-05-23 00:45:00,0.0,0.0,0.09765625,0.0,0.09765625
2024-05-23 01:00:00,0.0,0.0,0.19921875,0.0,0.19921875
2024-05-23 01:15:00,0.0999755859375,0.0,0.1015625,0.0,0.0015869140625
2024-05-23 01:30:00,0.0,0.0,0.1015625,0.0,0.1015625
2024-05-23 02:00:00,0.0,0.0,0.3984375,0.10003662109375,0.29840087890625
2024-05-23 02:30:00,0.0,0.0,0.30078125,0.0,0.30078125
2024-05-23 02:45:00,0.0999755859375,0.0,0.19921875,0.0,0.0992431640625
2024-05-23 03:15:00,0.0,0.0,0.30078125,0.0,0.30078125
2024-05-23 03:30:00,0.0,0.0,0.19921875,0.0,0.19921875
2024-05-23 04:15:00,0.0999755859375,0.0,0.5,0.0,0.4000244140625
2024-05-23 04:30:00,0.0,0.199951171875,0.19921875,0.0,-0.000732421875
2024-05-23 04:45:00,0.0,0.2001953125,0.30078125,0.0,0.1005859375
2024-05-23 05:30:00,0.0999755859375,0.199951171875,0.69921875,0.0999755859375,0.29931640625
2024-05-23 05:45:00,0.0,0.099853515625,0.30078125,0.0,0.200927734375
2024-05-23 06:00:00,0.0,0.10009765625,0.19921875,0.0,0.09912109375
2024-05-23 07:00:00,0.10009765625,1.099365234375,1.69921875,0.0,0.499755859375
2024-05-23 07:15:00,0.0,0.10009765625,0.30078125,0.0,0.20068359375
2024-05-23 08:15:00,0.0,1.900146484375,2.80078125,0.0999755859375,0.8006591796875
2024-05-23 09:00:00,0.0999755859375,1.599853515625,2.6015625,0.0,0.9017333984375
2024-05-23 09:15:00,0.199951171875,0.7000732421875,1.0,0.0,0.0999755859375
2024-05-23 09:30:00,0.0999755859375,0.699951171875,1.296875,0.0,0.4969482421875
2024-05-23 10:00:00,0.2000732421875,1.60003662109375,2.6015625,0.0,0.80145263671875
2024-05-23 10:15:00,0.0,0.700439453125,1.19921875,0.0,0.498779296875
2024-05-23 10:30:00,0.0999755859375,0.400390625,0.90234375,0.0,0.4019775390625
2024-05-23 11:15:00,0.0999755859375,1.9996337890625,3.19921875,0.10003662109375,0.99957275390625
2024-05-23 11:30:00,0.0999755859375,1.000244140625,1.59765625,0.0,0.4974365234375
2024-05-23 11:45:00,0.0,0.69964599609375,1.203125,0.0,0.50347900390625
2024-05-23 12:00:00,0.10009765625,0.800048828125,1.3984375,0.0,0.498291015625
2024-05-23 12:15:00,0.0999755859375,0.799560546875,1.19921875,0.0,0.2996826171875
2024-05-23 12:30:00,0.0999755859375,0.7008056640625,1.1015625,0.0,0.30078125
2024-05-23 13:15:00,0.0999755859375,1.899658203125,3.30078125,0.0,1.3011474609375
2024-05-23 13:45:00,0.2000732421875,1.69940185546875,2.69921875,0.0,0.79974365234375
2024-05-23 14:00:00,0.0,1.10015869140625,1.8984375,0.0,0.79827880859375
2024-05-23 14:45:00,0.199951171875,2.7003173828125,4.19921875,0.0999755859375,1.198974609375
2024-05-23 15:15:00,0.0999755859375,1.79974365234375,2.703125,0.0,0.80340576171875
2024-05-23 15:45:00,0.0999755859375,1.39990234375,2.296875,0.0,0.7969970703125
2024-05-23 16:00:00,0.10009765625,0.90069580078125,1.30078125,0.0,0.29998779296875
2024-05-23 16:15:00,0.0,0.5997314453125,0.90234375,0.0,0.3026123046875
2024-05-23 16:30:00,0.0999755859375,1.20001220703125,1.69921875,0.0,0.39923095703125
2024-05-23 17:15:00,0.0999755859375,2.7000732421875,4.19921875,0.10003662109375,1.29913330078125
2024-05-23 17:30:00,0.0,0.7000732421875,1.19921875,0.0,0.4991455078125
2024-05-23 18:00:00,0.0999755859375,1.79974365234375,2.40234375,0.0,0.50262451171875
2024-05-23 18:30:00,0.0999755859375,0.80035400390625,1.296875,0.0,0.39654541015625
2024-05-23 18:45:00,0.10009765625,0.59942626953125,1.0,0.0,0.30047607421875
2024-05-23 19:00:00,0.0,0.3001708984375,0.703125,0.0,0.4029541015625
2024-05-23 19:45:00,0.0999755859375,0.10003662109375,0.5,0.0,0.29998779296875
2024-05-23 20:45:00,0.0,0.0,0.69921875,0.0999755859375,0.5992431640625
2024-05-23 21:15:00,0.0999755859375,0.0,0.30078125,0.0,0.2008056640625
2024-05-23 21:30:00,0.0,0.0,0.0,0.0,0.0
2024-05-23 22:00:00,0.0,0.0,0.3984375,0.0,0.3984375
2024-05-23 22:15:00,0.0,0.0,0.1015625,0.0,0.1015625
2024-05-23 22:30:00,0.0999755859375,0.0,0.19921875,0.0,0.0992431640625
2024-05-23 22:45:00,0.0,0.0,0.09765625,0.0,0.09765625
2024-05-23 23:45:00,0.0,0.0,0.6015625,0.0999755859375,0.5015869140625
2024-05-24 00:30:00,0.0999755859375,0.0,0.5,0.0,0.4000244140625
2024-05-24 01:00:00,0.0,0.0,0.19921875,0.0,0.19921875
2024-05-24 01:30:00,0.10009765625,0.0,0.40234375,0.0,0.30224609375
2024-05-24 02:30:00,0.0,0.0,0.3984375,0.0,0.3984375
2024-05-24 03:00:00,0.0999755859375,0.0,0.30078125,0.10003662109375,0.10076904296875
2024-05-24 03:15:00,0.0,0.0,0.19921875,0.0,0.19921875
2024-05-24 03:30:00,0.0,0.0,0.1015625,0.0,0.1015625
2024-05-24 04:00:00,0.0,0.0,0.296875,0.0,0.296875
2024-05-24 04:15:00,0.0999755859375,0.0,0.1015625,0.0,0.0015869140625
2024-05-24 04:45:00,0.0,0.199951171875,0.5,0.0,0.300048828125
2024-05-24 05:15:00,0.0,0.199951171875,0.3984375,0.0,0.198486328125
2024-05-24 05:30:00,0.0999755859375,0.10009765625,0.203125,0.0,0.0030517578125
2024-05-24 05:45:00,0.0,0.0,0.19921875,0.0999755859375,0.0992431640625
2024-05-24 06:00:00,0.0,0.099853515625,0.30078125,0.0,0.200927734375
2024-05-24 06:45:00,0.0,1.4002685546875,1.59765625,0.0,0.1973876953125
2024-05-24 07:30:00,0.0999755859375,0.699951171875,1.0,0.0,0.2000732421875
2024-05-24 07:45:00,0.0,0.500244140625,0.69921875,0.0,0.198974609375
2024-05-24 08:15:00,0.0,1.199462890625,1.80078125,0.0,0.601318359375
2024-05-24 08:30:00,0.10009765625,0.300537109375,0.5,0.0,0.099365234375
2024-05-24 09:30:00,0.0999755859375,2.6990966796875,3.90234375,0.10003662109375,1.00323486328125
2024-05-24 09:45:00,0.0999755859375,0.700439453125,1.09765625,0.0,0.2972412109375
2024-05-24 11:15:00,0.300048828125,4.30029296875,6.90234375,0.0,2.302001953125
2024-05-24 12:00:00,0.0999755859375,1.699462890625,2.796875,0.0999755859375,0.8974609375
2024-05-24 12:30:00,0.0999755859375,1.50091552734375,2.1015625,0.0,0.50067138671875
2024-05-24 12:45:00,0.0,0.69970703125,1.1015625,0.0,0.40185546875
2024-05-24 13:00:00,0.0999755859375,0.699462890625,1.09765625,0.0,0.2982177734375
2024-05-24 13:30:00,0.0999755859375,1.200439453125,1.90234375,0.0,0.6019287109375
2024-05-24 14:00:00,0.10009765625,1.800048828125,2.8984375,0.0,0.998291015625
2024-05-24 14:30:00,0.0999755859375,1.0,1.5,0.0,0.4000244140625
2024-05-24 14:45:00,0.0,0.79931640625,1.3984375,0.0,0.59912109375
2024-05-24 15:15:00,0.0999755859375,1.8004150390625,2.6015625,0.0999755859375,0.6011962890625
2024-05-24 15:30:00,0.0999755859375,0.700439453125,1.1015625,0.0,0.3011474609375
2024-05-24 15:45:00,0.0,0.4990234375,0.69921875,0.0,0.2001953125
2024-05-24 16:15:00,0.0999755859375,1.8004150390625,2.69921875,0.0,0.798828125
2024-05-24 16:45:00,0.10009765625,1.099609375,1.80078125,0.0,0.60107421875
2024-05-24 17:00:00,0.0,1.000244140625,1.5,0.0,0.499755859375
2024-05-24 17:15:00,0.0999755859375,0.6005859375,1.09765625,0.0,0.3970947265625
2024-05-24 17:45:00,0.0999755859375,1.49920654296875,2.0,0.0,0.40081787109375
2024-05-24 18:00:00,0.0,0.40087890625,0.703125,0.10003662109375,0.20220947265625
2024-05-24 18:45:00,0.0999755859375,0.499267578125,1.0,0.0,0.4007568359375
2024-05-24 19:00:00,0.0,0.0,0.19921875,0.0,0.19921875
2024-05-24 19:15:00,0.0999755859375,0.099853515625,0.5,0.0,0.3001708984375
2024-05-24 19:30:00,0.0,0.0,0.09765625,0.0,0.09765625
2024-05-24 20:15:00,0.10009765625,0.0,0.40234375,0.0,0.30224609375
2024-05-24 20:30:00,0.0,0.0999755859375,0.19921875,0.0,0.0992431640625
2024-05-24 20:45:00,0.0,0.0,0.1015625,0.0,0.1015625
2024-05-24 21:00:00,0.0,0.0,0.09765625,0.0,0.09765625
2024-05-24 21:45:00,0.0999755859375,0.0,0.40234375,0.0999755859375,0.202392578125
2024-05-24 22:15:00,0.0,0.0,0.19921875,0.0,0.19921875
2024-05-24 22:30:00,0.0,0.0,0.19921875,0.0,0.19921875
2024-05-24 22:45:00,0.0,0.0,0.1015625,0.0,0.1015625
2024-05-24 23:00:00,0.0999755859375,0.0,0.09765625,0.0,-0.0023193359375
2024-05-24 23:15:00,0.0,0.0,0.19921875,0.0,0.19921875
2024-05-25 00:00:00,0.0,0.0,0.40234375,0.0,0.40234375
2024-05-25 00:30:00,0.0999755859375,0.0,0.19921875,0.10003662109375,-0.00079345703125
2024-05-25 00:45:00,0.0,0.0,0.19921875,0.0,0.19921875
2024-05-25 01:00:00,0.0,0.0,0.1015625,0.0,0.1015625
2024-05-25 02:00:00,0.0999755859375,0.0,0.59765625,0.0,0.4976806640625
2024-05-25 02:45:00,0.0,0.0,0.40234375,0.0,0.40234375
2024-05-25 03:00:00,0.0,0.0,0.09765625,0.0,0.09765625
2024-05-25 03:30:00,0.10009765625,0.0,0.203125,0.0999755859375,0.0030517578125
2024-05-25 04:15:00,0.0,0.0,0.3984375,0.0,0.3984375
2024-05-25 04:30:00,0.0,0.0,0.1015625,0.0,0.1015625
2024-05-25 04:45:00,0.0999755859375,0.0,0.09765625,0.0,-0.0023193359375
2024-05-25 06:00:00,0.0999755859375,0.2001953125,1.0,0.0,0.6998291015625
2024-05-25 06:15:00,0.0,0.0,0.0,0.0,0.0
2024-05-25 07:00:00,0.0,0.0,0.5,0.0999755859375,0.4000244140625
2024-05-25 07:15:00,0.0,0.0,0.1015625,0.0,0.1015625
2024-05-25 07:30:00,0.0999755859375,0.0,0.09765625,0.0,-0.0023193359375
2024-05-25 08:15:00,0.0,0.0,0.40234375,0.0,0.40234375
2024-05-25 08:30:00,0.0,0.0,0.19921875,0.0,0.19921875
2024-05-25 09:15:00,0.0999755859375,0.300048828125,0.6015625,0.0,0.2015380859375
2024-05-25 09:30:00,0.0,0.0,0.09765625,0.10003662109375,-0.00238037109375
2024-05-25 09:45:00,0.0,0.0,0.19921875,0.0,0.19921875
2024-05-25 10:00:00,0.0,0.0,0.1015625,0.0,0.1015625
2024-05-25 10:15:00,0.10009765625,0.0,0.19921875,0.0,0.09912109375
2024-05-25 10:30:00,0.0,0.0,0.0,0.0,0.0
2024-05-25 10:45:00,0.0,0.0,0.19921875,0.0,0.19921875
2024-05-25 12:00:00,0.0999755859375,0.60009765625,1.30078125,0.0,0.6007080078125
2024-05-25 12:15:00,0.0,0.199951171875,0.30078125,0.0,0.100830078125
2024-05-25 12:45:00,0.0,0.30029296875,0.6015625,0.0999755859375,0.2012939453125
2024-05-25 13:00:00,0.0,0.199462890625,0.296875,0.0,0.097412109375
2024-05-25 13:30:00,0.0999755859375,0.0,0.30078125,0.0,0.2008056640625
2024-05-25 13:45:00,0.0,0.0,0.1015625,0.0,0.1015625
2024-05-25 14:00:00,0.0,0.0,0.09765625,0.0,0.09765625
2024-05-25 14:15:00,0.0,0.0,0.1015625,0.0,0.1015625
2024-05-25 15:00:00,0.0999755859375,0.0,0.3984375,0.0,0.2984619140625
2024-05-25 15:15:00,0.0,0.0,0.1015625,0.0,0.1015625
2024-05-25 15:30:00,0.0,0.0,0.1015625,0.0,0.1015625
2024-05-25 17:15:00,0.0999755859375,0.400390625,1.5,0.10003662109375,0.89959716796875
2024-05-25 17:30:00,0.10009765625,0.099609375,0.19921875,0.0,-0.00048828125
2024-05-25 17:45:00,0.0,0.2001953125,0.3984375,0.0,0.1982421875
2024-05-25 18:00:00,0.0,0.400390625,0.5,0.0,0.099609375
2024-05-25 18:15:00,0.0,0.099609375,0.30078125,0.0,0.201171875
2024-05-25 18:30:00,0.0,0.2001953125,0.30078125,0.0,0.1005859375
2024-05-25 18:45:00,0.0,0.099609375,0.19921875,0.0999755859375,-0.0003662109375
2024-05-25 20:15:00,0.199951171875,0.1005859375,1.0,0.0,0.699462890625
2024-05-25 21:15:00,0.0,0.0,0.6015625,0.0,0.6015625
2024-05-25 21:30:00,0.0,0.0,0.09765625,0.0,0.09765625
2024-05-25 21:45:00,0.0999755859375,0.0,0.1015625,0.0,0.0015869140625
2024-05-25 22:00:00,0.0,0.0,0.19921875,0.0999755859375,0.0992431640625
2024-05-25 22:30:00,0.0,0.0,0.30078125,0.0,0.30078125
2024-05-25 23:00:00,0.0999755859375,0.0,0.30078125,0.0,0.2008056640625
2024-05-25 23:15:00,0.0,0.0,0.0,0.0,0.0
2024-05-26 00:30:00,0.10009765625,0.0,0.69921875,0.0,0.59912109375
2024-05-26 01:00:00,0.0,0.0,0.30078125,0.10003662109375,0.20074462890625
2024-05-26 01:15:00,0.0,0.0,0.09765625,0.0,0.09765625
2024-05-26 01:30:00,0.0,0.0,0.1015625,0.0,0.1015625
2024-05-26 02:15:00,0.0999755859375,0.0,0.59765625,0.0,0.4976806640625
2024-05-26 03:00:00,0.0,0.0,0.30078125,0.0,0.30078125
2024-05-26 03:15:00,0.0,0.0,0.19921875,0.0,0.19921875
2024-05-26 03:30:00,0.0999755859375,0.0,0.0,0.0,-0.0999755859375
2024-05-26 04:15:00,0.0,0.0,0.5,0.0999755859375,0.4000244140625
2024-05-26 04:30:00,0.0,0.0,0.1015625,0.0,0.1015625
2024-05-26 05:30:00,0.0999755859375,0.0,0.6015625,0.0,0.5015869140625
2024-05-26 05:45:00,0.0,0.0,0.19921875,0.0,0.19921875
2024-05-26 06:45:00,0.0999755859375,0.0,0.5,0.0,0.4000244140625
2024-05-26 07:00:00,0.0,0.0,0.09765625,0.10003662109375,-0.00238037109375
2024-05-26 07:15:00,0.0,0.0,0.1015625,0.0,0.1015625
2024-05-26 09:00:00,0.2000732421875,0.10009765625,1.1015625,0.0,0.8013916015625
2024-05-26 09:45:00,0.0,0.099853515625,0.59765625,0.0,0.497802734375
2024-05-26 10:00:00,0.0,0.0,0.1015625,0.0,0.1015625
2024-05-26 10:30:00,0.0999755859375,0.0,0.19921875,0.0999755859375,-0.000732421875
2024-05-26 10:45:00,0.0,0.0,0.19921875,0.0,0.19921875
2024-05-26 11:00:00,0.0,0.0,0.0,0.0,0.0
2024-05-26 11:15:00,0.0,0.0,0.30078125,0.0,0.30078125
2024-05-26 11:30:00,0.0,0.0,0.0,0.0,0.0
2024-05-26 11:45:00,0.0,0.0,0.1015625,0.0,0.1015625
2024-05-26 12:45:00,0.0999755859375,0.0,0.5,0.0,0.4000244140625
2024-05-26 13:15:00,0.0999755859375,0.0,0.3984375,0.0999755859375,0.198486328125
2024-05-26 13:30:00,0.0,0.0,0.1015625,0.0,0.1015625
2024-05-26 13:45:00,0.0,0.0,0.09765625,0.0,0.09765625
2024-05-26 14:00:00,0.0,0.0,0.19921875,0.0,0.19921875
2024-05-26 14:45:00,0.10009765625,0.0,0.5,0.0,0.39990234375
2024-05-26 15:00:00,0.0,0.0,0.0,0.0,0.0
2024-05-26 15:15:00,0.0,0.0,0.203125,0.0,0.203125
2024-05-26 15:45:00,0.0,0.0,0.19921875,0.0,0.19921875
2024-05-26 16:15:00,0.0999755859375,0.0,0.30078125,0.10003662109375,0.10076904296875
2024-05-26 16:30:00,0.0,0.0,0.09765625,0.0,0.09765625
2024-05-26 16:45:00,0.0,0.0,0.1015625,0.0,0.1015625
2024-05-26 17:30:00,0.0999755859375,0.0,0.3984375,0.0,0.2984619140625
2024-05-26 17:45:00,0.0,0.0,0.1015625,0.0,0.1015625
2024-05-26 18:00:00,0.0,0.0,0.19921875,0.0,0.19921875
2024-05-26 19:00:00,0.0999755859375,0.0,0.6015625,0.0,0.5015869140625
2024-05-26 19:30:00,0.0,0.0,0.296875,0.0999755859375,0.1968994140625
2024-05-26 19:45:00,0.0,0.0,0.1015625,0.0,0.1015625
2024-05-26 20:00:00,0.0,0.0,0.1015625,0.0,0.1015625
2024-05-26 20:30:00,0.0999755859375,0.0,0.296875,0.0,0.1968994140625
2024-05-26 20:45:00,0.0,0.0,0.0,0.0,0.0
2024-05-26 22:30:00,0.10009765625,0.0,1.0,0.10003662109375,0.79986572265625
2024-05-26 23:00:00,0.0,0.0,0.30078125,0.0,0.30078125
2024-05-26 23:30:00,0.0999755859375,0.0,0.19921875,0.0,0.0992431640625
2024-05-26 23:45:00,0.0,0.0,0.1015625,0.0,0.1015625
2024-05-27 01:45:00,0.0999755859375,0.0,1.1015625,0.0999755859375,0.901611328125
2024-05-27 02:00:00,0.0,0.0,0.19921875,0.0,0.19921875
2024-05-27 02:30:00,0.0999755859375,0.0,0.19921875,0.0,0.0992431640625
2024-05-27 02:45:00,0.0,0.0,0.1015625,0.0,0.1015625
2024-05-27 03:00:00,0.0,0.0,0.09765625,0.0,0.09765625
2024-05-27 04:00:00,0.0999755859375,0.0,0.6015625,0.0,0.5015869140625
2024-05-27 04:15:00,0.0,0.10009765625,0.19921875,0.0,0.09912109375
2024-05-27 04:30:00,0.0,0.0,0.1015625,0.0,0.1015625
2024-05-27 04:45:00,0.0,0.099853515625,0.19921875,0.0999755859375,-0.0006103515625
2024-05-27 05:00:00,0.10009765625,0.10009765625,0.19921875,0.0,-0.0009765625
2024-05-27 05:30:00,0.0,0.199951171875,0.6015625,0.0,0.401611328125
2024-05-27 05:45:00,0.0,0.10009765625,0.296875,0.0,0.19677734375
2024-05-27 07:30:00,0.0999755859375,2.099853515625,3.0,0.0,0.8001708984375
2024-05-27 07:45:00,0.0999755859375,0.0,0.30078125,0.10003662109375,0.10076904296875
2024-05-27 08:30:00,0.0,1.80029296875,2.6015625,0.0,0.80126953125
2024-05-27 08:45:00,0.0999755859375,0.299560546875,0.5,0.0,0.1004638671875
2024-05-27 09:00:00,0.0,0.400390625,0.8984375,0.0,0.498046875
2024-05-27 09:30:00,0.0999755859375,0.8994140625,1.30078125,0.0,0.3013916015625
2024-05-27 10:00:00,0.10009765625,1.900146484375,3.0,0.0,0.999755859375
2024-05-27 10:15:00,0.0,0.7001953125,1.19921875,0.0,0.4990234375
2024-05-27 10:30:00,0.0,0.400390625,0.69921875,0.0,0.298828125
2024-05-27 11:00:00,0.0999755859375,1.299072265625,2.30078125,0.0999755859375,0.8017578125
2024-05-27 11:30:00,0.0999755859375,1.1005859375,1.90234375,0.0,0.7017822265625
2024-05-27 11:45:00,0.0,0.699462890625,1.09765625,0.0,0.398193359375
2024-05-27 12:00:00,0.0,0.900146484375,1.5,0.0,0.599853515625
2024-05-27 12:30:00,0.0999755859375,1.600830078125,2.6015625,0.0,0.9007568359375
2024-05-27 12:45:00,0.0999755859375,0.699462890625,1.09765625,0.0,0.2982177734375
2024-05-27 13:30:00,0.10009765625,2.00048828125,3.40234375,0.0,1.3017578125
2024-05-27 13:45:00,0.0,0.499267578125,0.80078125,0.0,0.301513671875
2024-05-27 14:00:00,0.0,0.600341796875,1.19921875,0.10003662109375,0.49884033203125
2024-05-27 14:30:00,0.0999755859375,1.099365234375,2.0,0.0,0.8006591796875
2024-05-27 15:00:00,0.0999755859375,1.700439453125,2.69921875,0.0,0.8988037109375
2024-05-27 15:15:00,0.0,0.400390625,0.80078125,0.0,0.400390625
2024-05-27 15:30:00,0.0999755859375,0.89990234375,1.59765625,0.0,0.5977783203125
2024-05-27 15:45:00,0.0,0.900146484375,1.5,0.0,0.599853515625
2024-05-27 16:15:00,0.0999755859375,1.300048828125,2.30078125,0.0,0.9007568359375
2024-05-27 17:00:00,0.10009765625,1.99951171875,3.30078125,0.0999755859375,1.1011962890625
2024-05-27 17:30:00,0.0999755859375,1.099609375,1.8984375,0.0,0.6988525390625
2024-05-27 18:30:00,0.199951171875,3.000732421875,4.5,0.0,1.29931640625
2024-05-27 18:45:00,0.0,0.400146484375,0.703125,0.0,0.302978515625
2024-05-27 19:00:00,0.0,0.69970703125,1.09765625,0.0,0.39794921875
2024-05-27 19:45:00,0.0999755859375,0.999755859375,1.40234375,0.0,0.3026123046875
2024-05-27 20:30:00,0.0,0.900390625,1.3984375,0.0999755859375,0.3980712890625
2024-05-27 21:00:00,0.10009765625,0.399658203125,0.8984375,0.0,0.398681640625
2024-05-27 21:15:00,0.0,0.0,0.1015625,0.0,0.1015625
2024-05-27 21:45:00,0.0,0.0,0.30078125,0.0,0.30078125
2024-05-27 22:15:00,0.0999755859375,0.099853515625,0.30078125,0.0,0.1009521484375
2024-05-27 22:30:00,0.0,0.0,0.0,0.0,0.0
2024-05-27 23:00:00,0.0,0.0,0.296875,0.0,0.296875
2024-05-27 23:15:00,0.0,0.0,0.203125,0.10003662109375,0.10308837890625
2024-05-27 23:45:00,0.0999755859375,0.0,0.3984375,0.0,0.2984619140625
2024-05-28 00:00:00,0.0,0.0,0.1015625,0.0,0.1015625
2024-05-28 00:15:00,0.0,0.0,0.09765625,0.0,0.09765625
2024-05-28 00:45:00,0.0999755859375,0.0,0.30078125,0.0,0.2008056640625
2024-05-28 01:00:00,0.0,0.0,0.1015625,0.0,0.1015625
2024-05-28 01:15:00,0.0,0.0,0.09765625,0.0,0.09765625
2024-05-28 01:30:00,0.0,0.0,0.1015625,0.0,0.1015625
2024-05-28 01:45:00,0.0,0.0,0.19921875,0.0,0.19921875
2024-05-28 02:00:00,0.0,0.0,0.1015625,0.0,0.1015625
2024-05-28 02:15:00,0.0999755859375,0.0,0.19921875,0.0999755859375,-0.000732421875
2024-05-28 02:30:00,0.0,0.0,0.0,0.0,0.0
2024-05-28 02:45:00,0.0,0.0,0.19921875,0.0,0.19921875
2024-05-28 03:15:00,0.0,0.0,0.19921875,0.0,0.19921875
2024-05-28 03:30:00,0.10009765625,0.0,0.30078125,0.0,0.20068359375
2024-05-28 04:00:00,0.0,0.0,0.19921875,0.0,0.19921875
2024-05-28 04:15:00,0.0,0.0,0.1015625,0.0,0.1015625
2024-05-28 04:30:00,0.0,0.10009765625,0.30078125,0.0,0.20068359375
2024-05-28 04:45:00,0.0,0.0,0.0,0.0,0.0
2024-05-28 05:15:00,0.0999755859375,0.199951171875,0.59765625,0.10003662109375,0.19769287109375
2024-05-28 05:45:00,0.0,0.199951171875,0.5,0.0,0.300048828125
2024-05-28 06:00:00,0.0,0.10009765625,0.19921875,0.0,0.09912109375
2024-05-28 06:30:00,0.0999755859375,0.500244140625,0.80078125,0.0,0.2005615234375
2024-05-28 07:15:00,0.0,0.80029296875,1.30078125,0.0,0.50048828125
2024-05-28 07:30:00,0.0,0.299560546875,0.5,0.0,0.200439453125
2024-05-28 08:15:00,0.0999755859375,1.599853515625,2.6015625,0.0999755859375,0.8017578125
2024-05-28 08:30:00,0.0,0.5,0.796875,0.0,0.296875
2024-05-28 08:45:00,0.0,0.200439453125,0.30078125,0.0,0.100341796875
2024-05-28 09:00:00,0.0999755859375,0.69970703125,1.0,0.0,0.2003173828125
2024-05-28 09:15:00,0.0,0.89990234375,1.40234375,0.0,0.50244140625
2024-05-28 09:45:00,0.2000732421875,1.499755859375,2.5,0.0,0.8001708984375
2024-05-28 10:00:00,0.0,0.400390625,0.3984375,0.0,-0.001953125
2024-05-28 10:30:00,0.199951171875,1.399658203125,2.69921875,0.0,1.099609375
2024-05-28 10:45:00,0.0,0.500732421875,0.80078125,0.0,0.300048828125
2024-05-28 11:00:00,0.0999755859375,1.19970703125,1.8984375,0.0,0.5987548828125
2024-05-28 11:30:00,0.10009765625,1.099609375,1.90234375,0.0999755859375,0.6026611328125
2024-05-28 11:45:00,0.0,0.6005859375,1.09765625,0.0,0.4970703125
2024-05-28 12:00:00,0.0999755859375,0.69970703125,1.0,0.0,0.2003173828125
2024-05-28 12:30:00,0.0,1.1005859375,1.80078125,0.0,0.7001953125
2024-05-28 13:00:00,0.0999755859375,1.299072265625,2.1015625,0.0,0.7025146484375
2024-05-28 14:00:00,0.199951171875,2.800048828125,4.59765625,0.0,1.59765625
2024-05-28 14:15:00,0.10009765625,0.89990234375,1.5,0.0,0.5
2024-05-28 15:30:00,0.199951171875,3.30078125,5.6015625,0.10003662109375,2.00079345703125
2024-05-28 16:30:00,0.199951171875,2.800048828125,4.30078125,0.0,1.30078125
2024-05-28 17:00:00,0.0,1.39990234375,2.5,0.0,1.10009765625
2024-05-28 17:45:00,0.10009765625,1.699462890625,2.5,0.0999755859375,0.6004638671875
2024-05-28 18:15:00,0.0999755859375,1.500732421875,2.3984375,0.0,0.7977294921875
2024-05-28 18:30:00,0.0,0.499755859375,0.6015625,0.0,0.101806640625
2024-05-28 18:45:00,0.0,0.499755859375,0.8984375,0.0,0.398681640625
2024-05-28 19:00:00,0.0999755859375,0.89990234375,1.19921875,0.0,0.1993408203125
2024-05-28 19:45:00,0.0,0.800048828125,1.40234375,0.0,0.602294921875
2024-05-28 20:00:00,0.0999755859375,0.0,0.09765625,0.0,-0.0023193359375
2024-05-28 20:30:00,0.0,0.0,0.30078125,0.0,0.30078125
2024-05-28 20:45:00,0.0,0.0,0.1015625,0.10003662109375,0.00152587890625
2024-05-28 21:00:00,0.0,0.0,0.19921875,0.0,0.19921875
2024-05-28 21:15:00,0.0999755859375,0.0,0.19921875,0.0,0.0992431640625
2024-05-28 21:30:00,0.0,0.0,0.1015625,0.0,0.1015625
2024-05-28 21:45:00,0.0,0.0,0.09765625,0.0,0.09765625
2024-05-28 22:00:00,0.0,0.0,0.1015625,0.0,0.1015625
2024-05-28 22:15:00,0.0,0.0,0.30078125,0.0,0.30078125
2024-05-28 22:30:00,0.0,0.0,0.09765625,0.0,0.09765625
2024-05-28 23:15:00,0.10009765625,0.0,0.40234375,0.0,0.30224609375
2024-05-28 23:45:00,0.0,0.0,0.30078125,0.0999755859375,0.2008056640625
2024-05-29 00:00:00,0.0,0.0,0.09765625,0.0,0.09765625
2024-05-29 00:15:00,0.0999755859375,0.0,0.19921875,0.0,0.0992431640625
2024-05-29 01:00:00,0.0,0.0,0.40234375,0.0,0.40234375
2024-05-29 02:00:00,0.0999755859375,0.0,0.5,0.0,0.4000244140625
2024-05-29 02:15:00,0.0,0.0,0.19921875,0.0,0.19921875
2024-05-29 02:30:00,0.0,0.0,0.19921875,0.0,0.19921875
2024-05-29 03:15:00,0.0999755859375,0.0,0.40234375,0.0999755859375,0.202392578125
2024-05-29 03:45:00,0.0,0.0,0.296875,0.0,0.296875
2024-05-29 04:00:00,0.0,0.0,0.203125,0.0,0.203125
2024-05-29 04:15:00,0.0,0.0,0.0,0.0,0.0
2024-05-29 04:30:00,0.0999755859375,0.10009765625,0.296875,0.0,0.0968017578125
2024-05-29 05:15:00,0.0,0.199951171875,0.703125,0.0,0.503173828125
2024-05-29 05:30:00,0.0,0.199951171875,0.296875,0.0,0.096923828125
2024-05-29 05:45:00,0.0,0.0,0.1015625,0.0,0.1015625
2024-05-29 06:15:00,0.10009765625,0.600341796875,0.8984375,0.10003662109375,0.09796142578125
2024-05-29 06:30:00,0.0,0.10009765625,0.5,0.0,0.39990234375
2024-05-29 06:45:00,0.0,0.10009765625,0.203125,0.0,0.10302734375
2024-05-29 08:00:00,0.0999755859375,1.499755859375,2.19921875,0.0,0.5994873046875
2024-05-29 08:15:00,0.0,0.49951171875,0.80078125,0.0,0.30126953125
2024-05-29 08:45:00,0.0999755859375,0.70068359375,0.8984375,0.0,0.0977783203125
2024-05-29 09:15:00,0.0,0.7998046875,1.3984375,0.0999755859375,0.4986572265625
2024-05-29 09:30:00,0.0,0.899169921875,1.30078125,0.0,0.401611328125
2024-05-29 10:00:00,0.0999755859375,1.700439453125,2.5,0.0,0.6995849609375
2024-05-29 10:15:00,0.0,0.19970703125,0.40234375,0.0,0.20263671875
2024-05-29 10:30:00,0.0,1.1005859375,1.8984375,0.0,0.7978515625
2024-05-29 10:45:00,0.0,0.699462890625,1.1015625,0.0,0.402099609375
2024-05-29 11:15:00,0.0999755859375,1.500244140625,2.19921875,0.0,0.5989990234375
2024-05-29 11:30:00,0.0,0.400146484375,0.69921875,0.0,0.299072265625
2024-05-29 11:45:00,0.0,0.700439453125,1.1015625,0.0,0.401123046875
2024-05-29 12:30:00,0.0,1.699951171875,2.69921875,0.10003662109375,0.89923095703125
2024-05-29 12:45:00,0.10009765625,0.69921875,1.0,0.0,0.20068359375
2024-05-29 13:15:00,0.0,1.800537109375,3.0,0.0,1.199462890625
2024-05-29 13:30:00,0.0999755859375,0.699462890625,1.09765625,0.0,0.2982177734375
2024-05-29 13:45:00,0.0,0.200439453125,0.40234375,0.0,0.201904296875
2024-05-29 14:45:00,0.2999267578125,3.30029296875,5.30078125,0.0,1.7005615234375
2024-05-29 15:00:00,0.0,0.099609375,0.3984375,0.0,0.298828125
2024-05-29 15:30:00,0.10009765625,2.0,2.8984375,0.0999755859375,0.6983642578125
2024-05-29 15:45:00,0.0,0.400146484375,0.703125,0.0,0.302978515625
2024-05-29 16:00:00,0.0999755859375,1.000244140625,1.5,0.0,0.3997802734375
2024-05-29 16:30:00,0.0,0.89990234375,1.5,0.0,0.60009765625
2024-05-29 17:15:00,0.0999755859375,2.099609375,3.19921875,0.0,0.9996337890625
2024-05-29 17:30:00,0.0,0.7001953125,1.0,0.0,0.2998046875
2024-05-29 17:45:00,0.0999755859375,1.099609375,1.69921875,0.0,0.4996337890625
2024-05-29 18:00:00,0.0,0.400390625,0.6015625,0.0,0.201171875
2024-05-29 18:30:00,0.0,1.30029296875,1.8984375,0.0999755859375,0.4981689453125
2024-05-29 18:45:00,0.0,0.19921875,0.5,0.0,0.30078125
2024-05-29 19:15:00,0.0999755859375,0.800537109375,1.3984375,0.0,0.4979248046875
2024-05-29 19:30:00,0.0,0.0,0.1015625,0.0,0.1015625
2024-05-29 19:45:00,0.0,0.10009765625,0.19921875,0.0,0.09912109375
2024-05-29 20:00:00,0.0,0.0,0.19921875,0.0,0.19921875
2024-05-29 20:15:00,0.0,0.0,0.203125,0.0,0.203125
2024-05-29 20:45:00,0.10009765625,0.0,0.296875,0.0,0.19677734375
2024-05-29 21:15:00,0.0,0.0,0.40234375,0.10003662109375,0.30230712890625
2024-05-29 21:30:00,0.0,0.0,0.09765625,0.0,0.09765625
2024-05-29 21:45:00,0.0,0.0,0.1015625,0.0,0.1015625
2024-05-29 22:00:00,0.0,0.0,0.1015625,0.0,0.1015625
2024-05-29 23:00:00,0.0999755859375,0.0,0.59765625,0.0,0.4976806640625
2024-05-29 23:15:00,0.0,0.0,0.30078125,0.0,0.30078125
2024-05-29 23:30:00,0.0999755859375,0.0,0.1015625,0.0,0.0015869140625
2024-05-29 23:45:00,0.0,0.0,0.19921875,0.0,0.19921875
2024-05-30 00:00:00,0.0,0.0,0.09765625,0.0,0.09765625
2024-05-30 00:15:00,0.0,0.0,0.203125,0.0,0.203125
2024-05-30 00:45:00,0.0999755859375,0.0,0.296875,0.0999755859375,0.096923828125
2024-05-30 01:30:00,0.0,0.0,0.40234375,0.0,0.40234375
2024-05-30 02:45:00,0.0999755859375,0.0,0.80078125,0.0,0.7008056640625
2024-05-30 03:00:00,0.0,0.0,0.19921875,0.0,0.19921875
2024-05-30 03:15:00,0.0,0.0,0.0,0.0,0.0
2024-05-30 04:45:00,0.10009765625,0.099853515625,1.09765625,0.10003662109375,0.79766845703125
2024-05-30 05:45:00,0.0999755859375,0.400146484375,0.90234375,0.0,0.4022216796875
2024-05-30 06:00:00,0.0,0.0,0.19921875,0.0,0.19921875
2024-05-30 06:45:00,0.0999755859375,1.30029296875,1.8984375,0.0999755859375,0.398193359375
2024-05-30 07:30:00,0.0,0.99951171875,1.6015625,0.0,0.60205078125
2024-05-30 08:00:00,0.0999755859375,0.699951171875,0.8984375,0.0,0.0985107421875
2024-05-30 08:15:00,0.0,0.399658203125,0.80078125,0.0,0.401123046875
2024-05-30 09:00:00,0.0999755859375,1.80029296875,2.69921875,0.0,0.7989501953125
2024-05-30 09:15:00,0.10009765625,0.599609375,1.0,0.0,0.30029296875
2024-05-30 09:30:00,0.0,0.400390625,0.30078125,0.0,-0.099609375
2024-05-30 10:00:00,0.0999755859375,1.499755859375,2.6015625,0.0999755859375,0.90185546875
2024-05-30 10:15:00,0.0999755859375,0.89990234375,1.5,0.0,0.5001220703125
2024-05-30 11:00:00,0.0999755859375,2.1007080078125,3.59765625,0.0,1.39697265625
2024-05-30 11:30:00,0.0999755859375,1.099609375,1.90234375,0.0,0.7027587890625
2024-05-30 11:45:00,0.0,0.599609375,0.80078125,0.0,0.201171875
2024-05-30 12:00:00,0.10009765625,0.400390625,1.0,0.0,0.49951171875
2024-05-30 12:15:00,0.0999755859375,0.400146484375,1.0,0.0,0.4998779296875
2024-05-30 12:45:00,0.0,0.5,0.8984375,0.0,0.3984375
2024-05-30 13:00:00,0.0999755859375,0.19970703125,0.80078125,0.10003662109375,0.40106201171875
2024-05-30 13:30:00,0.300048828125,1.20062255859375,2.30078125,0.0,0.80010986328125
2024-05-30 14:15:00,0.199951171875,2.69921875,4.296875,0.0,1.397705078125
2024-05-30 14:45:00,0.199951171875,1.7003173828125,2.5,0.0,0.5997314453125
2024-05-30 15:15:00,0.10009765625,1.60003662109375,2.6015625,0.0,0.90142822265625
2024-05-30 15:30:00,0.0,0.30029296875,0.3984375,0.0,0.09814453125
2024-05-30 16:00:00,0.0999755859375,2.1995849609375,3.40234375,0.0999755859375,1.0028076171875
2024-05-30 16:15:00,0.0,0.80010986328125,1.19921875,0.0,0.39910888671875
2024-05-30 16:45:00,0.0999755859375,1.50048828125,2.5,0.0,0.8995361328125
2024-05-30 17:00:00,0.0,0.89923095703125,1.30078125,0.0,0.40155029296875
2024-05-30 17:30:00,0.0999755859375,1.40069580078125,2.0,0.0,0.49932861328125
2024-05-30 18:15:00,0.0999755859375,2.2991943359375,3.3984375,0.0,0.999267578125
2024-05-30 18:30:00,0.10009765625,0.3006591796875,0.5,0.0,0.0992431640625
2024-05-30 19:00:00,0.0,1.19989013671875,1.69921875,0.10003662109375,0.3992919921875
2024-05-30 19:30:00,0.0999755859375,0.49945068359375,1.0,0.0,0.40057373046875
2024-05-30 20:45:00,0.0999755859375,0.0,0.703125,0.0,0.6031494140625
2024-05-30 21:45:00,0.0,0.0,0.59765625,0.0,0.59765625
2024-05-30 22:00:00,0.0999755859375,0.0,0.19921875,0.0999755859375,-0.000732421875
2024-05-30 22:45:00,0.0,0.0,0.5,0.0,0.5
2024-05-30 23:15:00,0.0,0.0,0.203125,0.0,0.203125
2024-05-30 23:30:00,0.0999755859375,0.0,0.19921875,0.0,0.0992431640625
2024-05-31 00:00:00,0.0,0.0,0.19921875,0.0,0.19921875
2024-05-31 00:15:00,0.0,0.0,0.19921875,0.0,0.19921875
2024-05-31 00:45:00,0.0,0.0,0.19921875,0.0,0.19921875
2024-05-31 01:00:00,0.10009765625,0.0,0.203125,0.0,0.10302734375
2024-05-31 01:30:00,0.0,0.0,0.3984375,0.0999755859375,0.2984619140625
2024-05-31 02:15:00,0.0,0.0,0.30078125,0.0,0.30078125
2024-05-31 02:30:00,0.0999755859375,0.0,0.19921875,0.0,0.0992431640625
2024-05-31 02:45:00,0.0,0.0,0.19921875,0.0,0.19921875
2024-05-31 03:30:00,0.0,0.0,0.40234375,0.0,0.40234375
2024-05-31 03:45:00,0.0999755859375,0.0,0.09765625,0.0,-0.0023193359375
2024-05-31 04:00:00,0.0,0.0,0.19921875,0.0,0.19921875
2024-05-31 04:30:00,0.0,0.10009765625,0.5,0.10003662109375,0.29986572265625
2024-05-31 04:45:00,0.0,0.10009765625,0.203125,0.0,0.10302734375
2024-05-31 05:15:00,0.0999755859375,0.199951171875,0.5,0.0,0.2000732421875
2024-05-31 06:00:00,0.0,0.300048828125,0.8984375,0.0,0.598388671875
2024-05-31 06:15:00,0.0,0.2001953125,0.3984375,0.0,0.1982421875
2024-05-31 07:00:00,0.0999755859375,1.3997802734375,1.80078125,0.0,0.301025390625
2024-05-31 07:15:00,0.0,0.199951171875,0.1015625,0.0,-0.098388671875
2024-05-31 07:30:00,0.0,0.400146484375,0.69921875,0.0999755859375,0.1990966796875
2024-05-31 07:45:00,0.0,0.800048828125,1.19921875,0.0,0.399169921875
2024-05-31 08:00:00,0.10009765625,0.400390625,0.69921875,0.0,0.19873046875
2024-05-31 08:15:00,0.0,0.60009765625,0.703125,0.0,0.10302734375
2024-05-31 08:45:00,0.0,0.89990234375,1.3984375,0.0,0.49853515625
2024-05-31 09:15:00,0.0,0.7998046875,1.30078125,0.0,0.5009765625
2024-05-31 09:30:00,0.0999755859375,0.900390625,1.19921875,0.0,0.1988525390625
2024-05-31 09:45:00,0.0,0.599365234375,0.8984375,0.0,0.299072265625
2024-05-31 10:15:00,0.0,1.30029296875,2.203125,0.10003662109375,0.80279541015625
2024-05-31 10:45:00,0.0999755859375,1.099609375,1.796875,0.0,0.5972900390625
2024-05-31 11:15:00,0.0999755859375,1.1005859375,1.80078125,0.0,0.6002197265625
2024-05-31 11:45:00,0.0999755859375,1.699462890625,2.80078125,0.0,1.0013427734375
2024-05-31 12:15:00,0.2000732421875,1.10009765625,2.0,0.0,0.6998291015625
2024-05-31 12:30:00,0.0,0.30029296875,0.6015625,0.0,0.30126953125
2024-05-31 13:00:00,0.199951171875,0.399658203125,1.296875,0.0,0.697265625
2024-05-31 13:15:00,0.0,0.500244140625,0.80078125,0.0,0.300537109375
2024-05-31 13:30:00,0.0999755859375,0.500244140625,1.0,0.0999755859375,0.2998046875
2024-05-31 14:30:00,0.2000732421875,2.4993896484375,4.30078125,0.0,1.601318359375
2024-05-31 15:00:00,0.0,0.8006591796875,1.5,0.0,0.6993408203125
2024-05-31 15:15:00,0.0,0.99981689453125,1.30078125,0.0,0.30096435546875
2024-05-31 15:30:00,0.0999755859375,0.6998291015625,1.09765625,0.0,0.2978515625
2024-05-31 16:15:00,0.0999755859375,2.2001953125,3.703125,0.0,1.4029541015625
2024-05-31 16:30:00,0.0,0.400146484375,0.796875,0.0999755859375,0.2967529296875
2024-05-31 17:15:00,0.2000732421875,1.7996826171875,3.0,0.0,1.000244140625
2024-05-31 17:30:00,0.0999755859375,1.10040283203125,1.80078125,0.0,0.60040283203125
2024-05-31 17:45:00,0.0999755859375,0.2998046875,0.30078125,0.0,-0.0989990234375
2024-05-31 18:00:00,0.0999755859375,0.799560546875,1.3984375,0.0,0.4989013671875
2024-05-31 18:15:00,0.0,0.90020751953125,1.203125,0.0,0.30291748046875
2024-05-31 18:45:00,0.0999755859375,1.00006103515625,1.5,0.0,0.39996337890625
2024-05-31 19:15:00,0.0,0.80010986328125,1.3984375,0.0,0.59832763671875
2024-05-31 19:30:00,0.0,0.0,0.19921875,0.0,0.19921875
2024-05-31 19:45:00,0.0,0.099853515625,0.30078125,0.10003662109375,0.10089111328125
2024-05-31 20:15:00,0.10009765625,0.0,0.5,0.0,0.39990234375
2024-05-31 20:30:00,0.0,0.0,0.1015625,0.0,0.1015625
2024-05-31 20:45:00,0.0,0.0,0.19921875,0.0,0.19921875
2024-05-31 21:00:00,0.0,0.0,0.0,0.0,0.0
2024-05-31 21:15:00,0.0999755859375,0.0,0.30078125,0.0,0.2008056640625
2024-05-31 22:30:00,0.0,0.0,0.796875,0.0,0.796875
2024-05-31 22:45:00,0.0999755859375,0.0,0.1015625,0.0999755859375,-0.098388671875
2024-05-31 23:15:00,0.0,0.0,0.30078125,0.0,0.30078125
2024-05-31 23:30:00,0.0,0.0,0.19921875,0.0,0.19921875
2024-06-01 00:15:00,0.0999755859375,0.0,0.5,0.0,0.4000244140625
2024-06-01 00:30:00,0.0,0.0,0.1015625,0.0,0.1015625
2024-06-01 01:00:00,0.0,0.0,0.3984375,0.0,0.3984375
2024-06-01 01:30:00,0.0999755859375,0.0,0.30078125,0.0,0.2008056640625
2024-06-01 01:45:00,0.0,0.0,0.0,0.0,0.0
2024-06-01 02:15:00,0.0,0.0,0.3984375,0.10003662109375,0.29840087890625
2024-06-01 03:15:00,0.10009765625,0.0,0.5,0.0,0.39990234375
2024-06-01 03:30:00,0.0,0.0,0.19921875,0.0,0.19921875
2024-06-01 03:45:00,0.0,0.0,0.1015625,0.0,0.1015625
2024-06-01 04:00:00,0.0,0.0,0.19921875,0.0,0.19921875
2024-06-01 04:15:00,0.0,0.0,0.1015625,0.0,0.1015625
2024-06-01 04:30:00,0.0999755859375,0.0,0.09765625,0.0,-0.0023193359375
2024-06-01 05:00:00,0.0,0.0,0.40234375,0.0999755859375,0.3023681640625
2024-06-01 05:45:00,0.0,0.10009765625,0.3984375,0.0,0.29833984375
2024-06-01 06:15:00,0.0999755859375,0.0,0.40234375,0.0,0.3023681640625
2024-06-01 06:45:00,0.0,0.0,0.296875,0.0,0.296875
2024-06-01 07:00:00,0.0,0.0,0.1015625,0.0,0.1015625
2024-06-01 07:15:00,0.0999755859375,0.0,0.19921875,0.0,0.0992431640625
2024-06-01 07:45:00,0.0,0.0,0.30078125,0.0,0.30078125
2024-06-01 08:00:00,0.0,0.0,0.19921875,0.0999755859375,0.0992431640625
2024-06-01 08:30:00,0.0999755859375,0.0,0.30078125,0.0,0.2008056640625
2024-06-01 08:45:00,0.0,0.0,0.1015625,0.0,0.1015625
2024-06-01 09:00:00,0.0,0.099853515625,0.296875,0.0,0.197021484375
2024-06-01 09:15:00,0.0,0.0,0.1015625,0.0,0.1015625
2024-06-01 09:30:00,0.0,0.0,0.19921875,0.0,0.19921875
2024-06-01 09:45:00,0.0,0.0,0.19921875,0.0,0.19921875
2024-06-01 10:00:00,0.10009765625,0.0,0.1015625,0.0,0.00146484375
2024-06-01 10:15:00,0.0,0.0,0.1015625,0.0,0.1015625
2024-06-01 10:30:00,0.0,0.0,0.19921875,0.0,0.19921875
2024-06-01 10:45:00,0.0,0.0,0.19921875,0.0,0.19921875
2024-06-01 11:15:00,0.0,0.0,0.30078125,0.10003662109375,0.20074462890625
2024-06-01 12:15:00,0.0999755859375,0.0,0.5,0.0,0.4000244140625
2024-06-01 12:30:00,0.0,0.0,0.19921875,0.0,0.19921875
2024-06-01 13:00:00,0.0999755859375,0.0,0.3984375,0.0,0.2984619140625
2024-06-01 13:30:00,0.0,0.0,0.30078125,0.0,0.30078125
2024-06-01 13:45:00,0.0,0.0,0.0,0.0,0.0
2024-06-01 14:15:00,0.0999755859375,0.0,0.40234375,0.0999755859375,0.202392578125
2024-06-01 14:30:00,0.0,0.0,0.09765625,0.0,0.09765625
2024-06-01 14:45:00,0.0,0.0,0.19921875,0.0,0.19921875
2024-06-01 15:00:00,0.0,0.0,0.203125,0.0,0.203125
2024-06-01 15:15:00,0.0,0.0,0.09765625,0.0,0.09765625
2024-06-01 16:15:00,0.0999755859375,0.0,0.40234375,0.0,0.3023681640625
2024-06-01 17:00:00,0.10009765625,0.0,0.5,0.0,0.39990234375
2024-06-01 18:30:00,0.0999755859375,0.0,0.8984375,0.10003662109375,0.69842529296875
2024-06-01 19:15:00,0.0,0.0,0.5,0.0,0.5
2024-06-01 19:30:00,0.0,0.0,0.19921875,0.0,0.19921875
2024-06-01 19:45:00,0.0,0.0,0.1015625,0.0,0.1015625
2024-06-01 20:00:00,0.0999755859375,0.0,0.19921875,0.0,0.0992431640625
2024-06-01 20:30:00,0.0,0.0,0.30078125,0.0999755859375,0.2008056640625
2024-06-01 21:00:00,0.0,0.0,0.19921875,0.0,0.19921875
2024-06-01 21:15:00,0.0999755859375,0.0,0.19921875,0.0,0.0992431640625
2024-06-01 21:30:00,0.0,0.0,0.19921875,0.0,0.19921875
2024-06-01 22:00:00,0.0,0.0,0.30078125,0.0,0.30078125
2024-06-01 22:15:00,0.0,0.0,0.1015625,0.0,0.1015625
2024-06-01 22:30:00,0.0,0.0,0.19921875,0.0,0.19921875
2024-06-01 22:45:00,0.0999755859375,0.0,0.1015625,0.0,0.0015869140625
2024-06-01 23:00:00,0.0,0.0,0.19921875,0.0,0.19921875
2024-06-01 23:30:00,0.0,0.0,0.19921875,0.0999755859375,0.0992431640625
2024-06-01 23:45:00,0.0,0.0,0.19921875,0.0,0.19921875
2024-06-02 00:00:00,0.10009765625,0.0,0.1015625,0.0,0.00146484375
2024-06-02 00:45:00,0.0,0.0,0.59765625,0.0,0.59765625
2024-06-02 01:15:00,0.0,0.0,0.203125,0.0,0.203125
2024-06-02 01:30:00,0.0999755859375,0.0,0.19921875,0.0,0.0992431640625
2024-06-02 02:00:00,0.0,0.0,0.30078125,0.0,0.30078125
2024-06-02 02:30:00,0.0,0.0,0.296875,0.10003662109375,0.19683837890625
2024-06-02 03:15:00,0.0999755859375,0.0,0.30078125,0.0,0.2008056640625
2024-06-02 03:30:00,0.0,0.0,0.19921875,0.0,0.19921875
2024-06-02 04:45:00,0.0999755859375,0.0,0.703125,0.0,0.6031494140625
2024-06-02 05:00:00,0.0,0.0,0.0,0.0,0.0
2024-06-02 05:30:00,0.0,0.0,0.5,0.0,0.5
2024-06-02 05:45:00,0.0,0.0,0.09765625,0.0999755859375,-0.0023193359375
2024-06-02 06:30:00,0.0999755859375,0.0,0.6015625,0.0,0.5015869140625
2024-06-02 06:45:00,0.0,0.0,0.0,0.0,0.0
2024-06-02 07:00:00,0.0,0.0,0.19921875,0.0,0.19921875
2024-06-02 07:15:00,0.10009765625,0.0,0.1015625,0.0,0.00146484375
2024-06-02 07:30:00,0.0,0.0,0.19921875,0.0,0.19921875
2024-06-02 07:45:00,0.0,0.0,0.19921875,0.0,0.19921875
2024-06-02 08:00:00,0.0,0.0,0.1015625,0.0,0.1015625
2024-06-02 08:30:00,0.0,0.0,0.296875,0.0,0.296875
2024-06-02 09:15:00,0.0999755859375,0.0,0.5,0.10003662109375,0.29998779296875
2024-06-02 09:30:00,0.0,0.0,0.203125,0.0,0.203125
2024-06-02 10:00:00,0.0999755859375,0.0,0.296875,0.0,0.1968994140625
2024-06-02 10:45:00,0.0,0.0,0.5,0.0,0.5
2024-06-02 11:15:00,0.0,0.0,0.30078125,0.0,0.30078125
2024-06-02 11:45:00,0.0999755859375,0.0,0.40234375,0.0999755859375,0.202392578125
2024-06-02 12:15:00,0.0,0.0,0.296875,0.0,0.296875
2024-06-02 12:45:00,0.0999755859375,0.0,0.30078125,0.0,0.2008056640625
2024-06-02 13:30:00,0.0,0.0,0.40234375,0.0,0.40234375
2024-06-02 13:45:00,0.0,0.0,0.09765625,0.0,0.09765625
2024-06-02 14:15:00,0.10009765625,0.0,0.40234375,0.0,0.30224609375
2024-06-02 15:30:00,0.0,0.0,0.59765625,0.0999755859375,0.4976806640625
2024-06-02 16:00:00,0.0999755859375,0.0,0.40234375,0.0,0.3023681640625
2024-06-02 16:15:00,0.0,0.0,0.09765625,0.0,0.09765625
2024-06-02 16:30:00,0.0,0.0,0.19921875,0.0,0.19921875
2024-06-02 17:30:00,0.0999755859375,0.0,0.5,0.0,0.4000244140625
2024-06-02 20:00:00,0.199951171875,0.0,1.5,0.10003662109375,1.20001220703125
2024-06-02 20:15:00,0.0,0.0,0.203125,0.0,0.203125
2024-06-02 20:30:00,0.0,0.0,0.09765625,0.0,0.09765625
2024-06-02 20:45:00,0.0,0.0,0.1015625,0.0,0.1015625
2024-06-02 21:45:00,0.10009765625,0.0,0.69921875,0.0999755859375,0.4991455078125
2024-06-02 22:00:00,0.0,0.0,0.1015625,0.0,0.1015625
2024-06-02 22:30:00,0.0,0.0,0.296875,0.0,0.296875
2024-06-02 22:45:00,0.0999755859375,0.0,0.203125,0.0,0.1031494140625
2024-06-02 23:00:00,0.0,0.0,0.09765625,0.0,0.09765625
2024-06-02 23:30:00,0.0,0.0,0.30078125,0.0,0.30078125
2024-06-03 01:00:00,0.0999755859375,0.0,0.80078125,0.10003662109375,0.60076904296875
2024-06-03 01:30:00,0.0999755859375,0.0,0.5,0.0,0.4000244140625
2024-06-03 02:15:00,0.0,0.0,0.30078125,0.0,0.30078125
2024-06-03 02:30:00,0.0,0.0,0.19921875,0.0,0.19921875
2024-06-03 03:45:00,0.0999755859375,0.0,0.69921875,0.0999755859375,0.499267578125
2024-06-03 04:15:00,0.0,0.0,0.30078125,0.0,0.30078125
2024-06-03 04:45:00,0.10009765625,0.10009765625,0.3984375,0.0,0.1982421875
2024-06-03 05:30:00,0.0,0.2998046875,0.80078125,0.0,0.5009765625
2024-06-03 06:00:00,0.0999755859375,0.5003662109375,0.8984375,0.0,0.298095703125
2024-06-03 06:30:00,0.0,0.8994140625,1.1015625,0.0999755859375,0.1021728515625
2024-06-03 07:00:00,0.0,0.10009765625,0.5,0.0,0.39990234375
2024-06-03 07:15:00,0.0999755859375,0.60009765625,0.69921875,0.0,-0.0008544921875
2024-06-03 07:30:00,0.0,0.400146484375,0.69921875,0.0,0.299072265625
2024-06-03 07:45:00,0.0,0.399658203125,0.5,0.0,0.100341796875
2024-06-03 08:00:00,0.0,0.500244140625,0.90234375,0.0,0.402099609375
2024-06-03 08:15:00,0.0,0.300537109375,0.19921875,0.0,-0.101318359375
2024-06-03 08:30:00,0.0999755859375,0.7998046875,1.19921875,0.0,0.2994384765625
2024-06-03 08:45:00,0.0,0.3994140625,0.80078125,0.0,0.4013671875
2024-06-03 09:00:00,0.0999755859375,0.70068359375,1.1015625,0.0,0.3009033203125
2024-06-03 09:15:00,0.10009765625,0.599365234375,1.0,0.10003662109375,0.20050048828125
2024-06-03 10:15:00,0.2999267578125,2.500732421875,3.8984375,0.0,1.0977783203125
2024-06-03 10:30:00,0.0999755859375,0.59912109375,1.19921875,0.0,0.5001220703125
2024-06-03 10:45:00,0.0,0.20068359375,0.30078125,0.0,0.10009765625
2024-06-03 11:00:00,0.10009765625,0.7998046875,1.30078125,0.0,0.40087890625
2024-06-03 11:15:00,0.0999755859375,0.399658203125,0.80078125,0.0,0.3011474609375
2024-06-03 11:30:00,0.0,0.5,0.796875,0.0,0.296875
2024-06-03 11:45:00,0.0999755859375,0.600341796875,0.80078125,0.0,0.1004638671875
2024-06-03 12:15:00,0.0999755859375,0.89990234375,1.6015625,0.0999755859375,0.501708984375
2024-06-03 12:45:00,0.0999755859375,1.000244140625,1.5,0.0,0.3997802734375
2024-06-03 13:00:00,0.0,0.299560546875,0.59765625,0.0,0.298095703125
2024-06-03 13:15:00,0.0,0.500244140625,0.80078125,0.0,0.300537109375
2024-06-03 13:30:00,0.10009765625,0.60009765625,1.0,0.0,0.2998046875
2024-06-03 13:45:00,0.0,0.19970703125,0.30078125,0.0,0.10107421875
2024-06-03 14:00:00,0.0999755859375,0.80029296875,1.30078125,0.0,0.4005126953125
2024-06-03 14:15:00,0.0,0.099609375,0.30078125,0.0,0.201171875
2024-06-03 14:30:00,0.0999755859375,0.7001953125,1.09765625,0.0,0.2974853515625
2024-06-03 15:30:00,0.199951171875,2.19970703125,3.80078125,0.10003662109375,1.30108642578125
2024-06-03 16:15:00,0.10009765625,1.400146484375,2.30078125,0.0,0.800537109375
2024-06-03 17:15:00,0.199951171875,2.10009765625,3.69921875,0.0,1.399169921875
2024-06-03 17:45:00,0.0999755859375,1.200439453125,1.6015625,0.0,0.3011474609375
2024-06-03 18:00:00,0.0,0.3994140625,0.796875,0.0,0.3974609375
2024-06-03 18:30:00,0.0999755859375,0.900634765625,1.40234375,0.0999755859375,0.3017578125
2024-06-03 19:00:00,0.10009765625,0.7998046875,1.19921875,0.0,0.29931640625
2024-06-03 19:15:00,0.0,0.3994140625,0.5,0.0,0.1005859375
2024-06-03 19:45:00,0.0,0.2001953125,0.6015625,0.0,0.4013671875
2024-06-03 20:00:00,0.0,0.0,0.19921875,0.0,0.19921875
2024-06-03 20:15:00,0.0999755859375,0.0,0.09765625,0.0,-0.0023193359375
2024-06-03 20:30:00,0.0,0.099853515625,0.30078125,0.0,0.200927734375
2024-06-03 20:45:00,0.0,0.0,0.0,0.0,0.0
2024-06-03 21:00:00,0.0,0.10009765625,0.30078125,0.0,0.20068359375
2024-06-03 21:30:00,0.0,0.099853515625,0.30078125,0.0,0.200927734375
2024-06-03 22:00:00,0.0999755859375,0.10009765625,0.3984375,0.0999755859375,0.098388671875
2024-06-03 22:15:00,0.0,0.0,0.19921875,0.0,0.19921875
2024-06-03 22:30:00,0.0,0.0,0.1015625,0.0,0.1015625
2024-06-03 23:00:00,0.0,0.0,0.30078125,0.0,0.30078125
2024-06-03 23:15:00,0.0999755859375,0.0,0.09765625,0.0,-0.0023193359375
2024-06-03 23:30:00,0.0,0.0,0.1015625,0.0,0.1015625
2024-06-04 00:45:00,0.0999755859375,0.0,0.80078125,0.10003662109375,0.60076904296875
2024-06-04 01:00:00,0.0,0.0,0.09765625,0.0,0.09765625
2024-06-04 03:00:00,0.10009765625,0.0,1.0,0.0,0.89990234375
2024-06-04 03:45:00,0.0999755859375,0.0,0.40234375,0.0999755859375,0.202392578125
2024-06-04 04:30:00,0.0,0.10009765625,0.59765625,0.0,0.49755859375
2024-06-04 04:45:00,0.0999755859375,0.199951171875,0.30078125,0.0,0.0008544921875
2024-06-04 05:15:00,0.0,0.099853515625,0.40234375,0.0,0.302490234375
2024-06-04 05:30:00,0.0,0.10009765625,0.296875,0.0,0.19677734375
2024-06-04 06:30:00,0.0999755859375,0.700439453125,1.40234375,0.0,0.6019287109375
2024-06-04 07:30:00,0.0999755859375,1.0,1.69921875,0.10003662109375,0.49920654296875
2024-06-04 07:45:00,0.0,0.400146484375,0.3984375,0.0,-0.001708984375
2024-06-04 08:30:00,0.0,1.5,2.5,0.0,1.0
2024-06-04 08:45:00,0.10009765625,0.5,0.703125,0.0,0.10302734375
2024-06-04 09:15:00,0.0999755859375,0.800048828125,1.09765625,0.0,0.1976318359375
2024-06-04 10:15:00,0.0999755859375,2.100341796875,3.5,0.0999755859375,1.19970703125
2024-06-04 10:45:00,0.0999755859375,1.19921875,2.1015625,0.0,0.8023681640625
2024-06-04 11:15:00,0.0999755859375,0.7001953125,1.09765625,0.0,0.2974853515625
2024-06-04 11:30:00,0.10009765625,0.7998046875,1.5,0.0,0.60009765625
2024-06-04 12:00:00,0.0,0.7998046875,1.203125,0.0,0.4033203125
2024-06-04 12:15:00,0.0999755859375,0.10009765625,0.3984375,0.0,0.1983642578125
2024-06-04 12:30:00,0.0,0.39990234375,0.8984375,0.0,0.49853515625
2024-06-04 12:45:00,0.0999755859375,0.400146484375,0.703125,0.0,0.2030029296875
2024-06-04 13:00:00,0.0,0.400390625,0.59765625,0.0999755859375,0.0972900390625
2024-06-04 13:15:00,0.0,0.199462890625,0.6015625,0.0,0.402099609375
2024-06-04 13:30:00,0.0999755859375,0.30078125,0.59765625,0.0,0.1968994140625
2024-06-04 13:45:00,0.0,0.499267578125,0.90234375,0.0,0.403076171875
2024-06-04 14:15:00,0.0999755859375,1.30029296875,2.19921875,0.0,0.7989501953125
2024-06-04 14:45:00,0.10009765625,0.7998046875,1.3984375,0.0,0.49853515625
2024-06-04 16:00:00,0.199951171875,2.60009765625,4.5,0.10003662109375,1.59991455078125
2024-06-04 16:15:00,0.0999755859375,0.400390625,0.80078125,0.0,0.3004150390625
2024-06-04 16:30:00,0.0,0.2998046875,0.6015625,0.0,0.3017578125
2024-06-04 16:45:00,0.0,0.500244140625,0.80078125,0.0,0.300537109375
2024-06-04 17:00:00,0.0999755859375,0.299560546875,0.5,0.0,0.1004638671875
2024-06-04 17:30:00,0.10009765625,1.400146484375,2.19921875,0.0,0.698974609375
2024-06-04 18:45:00,0.199951171875,2.099609375,3.30078125,0.0,1.001220703125
2024-06-04 19:15:00,0.0999755859375,1.100341796875,1.69921875,0.0999755859375,0.39892578125
2024-06-04 19:30:00,0.0,0.299560546875,0.3984375,0.0,0.098876953125
2024-06-04 19:45:00,0.0,0.600341796875,0.90234375,0.0,0.302001953125
2024-06-04 20:15:00,0.0999755859375,0.800048828125,1.09765625,0.0,0.1976318359375
2024-06-04 20:30:00,0.0,0.2001953125,0.30078125,0.0,0.1005859375
2024-06-04 20:45:00,0.0,0.3994140625,0.5,0.0,0.1005859375
2024-06-04 21:00:00,0.0,0.20068359375,0.5,0.0,0.29931640625
2024-06-04 21:30:00,0.10009765625,0.0,0.19921875,0.0,0.09912109375
2024-06-04 22:15:00,0.0,0.0,0.5,0.10003662109375,0.39996337890625
2024-06-04 22:30:00,0.0,0.0,0.1015625,0.0,0.1015625
2024-06-04 22:45:00,0.0999755859375,0.0,0.19921875,0.0,0.0992431640625
2024-06-04 23:00:00,0.0,0.0,0.0,0.0,0.0
2024-06-04 23:15:00,0.0,0.0,0.19921875,0.0,0.19921875
2024-06-04 23:30:00,0.0,0.0,0.1015625,0.0,0.1015625
2024-06-04 23:45:00,0.0,0.0,0.19921875,0.0,0.19921875
2024-06-05 00:00:00,0.0,0.0,0.0,0.0,0.0
2024-06-05 00:15:00,0.0999755859375,0.0,0.30078125,0.0,0.2008056640625
2024-06-05 00:30:00,0.0,0.0,0.0,0.0,0.0
2024-06-05 01:30:00,0.0999755859375,0.0,0.69921875,0.0999755859375,0.499267578125
2024-06-05 01:45:00,0.0,0.0,0.1015625,0.0,0.1015625
2024-06-05 02:15:00,0.0,0.0,0.296875,0.0,0.296875
2024-06-05 02:30:00,0.0,0.0,0.0,0.0,0.0
2024-06-05 02:45:00,0.0,0.0,0.203125,0.0,0.203125
2024-06-05 03:15:00,0.0999755859375,0.0,0.296875,0.0,0.1968994140625
2024-06-05 03:45:00,0.0,0.0,0.203125,0.0,0.203125
2024-06-05 04:15:00,0.0,0.0,0.19921875,0.0,0.19921875
2024-06-05 04:30:00,0.10009765625,0.10009765625,0.30078125,0.0999755859375,0.0006103515625
2024-06-05 04:45:00,0.0,0.0,0.09765625,0.0,0.09765625
2024-06-05 05:00:00,0.0,0.199951171875,0.40234375,0.0,0.202392578125
2024-06-05 05:30:00,0.0,0.199951171875,0.5,0.0,0.300048828125
2024-06-05 05:45:00,0.0,0.0,0.09765625,0.0,0.09765625
2024-06-05 07:15:00,0.199951171875,1.19970703125,2.1015625,0.0,0.701904296875
2024-06-05 07:45:00,0.0,1.1005859375,1.69921875,0.10003662109375,0.49859619140625
2024-06-05 08:00:00,0.0,0.4990234375,0.69921875,0.0,0.2001953125
2024-06-05 08:15:00,0.0,0.30078125,0.5,0.0,0.19921875
2024-06-05 08:45:00,0.0999755859375,1.099365234375,1.80078125,0.0,0.6014404296875
2024-06-05 09:00:00,0.0,0.60009765625,0.69921875,0.0,0.09912109375
2024-06-05 09:15:00,0.0,0.500244140625,0.80078125,0.0,0.300537109375
2024-06-05 10:00:00,0.0,1.200439453125,1.8984375,0.0,0.697998046875
2024-06-05 10:30:00,0.0999755859375,0.899658203125,1.703125,0.0,0.7034912109375
2024-06-05 10:45:00,0.0,1.0,1.3984375,0.0999755859375,0.2984619140625
2024-06-05 12:15:00,0.2000732421875,3.000244140625,5.0,0.0,1.7996826171875
2024-06-05 12:30:00,0.0999755859375,1.00006103515625,1.5,0.0,0.39996337890625
2024-06-05 13:15:00,0.0999755859375,1.7996826171875,2.69921875,0.0,0.799560546875
2024-06-05 13:45:00,0.0,1.10009765625,1.69921875,0.10003662109375,0.49908447265625
2024-06-05 14:00:00,0.2000732421875,0.80010986328125,1.40234375,0.0,0.40216064453125
2024-06-05 14:15:00,0.0,0.60003662109375,1.09765625,0.0,0.49761962890625
2024-06-05 14:45:00,0.199951171875,1.0999755859375,1.703125,0.0,0.4031982421875
2024-06-05 15:15:00,0.199951171875,1.6998291015625,2.69921875,0.0,0.7994384765625
2024-06-05 15:30:00,0.10009765625,0.69970703125,1.0,0.0,0.2001953125
2024-06-05 15:45:00,0.0,0.60003662109375,1.0,0.0,0.39996337890625
2024-06-05 16:00:00,0.0,0.6002197265625,0.8984375,0.0,0.2982177734375
2024-06-05 16:15:00,0.0999755859375,0.70025634765625,1.0,0.0,0.19976806640625
2024-06-05 16:30:00,0.0,0.299560546875,0.5,0.0,0.200439453125
2024-06-05 16:45:00,0.0,0.500244140625,0.80078125,0.0999755859375,0.2005615234375
2024-06-05 17:30:00,0.199951171875,1.39990234375,2.30078125,0.0,0.700927734375
2024-06-05 18:00:00,0.0999755859375,1.199462890625,1.80078125,0.0,0.5013427734375
2024-06-05 18:15:00,0.0,0.500244140625,0.69921875,0.0,0.198974609375
2024-06-05 18:30:00,0.0,0.0,0.19921875,0.0,0.19921875
2024-06-05 18:45:00,0.10009765625,0.899658203125,1.30078125,0.0,0.301025390625
2024-06-05 19:00:00,0.0,0.30078125,0.3984375,0.0,0.09765625
2024-06-05 19:30:00,0.0999755859375,0.699462890625,1.1015625,0.0,0.3021240234375
2024-06-05 19:45:00,0.0,0.199951171875,0.3984375,0.0999755859375,0.0985107421875
2024-06-05 20:15:00,0.0,0.400146484375,0.80078125,0.0,0.400634765625
2024-06-05 21:00:00,0.0999755859375,0.699951171875,0.8984375,0.0,0.0985107421875
2024-06-05 21:30:00,0.0999755859375,0.0,0.5,0.0,0.4000244140625
2024-06-05 21:45:00,0.0,0.0,0.1015625,0.0,0.1015625
2024-06-05 22:15:00,0.0,0.0,0.19921875,0.0,0.19921875
2024-06-05 23:00:00,0.0999755859375,0.0,0.6015625,0.10003662109375,0.40155029296875
2024-06-05 23:30:00,0.0,0.0,0.30078125,0.0,0.30078125
2024-06-05 23:45:00,0.0,0.0,0.09765625,0.0,0.09765625
2024-06-06 00:00:00,0.0,0.0,0.19921875,0.0,0.19921875
2024-06-06 00:30:00,0.10009765625,0.0,0.30078125,0.0,0.20068359375
2024-06-06 00:45:00,0.0,0.0,0.0,0.0,0.0
2024-06-06 01:00:00,0.0,0.0,0.19921875,0.0,0.19921875
2024-06-06 01:15:00,0.0,0.0,0.1015625,0.0,0.1015625
2024-06-06 01:45:00,0.0999755859375,0.0,0.30078125,0.0,0.2008056640625
2024-06-06 02:45:00,0.0,0.0,0.5,0.0999755859375,0.4000244140625
2024-06-06 03:00:00,0.0999755859375,0.0,0.19921875,0.0,0.0992431640625
2024-06-06 03:15:00,0.0,0.0,0.19921875,0.0,0.19921875
2024-06-06 03:30:00,0.0,0.0,0.1015625,0.0,0.1015625
2024-06-06 03:45:00,0.0,0.0,0.19921875,0.0,0.19921875
2024-06-06 04:00:00,0.0,0.0,0.0,0.0,0.0
2024-06-06 04:15:00,0.0,0.0,0.19921875,0.0,0.19921875
2024-06-06 04:45:00,0.0999755859375,0.0,0.19921875,0.0,0.0992431640625
2024-06-06 05:00:00,0.0,0.0,0.203125,0.10003662109375,0.10308837890625
2024-06-06 05:30:00,0.0,0.0,0.3984375,0.0,0.3984375
2024-06-06 05:45:00,0.0,0.0,0.1015625,0.0,0.1015625
2024-06-06 06:15:00,0.0999755859375,0.0,0.19921875,0.0,0.0992431640625
2024-06-06 06:30:00,0.0,0.0,0.30078125,0.0,0.30078125
2024-06-06 06:45:00,0.0,0.0,0.09765625,0.0,0.09765625
2024-06-06 07:00:00,0.0,0.0,0.1015625,0.0,0.1015625
2024-06-06 07:15:00,0.0,0.0,0.09765625,0.0,0.09765625
2024-06-06 08:00:00,0.10009765625,0.0,0.40234375,0.0,0.30224609375
2024-06-06 08:15:00,0.0,0.0,0.19921875,0.0999755859375,0.0992431640625
2024-06-06 09:00:00,0.0999755859375,0.0,0.3984375,0.0,0.2984619140625
2024-06-06 09:30:00,0.0,0.0,0.203125,0.0,0.203125
2024-06-06 09:45:00,0.0,0.0,0.296875,0.0,0.296875
2024-06-06 10:00:00,0.0,0.0,0.1015625,0.0,0.1015625
2024-06-06 10:15:00,0.0999755859375,0.0,0.1015625,0.0,0.0015869140625
2024-06-06 10:30:00,0.0,0.0,0.19921875,0.0,0.19921875
2024-06-06 10:45:00,0.0,0.0,0.19921875,0.0,0.19921875
2024-06-06 11:15:00,0.0,0.0,0.19921875,0.0999755859375,0.0992431640625
2024-06-06 11:30:00,0.0,0.0,0.1015625,0.0,0.1015625
2024-06-06 11:45:00,0.0999755859375,0.0,0.19921875,0.0,0.0992431640625
2024-06-06 13:15:00,0.0999755859375,0.0,0.80078125,0.0,0.7008056640625
2024-06-06 15:00:00,0.10009765625,0.0,1.09765625,0.10003662109375,0.89752197265625
2024-06-06 15:15:00,0.0,0.0,0.1015625,0.0,0.1015625
2024-06-06 15:30:00,0.0,0.0,0.1015625,0.0,0.1015625
2024-06-06 15:45:00,0.0,0.0,0.19921875,0.0,0.19921875
2024-06-06 16:00:00,0.0999755859375,0.0,0.09765625,0.0,-0.0023193359375
2024-06-06 16:30:00,0.0,0.0,0.203125,0.0,0.203125
2024-06-06 16:45:00,0.0,0.0,0.19921875,0.0,0.19921875
2024-06-06 17:30:00,0.0999755859375,0.0,0.30078125,0.0999755859375,0.100830078125
2024-06-06 18:00:00,0.0,0.0,0.3984375,0.0,0.3984375
2024-06-06 19:00:00,0.0999755859375,0.0,0.6015625,0.0,0.5015869140625
2024-06-06 19:15:00,0.0,0.0,0.09765625,0.0,0.09765625
2024-06-06 19:30:00,0.0,0.0,0.19921875,0.0,0.19921875
2024-06-06 19:45:00,0.0,0.0,0.1015625,0.0,0.1015625
2024-06-06 20:00:00,0.0,0.0,0.19921875,0.0,0.19921875
2024-06-06 20:15:00,0.0999755859375,0.0,0.19921875,0.10003662109375,-0.00079345703125
2024-06-06 21:00:00,0.0,0.0,0.30078125,0.0,0.30078125
2024-06-06 21:15:00,0.0,0.0,0.1015625,0.0,0.1015625
2024-06-06 21:45:00,0.10009765625,0.10009765625,0.3984375,0.0,0.1982421875
2024-06-06 22:15:00,0.0,0.0,0.1015625,0.0,0.1015625
2024-06-06 22:30:00,0.0,0.0,0.19921875,0.0,0.19921875
2024-06-06 22:45:00,0.0,0.0,0.19921875,0.0,0.19921875
2024-06-06 23:30:00,0.0999755859375,0.0,0.40234375,0.0999755859375,0.202392578125
2024-06-06 23:45:00,0.0,0.0,0.09765625,0.0,0.09765625
2024-06-07 00:00:00,0.0,0.0,0.1015625,0.0,0.1015625
2024-06-07 00:15:00,0.0,0.0,0.19921875,0.0,0.19921875
2024-06-07 00:30:00,0.0999755859375,0.0,0.1015625,0.0,0.0015869140625
2024-06-07 01:00:00,0.0,0.0,0.296875,0.0,0.296875
2024-06-07 01:45:00,0.0,0.0,0.6015625,0.0,0.6015625
2024-06-07 02:00:00,0.0999755859375,0.0,0.1015625,0.0,0.0015869140625
2024-06-07 02:15:00,0.0,0.0,0.09765625,0.0,0.09765625
2024-06-07 03:00:00,0.0,0.0,0.5,0.0999755859375,0.4000244140625
2024-06-07 03:15:00,0.0999755859375,0.0,0.1015625,0.0,0.0015869140625
2024-06-07 03:30:00,0.0,0.0,0.09765625,0.0,0.09765625
2024-06-07 03:45:00,0.0,0.0,0.1015625,0.0,0.1015625
2024-06-07 04:00:00,0.0,0.0,0.1015625,0.0,0.1015625
2024-06-07 04:15:00,0.0,0.0,0.19921875,0.0,0.19921875
2024-06-07 04:30:00,0.0,0.10009765625,0.19921875,0.0,0.09912109375
2024-06-07 04:45:00,0.10009765625,0.099853515625,0.30078125,0.0,0.100830078125
2024-06-07 05:30:00,0.0,0.300048828125,0.69921875,0.10003662109375,0.29913330078125
2024-06-07 05:45:00,0.0,0.0,0.19921875,0.0,0.19921875
2024-06-07 06:00:00,0.0,0.10009765625,0.30078125,0.0,0.20068359375
2024-06-07 06:45:00,0.0999755859375,0.7998046875,1.3984375,0.0,0.4986572265625
2024-06-07 07:00:00,0.0,0.099853515625,0.203125,0.0,0.103271484375
2024-06-07 07:15:00,0.0,0.10009765625,0.296875,0.0,0.19677734375
2024-06-07 08:00:00,0.0999755859375,0.60009765625,1.1015625,0.0,0.4014892578125
2024-06-07 08:15:00,0.0,0.0,0.19921875,0.0,0.19921875
2024-06-07 08:30:00,0.0,0.19970703125,0.30078125,0.0,0.10107421875
2024-06-07 08:45:00,0.0,0.199951171875,0.3984375,0.0999755859375,0.0985107421875
2024-06-07 09:30:00,0.0999755859375,0.30029296875,0.90234375,0.0,0.5020751953125
2024-06-07 09:45:00,0.0,0.0,0.09765625,0.0,0.09765625
2024-06-07 10:15:00,0.0999755859375,0.499755859375,0.80078125,0.0,0.2010498046875
2024-06-07 10:45:00,0.10009765625,0.30029296875,0.6015625,0.0,0.201171875
2024-06-07 11:00:00,0.0,0.0,0.19921875,0.0,0.19921875
2024-06-07 12:00:00,0.0999755859375,0.499755859375,1.19921875,0.10003662109375,0.49945068359375
2024-06-10 08:30:00,5.0,7.7001953125,48.19921875,2.199951171875,33.299072265625
2024-06-10 08:45:00,0.0,0.200439453125,0.30078125,0.0,0.100341796875
2024-06-10 09:00:00,0.0999755859375,0.600341796875,1.0,0.0,0.2996826171875
2024-06-10 10:15:00,0.0999755859375,2.59912109375,3.80078125,0.0,1.1016845703125
2024-06-10 10:45:00,0.0999755859375,0.900146484375,1.69921875,0.10003662109375,0.59906005859375
2024-06-10 11:00:00,0.0,0.800537109375,1.1015625,0.0,0.301025390625
2024-06-10 11:15:00,0.0,0.10009765625,0.19921875,0.0,0.09912109375
2024-06-10 11:30:00,0.10009765625,0.4990234375,0.8984375,0.0,0.29931640625
2024-06-10 11:45:00,0.0,0.600341796875,1.0,0.0,0.399658203125
2024-06-10 12:00:00,0.0,0.500244140625,0.5,0.0,-0.000244140625
2024-06-10 12:15:00,0.0999755859375,0.500244140625,1.1015625,0.0,0.5013427734375
2024-06-10 12:30:00,0.0,0.7001953125,1.0,0.0,0.2998046875
2024-06-10 12:45:00,0.0999755859375,0.299560546875,0.6015625,0.0,0.2020263671875
2024-06-10 13:00:00,0.0,0.7998046875,1.09765625,0.0,0.2978515625
2024-06-10 13:30:00,0.199951171875,0.899658203125,1.90234375,0.0999755859375,0.7027587890625
2024-06-10 13:45:00,0.10009765625,0.50048828125,0.8984375,0.0,0.2978515625
2024-06-10 14:00:00,0.199951171875,0.5,0.8984375,0.0,0.198486328125
2024-06-10 14:15:00,0.0999755859375,0.49951171875,1.0,0.0,0.4005126953125
2024-06-10 14:45:00,0.300048828125,1.1005859375,1.90234375,0.0,0.501708984375
2024-06-10 16:30:00,1.0,3.50018310546875,6.59765625,0.0,2.09747314453125
2024-06-10 16:45:00,0.199951171875,0.500244140625,0.90234375,0.10003662109375,0.10211181640625
2024-06-10 17:15:00,0.0999755859375,0.9993896484375,1.69921875,0.0,0.599853515625
2024-06-10 18:00:00,0.10009765625,1.499755859375,2.30078125,0.0,0.700927734375
2024-06-10 18:30:00,0.0999755859375,0.50048828125,1.0,0.0,0.3995361328125
2024-06-10 18:45:00,0.0,0.699951171875,1.09765625,0.0,0.397705078125
2024-06-10 19:30:00,0.199951171875,1.599609375,2.40234375,0.0,0.602783203125
2024-06-10 20:00:00,0.0,0.600341796875,0.69921875,0.0999755859375,-0.0010986328125
2024-06-10 21:00:00,0.0999755859375,1.2998046875,2.1015625,0.0,0.7017822265625
2024-06-10 21:15:00,0.0,0.0,0.0,0.0,0.0
2024-06-10 21:30:00,0.0,0.0,0.19921875,0.0,0.19921875
2024-06-10 22:00:00,0.10009765625,0.0,0.19921875,0.0,0.09912109375
2024-06-10 22:30:00,0.0,0.0,0.3984375,0.0,0.3984375
2024-06-10 22:45:00,0.0,0.0,0.1015625,0.0999755859375,0.0015869140625
2024-06-10 23:00:00,0.0999755859375,0.0,0.1015625,0.0,0.0015869140625
2024-06-10 23:15:00,0.0,0.0,0.09765625,0.0,0.09765625
2024-06-10 23:45:00,0.0,0.0,0.30078125,0.0,0.30078125
2024-06-11 00:00:00,0.0,0.0,0.19921875,0.0,0.19921875
2024-06-11 00:15:00,0.0,0.0,0.0,0.0,0.0
2024-06-11 00:30:00,0.0,0.0,0.1015625,0.0,0.1015625
2024-06-11 01:00:00,0.0999755859375,0.0,0.3984375,0.0,0.2984619140625
2024-06-11 01:30:00,0.0,0.0,0.30078125,0.0,0.30078125
2024-06-11 01:45:00,0.0,0.0,0.1015625,0.0,0.1015625
2024-06-11 02:30:00,0.0999755859375,0.0,0.296875,0.10003662109375,0.09686279296875
2024-06-11 03:00:00,0.0,0.0,0.30078125,0.0,0.30078125
2024-06-11 03:15:00,0.0999755859375,0.0,0.1015625,0.0,0.0015869140625
2024-06-11 03:30:00,0.0,0.0,0.09765625,0.0,0.09765625
2024-06-11 04:00:00,0.0,0.0,0.203125,0.0,0.203125
2024-06-11 04:15:00,0.0,0.0,0.09765625,0.0,0.09765625
2024-06-11 04:30:00,0.0,0.099853515625,0.30078125,0.0,0.200927734375
2024-06-11 04:45:00,0.10009765625,0.10009765625,0.1015625,0.0,-0.0986328125
2024-06-11 05:30:00,0.0,0.199951171875,0.59765625,0.0999755859375,0.2977294921875
2024-06-11 05:45:00,0.0,0.10009765625,0.19921875,0.0,0.09912109375
2024-06-11 06:00:00,0.0,0.099853515625,0.40234375,0.0,0.302490234375
2024-06-11 06:15:00,0.0999755859375,0.400390625,0.3984375,0.0,-0.1019287109375
2024-06-11 06:45:00,0.0,0.400146484375,0.69921875,0.0,0.299072265625
2024-06-11 07:45:00,0.199951171875,2.10009765625,3.0,0.0,0.699951171875
2024-06-11 08:00:00,0.0,0.399169921875,0.40234375,0.0,0.003173828125
2024-06-11 08:30:00,0.0999755859375,0.801025390625,1.19921875,0.10003662109375,0.19818115234375
2024-06-11 09:30:00,0.2000732421875,1.899169921875,3.0,0.0,0.9007568359375
2024-06-11 09:45:00,0.0999755859375,0.600341796875,0.80078125,0.0,0.1004638671875
2024-06-11 10:00:00,0.0,0.50048828125,0.80078125,0.0,0.30029296875
2024-06-11 10:45:00,0.199951171875,1.79949951171875,3.0,0.0,1.00054931640625
2024-06-11 11:00:00,0.0,0.299560546875,0.69921875,0.0,0.399658203125
2024-06-11 11:15:00,0.10009765625,0.90087890625,1.3984375,0.0999755859375,0.2974853515625
2024-06-11 11:30:00,0.0,0.299560546875,0.6015625,0.0,0.302001953125
2024-06-11 11:45:00,0.0999755859375,0.2998046875,0.5,0.0,0.1002197265625
2024-06-11 12:30:00,0.0999755859375,1.7001953125,2.80078125,0.0,1.0006103515625
2024-06-11 13:00:00,0.199951171875,0.899658203125,1.796875,0.0,0.697265625
2024-06-11 13:15:00,0.10009765625,0.300537109375,0.30078125,0.0,-0.099853515625
2024-06-11 13:45:00,0.199951171875,0.89990234375,1.80078125,0.0,0.700927734375
2024-06-11 14:00:00,0.0999755859375,0.9996337890625,1.5,0.0,0.400390625
2024-06-11 14:15:00,0.0999755859375,0.300537109375,0.69921875,0.0999755859375,0.19873046875
2024-06-11 14:30:00,0.10009765625,0.499267578125,0.90234375,0.0,0.302978515625
2024-06-11 14:45:00,0.0999755859375,0.500244140625,0.8984375,0.0,0.2982177734375
2024-06-11 15:00:00,0.0,0.400634765625,0.6015625,0.0,0.200927734375
2024-06-11 15:15:00,0.0999755859375,0.7989501953125,1.3984375,0.0,0.49951171875
2024-06-11 15:45:00,0.199951171875,1.30078125,2.0,0.0,0.499267578125
2024-06-11 16:00:00,0.10009765625,0.29931640625,0.6015625,0.0,0.2021484375
2024-06-11 16:15:00,0.0999755859375,0.7001953125,1.19921875,0.0,0.3990478515625
2024-06-11 16:30:00,0.0,0.7999267578125,1.19921875,0.0,0.3992919921875
2024-06-11 16:45:00,0.0999755859375,0.2001953125,0.30078125,0.0,0.0006103515625
2024-06-11 17:30:00,0.199951171875,1.500244140625,2.59765625,0.10003662109375,0.79742431640625
2024-06-11 17:45:00,0.0,0.499755859375,0.90234375,0.0,0.402587890625
2024-06-11 18:00:00,0.10009765625,0.500244140625,0.80078125,0.0,0.200439453125
2024-06-11 18:15:00,0.0999755859375,0.10009765625,0.69921875,0.0,0.4991455078125
2024-06-11 18:30:00,0.0,0.099853515625,0.19921875,0.0,0.099365234375
2024-06-11 18:45:00,0.0999755859375,0.10009765625,0.30078125,0.0,0.1007080078125
2024-06-11 19:00:00,0.0999755859375,0.0,0.3984375,0.0,0.2984619140625
2024-06-11 19:15:00,0.0,0.0,0.1015625,0.0,0.1015625
2024-06-11 19:30:00,0.0,0.0,0.19921875,0.0,0.19921875
2024-06-11 19:45:00,0.0,0.0,0.19921875,0.0,0.19921875
2024-06-11 20:15:00,0.0999755859375,0.0,0.30078125,0.0,0.2008056640625
2024-06-11 20:45:00,0.0,0.0,0.19921875,0.0999755859375,0.0992431640625
2024-06-11 21:15:00,0.0,0.0,0.30078125,0.0,0.30078125
2024-06-11 21:30:00,0.0,0.0,0.1015625,0.0,0.1015625
2024-06-11 22:00:00,0.10009765625,0.0,0.296875,0.0,0.19677734375
2024-06-11 22:15:00,0.0,0.0,0.203125,0.0,0.203125
2024-06-11 22:30:00,0.0,0.0,0.09765625,0.0,0.09765625
2024-06-11 22:45:00,0.0,0.0,0.1015625,0.0,0.1015625
2024-06-11 23:00:00,0.0,0.0,0.19921875,0.0,0.19921875
2024-06-11 23:30:00,0.0999755859375,0.0,0.19921875,0.10003662109375,-0.00079345703125
2024-06-12 00:15:00,0.0,0.0,0.5,0.0,0.5
2024-06-12 00:30:00,0.0,0.0,0.19921875,0.0,0.19921875
2024-06-12 01:15:00,0.0999755859375,0.0,0.5,0.0,0.4000244140625
2024-06-12 01:30:00,0.0,0.0,0.1015625,0.0,0.1015625
2024-06-12 02:00:00,0.0999755859375,0.0,0.19921875,0.0,0.0992431640625
2024-06-12 03:15:00,0.0,0.0,0.69921875,0.0999755859375,0.5992431640625
2024-06-12 03:30:00,0.0999755859375,0.0,0.203125,0.0,0.1031494140625
2024-06-12 03:45:00,0.0,0.0,0.09765625,0.0,0.09765625
2024-06-12 04:00:00,0.0,0.0,0.1015625,0.0,0.1015625
2024-06-12 04:15:00,0.0,0.0,0.09765625,0.0,0.09765625
2024-06-12 04:30:00,0.0,0.10009765625,0.203125,0.0,0.10302734375
2024-06-12 05:00:00,0.10009765625,0.199951171875,0.5,0.0,0.199951171875
2024-06-12 05:15:00,0.0,0.099853515625,0.296875,0.0,0.197021484375
2024-06-12 05:30:00,0.0,0.0,0.1015625,0.0,0.1015625
2024-06-12 05:45:00,0.0,0.2001953125,0.3984375,0.0999755859375,0.0982666015625
2024-06-12 06:45:00,0.0999755859375,1.2998046875,1.80078125,0.0,0.4010009765625
2024-06-12 07:30:00,0.0,0.7001953125,1.19921875,0.0,0.4990234375
2024-06-12 08:00:00,0.0999755859375,1.199462890625,1.6015625,0.0,0.3021240234375
2024-06-12 08:15:00,0.0,0.1005859375,0.30078125,0.0,0.2001953125
2024-06-12 08:45:00,0.0999755859375,1.39990234375,2.0,0.10003662109375,0.40008544921875
2024-06-12 09:15:00,0.0999755859375,0.999755859375,1.69921875,0.0,0.5994873046875
2024-06-12 09:30:00,0.0,0.2998046875,0.5,0.0,0.2001953125
2024-06-12 09:45:00,0.0,0.400390625,0.6015625,0.0,0.201171875
2024-06-12 10:00:00,0.10009765625,0.800048828125,1.3984375,0.0,0.498291015625
2024-06-12 10:15:00,0.0,0.5,0.8984375,0.0,0.3984375
2024-06-12 11:15:00,0.199951171875,2.10009765625,3.703125,0.0,1.403076171875
2024-06-12 11:30:00,0.0999755859375,0.49951171875,0.8984375,0.0,0.2989501953125
2024-06-12 12:15:00,0.0999755859375,1.100341796875,1.80078125,0.0999755859375,0.50048828125
2024-06-12 13:00:00,0.300048828125,1.599609375,2.69921875,0.0,0.799560546875
2024-06-12 13:45:00,0.4000244140625,1.6998291015625,3.19921875,0.0,1.099365234375
2024-06-12 14:00:00,0.0999755859375,0.500244140625,0.69921875,0.0,0.0989990234375
2024-06-12 14:30:00,0.300048828125,0.89984130859375,1.703125,0.0,0.50323486328125
2024-06-12 14:45:00,0.0999755859375,0.600341796875,1.296875,0.0,0.5965576171875
2024-06-12 15:00:00,0.0999755859375,0.400390625,0.6015625,0.10003662109375,0.00115966796875
2024-06-12 15:15:00,0.199951171875,0.599365234375,1.30078125,0.0,0.50146484375
2024-06-12 15:30:00,0.10009765625,0.5,0.69921875,0.0,0.09912109375
2024-06-12 15:45:00,0.199951171875,0.89990234375,1.5,0.0,0.400146484375
2024-06-12 16:00:00,0.0,0.0,0.30078125,0.0,0.30078125
2024-06-12 16:15:00,0.199951171875,0.90087890625,1.59765625,0.0,0.496826171875
2024-06-12 16:30:00,0.0,0.19970703125,0.30078125,0.0,0.10107421875
2024-06-12 16:45:00,0.2000732421875,0.49951171875,0.90234375,0.0,0.2027587890625
2024-06-12 17:30:00,0.4000244140625,1.900146484375,3.3984375,0.0,1.0982666015625
2024-06-12 18:30:00,0.2999267578125,1.800537109375,3.30078125,0.0999755859375,1.100341796875
2024-06-12 18:45:00,0.0999755859375,0.299560546875,0.5,0.0,0.1004638671875
2024-06-12 19:00:00,0.0,0.69970703125,1.0,0.0,0.30029296875
2024-06-12 19:15:00,0.10009765625,0.10009765625,0.30078125,0.0,0.1005859375
2024-06-12 19:30:00,0.0,0.10009765625,0.296875,0.0,0.19677734375
2024-06-12 20:15:00,0.0999755859375,0.0,0.5,0.0,0.4000244140625
2024-06-12 20:30:00,0.0,0.0,0.1015625,0.0,0.1015625
2024-06-12 21:15:00,0.0999755859375,0.0,0.3984375,0.0999755859375,0.198486328125
2024-06-12 21:30:00,0.0,0.0,0.203125,0.0,0.203125
2024-06-12 21:45:00,0.0,0.0,0.09765625,0.0,0.09765625
2024-06-12 22:15:00,0.0,0.0,0.30078125,0.0,0.30078125
2024-06-12 22:45:00,0.0,0.0,0.19921875,0.0,0.19921875
2024-06-12 23:00:00,0.0999755859375,0.0,0.19921875,0.0,0.0992431640625
2024-06-12 23:15:00,0.0,0.0,0.0,0.0,0.0
2024-06-12 23:45:00,0.0,0.0,0.30078125,0.0,0.30078125
2024-06-13 00:00:00,0.0,0.0,0.1015625,0.0,0.1015625
2024-06-13 00:30:00,0.0999755859375,0.0,0.30078125,0.10003662109375,0.10076904296875
2024-06-13 00:45:00,0.0,0.0,0.09765625,0.0,0.09765625
2024-06-13 01:15:00,0.0,0.0,0.30078125,0.0,0.30078125
2024-06-13 01:45:00,0.10009765625,0.0,0.19921875,0.0,0.09912109375
2024-06-13 02:30:00,0.0,0.0,0.5,0.0,0.5
2024-06-13 03:00:00,0.0999755859375,0.0,0.19921875,0.0,0.0992431640625
2024-06-13 03:15:00,0.0,0.0,0.1015625,0.0999755859375,0.0015869140625
2024-06-13 03:30:00,0.0,0.0,0.1015625,0.0,0.1015625
2024-06-13 03:45:00,0.0,0.0,0.09765625,0.0,0.09765625
2024-06-13 04:15:00,0.0,0.0,0.19921875,0.0,0.19921875
2024-06-13 04:30:00,0.0999755859375,0.099853515625,0.30078125,0.0,0.1009521484375
2024-06-13 04:45:00,0.0,0.0,0.0,0.0,0.0
2024-06-13 05:00:00,0.0,0.199951171875,0.5,0.0,0.300048828125
2024-06-13 05:15:00,0.0,0.10009765625,0.19921875,0.0,0.09912109375
2024-06-13 05:30:00,0.0,0.0,0.1015625,0.0,0.1015625
2024-06-13 06:45:00,0.0999755859375,0.999755859375,1.69921875,0.10003662109375,0.49945068359375
2024-06-13 07:30:00,0.0999755859375,1.30029296875,1.80078125,0.0,0.4005126953125
2024-06-13 08:30:00,0.0,2.099853515625,3.19921875,0.0,1.099365234375
2024-06-13 09:00:00,0.10009765625,0.700439453125,1.1015625,0.0,0.301025390625
2024-06-13 09:30:00,0.0999755859375,1.3001708984375,2.09765625,0.0999755859375,0.5975341796875
2024-06-13 09:45:00,0.0999755859375,0.699951171875,1.203125,0.0,0.4031982421875
2024-06-13 10:15:00,0.0999755859375,1.09979248046875,1.796875,0.0,0.59710693359375
2024-06-13 10:30:00,0.0,0.19970703125,0.30078125,0.0,0.10107421875
2024-06-13 10:45:00,0.0999755859375,0.7001953125,1.30078125,0.0,0.5006103515625
2024-06-13 12:15:00,0.2000732421875,2.900390625,4.8984375,0.0,1.7979736328125
2024-06-13 12:30:00,0.0999755859375,0.399658203125,0.80078125,0.0999755859375,0.201171875
2024-06-13 13:00:00,0.0999755859375,1.100585937503638,1.90234375,0.0,0.701782226558862
2024-06-13 13:15:00,0.0,0.299316406246362,0.296875,0.0,-0.002441406246362021
2024-06-13 13:45:00,0.0999755859375,0.899902343753638,1.6015625,0.0,0.601684570308862
2024-06-13 14:00:00,0.10009765625,0.699951171871362,1.19921875,0.0,0.399169921878638
2024-06-13 14:15:00,0.0999755859375,0.3006591796875,0.5,0.0,0.099365234375
2024-06-13 14:30:00,0.0999755859375,0.9996337890625,1.5,0.0,0.400390625
2024-06-13 14:45:00,0.0999755859375,0.500244140625,0.90234375,0.0,0.3021240234375
2024-06-13 15:00:00,0.0,0.299560546871362,0.5,0.0,0.20043945312863798
2024-06-13 15:30:00,0.0999755859375,0.999877929691138,1.69921875,0.10003662109375,0.499328613277612
2024-06-13 15:45:00,0.10009765625,0.800537109375,1.19921875,0.0,0.298583984375
2024-06-13 16:45:00,0.0999755859375,1.79974365234375,3.0,0.0,1.10028076171875
2024-06-13 17:00:00,0.0999755859375,0.600341796875,1.1015625,0.0,0.4012451171875
2024-06-13 17:15:00,0.0999755859375,0.5,0.69921875,0.0,0.0992431640625
2024-06-13 17:45:00,0.0,0.699707031253638,1.19921875,0.0,0.499511718746362
2024-06-13 18:15:00,0.0999755859375,0.800048828121362,1.1015625,0.0,0.20153808594113798
2024-06-13 19:00:00,0.2000732421875,1.49951171875,2.5,0.0999755859375,0.700439453125
2024-06-13 19:30:00,0.0999755859375,0.39990234375,0.59765625,0.0,0.0977783203125
2024-06-13 19:45:00,0.0,0.10009765625,0.30078125,0.0,0.20068359375
2024-06-13 20:00:00,0.0,0.300048828128638,0.6015625,0.0,0.301513671871362
2024-06-13 20:15:00,0.0,0.19995117187136202,0.3984375,0.0,0.19848632812863798
2024-06-13 20:30:00,0.0,0.199951171875,0.30078125,0.0,0.100830078125
2024-06-13 20:45:00,0.0,0.10009765625363798,0.30078125,0.0,0.20068359374636202
2024-06-13 21:30:00,0.0999755859375,0.599853515621362,0.8984375,0.0,0.19860839844113798
2024-06-13 22:15:00,0.0999755859375,0.10009765625,0.69921875,0.10003662109375,0.39910888671875
2024-06-13 22:30:00,0.0,0.0,0.1015625,0.0,0.1015625
2024-06-13 22:45:00,0.0,0.0,0.19921875,0.0,0.19921875
2024-06-13 23:00:00,0.0,0.0,0.1015625,0.0,0.1015625
2024-06-13 23:45:00,0.10009765625,0.0,0.5,0.0,0.39990234375
2024-06-14 00:15:00,0.0,0.0,0.19921875,0.0,0.19921875
2024-06-14 00:30:00,0.0,0.0,0.19921875,0.0,0.19921875
2024-06-14 01:00:00,0.0,0.0,0.19921875,0.0999755859375,0.0992431640625
2024-06-14 01:15:00,0.0999755859375,0.0,0.30078125,0.0,0.2008056640625
2024-06-14 01:45:00,0.0,0.0,0.1015625,0.0,0.1015625
2024-06-14 02:00:00,0.0,0.0,0.19921875,0.0,0.19921875
2024-06-14 02:15:00,0.0,0.0,0.19921875,0.0,0.19921875
2024-06-14 02:30:00,0.0,0.0,0.1015625,0.0,0.1015625
2024-06-14 02:45:00,0.0999755859375,0.0,0.19921875,0.0,0.0992431640625
2024-06-14 03:00:00,0.0,0.0,0.09765625,0.0,0.09765625
2024-06-14 03:30:00,0.0,0.0,0.203125,0.0,0.203125
2024-06-14 03:45:00,0.0,0.0,0.296875,0.0999755859375,0.1968994140625
2024-06-14 04:00:00,0.0999755859375,0.0,0.0,0.0,-0.0999755859375
2024-06-14 05:30:00,0.0999755859375,0.5,1.30078125,0.0,0.7008056640625
2024-06-14 06:15:00,0.0,0.900634765625,1.40234375,0.0,0.501708984375
2024-06-14 06:45:00,0.10009765625,0.10009765625,0.3984375,0.0,0.1982421875
2024-06-14 07:00:00,0.0,0.499267578125,0.69921875,0.10003662109375,0.09991455078125
2024-06-14 07:30:00,0.0,0.900634765625,1.1015625,0.0,0.200927734375
2024-06-14 08:00:00,0.0,0.69921875,1.19921875,0.0,0.5
2024-06-14 08:15:00,0.0999755859375,0.801025390625,1.19921875,0.0,0.2982177734375
2024-06-14 09:30:00,0.199951171875,2.099853515625,3.5,0.0,1.2001953125
2024-06-14 10:30:00,0.2000732421875,2.49951171875,4.1015625,0.0999755859375,1.302001953125
2024-06-14 11:00:00,0.0999755859375,0.99981689453125,1.59765625,0.0,0.49786376953125
2024-06-14 11:15:00,0.0,0.400634765625,0.703125,0.0,0.302490234375
2024-06-14 11:45:00,0.0999755859375,1.60015869140625,2.59765625,0.0,0.89752197265625
2024-06-14 14:15:00,0.4000244140625,5.69952392578125,9.19921875,0.10003662109375,2.9996337890625
2024-06-14 14:30:00,0.0999755859375,0.99981689453125,1.703125,0.0,0.60333251953125
2024-06-14 14:45:00,0.0,0.199951171875,0.296875,0.0,0.096923828125
2024-06-14 15:00:00,0.0999755859375,0.89996337890625,1.40234375,0.0,0.40240478515625
2024-06-14 15:15:00,0.0,0.700073242191138,1.0,0.0,0.299926757808862
2024-06-14 15:30:00,0.0,0.400512695308862,0.69921875,0.0,0.298706054691138
2024-06-14 16:00:00,0.0999755859375,1.300048828125,2.0,0.0,0.5999755859375
2024-06-14 16:15:00,0.10009765625,0.5999755859375,1.0,0.0999755859375,0.199951171875
2024-06-14 16:30:00,0.0,1.09991455078125,1.6015625,0.0,0.50164794921875
2024-06-14 16:45:00,0.0,0.0999755859375,0.3984375,0.0,0.2984619140625
2024-06-14 17:15:00,0.0999755859375,1.399230957027612,2.0,0.0,0.500793457034888
2024-06-14 17:45:00,0.0999755859375,1.700073242191138,2.5,0.0,0.699951171871362
2024-06-14 18:15:00,0.0999755859375,0.800048828125,1.3984375,0.0,0.4984130859375
2024-06-14 19:15:00,0.0999755859375,1.500610351566138,2.40234375,0.0999755859375,0.701782226558862
2024-06-14 19:30:00,0.0,0.19982910155886202,0.30078125,0.0,0.10095214844113798
2024-06-14 19:45:00,0.10009765625,0.10009765625,0.3984375,0.0,0.1982421875
2024-06-14 20:00:00,0.0,0.0,0.1015625,0.0,0.1015625
2024-06-14 20:15:00,0.0,0.0,0.09765625,0.0,0.09765625
2024-06-14 20:30:00,0.0,0.0,0.1015625,0.0,0.1015625
2024-06-14 21:00:00,0.0,0.0,0.30078125,0.0,0.30078125
2024-06-14 21:30:00,0.0999755859375,0.0,0.3984375,0.0,0.2984619140625
2024-06-14 22:00:00,0.0,0.0,0.19921875,0.0,0.19921875
2024-06-14 22:15:00,0.0,0.0,0.19921875,0.10003662109375,0.09918212890625
2024-06-14 22:30:00,0.0999755859375,0.0,0.0,0.0,-0.0999755859375
2024-06-14 22:45:00,0.0,0.0,0.30078125,0.0,0.30078125
2024-06-14 23:45:00,0.0999755859375,0.0,0.5,0.0,0.4000244140625
2024-06-15 01:30:00,0.0999755859375,0.0,1.0,0.0999755859375,0.800048828125
2024-06-15 01:45:00,0.0,0.0,0.1015625,0.0,0.1015625
2024-06-15 02:00:00,0.0,0.0,0.19921875,0.0,0.19921875
2024-06-15 02:30:00,0.0,0.0,0.19921875,0.0,0.19921875
2024-06-15 02:45:00,0.10009765625,0.0,0.1015625,0.0,0.00146484375
2024-06-15 03:15:00,0.0,0.0,0.30078125,0.0,0.30078125
2024-06-15 04:15:00,0.0999755859375,0.0,0.5,0.0,0.4000244140625
2024-06-15 04:45:00,0.0,0.0,0.19921875,0.10003662109375,0.09918212890625
2024-06-15 05:00:00,0.0,0.0,0.19921875,0.0,0.19921875
2024-06-15 05:15:00,0.0,0.0,0.19921875,0.0,0.19921875
2024-06-15 06:00:00,0.0999755859375,0.0,0.40234375,0.0,0.3023681640625
2024-06-15 06:30:00,0.0,0.0,0.19921875,0.0,0.19921875
2024-06-15 06:45:00,0.0,0.0,0.19921875,0.0,0.19921875
2024-06-15 07:30:00,0.0999755859375,0.0,0.5,0.0999755859375,0.300048828125
2024-06-15 07:45:00,0.0,0.0,0.1015625,0.0,0.1015625
2024-06-15 08:00:00,0.0,0.0,0.09765625,0.0,0.09765625
2024-06-15 08:15:00,0.0999755859375,0.0,0.19921875,0.0,0.0992431640625
2024-06-15 08:30:00,0.0,0.0,0.1015625,0.0,0.1015625
2024-06-15 08:45:00,0.0,0.0,0.19921875,0.0,0.19921875
2024-06-15 09:00:00,0.0,0.0,0.0,0.0,0.0
2024-06-15 09:15:00,0.0,0.10009765625,0.30078125,0.0,0.20068359375
2024-06-15 10:00:00,0.10009765625,0.0,0.3984375,0.0,0.29833984375
2024-06-15 10:15:00,0.0,0.0,0.1015625,0.0,0.1015625
2024-06-15 11:00:00,0.0,0.0,0.5,0.0999755859375,0.4000244140625
2024-06-15 11:30:00,0.0999755859375,0.0,0.19921875,0.0,0.0992431640625
2024-06-15 11:45:00,0.0,0.0,0.1015625,0.0,0.1015625
2024-06-15 12:00:00,0.0,0.0,0.30078125,0.0,0.30078125
2024-06-15 12:30:00,0.0999755859375,0.0,0.19921875,0.0,0.0992431640625
2024-06-15 12:45:00,0.0,0.0,0.09765625,0.0,0.09765625
2024-06-15 13:00:00,0.0,0.0,0.203125,0.0,0.203125
2024-06-15 13:15:00,0.0,0.0,0.09765625,0.0,0.09765625
2024-06-15 13:30:00,0.0,0.0,0.19921875,0.0,0.19921875
2024-06-15 14:15:00,0.0999755859375,0.0,0.30078125,0.10003662109375,0.10076904296875
2024-06-15 14:45:00,0.0,0.0,0.30078125,0.0,0.30078125
2024-06-15 15:00:00,0.0,0.0,0.19921875,0.0,0.19921875
2024-06-15 15:15:00,0.0,0.0,0.0,0.0,0.0
2024-06-15 15:45:00,0.0999755859375,0.0,0.40234375,0.0,0.3023681640625
2024-06-15 16:45:00,0.0,0.0,0.5,0.0999755859375,0.4000244140625
2024-06-15 17:00:00,0.10009765625,0.0,0.09765625,0.0,-0.00244140625
2024-06-15 17:45:00,0.0,0.0,0.40234375,0.0,0.40234375
2024-06-15 18:00:00,0.0,0.0,0.09765625,0.0,0.09765625
2024-06-15 18:15:00,0.0,0.0,0.1015625,0.0,0.1015625
2024-06-15 18:30:00,0.0999755859375,0.0,0.09765625,0.0,-0.0023193359375
2024-06-15 19:00:00,0.0,0.0,0.40234375,0.0,0.40234375
2024-06-15 19:30:00,0.0,0.0,0.30078125,0.0,0.30078125
2024-06-15 19:45:00,0.0999755859375,0.0,0.09765625,0.0,-0.0023193359375
2024-06-15 20:00:00,0.0,0.0,0.1015625,0.10003662109375,0.00152587890625
2024-06-15 20:15:00,0.0,0.0,0.19921875,0.0,0.19921875
2024-06-15 20:45:00,0.0,0.0,0.30078125,0.0,0.30078125
2024-06-15 21:30:00,0.0999755859375,0.0,0.30078125,0.0,0.2008056640625
2024-06-15 22:00:00,0.0,0.0,0.296875,0.0,0.296875
2024-06-15 22:30:00,0.0,0.0,0.203125,0.0,0.203125
2024-06-15 23:45:00,0.2000732421875,0.0,0.69921875,0.0999755859375,0.399169921875
2024-06-16 00:00:00,0.0,0.0,0.09765625,0.0,0.09765625
2024-06-16 00:30:00,0.0,0.0,0.203125,0.0,0.203125
2024-06-16 01:00:00,0.0,0.0,0.296875,0.0,0.296875
2024-06-16 01:15:00,0.0999755859375,0.0,0.30078125,0.0,0.2008056640625
2024-06-16 02:00:00,0.0,0.0,0.40234375,0.0999755859375,0.3023681640625
2024-06-16 02:30:00,0.0,0.0,0.296875,0.0,0.296875
2024-06-16 02:45:00,0.0999755859375,0.0,0.0,0.0,-0.0999755859375
2024-06-16 03:00:00,0.0,0.0,0.203125,0.0,0.203125
2024-06-16 03:30:00,0.0,0.0,0.296875,0.0,0.296875
2024-06-16 04:45:00,0.0999755859375,0.0,0.6015625,0.0,0.5015869140625
2024-06-16 05:00:00,0.0,0.0,0.1015625,0.10003662109375,0.00152587890625
2024-06-16 05:15:00,0.0,0.0,0.19921875,0.0,0.19921875
2024-06-16 05:45:00,0.0999755859375,0.0,0.19921875,0.0,0.0992431640625
2024-06-16 06:30:00,0.0,0.0,0.3984375,0.0,0.3984375
2024-06-16 06:45:00,0.0,0.0,0.203125,0.0,0.203125
2024-06-16 07:00:00,0.10009765625,0.0,0.09765625,0.0,-0.00244140625
2024-06-16 07:45:00,0.0,0.0,0.40234375,0.0,0.40234375
2024-06-16 08:00:00,0.0,0.0,0.09765625,0.0999755859375,-0.0023193359375
2024-06-16 08:15:00,0.0999755859375,0.0,0.19921875,0.0,0.0992431640625
2024-06-16 08:45:00,0.0,0.0,0.203125,0.0,0.203125
2024-06-16 09:00:00,0.0,0.0,0.09765625,0.0,0.09765625
2024-06-16 09:15:00,0.0,0.0,0.19921875,0.0,0.19921875
2024-06-16 10:00:00,0.0999755859375,0.0,0.40234375,0.0,0.3023681640625
2024-06-16 10:30:00,0.0,0.0,0.30078125,0.0,0.30078125
2024-06-16 10:45:00,0.0,0.0,0.09765625,0.0,0.09765625
2024-06-16 11:00:00,0.0,0.0,0.19921875,0.0,0.19921875
2024-06-16 12:15:00,0.0999755859375,0.0,0.703125,0.10003662109375,0.50311279296875
2024-06-16 12:45:00,0.0999755859375,0.0,0.296875,0.0,0.1968994140625
2024-06-16 13:00:00,0.0,0.0,0.1015625,0.0,0.1015625
2024-06-16 13:30:00,0.0,0.0,0.19921875,0.0,0.19921875
2024-06-16 13:45:00,0.0,0.0,0.19921875,0.0,0.19921875
2024-06-16 14:15:00,0.10009765625,0.0,0.30078125,0.0999755859375,0.1007080078125
2024-06-16 14:45:00,0.0,0.0,0.30078125,0.0,0.30078125
2024-06-16 15:00:00,0.0,0.0,0.0,0.0,0.0
2024-06-16 15:15:00,0.0,0.0,0.19921875,0.0,0.19921875
2024-06-16 15:30:00,0.0999755859375,0.0,0.1015625,0.0,0.0015869140625
2024-06-16 15:45:00,0.0,0.0,0.19921875,0.0,0.19921875
2024-06-16 16:00:00,0.0,0.0,0.1015625,0.0,0.1015625
2024-06-16 16:15:00,0.0,0.0,0.09765625,0.0,0.09765625
2024-06-16 16:45:00,0.0999755859375,0.0,0.30078125,0.0,0.2008056640625
2024-06-16 17:00:00,0.0,0.0,0.1015625,0.0,0.1015625
2024-06-16 17:30:00,0.0,0.0,0.19921875,0.0999755859375,0.0992431640625
2024-06-16 17:45:00,0.0,0.0,0.19921875,0.0,0.19921875
2024-06-16 18:30:00,0.0999755859375,0.0,0.3984375,0.0,0.2984619140625
2024-06-16 19:00:00,0.0,0.0,0.203125,0.0,0.203125
2024-06-16 19:15:00,0.0,0.0,0.19921875,0.0,0.19921875
2024-06-16 19:45:00,0.0999755859375,0.0,0.3984375,0.0,0.2984619140625
2024-06-16 20:15:00,0.0,0.0,0.30078125,0.0,0.30078125
2024-06-16 20:30:00,0.0,0.0,0.1015625,0.10003662109375,0.00152587890625
2024-06-16 20:45:00,0.0,0.0,0.0,0.0,0.0
2024-06-16 21:00:00,0.0,0.0,0.19921875,0.0,0.19921875
2024-06-16 21:15:00,0.10009765625,0.0,0.19921875,0.0,0.09912109375
2024-06-16 22:00:00,0.0,0.0,0.3984375,0.0,0.3984375
2024-06-16 22:30:00,0.0,0.0,0.203125,0.0,0.203125
2024-06-16 22:45:00,0.0999755859375,0.0,0.19921875,0.0,0.0992431640625
2024-06-17 00:00:00,0.0999755859375,0.0,0.59765625,0.0999755859375,0.397705078125
2024-06-17 00:15:00,0.0,0.0,0.1015625,0.0,0.1015625
2024-06-17 00:30:00,0.0,0.0,0.19921875,0.0,0.19921875
2024-06-17 00:45:00,0.0,0.0,0.19921875,0.0,0.19921875
2024-06-17 01:00:00,0.0,0.0,0.1015625,0.0,0.1015625
2024-06-17 01:15:00,0.0,0.0,0.19921875,0.0,0.19921875
2024-06-17 01:45:00,0.0999755859375,0.0,0.30078125,0.0,0.2008056640625
2024-06-17 02:30:00,0.0,0.0,0.3984375,0.10003662109375,0.29840087890625
2024-06-17 03:00:00,0.0999755859375,0.0,0.203125,0.0,0.1031494140625
2024-06-17 03:15:00,0.0,0.0,0.09765625,0.0,0.09765625
2024-06-17 04:15:00,0.10009765625,0.0,0.6015625,0.0,0.50146484375
2024-06-17 04:30:00,0.0,0.10009765625,0.19921875,0.0,0.09912109375
2024-06-17 06:15:00,0.0999755859375,0.699462890625,1.69921875,0.0999755859375,0.7998046875
2024-06-17 06:30:00,0.0999755859375,0.600280761722388,0.69921875,0.0,-0.0010375976598879788
2024-06-17 06:45:00,0.0999755859375,0.299560546871362,0.80078125,0.0,0.401245117191138
2024-06-17 07:00:00,0.0999755859375,0.10009765625,0.40234375,0.0,0.2022705078125
2024-06-17 07:30:00,0.2000732421875,1.100341796878638,1.59765625,0.0,0.297241210933862
2024-06-17 07:45:00,0.0,0.5,0.80078125,0.0,0.30078125
2024-06-17 08:45:00,0.4000244140625,2.000244140621362,3.19921875,0.0999755859375,0.698974609378638
2024-06-17 09:00:00,0.0,0.10009765625,0.19921875,0.0,0.09912109375
2024-06-17 10:00:00,0.2999267578125,2.19970703125,3.703125,0.0,1.2034912109375
2024-06-17 10:15:00,0.0999755859375,0.700439453125,1.19921875,0.0,0.3988037109375
2024-06-17 11:00:00,0.2000732421875,1.19921875,2.0,0.0,0.6007080078125
2024-06-17 11:45:00,0.2999267578125,1.199951171875,2.59765625,0.10003662109375,0.99774169921875
2024-06-17 13:15:00,0.5,1.89971923828125,3.90234375,0.0,1.50262451171875
2024-06-17 14:00:00,0.2000732421875,1.60009765625,3.09765625,0.0,1.2974853515625
2024-06-17 14:30:00,0.199951171875,1.10009765625,1.80078125,0.0,0.500732421875
2024-06-17 14:45:00,0.0999755859375,0.4000244140625,0.90234375,0.0999755859375,0.3023681640625
2024-06-17 15:00:00,0.0,0.099853515625,0.296875,0.0,0.197021484375
2024-06-17 15:30:00,0.10009765625,1.00018310546875,1.703125,0.0,0.60284423828125
2024-06-17 15:45:00,0.0999755859375,0.59991455078125,1.19921875,0.0,0.49932861328125
2024-06-17 16:00:00,0.0999755859375,0.199951171875,0.59765625,0.0,0.2977294921875
2024-06-17 16:45:00,0.199951171875,1.5001220703125,2.6015625,0.0,0.9014892578125
2024-06-17 17:15:00,0.2000732421875,1.19976806640625,2.30078125,0.0,0.90093994140625
2024-06-17 17:30:00,0.0,0.10009765625,0.19921875,0.0,0.09912109375
2024-06-17 17:45:00,0.0999755859375,0.700256347659888,1.19921875,0.0,0.398986816402612
2024-06-17 18:00:00,0.0999755859375,0.699768066402612,1.1015625,0.10003662109375,0.20178222656613798
2024-06-17 18:30:00,0.0999755859375,0.4998779296875,1.09765625,0.0,0.497802734375
2024-06-17 18:45:00,0.10009765625,0.70025634765625,1.40234375,0.0,0.60198974609375
2024-06-17 19:00:00,0.0999755859375,0.3997802734375,0.59765625,0.0,0.097900390625
2024-06-17 19:30:00,0.0999755859375,0.10009765625,0.5,0.0,0.2999267578125
2024-06-17 20:15:00,0.0999755859375,0.0,0.5,0.0,0.4000244140625
2024-06-17 21:30:00,0.0,0.0,0.80078125,0.0999755859375,0.7008056640625
2024-06-17 22:15:00,0.0999755859375,0.0,0.40234375,0.0,0.3023681640625
2024-06-17 22:30:00,0.0,0.0,0.19921875,0.0,0.19921875
2024-06-17 23:00:00,0.10009765625,0.0,0.30078125,0.0,0.20068359375
2024-06-17 23:30:00,0.0,0.0,0.19921875,0.0,0.19921875
2024-06-18 00:00:00,0.0,0.0,0.5,0.0999755859375,0.4000244140625
2024-06-18 00:15:00,0.0,0.0,0.0,0.0,0.0
2024-06-18 00:30:00,0.0999755859375,0.0,0.19921875,0.0,0.0992431640625
2024-06-18 01:00:00,0.0,0.0,0.30078125,0.0,0.30078125
2024-06-18 02:30:00,0.0999755859375,0.0,0.8984375,0.0,0.7984619140625
2024-06-18 02:45:00,0.0,0.0,0.1015625,0.0,0.1015625
2024-06-18 04:15:00,0.0999755859375,0.099853515625,0.8984375,0.10003662109375,0.59857177734375
2024-06-18 04:45:00,0.0,0.10009765625,0.40234375,0.0,0.30224609375
2024-06-18 05:00:00,0.0999755859375,0.199951171875,0.3984375,0.0,0.0985107421875
2024-06-18 05:45:00,0.0,0.199951171875,0.69921875,0.0,0.499267578125
2024-06-18 06:30:00,0.2000732421875,1.00091552734375,1.6015625,0.0999755859375,0.30059814453125
2024-06-18 07:30:00,0.2999267578125,1.5,2.30078125,0.0,0.5008544921875
2024-06-18 07:45:00,0.0,0.19970703125363798,0.5,0.0,0.300292968746362
2024-06-18 08:15:00,0.300048828125,1.400146484371362,2.09765625,0.0,0.397460937503638
2024-06-18 08:30:00,0.0,0.5,0.90234375,0.0,0.40234375
2024-06-18 09:00:00,0.0999755859375,0.600341796875,1.09765625,0.0,0.3973388671875
2024-06-18 09:15:00,0.0999755859375,0.599121093753638,0.90234375,0.0,0.20324707030886202
2024-06-18 10:00:00,0.4000244140625,1.800537109371362,2.8984375,0.10003662109375,0.597839355472388
2024-06-18 10:15:00,0.0999755859375,0.399658203125,0.8984375,0.0,0.3988037109375
2024-06-18 10:45:00,0.2000732421875,1.300048828125,2.203125,0.0,0.7030029296875
2024-06-18 11:00:00,0.0999755859375,0.400390625,0.8984375,0.0,0.3980712890625
2024-06-18 11:45:00,0.300048828125,1.599853515625,2.6015625,0.0,0.70166015625
2024-06-18 12:00:00,0.0,0.199462890625,0.5,0.0,0.300537109375
2024-06-18 12:30:00,0.0999755859375,1.0009765625,1.69921875,0.0999755859375,0.498291015625
2024-06-18 12:45:00,0.0999755859375,0.29931640625,0.5,0.0,0.1007080078125
2024-06-18 13:00:00,0.0999755859375,0.599853515625,1.19921875,0.0,0.4993896484375
2024-06-18 13:15:00,0.0999755859375,0.7001953125,0.8984375,0.0,0.0982666015625
2024-06-18 13:45:00,0.10009765625,1.100341796875,2.1015625,0.0,0.901123046875
2024-06-18 14:00:00,0.0999755859375,0.49951171875,1.0,0.0,0.4005126953125
2024-06-18 14:30:00,0.0999755859375,0.800048828125,1.5,0.0,0.5999755859375
2024-06-18 14:45:00,0.0999755859375,0.69970703125,1.1015625,0.0,0.3018798828125
2024-06-18 15:00:00,0.0999755859375,0.400634765625,0.59765625,0.0,0.0970458984375
2024-06-18 15:15:00,0.0,0.5,0.90234375,0.0,0.40234375
2024-06-18 15:45:00,0.2000732421875,1.0,1.796875,0.0999755859375,0.496826171875
2024-06-18 16:00:00,0.0999755859375,0.600341796875,1.203125,0.0,0.5028076171875
2024-06-18 16:15:00,0.0,0.39892578125,0.59765625,0.0,0.19873046875
2024-06-18 16:30:00,0.0999755859375,0.700439453125,1.19921875,0.0,0.3988037109375
2024-06-18 16:45:00,0.0999755859375,0.400390625,0.703125,0.0,0.2027587890625
2024-06-18 17:00:00,0.0,0.19970703125,0.5,0.0,0.30029296875
2024-06-18 17:15:00,0.2000732421875,0.7998046875,1.3984375,0.0,0.3985595703125
2024-06-18 17:30:00,0.0,0.600341796875,0.8984375,0.0,0.298095703125
2024-06-18 17:45:00,0.0999755859375,0.199462890625,0.203125,0.0,-0.0963134765625
2024-06-18 18:15:00,0.0999755859375,0.900634765625,1.69921875,0.0,0.6986083984375
2024-06-18 18:30:00,0.0999755859375,0.499267578125,0.80078125,0.0,0.2015380859375
2024-06-18 18:45:00,0.10009765625,0.600341796875,1.0,0.10003662109375,0.19952392578125
2024-06-18 19:15:00,0.0999755859375,0.199951171875,0.69921875,0.0,0.3992919921875
2024-06-18 19:30:00,0.0,0.09985351562863798,0.30078125,0.0,0.20092773437136202
2024-06-18 19:45:00,0.0,0.10009765624636202,0.296875,0.0,0.19677734375363798
2024-06-18 20:15:00,0.0999755859375,0.0,0.203125,0.0,0.1031494140625
2024-06-18 20:45:00,0.0,0.0,0.296875,0.0,0.296875
2024-06-18 22:00:00,0.0999755859375,0.1005859375,0.6015625,0.0999755859375,0.301025390625
2024-06-18 22:15:00,0.0,0.0,0.30078125,0.0,0.30078125
2024-06-18 22:30:00,0.0,0.0,0.09765625,0.0,0.09765625
2024-06-18 23:15:00,0.0999755859375,0.0,0.40234375,0.0,0.3023681640625
2024-06-18 23:30:00,0.0,0.0,0.09765625,0.0,0.09765625
2024-06-18 23:45:00,0.0,0.0,0.203125,0.0,0.203125
2024-06-19 00:00:00,0.0,0.0,0.09765625,0.0,0.09765625
2024-06-19 00:30:00,0.10009765625,0.0,0.19921875,0.0,0.09912109375
2024-06-19 00:45:00,0.0,0.0,0.1015625,0.0,0.1015625
2024-06-19 01:00:00,0.0,0.0,0.1015625,0.10003662109375,0.00152587890625
2024-06-19 01:30:00,0.0,0.0,0.296875,0.0,0.296875
2024-06-19 02:00:00,0.0999755859375,0.0,0.40234375,0.0,0.3023681640625
2024-06-19 02:30:00,0.0,0.0,0.19921875,0.0,0.19921875
2024-06-19 03:45:00,0.0999755859375,0.0,0.6015625,0.0999755859375,0.401611328125
2024-06-19 04:00:00,0.0,0.0,0.09765625,0.0,0.09765625
2024-06-19 04:30:00,0.0,0.0,0.40234375,0.0,0.40234375
2024-06-19 05:00:00,0.0999755859375,0.199951171875,0.296875,0.0,-0.0030517578125
2024-06-19 05:15:00,0.0,0.10009765625,0.30078125,0.0,0.20068359375
2024-06-19 05:45:00,0.0,0.199951171875,0.5,0.0,0.300048828125
2024-06-19 06:15:00,0.0999755859375,0.399658203125,0.69921875,0.0,0.1995849609375
2024-06-19 06:30:00,0.2000732421875,0.69970703125,1.1015625,0.0,0.2017822265625
2024-06-19 07:00:00,0.0,0.30078125,0.6015625,0.0999755859375,0.2008056640625
2024-06-19 07:15:00,0.0999755859375,0.19995117187863798,0.296875,0.0,-0.003051757816137979
2024-06-19 08:15:00,0.300048828125,1.899169921871362,3.0,0.0,0.800781250003638
2024-06-19 08:45:00,0.199951171875,1.2998046875,2.1015625,0.0,0.601806640625
2024-06-19 09:00:00,0.0999755859375,0.30078125,0.5,0.0,0.0992431640625
2024-06-19 09:15:00,0.0999755859375,0.600341796875,1.0,0.0,0.2996826171875
2024-06-19 09:30:00,0.10009765625,0.599121093753638,0.80078125,0.0,0.10156249999636202
2024-06-19 10:30:00,0.199951171875,1.800415039058862,3.09765625,0.10003662109375,0.997253417972388
2024-06-19 11:30:00,0.199951171875,1.800292968746362,3.1015625,0.0,1.101318359378638
2024-06-19 11:45:00,0.10009765625,0.799804687503638,1.30078125,0.0,0.400878906246362
2024-06-19 12:15:00,0.0999755859375,0.300048828125,0.8984375,0.0,0.4984130859375
2024-06-19 13:00:00,0.199951171875,0.699951171875,1.5,0.0,0.60009765625
2024-06-19 13:30:00,0.2000732421875,0.70013427734375,1.69921875,0.0999755859375,0.69903564453125
2024-06-19 13:45:00,0.0,0.300048828125,0.40234375,0.0,0.102294921875
2024-06-19 14:00:00,0.0,0.3997802734375,0.69921875,0.0,0.2994384765625
2024-06-19 14:15:00,0.199951171875,0.5,1.19921875,0.0,0.499267578125
2024-06-19 14:30:00,0.0,0.0,0.30078125,0.0,0.30078125
2024-06-19 15:00:00,0.199951171875,0.7000732421875,1.5,0.0,0.5999755859375
2024-06-19 15:45:00,0.2000732421875,1.19989013671875,2.6015625,0.0,1.20159912109375
2024-06-19 16:45:00,0.199951171875,1.2000732421875,2.59765625,0.10003662109375,1.09759521484375
2024-06-19 17:15:00,0.0999755859375,0.60009765625,1.40234375,0.0,0.7022705078125
2024-06-19 17:30:00,0.0,0.199951171875,0.19921875,0.0,-0.000732421875
2024-06-19 17:45:00,0.10009765625,0.500244140625,1.09765625,0.0,0.497314453125
2024-06-19 18:30:00,0.0999755859375,1.499511718746362,2.40234375,0.0,0.802856445316138
2024-06-19 19:15:00,0.0999755859375,1.099853515628638,1.8984375,0.0999755859375,0.598632812496362
2024-06-19 19:30:00,0.0,0.0,0.19921875,0.0,0.19921875
2024-06-19 20:00:00,0.0999755859375,0.0,0.30078125,0.0,0.2008056640625
2024-06-19 20:15:00,0.0,0.0,0.1015625,0.0,0.1015625
2024-06-19 20:30:00,0.0,0.0,0.19921875,0.0,0.19921875
2024-06-19 20:45:00,0.0,0.0,0.19921875,0.0,0.19921875
2024-06-19 21:00:00,0.0,0.0,0.1015625,0.0,0.1015625
2024-06-19 21:15:00,0.0999755859375,0.10009765625,0.19921875,0.0,-0.0008544921875
2024-06-19 21:30:00,0.0,0.0,0.19921875,0.0,0.19921875
2024-06-19 22:00:00,0.0,0.099853515625,0.40234375,0.0,0.302490234375
2024-06-19 23:00:00,0.10009765625,0.0,0.5,0.0999755859375,0.2999267578125
2024-06-19 23:30:00,0.0,0.0,0.3984375,0.0,0.3984375
2024-06-20 00:00:00,0.0,0.0,0.30078125,0.0,0.30078125
2024-06-20 00:30:00,0.0999755859375,0.0,0.19921875,0.0,0.0992431640625
2024-06-20 00:45:00,0.0,0.0,0.1015625,0.0,0.1015625
2024-06-20 01:00:00,0.0,0.0,0.19921875,0.0,0.19921875
2024-06-20 01:15:00,0.0,0.0,0.09765625,0.10003662109375,-0.00238037109375
2024-06-20 01:30:00,0.0999755859375,0.0,0.203125,0.0,0.1031494140625
2024-06-20 02:30:00,0.0,0.0,0.5,0.0,0.5
2024-06-20 03:00:00,0.0999755859375,0.0,0.296875,0.0,0.1968994140625
2024-06-20 03:30:00,0.0,0.0,0.203125,0.0,0.203125
2024-06-20 03:45:00,0.0,0.0,0.09765625,0.0,0.09765625
2024-06-20 04:00:00,0.0,0.0,0.19921875,0.0,0.19921875
2024-06-20 04:15:00,0.0,0.0,0.1015625,0.0,0.1015625
2024-06-20 04:30:00,0.0999755859375,0.10009765625,0.3984375,0.0999755859375,0.098388671875
2024-06-20 05:30:00,0.0,0.300048828125,0.80078125,0.0,0.500732421875
2024-06-20 07:00:00,0.2000732421875,0.999755859375,2.1015625,0.0,0.9017333984375
2024-06-20 07:15:00,0.199951171875,0.899902343746362,1.30078125,0.0,0.20092773437863798
2024-06-20 07:30:00,0.0999755859375,0.300537109378638,0.5,0.10003662109375,-0.0005493164098879788
2024-06-20 07:45:00,0.10009765625,0.60009765625,1.09765625,0.0,0.3974609375
2024-06-20 08:15:00,0.0999755859375,0.999755859371362,1.5,0.0,0.400268554691138
2024-06-20 08:30:00,0.0999755859375,0.400390625,0.80078125,0.0,0.3004150390625
2024-06-20 09:15:00,0.300048828125,1.199462890628638,2.1015625,0.0,0.602050781246362
2024-06-20 10:00:00,0.199951171875,1.700439453125,2.69921875,0.0,0.798828125
2024-06-20 10:30:00,0.0999755859375,1.3995361328125,2.59765625,0.0999755859375,0.9981689453125
2024-06-20 11:00:00,0.2000732421875,0.7998046875,1.30078125,0.0,0.3009033203125
2024-06-20 11:15:00,0.0999755859375,1.100830078128638,1.6015625,0.0,0.400756835933862
2024-06-20 11:30:00,0.0999755859375,0.399414062496362,0.8984375,0.0,0.399047851566138
2024-06-20 12:00:00,0.0999755859375,0.499755859375,1.1015625,0.0,0.5018310546875
2024-06-20 12:15:00,0.0999755859375,0.400634765625,0.59765625,0.0,0.0970458984375
2024-06-20 12:30:00,0.0,0.19970703125,0.5,0.0,0.30029296875
2024-06-20 13:00:00,0.2000732421875,1.2001953125,2.0,0.0,0.5997314453125
2024-06-20 13:30:00,0.0999755859375,1.0994873046875,1.80078125,0.0,0.601318359375
2024-06-20 13:45:00,0.0,0.099853515625,0.30078125,0.0999755859375,0.1009521484375
2024-06-20 14:00:00,0.0999755859375,0.500244140625,0.8984375,0.0,0.2982177734375
2024-06-20 14:30:00,0.2000732421875,1.49993896484375,2.5,0.0,0.79998779296875
2024-06-20 14:45:00,0.0,0.20068359375,0.6015625,0.0,0.40087890625
2024-06-20 15:45:00,0.199951171875,2.1993408203125,3.80078125,0.0,1.4014892578125
2024-06-20 16:15:00,0.0999755859375,0.90081787109375,1.5,0.0,0.49920654296875
2024-06-20 16:30:00,0.0,0.499267578125,0.8984375,0.0,0.399169921875
2024-06-20 17:00:00,0.0999755859375,0.80078125,1.40234375,0.10003662109375,0.40155029296875
2024-06-20 17:15:00,0.10009765625,0.698974609375,1.09765625,0.0,0.298583984375
2024-06-20 17:30:00,0.0,0.600341796875,1.19921875,0.0,0.598876953125
2024-06-20 17:45:00,0.0999755859375,0.400146484375,0.6015625,0.0,0.1014404296875
2024-06-20 18:15:00,0.0999755859375,1.200439453125,1.8984375,0.0,0.5980224609375
2024-06-20 18:30:00,0.0,0.299560546875,0.40234375,0.0,0.102783203125
2024-06-20 18:45:00,0.0999755859375,0.500244140625,1.0,0.0,0.3997802734375
2024-06-20 19:00:00,0.0,0.299560546875,0.19921875,0.0,-0.100341796875
2024-06-20 19:15:00,0.0,0.400390625,0.80078125,0.0,0.400390625
2024-06-20 19:45:00,0.0999755859375,0.900146484371362,1.09765625,0.0,0.09753417969113798
2024-06-20 20:00:00,0.10009765625,0.499511718753638,0.90234375,0.0999755859375,0.20275878905886202
2024-06-20 20:15:00,0.0,0.200439453125,0.30078125,0.0,0.100341796875
2024-06-20 20:30:00,0.0,0.2998046875,0.3984375,0.0,0.0986328125
2024-06-20 20:45:00,0.0999755859375,0.19970703125,0.5,0.0,0.2003173828125
2024-06-20 21:15:00,0.0,0.10009765625,0.30078125,0.0,0.20068359375
2024-06-20 21:45:00,0.0999755859375,0.0,0.30078125,0.0,0.2008056640625
2024-06-20 22:15:00,0.0,0.10009765625,0.3984375,0.0,0.29833984375
2024-06-20 22:30:00,0.0,0.0,0.1015625,0.0,0.1015625
2024-06-20 23:00:00,0.0,0.0,0.296875,0.10003662109375,0.19683837890625
2024-06-21 00:00:00,0.0999755859375,0.0,0.6015625,0.0,0.5015869140625
2024-06-21 00:45:00,0.0999755859375,0.0,0.5,0.0,0.4000244140625
2024-06-21 01:00:00,0.0,0.0,0.0,0.0,0.0
2024-06-21 01:15:00,0.0,0.0,0.19921875,0.0,0.19921875
2024-06-21 01:30:00,0.0,0.0,0.1015625,0.0,0.1015625
2024-06-21 02:00:00,0.0,0.0,0.30078125,0.0999755859375,0.2008056640625
2024-06-21 02:15:00,0.10009765625,0.0,0.19921875,0.0,0.09912109375
2024-06-21 02:30:00,0.0,0.0,0.09765625,0.0,0.09765625
2024-06-21 03:15:00,0.0,0.0,0.40234375,0.0,0.40234375
2024-06-21 03:45:00,0.0999755859375,0.0,0.30078125,0.0,0.2008056640625
2024-06-21 04:15:00,0.0,0.0,0.19921875,0.0,0.19921875
2024-06-21 04:45:00,0.0999755859375,0.19995117187136202,0.5,0.0,0.20007324219113798
2024-06-21 05:15:00,0.0,0.09985351562863798,0.30078125,0.0999755859375,0.10095214843386202
2024-06-21 05:30:00,0.0,0.10009765625,0.19921875,0.0,0.09912109375
2024-06-21 05:45:00,0.0,0.10009765625,0.19921875,0.0,0.09912109375
2024-06-21 06:15:00,0.199951171875,0.600341796871362,1.0,0.0,0.19970703125363798
2024-06-21 06:30:00,0.10009765625,0.699707031253638,0.8984375,0.0,0.09863281249636202
2024-06-21 06:45:00,0.0,0.0,0.1015625,0.0,0.1015625
2024-06-21 07:00:00,0.0,0.10009765625,0.3984375,0.0,0.29833984375
2024-06-21 07:15:00,0.199951171875,0.799804687496362,1.0,0.0,0.0002441406286379788
2024-06-21 07:30:00,0.0,0.09985351562863798,0.203125,0.0,0.10327148437136202
2024-06-21 07:45:00,0.0999755859375,0.60009765625,1.0,0.0,0.2999267578125
2024-06-21 08:00:00,0.0999755859375,0.60009765625,1.0,0.10003662109375,0.19989013671875
2024-06-21 08:30:00,0.2000732421875,1.099609375,1.796875,0.0,0.4971923828125
2024-06-21 09:00:00,0.0999755859375,1.00048828125,1.6015625,0.0,0.5010986328125
2024-06-21 09:30:00,0.199951171875,0.99951171875,1.69921875,0.0,0.499755859375
2024-06-21 10:15:00,0.2000732421875,1.200439453125,2.0,0.0,0.5994873046875
2024-06-21 10:45:00,0.0999755859375,1.099365234375,2.19921875,0.0,0.9998779296875
2024-06-21 11:00:00,0.0999755859375,0.6005859375,0.90234375,0.0,0.2017822265625
2024-06-21 11:15:00,0.0999755859375,0.599853515625,0.8984375,0.0999755859375,0.0986328125
2024-06-21 11:30:00,0.0,0.2998046875,0.6015625,0.0,0.3017578125
2024-06-21 11:45:00,0.10009765625,0.5,0.8984375,0.0,0.29833984375
2024-06-21 12:00:00,0.0999755859375,0.300292968746362,0.69921875,0.0,0.298950195316138
2024-06-21 13:00:00,0.2999267578125,1.900146484378638,3.6015625,0.0,1.401489257808862
2024-06-21 13:45:00,0.2000732421875,1.199462890621362,2.0,0.0,0.600463867191138
2024-06-21 14:00:00,0.0999755859375,0.80078125,1.3984375,0.0,0.4976806640625
2024-06-21 14:15:00,0.0999755859375,0.499267578128638,0.90234375,0.10003662109375,0.20306396484011202
2024-06-21 14:30:00,0.0999755859375,0.300537109375,0.59765625,0.0,0.1971435546875
2024-06-21 15:30:00,0.10009765625,2.1998291015625,3.6015625,0.0,1.3016357421875
2024-06-21 16:00:00,0.0999755859375,0.7998046875,1.3984375,0.0,0.4986572265625
2024-06-21 16:30:00,0.0,0.7998046875,1.30078125,0.0,0.5009765625
2024-06-21 16:45:00,0.0999755859375,0.7001953125,1.1015625,0.0,0.3013916015625
2024-06-21 18:15:00,0.199951171875,1.80029296875,3.5,0.0999755859375,1.3997802734375
2024-06-21 18:30:00,0.0,0.0,0.19921875,0.0,0.19921875
2024-06-21 19:15:00,0.0,0.0,0.6015625,0.0,0.6015625
2024-06-21 19:30:00,0.10009765625,0.0,0.09765625,0.0,-0.00244140625
2024-06-21 20:00:00,0.0,0.0,0.19921875,0.0,0.19921875
2024-06-21 20:15:00,0.0,0.0,0.1015625,0.0,0.1015625
2024-06-21 20:30:00,0.0,0.0,0.19921875,0.0999755859375,0.0992431640625
2024-06-21 20:45:00,0.0,0.0,0.1015625,0.0,0.1015625
2024-06-21 21:00:00,0.0999755859375,0.0,0.09765625,0.0,-0.0023193359375
2024-06-21 21:45:00,0.0,0.0,0.40234375,0.0,0.40234375
2024-06-21 22:15:00,0.0999755859375,0.0,0.30078125,0.0,0.2008056640625
2024-06-21 22:30:00,0.0,0.0,0.09765625,0.0,0.09765625
2024-06-21 23:45:00,0.0999755859375,0.0,0.6015625,0.10003662109375,0.40155029296875
2024-06-22 00:00:00,0.0,0.0,0.09765625,0.0,0.09765625
2024-06-22 00:15:00,0.0,0.0,0.203125,0.0,0.203125
2024-06-22 00:45:00,0.0,0.0,0.19921875,0.0,0.19921875
2024-06-22 01:00:00,0.0,0.0,0.19921875,0.0,0.19921875
2024-06-22 01:30:00,0.0999755859375,0.0,0.30078125,0.0,0.2008056640625
2024-06-22 03:30:00,0.10009765625,0.0,1.0,0.0999755859375,0.7999267578125
2024-06-22 04:00:00,0.0999755859375,0.0,0.19921875,0.0,0.0992431640625
2024-06-22 04:15:00,0.0,0.0,0.1015625,0.0,0.1015625
2024-06-22 04:45:00,0.0,0.0,0.296875,0.0,0.296875
2024-06-22 05:00:00,0.0,0.0,0.203125,0.0,0.203125
2024-06-22 06:15:00,0.0999755859375,0.0,0.59765625,0.10003662109375,0.39764404296875
2024-06-22 06:30:00,0.0,0.0,0.19921875,0.0,0.19921875
2024-06-22 07:15:00,0.0999755859375,0.0,0.30078125,0.0,0.2008056640625
2024-06-22 07:30:00,0.0,0.0,0.1015625,0.0,0.1015625
2024-06-22 08:15:00,0.0999755859375,0.0,0.3984375,0.0,0.2984619140625
2024-06-22 08:30:00,0.0,0.0,0.0,0.0,0.0
2024-06-22 08:45:00,0.0,0.0,0.19921875,0.0999755859375,0.0992431640625
2024-06-22 09:15:00,0.0,0.0,0.203125,0.0,0.203125
2024-06-22 09:30:00,0.0,0.0,0.09765625,0.0,0.09765625
2024-06-22 09:45:00,0.10009765625,0.0,0.1015625,0.0,0.00146484375
2024-06-22 10:00:00,0.0,0.0,0.19921875,0.0,0.19921875
2024-06-22 10:30:00,0.0,0.0,0.3984375,0.0,0.3984375
2024-06-22 10:45:00,0.0,0.0,0.0,0.0,0.0
2024-06-22 11:00:00,0.0999755859375,0.0,0.203125,0.0,0.1031494140625
2024-06-22 11:15:00,0.0,0.0,0.09765625,0.0,0.09765625
2024-06-22 11:30:00,0.0,0.0,0.19921875,0.0,0.19921875
2024-06-22 11:45:00,0.0,0.0,0.203125,0.0999755859375,0.1031494140625
2024-06-22 12:15:00,0.0,0.0,0.19921875,0.0,0.19921875
2024-06-22 12:30:00,0.0999755859375,0.0,0.0,0.0,-0.0999755859375
2024-06-22 12:45:00,0.0,0.0,0.19921875,0.0,0.19921875
2024-06-22 13:00:00,0.0,0.0,0.1015625,0.0,0.1015625
2024-06-22 13:15:00,0.0,0.0,0.09765625,0.0,0.09765625
2024-06-22 13:30:00,0.0,0.0,0.1015625,0.0,0.1015625
2024-06-22 13:45:00,0.0,0.0,0.09765625,0.0,0.09765625
2024-06-22 14:00:00,0.0999755859375,0.59979248046875,0.703125,0.0,0.00335693359375
2024-06-22 14:15:00,0.0,0.0,0.09765625,0.0,0.09765625
2024-06-22 14:30:00,0.0,0.0,0.1015625,0.0,0.1015625
2024-06-22 14:45:00,0.0,0.0,0.09765625,0.0,0.09765625
2024-06-22 15:15:00,0.0999755859375,0.0,0.40234375,0.10003662109375,0.20233154296875
2024-06-22 16:00:00,0.0,0.0,0.30078125,0.0,0.30078125
2024-06-22 16:30:00,0.0,0.0,0.296875,0.0,0.296875
2024-06-22 17:00:00,0.10009765625,0.0,0.30078125,0.0,0.20068359375
2024-06-22 17:30:00,0.0,0.0,0.19921875,0.0,0.19921875
2024-06-22 17:45:00,0.0,0.0,0.1015625,0.0,0.1015625
2024-06-22 18:00:00,0.0,0.0,0.1015625,0.0999755859375,0.0015869140625
2024-06-22 18:30:00,0.0999755859375,0.0,0.296875,0.0,0.1968994140625
2024-06-22 19:00:00,0.0,0.0,0.203125,0.0,0.203125
2024-06-22 20:15:00,0.0999755859375,0.0,0.59765625,0.0,0.4976806640625
2024-06-22 20:30:00,0.0,0.0,0.30078125,0.0,0.30078125
2024-06-22 20:45:00,0.0,0.0,0.1015625,0.0,0.1015625
2024-06-22 21:30:00,0.0999755859375,0.099853515625,0.3984375,0.10003662109375,0.09857177734375
2024-06-22 22:30:00,0.0999755859375,0.0,0.3984375,0.0,0.2984619140625
2024-06-22 23:30:00,0.0,0.0,0.6015625,0.0,0.6015625
2024-06-22 23:45:00,0.10009765625,0.0,0.1015625,0.0,0.00146484375
2024-06-23 00:00:00,0.0,0.0,0.09765625,0.0,0.09765625
2024-06-23 00:30:00,0.0,0.0,0.30078125,0.0999755859375,0.2008056640625
2024-06-23 00:45:00,0.0,0.0,0.1015625,0.0,0.1015625
2024-06-23 01:15:00,0.0999755859375,0.0,0.19921875,0.0,0.0992431640625
2024-06-23 01:45:00,0.0,0.0,0.30078125,0.0,0.30078125
2024-06-23 02:00:00,0.0,0.0,0.19921875,0.0,0.19921875
2024-06-23 02:30:00,0.0999755859375,0.0,0.19921875,0.0,0.0992431640625
2024-06-23 02:45:00,0.0,0.0,0.1015625,0.0,0.1015625
2024-06-23 03:00:00,0.0,0.0,0.09765625,0.0,0.09765625
2024-06-23 03:15:00,0.0,0.0,0.19921875,0.0999755859375,0.0992431640625
2024-06-23 03:30:00,0.0,0.0,0.1015625,0.0,0.1015625
2024-06-23 04:00:00,0.0,0.0,0.19921875,0.0,0.19921875
2024-06-23 04:15:00,0.0999755859375,0.0,0.19921875,0.0,0.0992431640625
2024-06-23 04:30:00,0.0,0.0,0.1015625,0.0,0.1015625
2024-06-23 04:45:00,0.0,0.0,0.1015625,0.0,0.1015625
2024-06-23 05:00:00,0.0,0.0,0.09765625,0.0,0.09765625
2024-06-23 05:15:00,0.0,0.0,0.1015625,0.0,0.1015625
2024-06-23 05:30:00,0.0999755859375,0.0,0.19921875,0.0,0.0992431640625
2024-06-23 06:30:00,0.0,0.0,0.6015625,0.10003662109375,0.50152587890625
2024-06-23 08:00:00,0.10009765625,0.0,0.69921875,0.0,0.59912109375
2024-06-23 08:15:00,0.0999755859375,0.0,0.09765625,0.0,-0.0023193359375
2024-06-23 08:30:00,0.0,0.0,0.1015625,0.0,0.1015625
2024-06-23 08:45:00,0.0,0.0,0.19921875,0.0,0.19921875
2024-06-23 09:00:00,0.0,0.10009765624636202,0.19921875,0.0,0.09912109375363798
2024-06-23 09:15:00,0.0,0.09985351562863798,0.30078125,0.0999755859375,0.10095214843386202
2024-06-23 09:45:00,0.0999755859375,0.10009765625363798,0.19921875,0.0,-0.0008544921911379788
2024-06-23 10:00:00,0.0,0.0,0.1015625,0.0,0.1015625
2024-06-23 10:15:00,0.0,0.0,0.1015625,0.0,0.1015625
2024-06-23 11:15:00,0.0999755859375,0.0,0.5,0.0,0.4000244140625
2024-06-23 11:30:00,0.0,0.0,0.19921875,0.0,0.19921875
2024-06-23 11:45:00,0.0,0.0,0.19921875,0.0,0.19921875
2024-06-23 12:45:00,0.0999755859375,0.0,0.5,0.10003662109375,0.29998779296875
2024-06-23 13:00:00,0.0,0.0,0.1015625,0.0,0.1015625
2024-06-23 13:45:00,0.0,0.0,0.3984375,0.0,0.3984375
2024-06-23 14:00:00,0.10009765625,0.0,0.1015625,0.0,0.00146484375
2024-06-23 14:15:00,0.0,0.0,0.09765625,0.0,0.09765625
2024-06-23 14:30:00,0.0,0.0,0.19921875,0.0,0.19921875
2024-06-23 14:45:00,0.0,0.0,0.1015625,0.0,0.1015625
2024-06-23 15:15:00,0.0,0.0,0.19921875,0.0,0.19921875
2024-06-23 16:00:00,0.0999755859375,0.0,0.30078125,0.0999755859375,0.100830078125
2024-06-23 16:15:00,0.0,0.0,0.19921875,0.0,0.19921875
2024-06-23 16:30:00,0.0,0.0,0.0,0.0,0.0
2024-06-23 16:45:00,0.0,0.0,0.1015625,0.0,0.1015625
2024-06-23 17:15:00,0.0999755859375,0.0,0.30078125,0.0,0.2008056640625
2024-06-23 17:30:00,0.0,0.0,0.19921875,0.0,0.19921875
2024-06-23 17:45:00,0.0,0.0,0.09765625,0.0,0.09765625
2024-06-23 18:00:00,0.0,0.0,0.1015625,0.0,0.1015625
2024-06-23 19:00:00,0.0999755859375,0.0,0.3984375,0.0999755859375,0.198486328125
2024-06-23 19:15:00,0.0,0.0,0.203125,0.0,0.203125
2024-06-23 19:45:00,0.0999755859375,0.0,0.19921875,0.0,0.0992431640625
2024-06-23 20:00:00,0.0,0.0,0.19921875,0.0,0.19921875
2024-06-23 20:15:00,0.0,0.0,0.19921875,0.0,0.19921875
2024-06-23 20:30:00,0.0,0.0,0.1015625,0.0,0.1015625
2024-06-23 21:30:00,0.10009765625,0.0,0.59765625,0.10003662109375,0.39752197265625
2024-06-23 21:45:00,0.0,0.0,0.0,0.0,0.0
2024-06-23 22:45:00,0.0999755859375,0.0,0.6015625,0.0,0.5015869140625
2024-06-23 23:00:00,0.0,0.0,0.1015625,0.0,0.1015625
2024-06-23 23:15:00,0.0,0.0,0.09765625,0.0,0.09765625
2024-06-23 23:45:00,0.0999755859375,0.0,0.30078125,0.0,0.2008056640625
2024-06-24 00:15:00,0.0,0.0,0.19921875,0.0,0.19921875
2024-06-24 00:30:00,0.0,0.0,0.19921875,0.0,0.19921875
2024-06-24 00:45:00,0.0,0.0,0.0,0.0999755859375,-0.0999755859375
2024-06-24 01:00:00,0.0,0.0,0.203125,0.0,0.203125
2024-06-24 01:15:00,0.0999755859375,0.0,0.09765625,0.0,-0.0023193359375
2024-06-24 02:30:00,0.0,0.0,0.80078125,0.0,0.80078125
2024-06-24 02:45:00,0.0999755859375,0.0,0.1015625,0.0,0.0015869140625
2024-06-24 03:00:00,0.0,0.0,0.09765625,0.0,0.09765625
2024-06-24 03:15:00,0.0,0.0,0.1015625,0.0,0.1015625
2024-06-24 03:30:00,0.0,0.0,0.19921875,0.0,0.19921875
2024-06-24 04:00:00,0.0,0.0,0.19921875,0.10003662109375,0.09918212890625
2024-06-24 04:45:00,0.10009765625,0.10009765624636202,0.5,0.0,0.299804687503638
2024-06-24 05:30:00,0.0999755859375,0.399902343753638,0.80078125,0.0,0.300903320308862
2024-06-24 06:15:00,0.0999755859375,0.30078125,1.0,0.0,0.5992431640625
2024-06-24 07:15:00,0.199951171875,1.5,2.3984375,0.0999755859375,0.5985107421875
2024-06-24 07:45:00,0.2000732421875,0.999267578117724,1.40234375,0.0,0.20300292969477596
2024-06-24 08:00:00,0.0,0.500488281253638,0.80078125,0.0,0.300292968746362
2024-06-24 08:30:00,0.0999755859375,0.7998046875,1.19921875,0.0,0.2994384765625
2024-06-24 09:15:00,0.199951171875,1.599853515625,2.59765625,0.0,0.7978515625
2024-06-24 09:45:00,0.10009765625,0.69970703125,1.1015625,0.0,0.3017578125
2024-06-24 10:00:00,0.0999755859375,0.500488281253638,0.80078125,0.0999755859375,0.10034179687136202
2024-06-24 10:15:00,0.0999755859375,0.400146484371362,0.8984375,0.0,0.398315429691138
2024-06-24 10:30:00,0.199951171875,0.899902343746362,1.5,0.0,0.400146484378638
2024-06-24 11:30:00,0.2000732421875,1.599609375,2.90234375,0.0,1.1026611328125
2024-06-24 11:45:00,0.0999755859375,0.500244140628638,1.0,0.0,0.399780273433862
2024-06-24 12:30:00,0.199951171875,0.600097656253638,1.5,0.0,0.699951171871362
2024-06-24 13:15:00,0.2000732421875,1.0,2.09765625,0.10003662109375,0.79754638671875
2024-06-24 13:30:00,0.0999755859375,0.699951171871362,1.19921875,0.0,0.399291992191138
2024-06-24 13:45:00,0.0999755859375,0.299560546875,0.6015625,0.0,0.2020263671875
2024-06-24 14:00:00,0.0,0.699951171875,1.1015625,0.0,0.401611328125
2024-06-24 14:15:00,0.0999755859375,0.400390625,0.8984375,0.0,0.3980712890625
2024-06-24 14:30:00,0.0,0.500244140625,0.80078125,0.0,0.300537109375
2024-06-24 14:45:00,0.10009765625,0.299560546871362,0.59765625,0.0,0.19799804687863798
2024-06-24 15:00:00,0.0,0.400634765628638,0.6015625,0.0,0.20092773437136202
2024-06-24 15:15:00,0.0,0.4990234375,0.80078125,0.0,0.3017578125
2024-06-24 15:30:00,0.0999755859375,0.600341796871362,1.09765625,0.0,0.397338867191138
2024-06-24 15:45:00,0.0,0.300537109378638,0.5,0.0,0.19946289062136202
2024-06-24 16:00:00,0.0999755859375,0.799804687503638,1.40234375,0.0999755859375,0.402587890621362
2024-06-24 16:15:00,0.0,0.299560546871362,0.59765625,0.0,0.298095703128638
2024-06-24 16:45:00,0.0999755859375,1.000488281246362,1.5,0.0,0.399536132816138
2024-06-24 17:45:00,0.2000732421875,1.699707031253638,3.0,0.0,1.100219726558862
2024-06-24 18:00:00,0.0,0.5,0.80078125,0.0,0.30078125
2024-06-24 18:30:00,0.0999755859375,1.400146484375,2.0,0.0,0.4998779296875
2024-06-24 20:00:00,0.2999267578125,2.600341796875,4.1015625,0.10003662109375,1.10125732421875
2024-06-24 20:15:00,0.0,0.099853515625,0.09765625,0.0,-0.002197265625
2024-06-24 20:30:00,0.0,0.300292968753638,0.6015625,0.0,0.301269531246362
2024-06-24 20:45:00,0.10009765625,0.299804687496362,0.5,0.0,0.10009765625363798
2024-06-24 21:00:00,0.0,0.199951171875,0.30078125,0.0,0.100830078125
2024-06-24 21:45:00,0.0999755859375,0.0,0.3984375,0.0,0.2984619140625
2024-06-24 22:00:00,0.0,0.0,0.19921875,0.0,0.19921875
2024-06-24 22:30:00,0.0999755859375,0.0,0.30078125,0.0999755859375,0.100830078125
2024-06-24 22:45:00,0.0,0.0,0.1015625,0.0,0.1015625
2024-06-24 23:15:00,0.0,0.0,0.30078125,0.0,0.30078125
2024-06-24 23:30:00,0.0,0.0,0.09765625,0.0,0.09765625
2024-06-24 23:45:00,0.0,0.0,0.19921875,0.0,0.19921875
2024-06-25 00:30:00,0.0999755859375,0.0,0.30078125,0.0,0.2008056640625
2024-06-25 00:45:00,0.0,0.0,0.19921875,0.0,0.19921875
2024-06-25 01:00:00,0.0,0.0,0.1015625,0.0,0.1015625
2024-06-25 01:15:00,0.0,0.0,0.1015625,0.0999755859375,0.0015869140625
2024-06-25 01:45:00,0.0999755859375,0.0,0.19921875,0.0,0.0992431640625
2024-06-25 02:00:00,0.0,0.0,0.09765625,0.0,0.09765625
2024-06-25 02:15:00,0.0,0.0,0.1015625,0.0,0.1015625
2024-06-25 02:30:00,0.0,0.0,0.19921875,0.0,0.19921875
2024-06-25 02:45:00,0.0,0.0,0.1015625,0.0,0.1015625
2024-06-25 03:00:00,0.10009765625,0.0,0.19921875,0.0,0.09912109375
2024-06-25 03:30:00,0.0,0.0,0.19921875,0.0,0.19921875
2024-06-25 03:45:00,0.0,0.0,0.19921875,0.0,0.19921875
2024-06-25 04:45:00,0.0999755859375,0.2001953125,0.6015625,0.10003662109375,0.20135498046875
2024-06-25 05:00:00,0.0,0.0,0.19921875,0.0,0.19921875
2024-06-25 05:15:00,0.0,0.199951171875,0.30078125,0.0,0.100830078125
2024-06-25 05:45:00,0.0999755859375,0.199951171875,0.5,0.0,0.2000732421875
2024-06-25 06:15:00,0.0,0.10009765625,0.5,0.0,0.39990234375
2024-06-25 06:30:00,0.0,0.199462890625,0.30078125,0.0,0.101318359375
2024-06-25 06:45:00,0.0,0.7000732421875,0.8984375,0.0,0.1983642578125
2024-06-25 07:45:00,0.199951171875,1.89990234375,2.6015625,0.0999755859375,0.4017333984375
2024-06-25 08:30:00,0.2000732421875,2.00042724609375,2.8984375,0.0,0.69793701171875
2024-06-25 09:15:00,0.0999755859375,1.199462890625,2.0,0.0,0.7005615234375
2024-06-25 09:30:00,0.0999755859375,0.799804687503638,1.30078125,0.0,0.401000976558862
2024-06-25 10:00:00,0.0999755859375,0.700195312496362,1.1015625,0.0,0.301391601566138
2024-06-25 10:15:00,0.0,0.500244140625,0.8984375,0.0,0.398193359375
2024-06-25 10:30:00,0.10009765625,0.600341796878638,1.19921875,0.10003662109375,0.398742675777612
2024-06-25 10:45:00,0.0,0.600097656246362,0.90234375,0.0,0.302246093753638
2024-06-25 11:45:00,0.199951171875,1.599853515625,2.8984375,0.0,1.0986328125
2024-06-25 12:00:00,0.0,0.10009765625,0.5,0.0,0.39990234375
2024-06-25 12:15:00,0.0999755859375,0.300048828125,0.5,0.0,0.0999755859375
2024-06-25 12:45:00,0.0,0.399902343753638,1.1015625,0.0,0.701660156246362
2024-06-25 13:15:00,0.0999755859375,0.69921875,1.296875,0.0,0.4976806640625
2024-06-25 13:45:00,0.2000732421875,1.200195312496362,2.30078125,0.0999755859375,0.800537109378638
2024-06-25 14:00:00,0.0999755859375,0.299804687503638,0.69921875,0.0,0.299438476558862
2024-06-25 14:15:00,0.0,0.300292968746362,0.703125,0.0,0.402832031253638
2024-06-25 14:30:00,0.0999755859375,0.300048828125,0.3984375,0.0,-0.0015869140625
2024-06-25 15:00:00,0.0,0.5,1.19921875,0.0,0.69921875
2024-06-25 16:15:00,0.2000732421875,1.69970703125,3.5,0.0,1.6002197265625
2024-06-25 16:45:00,0.0999755859375,0.800048828125,1.69921875,0.0999755859375,0.69921875
2024-06-25 17:15:00,0.199951171875,0.800048828125,1.703125,0.0,0.703125
2024-06-25 17:30:00,0.0,0.300048828125,0.3984375,0.0,0.098388671875
2024-06-25 18:00:00,0.0999755859375,0.5,1.3984375,0.0,0.7984619140625
2024-06-25 18:15:00,0.0,0.300048828125,0.5,0.0,0.199951171875
2024-06-25 18:30:00,0.10009765625,0.199951171875,0.5,0.0,0.199951171875
2024-06-25 18:45:00,0.0,0.10009765625,0.30078125,0.0,0.20068359375
2024-06-25 19:00:00,0.0999755859375,0.199951171875,0.5,0.0,0.2000732421875
2024-06-25 19:15:00,0.0,0.2998046875,0.5,0.0,0.2001953125
2024-06-25 20:00:00,0.0999755859375,0.7001953125,1.1015625,0.10003662109375,0.20135498046875
2024-06-25 20:15:00,0.0999755859375,0.199951171875,0.5,0.0,0.2000732421875
2024-06-25 20:30:00,0.0,0.10009765625,0.19921875,0.0,0.09912109375
2024-06-25 20:45:00,0.0,0.0,0.1015625,0.0,0.1015625
2024-06-25 21:15:00,0.0,0.0,0.3984375,0.0,0.3984375
2024-06-25 21:30:00,0.0999755859375,0.0,0.1015625,0.0,0.0015869140625
2024-06-25 21:45:00,0.0,0.0,0.09765625,0.0,0.09765625
2024-06-25 22:00:00,0.0,0.0,0.19921875,0.0,0.19921875
2024-06-25 22:15:00,0.0,0.0,0.1015625,0.0,0.1015625
2024-06-25 22:30:00,0.0,0.0,0.1015625,0.0,0.1015625
2024-06-25 23:00:00,0.10009765625,0.0,0.3984375,0.0999755859375,0.1983642578125
2024-06-25 23:15:00,0.0,0.0,0.1015625,0.0,0.1015625
2024-06-25 23:30:00,0.0,0.0,0.09765625,0.0,0.09765625
2024-06-25 23:45:00,0.0,0.0,0.19921875,0.0,0.19921875
2024-06-26 00:45:00,0.0999755859375,0.0,0.5,0.0,0.4000244140625
2024-06-26 01:30:00,0.0,0.0,0.40234375,0.0,0.40234375
2024-06-26 02:00:00,0.0999755859375,0.0,0.30078125,0.10003662109375,0.10076904296875
2024-06-26 02:15:00,0.0,0.0,0.09765625,0.0,0.09765625
2024-06-26 02:30:00,0.0,0.0,0.1015625,0.0,0.1015625
2024-06-26 02:45:00,0.0,0.0,0.09765625,0.0,0.09765625
2024-06-26 03:00:00,0.0,0.0,0.1015625,0.0,0.1015625
2024-06-26 03:15:00,0.0999755859375,0.0,0.19921875,0.0,0.0992431640625
2024-06-26 03:45:00,0.0,0.0,0.30078125,0.0,0.30078125
2024-06-26 04:15:00,0.0,0.10009765625363798,0.19921875,0.0,0.09912109374636202
2024-06-26 04:30:00,0.0999755859375,0.09985351562136202,0.30078125,0.0,0.10095214844113798
2024-06-26 04:45:00,0.0,0.10009765625,0.1015625,0.0,0.00146484375
2024-06-26 05:00:00,0.0,0.0,0.19921875,0.0999755859375,0.0992431640625
2024-06-26 05:15:00,0.0,0.099853515625,0.19921875,0.0,0.099365234375
2024-06-26 05:30:00,0.0,0.10009765625,0.30078125,0.0,0.20068359375
2024-06-26 05:45:00,0.0,0.10009765625363798,0.30078125,0.0,0.20068359374636202
2024-06-26 06:00:00,0.10009765625,0.09985351562136202,0.19921875,0.0,-0.0007324218713620212
2024-06-26 06:15:00,0.0999755859375,0.300537109378638,0.3984375,0.0,-0.002075195316137979
2024-06-26 06:30:00,0.199951171875,0.699707031246362,1.1015625,0.0,0.20190429687863798
2024-06-26 06:45:00,0.0999755859375,0.0,0.09765625,0.0,-0.0023193359375
2024-06-26 07:30:00,0.4000244140625,1.099609375,2.0,0.0,0.5003662109375
2024-06-26 07:45:00,0.0999755859375,0.60009765625,0.80078125,0.0,0.1007080078125
2024-06-26 08:15:00,0.300048828125,1.000244140625,1.80078125,0.0999755859375,0.4005126953125
2024-06-26 08:45:00,0.199951171875,0.7998046875,1.5,0.0,0.500244140625
2024-06-26 09:15:00,0.300048828125,1.200439453125,2.0,0.0,0.49951171875
2024-06-26 10:15:00,0.4000244140625,2.199462890625,3.8984375,0.0,1.2989501953125
2024-06-26 10:30:00,0.0999755859375,0.300537109375,0.6015625,0.0,0.2010498046875
2024-06-26 10:45:00,0.0,0.39990234375,0.6015625,0.0,0.20166015625
2024-06-26 11:15:00,0.0999755859375,1.299560546875,2.296875,0.10003662109375,0.79730224609375
2024-06-26 11:30:00,0.0,0.30078125,0.30078125,0.0,0.0
2024-06-26 11:45:00,0.2000732421875,0.499755859375,1.1015625,0.0,0.4017333984375
2024-06-26 13:00:00,0.199951171875,1.600097656253638,3.3984375,0.0,1.598388671871362
2024-06-26 13:15:00,0.0999755859375,0.300048828121362,0.80078125,0.0,0.400756835941138
2024-06-26 13:30:00,0.0999755859375,0.300048828125,0.8984375,0.0,0.4984130859375
2024-06-26 13:45:00,0.10009765625,0.2996826171875,0.6015625,0.0,0.2017822265625
2024-06-26 14:15:00,0.0999755859375,1.10003662109375,1.69921875,0.0999755859375,0.39923095703125
2024-06-26 14:30:00,0.0,0.30023193359375,0.6015625,0.0,0.30133056640625
2024-06-26 14:45:00,0.0999755859375,0.3997802734375,0.80078125,0.0,0.301025390625
2024-06-26 15:00:00,0.0,0.60015869140625,1.19921875,0.0,0.59906005859375
2024-06-26 15:15:00,0.0999755859375,0.4998779296875,0.80078125,0.0,0.200927734375
2024-06-26 16:30:00,0.2000732421875,2.500061035152612,4.59765625,0.0,1.897521972659888
2024-06-26 16:45:00,0.0,0.299987792972388,0.6015625,0.0,0.301574707027612
2024-06-26 18:00:00,0.2999267578125,2.3001708984375,4.09765625,0.10003662109375,1.39752197265625
2024-06-26 18:15:00,0.0999755859375,0.50006103515625,0.80078125,0.0,0.20074462890625
2024-06-26 18:30:00,0.0,0.5999755859375,0.90234375,0.0,0.3023681640625
2024-06-26 19:00:00,0.10009765625,0.39947509765625,0.796875,0.0,0.29730224609375
2024-06-26 19:15:00,0.0999755859375,0.8997802734375,1.30078125,0.0,0.301025390625
2024-06-26 19:30:00,0.0999755859375,0.300537109375,0.5,0.0,0.0994873046875
2024-06-26 19:45:00,0.0,0.0,0.30078125,0.0,0.30078125
2024-06-26 20:15:00,0.0,0.0,0.30078125,0.0999755859375,0.2008056640625
2024-06-26 21:00:00,0.0999755859375,0.0,0.3984375,0.0,0.2984619140625
2024-06-26 21:15:00,0.0,0.0,0.19921875,0.0,0.19921875
2024-06-26 21:30:00,0.0,0.0,0.203125,0.0,0.203125
2024-06-26 22:15:00,0.0999755859375,0.0,0.5,0.0,0.4000244140625
2024-06-26 22:30:00,0.0,0.0,0.09765625,0.0,0.09765625
2024-06-26 23:15:00,0.0,0.0,0.40234375,0.0,0.40234375
2024-06-26 23:30:00,0.10009765625,0.0,0.296875,0.0999755859375,0.0968017578125
2024-06-27 00:00:00,0.0,0.0,0.30078125,0.0,0.30078125
2024-06-27 00:30:00,0.0,0.0,0.19921875,0.0,0.19921875
2024-06-27 01:15:00,0.0999755859375,0.0,0.40234375,0.0,0.3023681640625
2024-06-27 01:30:00,0.0,0.0,0.19921875,0.0,0.19921875
2024-06-27 01:45:00,0.0,0.0,0.1015625,0.0,0.1015625
2024-06-27 02:00:00,0.0,0.0,0.09765625,0.0,0.09765625
2024-06-27 03:00:00,0.0999755859375,0.0,0.5,0.10003662109375,0.29998779296875
2024-06-27 03:15:00,0.0,0.0,0.19921875,0.0,0.19921875
2024-06-27 03:30:00,0.0999755859375,0.0,0.1015625,0.0,0.0015869140625
2024-06-27 04:00:00,0.0,0.0,0.30078125,0.0,0.30078125
2024-06-27 04:15:00,0.0,0.0,0.09765625,0.0,0.09765625
2024-06-27 04:45:00,0.0,0.10009765625,0.40234375,0.0,0.30224609375
2024-06-27 05:00:00,0.0999755859375,0.099853515625,0.19921875,0.0,-0.0006103515625
2024-06-27 05:30:00,0.0,0.300048828125,0.69921875,0.0999755859375,0.2991943359375
2024-06-27 05:45:00,0.0,0.0,0.19921875,0.0,0.19921875
2024-06-27 06:00:00,0.0,0.10009765625,0.40234375,0.0,0.30224609375
2024-06-27 06:15:00,0.2000732421875,0.69915771484375,0.80078125,0.0,-0.09844970703125
2024-06-27 06:30:00,0.199951171875,0.400390625,0.69921875,0.0,0.098876953125
2024-06-27 07:15:00,0.2000732421875,0.899658203128638,1.69921875,0.0,0.599487304683862
2024-06-27 07:45:00,0.0999755859375,0.80078125,1.19921875,0.0,0.2984619140625
2024-06-27 08:00:00,0.0999755859375,0.69921875,1.0,0.0,0.2008056640625
2024-06-27 08:30:00,0.0999755859375,0.900878906246362,1.5,0.10003662109375,0.399108886722388
2024-06-27 08:45:00,0.0,0.399169921875,0.5,0.0,0.100830078125
2024-06-27 09:00:00,0.0999755859375,0.300537109375,0.6015625,0.0,0.2010498046875
2024-06-27 09:15:00,0.10009765625,0.799804687503638,1.19921875,0.0,0.299316406246362
2024-06-27 09:45:00,0.0999755859375,0.799804687496362,1.30078125,0.0,0.401000976566138
2024-06-27 10:30:00,0.199951171875,1.39990234375,2.59765625,0.0,0.997802734375
2024-06-27 10:45:00,0.0999755859375,0.600341796875,1.203125,0.0,0.5028076171875
2024-06-27 11:15:00,0.10009765625,0.7001953125,1.09765625,0.0,0.29736328125
2024-06-27 11:45:00,0.199951171875,1.300048828125,2.19921875,0.0999755859375,0.5992431640625
2024-06-27 12:15:00,0.0999755859375,0.49957275390625,1.0,0.0,0.40045166015625
2024-06-27 12:45:00,0.2000732421875,1.10003662109375,2.1015625,0.0,0.80145263671875
2024-06-27 13:00:00,0.0999755859375,0.49981689453125,0.80078125,0.0,0.20098876953125
2024-06-27 13:45:00,0.0999755859375,1.00018310546875,2.09765625,0.0,0.99749755859375
2024-06-27 14:00:00,0.0999755859375,0.59991455078125,1.1015625,0.0,0.40167236328125
2024-06-27 14:15:00,0.0,0.60009765625,0.8984375,0.0,0.29833984375
2024-06-27 14:30:00,0.0999755859375,0.59967041015625,1.203125,0.0,0.50347900390625
2024-06-27 14:45:00,0.0,0.50030517578125,0.8984375,0.0999755859375,0.29815673828125
2024-06-27 15:45:00,0.2000732421875,1.8997802734375,2.80078125,0.0,0.700927734375
2024-06-27 16:00:00,0.0,0.30029296875,1.0,0.0,0.69970703125
2024-06-27 16:15:00,0.0999755859375,0.2998046875,0.5,0.0,0.1002197265625
2024-06-27 17:00:00,0.0999755859375,1.3001708984375,2.59765625,0.0,1.197509765625
2024-06-27 17:15:00,0.0,0.19970703125,0.5,0.0,0.30029296875
2024-06-27 17:30:00,0.0999755859375,0.5,0.90234375,0.0,0.3023681640625
2024-06-27 17:45:00,0.0,0.300048828125,0.3984375,0.0,0.098388671875
2024-06-27 18:00:00,0.0,0.300048828128638,0.69921875,0.10003662109375,0.299133300777612
2024-06-27 18:15:00,0.10009765625,0.30004882811772404,0.6015625,0.0,0.20141601563227596
2024-06-27 18:45:00,0.0,0.499755859378638,1.1015625,0.0,0.601806640621362
2024-06-27 19:00:00,0.0,0.30029296875,0.5,0.0,0.19970703125
2024-06-27 19:45:00,0.0999755859375,0.699951171871362,1.09765625,0.0,0.297729492191138
2024-06-27 20:00:00,0.0,0.0,0.19921875,0.0,0.19921875
2024-06-27 20:30:00,0.0,0.0,0.30078125,0.0,0.30078125
2024-06-27 20:45:00,0.0999755859375,0.0,0.1015625,0.0,0.0015869140625
2024-06-27 21:15:00,0.0,0.0,0.19921875,0.0999755859375,0.0992431640625
2024-06-27 21:45:00,0.0,0.0,0.3984375,0.0,0.3984375
2024-06-27 22:00:00,0.0999755859375,0.0,0.1015625,0.0,0.0015869140625
2024-06-27 22:30:00,0.0,0.0,0.19921875,0.0,0.19921875
2024-06-27 23:00:00,0.0,0.0,0.19921875,0.0,0.19921875
2024-06-28 00:00:00,0.0999755859375,0.0,0.5,0.0,0.4000244140625
2024-06-28 00:30:00,0.0,0.0,0.40234375,0.10003662109375,0.30230712890625
2024-06-28 00:45:00,0.0,0.0,0.09765625,0.0,0.09765625
2024-06-28 01:45:00,0.10009765625,0.0,0.5,0.0,0.39990234375
2024-06-28 02:30:00,0.0999755859375,0.0,0.40234375,0.0,0.3023681640625
2024-06-28 03:00:00,0.0,0.0,0.30078125,0.0999755859375,0.2008056640625
2024-06-28 03:30:00,0.0,0.0,0.296875,0.0,0.296875
2024-06-28 04:15:00,0.0999755859375,0.09985351562863798,0.40234375,0.0,0.20251464843386202
2024-06-28 05:00:00,0.0,0.2001953125,0.5,0.0,0.2998046875
2024-06-28 05:15:00,0.0999755859375,0.099853515625,0.3984375,0.0,0.1986083984375
2024-06-28 05:30:00,0.0,0.10009765624636202,0.1015625,0.0,0.0014648437536379788
2024-06-28 06:00:00,0.0,0.09985351562863798,0.59765625,0.0,0.497802734371362
2024-06-28 06:15:00,0.0999755859375,0.7999267578125,1.1015625,0.0999755859375,0.1016845703125
2024-06-28 07:00:00,0.10009765625,0.2998046875,0.69921875,0.0,0.29931640625
2024-06-28 07:15:00,0.0999755859375,0.600341796875,0.90234375,0.0,0.2020263671875
2024-06-28 07:30:00,0.0,0.400390625,0.5,0.0,0.099609375
2024-06-28 08:00:00,0.0999755859375,0.899658203125,1.3984375,0.0,0.3988037109375
2024-06-28 09:15:00,0.199951171875,2.800048828125,4.5,0.10003662109375,1.39996337890625
2024-06-28 09:30:00,0.0,0.300537109375,0.30078125,0.0,0.000244140625
2024-06-28 09:45:00,0.10009765625,0.7998046875,1.3984375,0.0,0.49853515625
2024-06-28 10:00:00,0.0,0.10009765625,0.30078125,0.0,0.20068359375
2024-06-28 10:30:00,0.199951171875,1.39990234375,2.3984375,0.0,0.798583984375
2024-06-28 10:45:00,0.0,0.099853515625,0.30078125,0.0,0.200927734375
2024-06-28 11:00:00,0.0,0.500244140625,1.0,0.0,0.499755859375
2024-06-28 11:15:00,0.0999755859375,0.89990234375,1.5,0.0,0.5001220703125
2024-06-28 11:45:00,0.2000732421875,0.2998046875,1.0,0.0,0.5001220703125
2024-06-28 12:30:00,0.2999267578125,0.7001953125,1.90234375,0.0999755859375,0.80224609375
2024-06-28 13:15:00,0.0999755859375,1.0,2.19921875,0.0,1.0992431640625
2024-06-28 14:45:00,0.300048828125,1.800048828125,4.0,0.0,1.89990234375
2024-06-28 16:00:00,0.199951171875,1.800048828125,3.5,0.10003662109375,1.39996337890625
2024-06-28 16:15:00,0.10009765625,0.399658203125,1.0,0.0,0.500244140625
2024-06-28 16:30:00,0.0,0.30029296875,0.69921875,0.0,0.39892578125
2024-06-28 16:45:00,0.0999755859375,0.39990234375,0.69921875,0.0,0.1993408203125
2024-06-28 17:30:00,0.0999755859375,1.0,2.1015625,0.0,1.0015869140625
2024-06-28 17:45:00,0.0,0.2001953125,0.5,0.0,0.2998046875
2024-06-28 18:15:00,0.0999755859375,0.599853515625,1.0,0.0,0.3001708984375
2024-06-28 18:30:00,0.0999755859375,0.5,1.0,0.0999755859375,0.300048828125
2024-06-28 18:45:00,0.0,0.199951171875,0.30078125,0.0,0.100830078125
2024-06-28 19:00:00,0.0,0.099853515625,0.3984375,0.0,0.298583984375
2024-06-28 19:15:00,0.10009765625,0.10009765625,0.30078125,0.0,0.1005859375
2024-06-28 19:30:00,0.0,0.099853515625,0.30078125,0.0,0.200927734375
2024-06-28 19:45:00,0.0,0.0,0.19921875,0.0,0.19921875
2024-06-28 20:30:00,0.0,0.10009765625,0.3984375,0.0,0.29833984375
2024-06-28 20:45:00,0.0999755859375,0.0,0.1015625,0.0,0.0015869140625
2024-06-28 21:15:00,0.0,0.0,0.30078125,0.0,0.30078125
2024-06-28 21:30:00,0.0,0.0,0.09765625,0.0,0.09765625
2024-06-28 21:45:00,0.0,0.0,0.1015625,0.0999755859375,0.0015869140625
2024-06-28 22:00:00,0.0999755859375,0.0,0.19921875,0.0,0.0992431640625
2024-06-28 22:15:00,0.0,0.0,0.19921875,0.0,0.19921875
2024-06-28 22:30:00,0.0,0.0,0.1015625,0.0,0.1015625
2024-06-28 23:00:00,0.0,0.0,0.19921875,0.0,0.19921875
2024-06-28 23:45:00,0.0999755859375,0.0,0.5,0.0,0.4000244140625
2024-06-29 01:00:00,0.0999755859375,0.0,0.6015625,0.10003662109375,0.40155029296875
2024-06-29 01:15:00,0.0,0.0,0.09765625,0.0,0.09765625
2024-06-29 01:30:00,0.0,0.0,0.1015625,0.0,0.1015625
2024-06-29 02:15:00,0.0,0.0,0.3984375,0.0,0.3984375
2024-06-29 02:30:00,0.10009765625,0.0,0.19921875,0.0,0.09912109375
2024-06-29 03:15:00,0.0,0.0,0.40234375,0.0,0.40234375
2024-06-29 03:45:00,0.0,0.0,0.09765625,0.0999755859375,-0.0023193359375
2024-06-29 04:00:00,0.0999755859375,0.0,0.1015625,0.0,0.0015869140625
2024-06-29 04:15:00,0.0,0.0,0.19921875,0.0,0.19921875
2024-06-29 04:45:00,0.0,0.0,0.19921875,0.0,0.19921875
2024-06-29 05:00:00,0.0,0.0,0.1015625,0.0,0.1015625
2024-06-29 05:15:00,0.0999755859375,0.0,0.30078125,0.0,0.2008056640625
2024-06-29 06:00:00,0.0,0.0,0.30078125,0.0,0.30078125
2024-06-29 06:30:00,0.0999755859375,0.0,0.296875,0.0,0.1968994140625
2024-06-29 06:45:00,0.0,0.0,0.1015625,0.0,0.1015625
2024-06-29 07:00:00,0.0,0.0,0.1015625,0.10003662109375,0.00152587890625
2024-06-29 07:30:00,0.0,0.0,0.3984375,0.0,0.3984375
2024-06-29 07:45:00,0.0,0.0,0.1015625,0.0,0.1015625
2024-06-29 08:00:00,0.0999755859375,0.0,0.19921875,0.0,0.0992431640625
2024-06-29 08:30:00,0.0,0.0,0.19921875,0.0,0.19921875
2024-06-29 08:45:00,0.0,0.0,0.1015625,0.0,0.1015625
2024-06-29 09:15:00,0.0,0.0,0.296875,0.0,0.296875
2024-06-29 09:30:00,0.10009765625,0.2001953125,0.30078125,0.0,0.00048828125
2024-06-29 10:00:00,0.0,0.0,0.30078125,0.0999755859375,0.2008056640625
2024-06-29 10:45:00,0.0,0.0,0.3984375,0.0,0.3984375
2024-06-29 11:30:00,0.199951171875,0.80029296875,1.30078125,0.0,0.300537109375
2024-06-29 12:00:00,0.199951171875,0.7998046875,1.19921875,0.0,0.199462890625
2024-06-29 12:15:00,0.10009765625,0.399658203125,0.6015625,0.0,0.101806640625
2024-06-29 12:30:00,0.0999755859375,0.5,0.80078125,0.0,0.2008056640625
2024-06-29 12:45:00,0.0999755859375,0.2998046875,0.3984375,0.0,-0.0013427734375
2024-06-29 13:00:00,0.0999755859375,0.39990234375,0.6015625,0.0999755859375,0.001708984375
2024-06-29 13:15:00,0.0,0.2001953125,0.30078125,0.0,0.1005859375
2024-06-29 13:45:00,0.2000732421875,0.800048828125,1.19921875,0.0,0.1990966796875
2024-06-29 14:00:00,0.0,0.2001953125,0.30078125,0.0,0.1005859375
2024-06-29 15:00:00,0.2999267578125,1.50030517578125,2.296875,0.0,0.49664306640625
2024-06-29 15:15:00,0.0999755859375,0.29931640625,0.6015625,0.0,0.2022705078125
2024-06-29 16:00:00,0.300048828125,1.000244140625,1.6015625,0.10003662109375,0.20123291015625
2024-06-29 16:30:00,0.199951171875,0.599609375,1.19921875,0.0,0.399658203125
2024-06-29 16:45:00,0.10009765625,0.40087890625,0.5,0.0,-0.0009765625
2024-06-29 17:15:00,0.0999755859375,0.599853515621362,0.8984375,0.0,0.19860839844113798
2024-06-29 17:30:00,0.0,0.299804687503638,0.5,0.0,0.20019531249636202
2024-06-29 18:15:00,0.199951171875,0.89990234375,1.6015625,0.0,0.501708984375
2024-06-29 18:30:00,0.0,0.099609375,0.19921875,0.0,0.099609375
2024-06-29 18:45:00,0.0999755859375,0.60009765625,0.8984375,0.0,0.1983642578125
2024-06-29 19:30:00,0.0,0.400390625,0.80078125,0.0999755859375,0.3004150390625
2024-06-29 20:15:00,0.10009765625,0.0,0.5,0.0,0.39990234375
2024-06-29 20:45:00,0.0,0.0,0.30078125,0.0,0.30078125
2024-06-29 21:00:00,0.0,0.0,0.1015625,0.0,0.1015625
2024-06-29 21:15:00,0.0999755859375,0.0,0.19921875,0.0,0.0992431640625
2024-06-29 21:45:00,0.0,0.0,0.3984375,0.0,0.3984375
2024-06-29 22:00:00,0.0,0.0,0.0,0.0,0.0
2024-06-29 22:15:00,0.0,0.0,0.19921875,0.10003662109375,0.09918212890625
2024-06-29 22:30:00,0.0999755859375,0.0,0.203125,0.0,0.1031494140625
2024-06-29 23:00:00,0.0,0.0,0.19921875,0.0,0.19921875
2024-06-29 23:15:00,0.0,0.0,0.19921875,0.0,0.19921875
2024-06-29 23:30:00,0.0,0.0,0.1015625,0.0,0.1015625
2024-06-30 00:45:00,0.0999755859375,0.0,0.69921875,0.0,0.5992431640625
2024-06-30 01:00:00,0.0,0.0,0.09765625,0.0,0.09765625
2024-06-30 01:30:00,0.0999755859375,0.0,0.30078125,0.0999755859375,0.100830078125
2024-06-30 02:00:00,0.0,0.0,0.30078125,0.0,0.30078125
2024-06-30 03:00:00,0.10009765625,0.0,0.6015625,0.0,0.50146484375
2024-06-30 03:15:00,0.0,0.0,0.19921875,0.0,0.19921875
2024-06-30 03:45:00,0.0,0.0,0.09765625,0.0,0.09765625
2024-06-30 04:00:00,0.0,0.0,0.30078125,0.0,0.30078125
2024-06-30 04:15:00,0.0999755859375,0.0,0.1015625,0.0999755859375,-0.098388671875
2024-06-30 04:30:00,0.0,0.0,0.19921875,0.0,0.19921875
2024-06-30 05:15:00,0.0,0.0,0.30078125,0.0,0.30078125
2024-06-30 05:45:00,0.0999755859375,0.0,0.3984375,0.0,0.2984619140625
2024-06-30 06:15:00,0.0,0.0,0.19921875,0.0,0.19921875
2024-06-30 06:45:00,0.0,0.0,0.40234375,0.0,0.40234375
2024-06-30 07:00:00,0.0,0.0,0.0,0.0,0.0
2024-06-30 07:15:00,0.0999755859375,0.0,0.19921875,0.0,0.0992431640625
2024-06-30 08:30:00,0.0999755859375,0.799560546875,1.5,0.10003662109375,0.50042724609375
2024-06-30 08:45:00,0.10009765625,0.2001953125,0.6015625,0.0,0.30126953125
2024-06-30 09:00:00,0.0,0.1005859375,0.19921875,0.0,0.0986328125
2024-06-30 09:15:00,0.199951171875,0.399658203125,0.80078125,0.0,0.201171875
2024-06-30 09:30:00,0.0,0.099609375,0.09765625,0.0,-0.001953125
2024-06-30 09:45:00,0.0999755859375,0.20068359375,0.5,0.0,0.1993408203125
2024-06-30 11:00:00,0.4000244140625,1.499511718746362,2.90234375,0.0999755859375,0.902832031253638
2024-06-30 11:45:00,0.199951171875,0.799560546878638,1.796875,0.0,0.797363281246362
2024-06-30 12:15:00,0.10009765625,0.30029296875,0.703125,0.0,0.302734375
2024-06-30 12:30:00,0.0999755859375,0.20068359375,0.5,0.0,0.1993408203125
2024-06-30 13:15:00,0.0999755859375,0.19970703125,1.0,0.0,0.7003173828125
2024-06-30 13:30:00,0.0,0.10009765625,0.19921875,0.10003662109375,-0.00091552734375
2024-06-30 13:45:00,0.0999755859375,0.0,0.30078125,0.0,0.2008056640625
2024-06-30 14:15:00,0.0,0.10009765625,0.296875,0.0,0.19677734375
2024-06-30 14:45:00,0.0,0.0,0.30078125,0.0,0.30078125
2024-06-30 15:00:00,0.0,0.0,0.19921875,0.0,0.19921875
2024-06-30 15:30:00,0.0999755859375,0.099853515625,0.5,0.0,0.3001708984375
2024-06-30 15:45:00,0.0,0.0,0.1015625,0.0,0.1015625
2024-06-30 16:15:00,0.0,0.0,0.30078125,0.0,0.30078125
2024-06-30 16:30:00,0.0,0.0,0.19921875,0.0,0.19921875
2024-06-30 17:00:00,0.10009765625,0.0,0.19921875,0.0999755859375,-0.0008544921875
2024-06-30 17:45:00,0.0,0.0,0.5,0.0,0.5
2024-06-30 18:45:00,0.0999755859375,0.0,0.6015625,0.0,0.5015869140625
2024-06-30 19:00:00,0.0,0.0,0.19921875,0.0,0.19921875
2024-06-30 19:45:00,0.0999755859375,0.0,0.3984375,0.0999755859375,0.198486328125
2024-06-30 20:00:00,0.0,0.0,0.0,0.0,0.0
2024-06-30 20:15:00,0.0,0.0,0.30078125,0.0,0.30078125
2024-06-30 20:30:00,0.0,0.0,0.1015625,0.0,0.1015625
2024-06-30 20:45:00,0.0,0.0,0.09765625,0.0,0.09765625
2024-06-30 21:00:00,0.0999755859375,0.0,0.203125,0.0,0.1031494140625
2024-06-30 21:15:00,0.0,0.0,0.09765625,0.0,0.09765625
2024-06-30 21:30:00,0.0,0.0,0.1015625,0.0,0.1015625
2024-06-30 22:15:00,0.0,0.10009765624636202,0.5,0.0,0.399902343753638
2024-06-30 22:30:00,0.0999755859375,0.0,0.09765625,0.0,-0.0023193359375
2024-06-30 22:45:00,0.0,0.0,0.1015625,0.10003662109375,0.00152587890625
2024-06-30 23:30:00,0.0,0.0,0.3984375,0.0,0.3984375
2024-07-01 00:00:00,0.10009765625,0.0,0.40234375,0.0,0.30224609375
2024-07-01 00:15:00,0.0,0.0,0.19921875,0.0,0.19921875
2024-07-01 00:30:00,0.0,0.0,0.1015625,0.0,0.1015625
2024-07-01 00:45:00,0.0,0.0,0.09765625,0.0,0.09765625
2024-07-01 01:30:00,0.0999755859375,0.0,0.40234375,0.0,0.3023681640625
2024-07-01 01:45:00,0.0,0.0,0.19921875,0.0999755859375,0.0992431640625
2024-07-01 02:15:00,0.0,0.0,0.19921875,0.0,0.19921875
2024-07-01 02:45:00,0.0999755859375,0.0,0.3984375,0.0,0.2984619140625
2024-07-01 03:00:00,0.0,0.0,0.1015625,0.0,0.1015625
2024-07-01 03:45:00,0.0,0.0,0.3984375,0.0,0.3984375
2024-07-01 04:00:00,0.0,0.0,0.1015625,0.0,0.1015625
2024-07-01 04:30:00,0.0999755859375,0.0,0.19921875,0.0,0.0992431640625
2024-07-01 05:00:00,0.0,0.19995117187863798,0.5,0.10003662109375,0.20001220702761202
2024-07-01 05:30:00,0.0,0.2001953125,0.6015625,0.0,0.4013671875
2024-07-01 06:00:00,0.0999755859375,0.299560546875,0.69921875,0.0,0.2996826171875
2024-07-01 06:15:00,0.2000732421875,0.500244140625,0.8984375,0.0,0.1981201171875
2024-07-01 06:30:00,0.0999755859375,0.399169921875,0.6015625,0.0,0.1024169921875
2024-07-01 06:45:00,0.199951171875,0.5009765625,0.80078125,0.0,0.099853515625
2024-07-01 07:00:00,0.0,0.099853515625,0.09765625,0.0,-0.002197265625
2024-07-01 07:15:00,0.10009765625,0.7998046875,1.203125,0.0,0.30322265625
2024-07-01 07:30:00,0.0999755859375,0.399658203125,0.69921875,0.0,0.1995849609375
2024-07-01 08:15:00,0.2999267578125,2.00042724609375,3.0,0.0999755859375,0.59967041015625
2024-07-01 08:30:00,0.10009765625,0.099609375,0.30078125,0.0,0.10107421875
2024-07-01 09:15:00,0.5,2.7003173828125,4.59765625,0.0999755859375,1.29736328125
2024-07-01 09:30:00,0.199951171875,0.6998291015625,1.40234375,0.10003662109375,0.40252685546875
2024-07-01 09:45:00,0.0999755859375,0.5,0.8984375,0.0,0.2984619140625
2024-07-01 10:45:00,0.7000732421875,2.99981689453125,6.19921875,0.5,1.99932861328125
2024-07-01 11:00:00,0.0999755859375,0.499755859375,1.0,0.0999755859375,0.30029296875
2024-07-01 11:15:00,0.199951171875,0.900146484375,1.80078125,0.10003662109375,0.60064697265625
2024-07-01 11:45:00,0.300048828125,0.99993896484375,1.6015625,0.0,0.30157470703125
2024-07-01 12:00:00,0.199951171875,1.0,1.5,0.0,0.300048828125
2024-07-01 12:30:00,0.300048828125,1.4007568359375,2.59765625,0.0,0.8968505859375
2024-07-01 13:00:00,0.199951171875,1.0001220703125,1.6015625,0.0,0.4014892578125
2024-07-01 13:15:00,0.2000732421875,0.8994140625,2.0,0.0999755859375,0.800537109375
2024-07-01 13:45:00,0.2999267578125,1.09979248046875,2.09765625,0.0,0.69793701171875
2024-07-01 14:00:00,0.0999755859375,0.500732421878638,0.80078125,0.0,0.20007324218386202
2024-07-01 14:15:00,0.2000732421875,0.799194335933862,1.69921875,0.0,0.699951171878638
2024-07-01 14:30:00,0.0999755859375,0.800048828125,1.703125,0.0,0.8031005859375
2024-07-01 14:45:00,0.0999755859375,0.5,0.8984375,0.0,0.2984619140625
2024-07-01 15:00:00,0.2000732421875,0.99993896484375,1.80078125,0.0,0.60076904296875
2024-07-01 15:15:00,0.0999755859375,0.600830078125,1.3984375,0.0,0.6976318359375
2024-07-01 15:45:00,0.2999267578125,1.399780273433862,2.69921875,0.0,0.999511718753638
2024-07-01 16:00:00,0.10009765625,0.29956054688227596,0.40234375,0.0,0.0026855468677240424
2024-07-01 16:15:00,0.199951171875,1.100708007808862,2.3984375,0.0,1.097778320316138
2024-07-01 16:30:00,0.0999755859375,0.69921875,1.30078125,0.0999755859375,0.401611328125
2024-07-01 17:00:00,0.2000732421875,1.20086669921875,2.3984375,0.0,0.99749755859375
2024-07-01 17:15:00,0.199951171875,0.49951171875,1.30078125,0.0,0.601318359375
2024-07-01 18:00:00,0.300048828125,2.0997314453125,4.0,0.0,1.6002197265625
2024-07-01 18:15:00,0.199951171875,0.49969482421875,1.1015625,0.0,0.40191650390625
2024-07-01 18:45:00,0.199951171875,0.40087890625,1.30078125,0.0,0.699951171875
2024-07-01 19:00:00,0.0,0.399047851558862,0.796875,0.0,0.397827148441138
2024-07-01 19:15:00,0.10009765625,0.400878906253638,0.703125,0.0,0.20214843749636202
2024-07-01 19:45:00,0.0999755859375,0.499511718746362,1.09765625,0.10003662109375,0.398132324222388
2024-07-01 20:00:00,0.0999755859375,0.10058593750363798,0.40234375,0.0,0.20178222655886202
2024-07-01 20:15:00,0.0,0.399658203125,0.69921875,0.0,0.299560546875
2024-07-01 20:45:00,0.0999755859375,0.19970703125363798,0.3984375,0.0,0.09875488280886202
2024-07-01 21:00:00,0.0,0.10058593749636202,0.40234375,0.0,0.301757812503638
2024-07-01 21:15:00,0.0,0.09985351562136202,0.19921875,0.0,0.09936523437863798
2024-07-01 21:30:00,0.0,0.0,0.19921875,0.0,0.19921875
2024-07-01 21:45:00,0.0999755859375,0.0,0.19921875,0.0,0.0992431640625
2024-07-01 22:00:00,0.0,0.0,0.19921875,0.0,0.19921875
2024-07-01 22:45:00,0.0,0.0,0.5,0.0999755859375,0.4000244140625
2024-07-01 23:00:00,0.0,0.0,0.1015625,0.0,0.1015625
2024-07-01 23:15:00,0.10009765625,0.0,0.30078125,0.0,0.20068359375
2024-07-01 23:30:00,0.0,0.0,0.19921875,0.0,0.19921875
2024-07-02 00:00:00,0.0,0.0,0.30078125,0.0,0.30078125
2024-07-02 00:15:00,0.0,0.0,0.19921875,0.0,0.19921875
2024-07-02 00:45:00,0.0999755859375,0.0,0.30078125,0.0,0.2008056640625
2024-07-02 01:00:00,0.0,0.0,0.19921875,0.0,0.19921875
2024-07-02 01:15:00,0.0,0.0,0.19921875,0.0,0.19921875
2024-07-02 01:30:00,0.0,0.0,0.1015625,0.10003662109375,0.00152587890625
2024-07-02 02:00:00,0.0999755859375,0.0,0.3984375,0.0,0.2984619140625
2024-07-02 02:15:00,0.0,0.0,0.19921875,0.0,0.19921875
2024-07-02 03:00:00,0.0,0.0,0.6015625,0.0,0.6015625
2024-07-02 03:15:00,0.0999755859375,0.0,0.19921875,0.0,0.0992431640625
2024-07-02 03:45:00,0.0,0.0,0.19921875,0.0,0.19921875
2024-07-02 04:00:00,0.0,0.0,0.203125,0.0,0.203125
2024-07-02 04:15:00,0.0,0.0,0.19921875,0.0,0.19921875
2024-07-02 04:30:00,0.0,0.10009765625363798,0.3984375,0.0999755859375,0.19836425780886202
2024-07-02 04:45:00,0.0,0.10009765625,0.1015625,0.0,0.00146484375
2024-07-02 05:00:00,0.0999755859375,0.0,0.19921875,0.0,0.0992431640625
2024-07-02 05:15:00,0.0,0.199951171875,0.3984375,0.0,0.198486328125
2024-07-02 05:30:00,0.0,0.09985351562136202,0.30078125,0.0,0.20092773437863798
2024-07-02 05:45:00,0.0,0.10009765625363798,0.30078125,0.0,0.20068359374636202
2024-07-02 06:15:00,0.10009765625,0.10009765625,0.3984375,0.0,0.1982421875
2024-07-02 06:45:00,0.2999267578125,1.199462890625,2.0,0.0,0.5006103515625
2024-07-02 07:00:00,0.2000732421875,0.599853515625,1.1015625,0.0999755859375,0.20166015625
2024-07-02 08:15:00,0.2999267578125,3.000488281246362,4.69921875,0.0,1.398803710941138
2024-07-02 08:45:00,0.300048828125,1.500122070316138,2.5,0.10003662109375,0.599792480465112
2024-07-02 09:00:00,0.0999755859375,0.79949951171875,1.40234375,0.0,0.50286865234375
2024-07-02 09:15:00,0.0999755859375,0.700439453125,1.5,0.0,0.6995849609375
2024-07-02 09:30:00,0.0999755859375,0.299560546875,0.3984375,0.0,-0.0010986328125
2024-07-02 09:45:00,0.10009765625,0.9998779296875,1.8984375,0.0,0.7984619140625
2024-07-02 10:15:00,0.199951171875,1.400390625,2.80078125,0.0,1.200439453125
2024-07-02 10:30:00,0.0999755859375,0.99993896484375,2.0,0.0,0.90008544921875
2024-07-02 12:00:00,0.5,3.79931640625,7.19921875,0.0999755859375,2.7999267578125
2024-07-02 12:30:00,0.2000732421875,1.100830078125,2.203125,0.0,0.9022216796875
2024-07-02 12:45:00,0.0,0.39990234375,0.69921875,0.0,0.29931640625
2024-07-02 13:00:00,0.0999755859375,0.800048828125,1.5,0.0,0.5999755859375
2024-07-02 13:45:00,0.199951171875,1.799560546875,3.5,0.0,1.50048828125
2024-07-02 14:00:00,0.0,0.500732421875,0.8984375,0.0,0.397705078125
2024-07-02 14:15:00,0.0999755859375,0.69970703125,1.40234375,0.0,0.6026611328125
2024-07-02 14:45:00,0.2000732421875,1.799499511722388,3.296875,0.0,1.297302246090112
2024-07-02 15:00:00,0.0999755859375,0.700195312496362,1.40234375,0.10003662109375,0.502136230472388
2024-07-02 15:15:00,0.0999755859375,0.900512695308862,1.80078125,0.0,0.800292968753638
2024-07-02 15:30:00,0.0,0.799316406253638,1.3984375,0.0,0.599121093746362
2024-07-02 16:15:00,0.2000732421875,2.00018310546875,3.6015625,0.0,1.40130615234375
2024-07-02 16:30:00,0.0999755859375,0.900146484375,1.796875,0.0,0.7967529296875
2024-07-02 17:00:00,0.0999755859375,0.999755859375,1.90234375,0.0,0.8026123046875
2024-07-02 17:30:00,0.0999755859375,1.6998291015625,3.09765625,0.0,1.2978515625
2024-07-02 18:00:00,0.0999755859375,1.100585937503638,2.1015625,0.0999755859375,0.801025390621362
2024-07-02 18:30:00,0.2000732421875,1.799438476558862,2.80078125,0.0,0.801269531253638
2024-07-02 18:45:00,0.0,0.400146484375,0.69921875,0.0,0.299072265625
2024-07-02 19:15:00,0.199951171875,1.600280761722388,2.69921875,0.0,0.898986816402612
2024-07-02 19:45:00,0.0999755859375,1.199951171871362,1.69921875,0.0,0.399291992191138
2024-07-02 20:00:00,0.10009765625,1.2003173828125,1.5,0.0,0.1995849609375
2024-07-02 20:15:00,0.0,0.399169921875,0.6015625,0.0,0.202392578125
2024-07-02 21:15:00,0.199951171875,1.100097656246362,2.0,0.0999755859375,0.599975585941138
2024-07-02 21:45:00,0.0,0.30078125,0.6015625,0.0,0.30078125
2024-07-02 22:00:00,0.0,0.099609375,0.3984375,0.0,0.298828125
2024-07-02 22:15:00,0.0,0.09985351562863798,0.0,0.0,-0.09985351562863798
2024-07-02 22:45:00,0.0999755859375,0.0,0.3984375,0.0,0.2984619140625
2024-07-02 23:00:00,0.0,0.0,0.203125,0.0,0.203125
2024-07-02 23:15:00,0.0,0.0,0.09765625,0.0,0.09765625
2024-07-02 23:30:00,0.0,0.0,0.19921875,0.0,0.19921875
2024-07-02 23:45:00,0.0,0.0,0.1015625,0.0,0.1015625
2024-07-03 00:00:00,0.0,0.0,0.19921875,0.0,0.19921875
2024-07-03 01:00:00,0.0999755859375,0.0,0.6015625,0.10003662109375,0.40155029296875
2024-07-03 01:30:00,0.10009765625,0.0,0.30078125,0.0,0.20068359375
2024-07-03 01:45:00,0.0,0.0,0.09765625,0.0,0.09765625
2024-07-03 02:30:00,0.0,0.0,0.5,0.0,0.5
2024-07-03 02:45:00,0.0,0.0,0.1015625,0.0,0.1015625
2024-07-03 03:30:00,0.0999755859375,0.0,0.59765625,0.0999755859375,0.397705078125
2024-07-03 03:45:00,0.0,0.0,0.1015625,0.0,0.1015625
2024-07-03 04:00:00,0.0,0.0,0.1015625,0.0,0.1015625
2024-07-03 04:30:00,0.0999755859375,0.0,0.296875,0.0,0.1968994140625
2024-07-03 04:45:00,0.0,0.10009765625,0.203125,0.0,0.10302734375
2024-07-03 05:15:00,0.0,0.199951171875,0.3984375,0.0,0.198486328125
2024-07-03 05:45:00,0.0999755859375,0.10009765624636202,0.5,0.0,0.299926757816138
2024-07-03 06:15:00,0.0,0.19995117187863798,0.6015625,0.10003662109375,0.301574707027612
2024-07-03 06:30:00,0.2000732421875,0.699951171875,1.0,0.0,0.0999755859375
2024-07-03 06:45:00,0.0999755859375,0.099609375,0.3984375,0.0,0.1988525390625
2024-07-03 07:00:00,0.0999755859375,0.400634765625,0.6015625,0.0,0.1009521484375
2024-07-03 07:15:00,0.0,0.399658203125,0.3984375,0.0,-0.001220703125
2024-07-03 07:30:00,0.199951171875,0.500244140625,1.0,0.0,0.2998046875
2024-07-03 08:00:00,0.10009765625,1.39959716796875,2.1015625,0.0,0.60186767578125
2024-07-03 08:15:00,0.0999755859375,0.600830078125,1.0,0.0,0.2991943359375
2024-07-03 08:45:00,0.199951171875,1.2994384765625,2.09765625,0.0,0.5982666015625
2024-07-03 09:15:00,0.300048828125,1.90045166015625,3.0,0.0999755859375,0.69952392578125
2024-07-03 09:45:00,0.199951171875,1.1995849609375,2.19921875,0.0,0.7996826171875
2024-07-03 10:15:00,0.2000732421875,1.50018310546875,2.80078125,0.0,1.10052490234375
2024-07-03 10:30:00,0.0,0.8995361328125,1.40234375,0.0,0.5028076171875
2024-07-03 11:00:00,0.199951171875,1.2005615234375,2.3984375,0.0,0.9979248046875
2024-07-03 12:00:00,0.4000244140625,3.299560546875,5.5,0.0,1.8004150390625
2024-07-03 12:15:00,0.0999755859375,0.900146484375,1.3984375,0.0999755859375,0.29833984375
2024-07-03 13:00:00,0.199951171875,1.599853515625,2.90234375,0.0,1.1025390625
2024-07-03 14:15:00,0.5,4.70050048828125,8.19921875,0.0,2.99871826171875
2024-07-03 15:00:00,0.300048828125,2.3995361328125,4.3984375,0.0,1.6988525390625
2024-07-03 15:15:00,0.0999755859375,0.8004150390625,1.40234375,0.10003662109375,0.40191650390625
2024-07-03 15:30:00,0.0,0.39959716796875,0.5,0.0,0.10040283203125
2024-07-03 15:45:00,0.0999755859375,1.0001220703125,1.8984375,0.0,0.79833984375
2024-07-03 16:15:00,0.2000732421875,1.69989013671875,3.0,0.0,1.10003662109375
2024-07-03 16:45:00,0.0999755859375,1.59991455078125,2.5,0.0,0.80010986328125
2024-07-03 18:00:00,0.300048828125,4.90045166015625,7.90234375,0.0,2.70184326171875
2024-07-03 18:15:00,0.0999755859375,0.69976806640625,1.19921875,0.0999755859375,0.29949951171875
2024-07-03 18:30:00,0.0,0.599853515625,0.80078125,0.0,0.200927734375
2024-07-03 18:45:00,0.0999755859375,1.0,1.59765625,0.0,0.4976806640625
2024-07-03 19:15:00,0.0999755859375,1.20001220703125,1.80078125,0.0,0.50079345703125
2024-07-03 19:30:00,0.0,0.400390625,0.5,0.0,0.099609375
2024-07-03 19:45:00,0.0999755859375,0.699951171875,1.1015625,0.0,0.3016357421875
2024-07-03 20:00:00,0.0,0.400390625,0.5,0.0,0.099609375
2024-07-03 20:30:00,0.0,0.999267578125,1.5,0.0,0.500732421875
2024-07-03 21:30:00,0.10009765625,0.300537109371362,1.0,0.10003662109375,0.499328613284888
2024-07-03 21:45:00,0.0,0.0,0.09765625,0.0,0.09765625
2024-07-03 22:00:00,0.0,0.10009765625363798,0.30078125,0.0,0.20068359374636202
2024-07-03 22:15:00,0.0,0.0,0.1015625,0.0,0.1015625
2024-07-03 22:45:00,0.0999755859375,0.0,0.296875,0.0,0.1968994140625
2024-07-03 23:00:00,0.0,0.0,0.1015625,0.0,0.1015625
2024-07-03 23:15:00,0.0,0.0,0.1015625,0.0,0.1015625
2024-07-03 23:30:00,0.0,0.0,0.19921875,0.0,0.19921875
2024-07-03 23:45:00,0.0,0.0,0.09765625,0.0,0.09765625
2024-07-04 00:00:00,0.0999755859375,0.0,0.1015625,0.0,0.0015869140625
2024-07-04 00:15:00,0.0,0.0,0.19921875,0.0,0.19921875
2024-07-04 00:30:00,0.0,0.0,0.1015625,0.0999755859375,0.0015869140625
2024-07-04 00:45:00,0.0,0.0,0.19921875,0.0,0.19921875
2024-07-04 01:00:00,0.0,0.0,0.1015625,0.0,0.1015625
2024-07-04 01:15:00,0.0,0.0,0.19921875,0.0,0.19921875
2024-07-04 01:45:00,0.0999755859375,0.0,0.30078125,0.0,0.2008056640625
2024-07-04 02:00:00,0.0,0.0,0.09765625,0.0,0.09765625
2024-07-04 02:30:00,0.0,0.0,0.19921875,0.0,0.19921875
2024-07-04 03:15:00,0.0999755859375,0.0,0.5,0.0,0.4000244140625
2024-07-04 03:30:00,0.0,0.0,0.1015625,0.0999755859375,0.0015869140625
2024-07-04 03:45:00,0.0,0.0,0.1015625,0.0,0.1015625
2024-07-04 04:00:00,0.0,0.0,0.09765625,0.0,0.09765625
2024-07-04 04:15:00,0.10009765625,0.099853515625,0.30078125,0.0,0.100830078125
2024-07-04 04:30:00,0.0,0.0,0.1015625,0.0,0.1015625
2024-07-04 04:45:00,0.0,0.10009765625,0.19921875,0.0,0.09912109375
2024-07-04 05:00:00,0.0,0.099853515625,0.3984375,0.0,0.298583984375
2024-07-04 05:45:00,0.0999755859375,0.300048828125,0.69921875,0.0,0.2991943359375
2024-07-04 06:00:00,0.0,0.29931640625,0.6015625,0.0,0.30224609375
2024-07-04 06:15:00,0.199951171875,0.40081787109375,0.5,0.0,-0.10076904296875
2024-07-04 07:15:00,0.300048828125,0.999755859375,2.1015625,0.10003662109375,0.70172119140625
2024-07-04 07:30:00,0.0,0.299560546875,0.3984375,0.0,0.098876953125
2024-07-04 07:45:00,0.0,0.400390625,0.69921875,0.0,0.298828125
2024-07-04 08:30:00,0.199951171875,1.7001953125,2.5,0.0,0.599853515625
2024-07-04 08:45:00,0.2000732421875,0.9000244140625,1.5,0.0,0.39990234375
2024-07-04 09:00:00,0.0999755859375,0.5999755859375,1.19921875,0.0,0.499267578125
2024-07-04 09:30:00,0.0999755859375,1.499694824222388,2.40234375,0.0,0.802673339840112
2024-07-04 10:00:00,0.0999755859375,1.099731445308862,2.0,0.0999755859375,0.700317382816138
2024-07-04 10:15:00,0.0999755859375,0.90032958984375,1.69921875,0.0,0.69891357421875
2024-07-04 10:30:00,0.10009765625,0.7003173828125,1.30078125,0.0,0.5003662109375
2024-07-04 11:15:00,0.0999755859375,1.499267578125,2.8984375,0.0,1.2991943359375
2024-07-04 11:30:00,0.0999755859375,1.000732421875,1.90234375,0.0,0.8016357421875
2024-07-04 12:15:00,0.199951171875,1.999938964840112,2.8984375,0.0,0.698547363284888
2024-07-04 13:15:00,0.300048828125,3.200073242194776,5.5,0.10003662109375,1.899841308586474
2024-07-04 14:15:00,0.0999755859375,3.099975585933862,5.3984375,0.0,2.198486328128638
2024-07-04 15:00:00,0.2000732421875,1.9998779296875,3.6015625,0.0,1.401611328125
2024-07-04 15:15:00,0.0,0.89996337890625,1.3984375,0.0,0.49847412109375
2024-07-04 15:30:00,0.0999755859375,0.90008544921875,1.80078125,0.0,0.80072021484375
2024-07-04 16:15:00,0.199951171875,1.89947509765625,3.30078125,0.0999755859375,1.10137939453125
2024-07-04 16:30:00,0.0999755859375,1.30047607421875,2.19921875,0.0,0.79876708984375
2024-07-04 16:45:00,0.0,0.499938964840112,0.90234375,0.0,0.402404785159888
2024-07-04 17:00:00,0.10009765625,0.799621582034888,1.296875,0.0,0.397155761715112
2024-07-04 18:15:00,0.199951171875,4.10028076171875,6.90234375,0.0,2.60211181640625
2024-07-04 19:00:00,0.0999755859375,2.0997314453125,3.3984375,0.0999755859375,1.0987548828125
2024-07-04 19:30:00,0.0,1.200439453125,1.6015625,0.0,0.401123046875
2024-07-04 19:45:00,0.0,0.599609375,0.8984375,0.0,0.298828125
2024-07-04 20:00:00,0.0999755859375,0.300048828125,0.5,0.0,0.0999755859375
2024-07-04 21:15:00,0.10009765625,1.800537109375,2.90234375,0.0,1.001708984375
2024-07-04 21:30:00,0.0,0.0,0.09765625,0.0,0.09765625
2024-07-04 22:00:00,0.0999755859375,0.099609375,0.40234375,0.10003662109375,0.10272216796875
2024-07-04 22:30:00,0.0,0.0,0.3984375,0.0,0.3984375
2024-07-04 22:45:00,0.0,0.0,0.19921875,0.0,0.19921875
2024-07-04 23:00:00,0.0999755859375,0.0,0.19921875,0.0,0.0992431640625
2024-07-04 23:15:00,0.0,0.0,0.0,0.0,0.0
2024-07-04 23:45:00,0.0,0.0,0.5,0.0,0.5
2024-07-05 00:00:00,0.0,0.0,0.1015625,0.0,0.1015625
2024-07-05 00:30:00,0.0999755859375,0.0,0.3984375,0.0,0.2984619140625
2024-07-05 00:45:00,0.0,0.0,0.0,0.0,0.0
2024-07-05 01:00:00,0.0,0.0,0.203125,0.0999755859375,0.1031494140625
2024-07-05 01:30:00,0.0,0.0,0.296875,0.0,0.296875
2024-07-05 01:45:00,0.0,0.0,0.203125,0.0,0.203125
2024-07-05 02:00:00,0.0999755859375,0.0,0.19921875,0.0,0.0992431640625
2024-07-05 02:15:00,0.0,0.0,0.19921875,0.0,0.19921875
2024-07-05 02:45:00,0.0,0.0,0.1015625,0.0,0.1015625
2024-07-05 03:15:00,0.10009765625,0.0,0.3984375,0.0,0.29833984375
2024-07-05 03:30:00,0.0,0.0,0.19921875,0.0,0.19921875
2024-07-05 03:45:00,0.0,0.0,0.1015625,0.0,0.1015625
2024-07-05 04:00:00,0.0,0.0,0.19921875,0.10003662109375,0.09918212890625
2024-07-05 04:30:00,0.0,0.099853515625,0.3984375,0.0,0.298583984375
2024-07-05 05:00:00,0.0999755859375,0.2001953125,0.5,0.0,0.1998291015625
2024-07-05 05:30:00,0.0,0.199951171875,0.5,0.0,0.300048828125
2024-07-05 06:15:00,0.2999267578125,1.0,1.90234375,0.0,0.6024169921875
2024-07-05 06:45:00,0.2000732421875,0.500244140625,1.09765625,0.0,0.3973388671875
2024-07-05 07:00:00,0.0,0.0,0.1015625,0.0,0.1015625
2024-07-05 07:15:00,0.0,0.3994140625,0.6015625,0.0999755859375,0.1021728515625
2024-07-05 07:30:00,0.0,0.30078125,0.3984375,0.0,0.09765625
2024-07-05 07:45:00,0.0999755859375,0.599609375,1.0,0.0,0.3004150390625
2024-07-05 08:00:00,0.0,0.19970703125,0.19921875,0.0,-0.00048828125
2024-07-05 08:15:00,0.0,0.599609375,1.0,0.0,0.400390625
2024-07-05 08:30:00,0.0999755859375,0.8006591796875,1.0,0.0,0.099365234375
2024-07-05 08:45:00,0.0999755859375,0.599609375,1.0,0.0,0.3004150390625
2024-07-05 09:30:00,0.300048828125,2.00067138671875,3.40234375,0.0,1.10162353515625
2024-07-05 09:45:00,0.0999755859375,0.599365234375,1.19921875,0.0,0.4998779296875
2024-07-05 10:30:00,0.300048828125,2.00054931640625,3.5,0.0999755859375,1.09942626953125
2024-07-05 11:15:00,0.199951171875,1.9000244140625,3.09765625,0.0,0.9976806640625
2024-07-05 11:30:00,0.0999755859375,0.499755859375,1.1015625,0.0,0.5018310546875
2024-07-05 11:45:00,0.10009765625,0.599609375,1.1015625,0.0,0.40185546875
2024-07-05 12:00:00,0.199951171875,1.2005615234375,1.796875,0.0,0.3963623046875
2024-07-05 12:30:00,0.0999755859375,1.30023193359375,2.1015625,0.0,0.70135498046875
2024-07-05 12:45:00,0.0999755859375,0.69921875,1.0,0.0,0.2008056640625
2024-07-05 13:15:00,0.2000732421875,1.1004638671875,1.8984375,0.10003662109375,0.49786376953125
2024-07-05 13:30:00,0.0,0.80029296875,1.40234375,0.0,0.60205078125
2024-07-05 13:45:00,0.0999755859375,0.69921875,1.09765625,0.0,0.2984619140625
2024-07-05 14:00:00,0.0999755859375,0.60003662109375,1.1015625,0.0,0.40155029296875
2024-07-05 14:15:00,0.0,0.7001953125,1.0,0.0,0.2998046875
2024-07-05 15:15:00,0.300048828125,2.699951171875,4.30078125,0.0,1.30078125
2024-07-05 15:30:00,0.0999755859375,0.400390625,0.69921875,0.0,0.1988525390625
2024-07-05 15:45:00,0.0,0.800048828125,1.3984375,0.0,0.598388671875
2024-07-05 16:15:00,0.199951171875,1.29998779296875,2.203125,0.0999755859375,0.60321044921875
2024-07-05 16:30:00,0.10009765625,0.699462890625,1.09765625,0.0,0.298095703125
2024-07-05 17:15:00,0.199951171875,2.10064697265625,3.1015625,0.0,0.80096435546875
2024-07-05 17:30:00,0.0,0.099609375,0.30078125,0.0,0.201171875
2024-07-05 18:15:00,0.199951171875,1.9996337890625,3.09765625,0.0,0.8980712890625
2024-07-05 18:30:00,0.0,0.600341796875,0.90234375,0.0,0.302001953125
2024-07-05 19:00:00,0.2000732421875,1.7003173828125,2.3984375,0.0,0.498046875
2024-07-05 19:15:00,0.0,0.0,0.0,0.0,0.0
2024-07-05 19:30:00,0.0,0.10003662109011202,0.30078125,0.10003662109375,0.10070800781613798
2024-07-05 19:45:00,0.0,0.0,0.09765625,0.0,0.09765625
2024-07-05 20:00:00,0.0999755859375,0.09997558594113798,0.40234375,0.0,0.20239257812136202
2024-07-05 20:15:00,0.0,0.0,0.09765625,0.0,0.09765625
2024-07-05 20:30:00,0.0,0.0,0.203125,0.0,0.203125
2024-07-05 21:45:00,0.0999755859375,0.20001220703125,0.8984375,0.0,0.59844970703125
2024-07-05 22:15:00,0.0,0.0,0.3984375,0.0999755859375,0.2984619140625
2024-07-05 22:30:00,0.0,0.0,0.1015625,0.0,0.1015625
2024-07-05 22:45:00,0.0999755859375,0.0,0.19921875,0.0,0.0992431640625
2024-07-05 23:30:00,0.0,0.0,0.40234375,0.0,0.40234375
2024-07-06 00:15:00,0.10009765625,0.0,0.5,0.0,0.39990234375
2024-07-06 00:45:00,0.0,0.0,0.19921875,0.0,0.19921875
2024-07-06 01:15:00,0.0,0.0,0.30078125,0.0,0.30078125
2024-07-06 01:30:00,0.0,0.0,0.19921875,0.0999755859375,0.0992431640625
2024-07-06 02:30:00,0.0999755859375,0.0,0.69921875,0.0,0.5992431640625
2024-07-06 03:00:00,0.0,0.0,0.19921875,0.0,0.19921875
2024-07-06 03:30:00,0.0999755859375,0.0,0.30078125,0.0,0.2008056640625
2024-07-06 04:00:00,0.0,0.0,0.30078125,0.0,0.30078125
2024-07-06 04:15:00,0.0,0.0,0.19921875,0.0,0.19921875
2024-07-06 04:45:00,0.0999755859375,0.0,0.19921875,0.10003662109375,-0.00079345703125
2024-07-06 05:30:00,0.0,0.0,0.30078125,0.0,0.30078125
2024-07-06 06:00:00,0.0999755859375,0.0,0.5,0.0,0.4000244140625
2024-07-06 06:15:00,0.0,0.0,0.1015625,0.0,0.1015625
2024-07-06 06:30:00,0.0,0.0,0.09765625,0.0,0.09765625
2024-07-06 06:45:00,0.0,0.0,0.19921875,0.0,0.19921875
2024-07-06 07:00:00,0.0,0.0,0.203125,0.0,0.203125
2024-07-06 07:15:00,0.10009765625,0.0,0.19921875,0.0,0.09912109375
2024-07-06 07:45:00,0.0,0.0,0.19921875,0.0999755859375,0.0992431640625
2024-07-06 08:30:00,0.0,0.0,0.3984375,0.0,0.3984375
2024-07-06 08:45:00,0.0999755859375,0.0,0.203125,0.0,0.1031494140625
2024-07-06 10:00:00,0.0,0.0,0.796875,0.0,0.796875
2024-07-06 10:45:00,0.0999755859375,0.0,0.40234375,0.10003662109375,0.20233154296875
2024-07-06 11:30:00,0.0,0.0,0.5,0.0,0.5
2024-07-06 11:45:00,0.0999755859375,0.0,0.09765625,0.0,-0.0023193359375
2024-07-06 12:00:00,0.0,0.0,0.30078125,0.0,0.30078125
2024-07-06 12:45:00,0.0,0.0,0.40234375,0.0,0.40234375
2024-07-06 13:15:00,0.0999755859375,0.0,0.296875,0.0,0.1968994140625
2024-07-06 13:30:00,0.0,0.0,0.203125,0.0999755859375,0.1031494140625
2024-07-06 15:00:00,0.10009765625,0.0,0.69921875,0.0,0.59912109375
2024-07-06 15:15:00,0.0,0.0,0.30078125,0.0,0.30078125
2024-07-06 15:30:00,0.0,0.0,0.0,0.0,0.0
2024-07-06 15:45:00,0.0999755859375,0.0,0.296875,0.0,0.1968994140625
2024-07-06 16:00:00,0.0,0.0,0.0,0.0,0.0
2024-07-06 16:15:00,0.0,0.0,0.203125,0.0,0.203125
2024-07-06 16:30:00,0.0,0.0,0.19921875,0.0,0.19921875
2024-07-06 16:45:00,0.0,0.0,0.19921875,0.0999755859375,0.0992431640625
2024-07-06 17:15:00,0.0,0.0,0.19921875,0.0,0.19921875
2024-07-06 17:30:00,0.0999755859375,0.0,0.19921875,0.0,0.0992431640625
2024-07-06 17:45:00,0.0,0.0,0.1015625,0.0,0.1015625
2024-07-06 18:15:00,0.0,0.0,0.19921875,0.0,0.19921875
2024-07-06 18:30:00,0.0,0.0,0.19921875,0.0,0.19921875
2024-07-06 18:45:00,0.0999755859375,0.0,0.1015625,0.0,0.0015869140625
2024-07-06 19:15:00,0.0,0.0,0.30078125,0.0,0.30078125
2024-07-06 19:45:00,0.0,0.0,0.3984375,0.0,0.3984375
2024-07-06 20:00:00,0.0,0.0,0.19921875,0.10003662109375,0.09918212890625
2024-07-06 20:45:00,0.0999755859375,0.0,0.5,0.0,0.4000244140625
2024-07-06 21:45:00,0.10009765625,0.0,0.6015625,0.0,0.50146484375
2024-07-06 22:30:00,0.0,0.0,0.3984375,0.0,0.3984375
2024-07-06 22:45:00,0.0,0.0,0.1015625,0.0999755859375,0.0015869140625
2024-07-06 23:00:00,0.0999755859375,0.0,0.19921875,0.0,0.0992431640625
2024-07-06 23:15:00,0.0,0.0,0.19921875,0.0,0.19921875
2024-07-06 23:30:00,0.0,0.0,0.0,0.0,0.0
2024-07-07 00:00:00,0.0,0.0,0.30078125,0.0,0.30078125
2024-07-07 00:15:00,0.0,0.0,0.19921875,0.0,0.19921875
2024-07-07 00:45:00,0.0999755859375,0.0,0.30078125,0.0,0.2008056640625
2024-07-07 01:00:00,0.0,0.0,0.1015625,0.0,0.1015625
2024-07-07 01:30:00,0.0,0.0,0.3984375,0.0,0.3984375
2024-07-07 01:45:00,0.0,0.0,0.1015625,0.0,0.1015625
2024-07-07 02:00:00,0.0999755859375,0.0,0.30078125,0.10003662109375,0.10076904296875
2024-07-07 03:00:00,0.0,0.0,0.5,0.0,0.5
2024-07-07 03:15:00,0.0999755859375,0.0,0.09765625,0.0,-0.0023193359375
2024-07-07 03:30:00,0.0,0.0,0.30078125,0.0,0.30078125
2024-07-07 04:00:00,0.0,0.0,0.30078125,0.0,0.30078125
2024-07-07 04:45:00,0.10009765625,0.0,0.3984375,0.0,0.29833984375
2024-07-07 05:15:00,0.0,0.0,0.30078125,0.0999755859375,0.2008056640625
2024-07-07 06:00:00,0.0,0.0,0.3984375,0.0,0.3984375
2024-07-07 06:15:00,0.0999755859375,0.0,0.203125,0.0,0.1031494140625
2024-07-07 06:30:00,0.0,0.0,0.09765625,0.0,0.09765625
2024-07-07 06:45:00,0.0,0.0,0.19921875,0.0,0.19921875
2024-07-07 07:15:00,0.0,0.0,0.203125,0.0,0.203125
2024-07-07 07:30:00,0.0999755859375,0.0,0.19921875,0.0,0.0992431640625
2024-07-07 07:45:00,0.0,0.0,0.09765625,0.0,0.09765625
2024-07-07 08:30:00,0.0,0.0,0.5,0.0999755859375,0.4000244140625
2024-07-07 09:15:00,0.0999755859375,0.0,0.5,0.0,0.4000244140625
2024-07-07 09:30:00,0.0,0.0,0.203125,0.0,0.203125
2024-07-07 09:45:00,0.0,0.199951171875,0.296875,0.0,0.096923828125
2024-07-07 10:00:00,0.0,0.10009765625,0.203125,0.0,0.10302734375
2024-07-07 10:15:00,0.0999755859375,0.199951171875,0.5,0.0,0.2000732421875
2024-07-07 10:30:00,0.0,0.10009765625,0.19921875,0.0,0.09912109375
2024-07-07 10:45:00,0.0,0.099853515625,0.19921875,0.0,0.099365234375
2024-07-07 11:00:00,0.0,0.199951171875,0.3984375,0.10003662109375,0.09844970703125
2024-07-07 11:15:00,0.0,0.10009765625,0.30078125,0.0,0.20068359375
2024-07-07 11:45:00,0.10009765625,0.10009765625,0.40234375,0.0,0.2021484375
2024-07-07 12:00:00,0.0,0.0,0.09765625,0.0,0.09765625
2024-07-07 12:30:00,0.0,0.0,0.30078125,0.0,0.30078125
2024-07-07 14:00:00,0.0999755859375,0.0,1.0,0.0,0.9000244140625
2024-07-07 14:15:00,0.0,0.0,0.1015625,0.0999755859375,0.0015869140625
2024-07-07 14:30:00,0.0999755859375,0.0,0.19921875,0.0,0.0992431640625
2024-07-07 14:45:00,0.0,0.0,0.0,0.0,0.0
2024-07-07 15:15:00,0.0,0.0,0.30078125,0.0,0.30078125
2024-07-07 16:00:00,0.0999755859375,0.0,0.5,0.0,0.4000244140625
2024-07-07 16:15:00,0.0,0.0,0.09765625,0.0,0.09765625
2024-07-07 16:45:00,0.0,0.0,0.30078125,0.0,0.30078125
2024-07-07 17:00:00,0.0,0.0,0.19921875,0.10003662109375,0.09918212890625
2024-07-07 17:45:00,0.0999755859375,0.0,0.40234375,0.0,0.3023681640625
2024-07-07 18:00:00,0.0,0.0,0.09765625,0.0,0.09765625
2024-07-07 18:30:00,0.0,0.0,0.30078125,0.0,0.30078125
2024-07-07 19:00:00,0.10009765625,0.0,0.3984375,0.0,0.29833984375
2024-07-07 19:15:00,0.0,0.0,0.203125,0.0,0.203125
2024-07-07 19:45:00,0.0,0.0,0.3984375,0.0,0.3984375
2024-07-07 20:00:00,0.0,0.0,0.19921875,0.0,0.19921875
2024-07-07 20:15:00,0.0999755859375,0.0,0.1015625,0.0999755859375,-0.098388671875
2024-07-07 21:00:00,0.0,0.0,0.3984375,0.0,0.3984375
2024-07-07 21:15:00,0.0,0.0,0.1015625,0.0,0.1015625
2024-07-07 22:00:00,0.0999755859375,0.0,0.3984375,0.0,0.2984619140625
2024-07-07 22:15:00,0.0,0.0,0.19921875,0.0,0.19921875
2024-07-07 22:30:00,0.0,0.0,0.1015625,0.0,0.1015625
2024-07-07 22:45:00,0.0,0.0,0.1015625,0.0,0.1015625
2024-07-07 23:00:00,0.0999755859375,0.0,0.19921875,0.0,0.0992431640625
2024-07-07 23:45:00,0.0,0.0,0.3984375,0.0999755859375,0.2984619140625
2024-07-08 00:00:00,0.0,0.0,0.1015625,0.0,0.1015625
2024-07-08 00:15:00,0.0,0.0,0.19921875,0.0,0.19921875
2024-07-08 01:00:00,0.0999755859375,0.0,0.5,0.0,0.4000244140625
2024-07-08 01:15:00,0.0,0.0,0.19921875,0.0,0.19921875
2024-07-08 01:30:00,0.0,0.0,0.19921875,0.0,0.19921875
2024-07-08 01:45:00,0.0,0.0,0.1015625,0.0,0.1015625
2024-07-08 02:00:00,0.10009765625,0.0,0.1015625,0.0,0.00146484375
2024-07-08 02:15:00,0.0,0.0,0.19921875,0.10003662109375,0.09918212890625
2024-07-08 02:30:00,0.0,0.0,0.09765625,0.0,0.09765625
2024-07-08 02:45:00,0.0,0.0,0.203125,0.0,0.203125
2024-07-08 03:15:00,0.0999755859375,0.0,0.296875,0.0,0.1968994140625
2024-07-08 03:30:00,0.0,0.0,0.1015625,0.0,0.1015625
2024-07-08 03:45:00,0.0,0.0,0.19921875,0.0,0.19921875
2024-07-08 04:00:00,0.0,0.0,0.1015625,0.0,0.1015625
2024-07-08 04:15:00,0.0,0.10009765625,0.19921875,0.0,0.09912109375
2024-07-08 04:30:00,0.0,0.0,0.19921875,0.0,0.19921875
2024-07-08 05:00:00,0.0999755859375,0.199951171875,0.5,0.0,0.2000732421875
2024-07-08 05:30:00,0.0,0.199951171875,0.40234375,0.0999755859375,0.1024169921875
2024-07-08 05:45:00,0.0,0.10009765625,0.59765625,0.0,0.49755859375
2024-07-08 06:00:00,0.0,0.0,0.0,0.0,0.0
2024-07-08 06:30:00,0.300048828125,0.79931640625,1.30078125,0.0,0.201416015625
2024-07-08 06:45:00,0.0,0.0,0.19921875,0.0,0.19921875
2024-07-08 07:00:00,0.0999755859375,0.400146484375,0.6015625,0.0,0.1014404296875
2024-07-08 07:15:00,0.0999755859375,0.30029296875,0.69921875,0.10003662109375,0.19891357421875
2024-07-08 07:30:00,0.300048828125,1.299560546875,1.69921875,0.0,0.099609375
2024-07-08 07:45:00,0.0999755859375,0.1005859375,0.40234375,0.0,0.2017822265625
2024-07-08 08:00:00,0.0999755859375,0.69921875,1.09765625,0.0,0.2984619140625
2024-07-08 08:15:00,0.300048828125,1.200561523433862,2.0,0.0,0.499389648441138
2024-07-08 08:30:00,0.0999755859375,0.299804687503638,0.40234375,0.0,0.002563476558862021
2024-07-08 08:45:00,0.199951171875,0.90008544921875,1.69921875,0.0,0.59918212890625
2024-07-08 09:15:00,0.4000244140625,1.90020751953125,3.09765625,0.0999755859375,0.69744873046875
2024-07-08 09:45:00,0.300048828125,1.1998291015625,2.40234375,0.0,0.9024658203125
2024-07-08 10:00:00,0.0999755859375,0.7001953125,1.30078125,0.0,0.5006103515625
2024-07-08 10:30:00,0.199951171875,1.1995849609375,2.3984375,0.0,0.9989013671875
2024-07-08 10:45:00,0.0999755859375,1.00054931640625,1.69921875,0.0,0.59869384765625
2024-07-08 11:00:00,0.2000732421875,1.10003662109375,1.90234375,0.0,0.60223388671875
2024-07-08 11:15:00,0.0999755859375,0.7991943359375,1.3984375,0.0,0.499267578125
2024-07-08 11:30:00,0.0999755859375,0.400390625,1.0,0.0,0.4996337890625
2024-07-08 11:45:00,0.0999755859375,0.9000244140625,1.6015625,0.0,0.6015625
2024-07-08 12:00:00,0.0,0.7001953125,1.09765625,0.0,0.3974609375
2024-07-08 13:00:00,0.4000244140625,3.00006103515625,5.0,0.0999755859375,1.49993896484375
2024-07-08 13:15:00,0.0,0.399169921875,0.90234375,0.0,0.503173828125
2024-07-08 13:45:00,0.2000732421875,1.200622558597388,2.19921875,0.0,0.798522949215112
2024-07-08 14:00:00,0.0,0.899902343746362,1.80078125,0.10003662109375,0.800842285159888
2024-07-08 14:15:00,0.0999755859375,1.0001220703125,1.796875,0.0,0.69677734375
2024-07-08 14:30:00,0.0999755859375,0.199462890625,0.5,0.0,0.2005615234375
2024-07-08 14:45:00,0.0,0.8004150390625,1.30078125,0.0,0.5003662109375
2024-07-08 15:15:00,0.199951171875,1.89947509765625,3.5,0.0,1.40057373046875
2024-07-08 15:30:00,0.0,0.700439453125,1.30078125,0.0,0.600341796875
2024-07-08 15:45:00,0.0,0.900573730472388,1.3984375,0.0,0.497863769527612
2024-07-08 16:00:00,0.10009765625,0.398925781246362,0.80078125,0.0,0.301757812503638
2024-07-08 17:15:00,0.39990234375,3.600830078125,6.19921875,0.0999755859375,2.0985107421875
2024-07-08 17:30:00,0.10009765625,0.49993896484375,0.80078125,0.0,0.20074462890625
2024-07-08 17:45:00,0.0999755859375,1.099609375,2.0,0.0,0.8004150390625
2024-07-08 18:00:00,0.0,0.400146484375,0.80078125,0.0,0.400634765625
2024-07-08 18:15:00,0.0999755859375,0.700439453125,1.19921875,0.0,0.3988037109375
2024-07-08 18:30:00,0.0999755859375,0.79931640625,1.19921875,0.0,0.2999267578125
2024-07-08 19:00:00,0.2000732421875,1.30029296875,2.1015625,0.0,0.6011962890625
2024-07-08 19:15:00,0.0999755859375,0.599609375,1.1015625,0.0,0.4019775390625
2024-07-08 19:45:00,0.0999755859375,0.899902343746362,1.5,0.0,0.500122070316138
2024-07-08 20:00:00,0.0999755859375,0.0,0.09765625,0.0,-0.0023193359375
2024-07-08 20:45:00,0.2000732421875,1.400146484378638,2.19921875,0.10003662109375,0.498962402340112
2024-07-08 21:00:00,0.0,0.0,0.203125,0.0,0.203125
2024-07-08 21:15:00,0.0,0.0,0.09765625,0.0,0.09765625
2024-07-08 22:15:00,0.0999755859375,0.0,0.90234375,0.0,0.8023681640625
2024-07-08 22:30:00,0.0,0.0,0.19921875,0.0,0.19921875
2024-07-08 22:45:00,0.0,0.0,0.19921875,0.0,0.19921875
2024-07-08 23:00:00,0.0999755859375,0.0,0.1015625,0.0,0.0015869140625
2024-07-08 23:15:00,0.0,0.0,0.296875,0.0999755859375,0.1968994140625
2024-07-08 23:30:00,0.0,0.0,0.203125,0.0,0.203125
2024-07-08 23:45:00,0.0,0.0,0.09765625,0.0,0.09765625
2024-07-09 00:00:00,0.0,0.0,0.19921875,0.0,0.19921875
2024-07-09 00:15:00,0.0999755859375,0.0,0.30078125,0.0,0.2008056640625
2024-07-09 00:30:00,0.0,0.0,0.1015625,0.0,0.1015625
2024-07-09 01:15:00,0.0,0.0,0.5,0.0,0.5
2024-07-09 01:30:00,0.0,0.0,0.30078125,0.0,0.30078125
2024-07-09 01:45:00,0.0999755859375,0.0,0.296875,0.0,0.1968994140625
2024-07-09 02:15:00,0.0,0.0,0.30078125,0.0999755859375,0.2008056640625
2024-07-09 02:30:00,0.0,0.0,0.30078125,0.0,0.30078125
2024-07-09 03:00:00,0.0,0.0,0.30078125,0.0,0.30078125
2024-07-09 03:15:00,0.10009765625,0.0,0.09765625,0.0,-0.00244140625
2024-07-09 03:30:00,0.0,0.0,0.203125,0.0,0.203125
2024-07-09 03:45:00,0.0,0.0,0.19921875,0.0,0.19921875
2024-07-09 04:45:00,0.0999755859375,0.09985351562136202,0.80078125,0.0,0.600952148441138
2024-07-09 05:00:00,0.0,0.19995117187863798,0.3984375,0.10003662109375,0.09844970702761202
2024-07-09 05:30:00,0.0,0.10009765625,0.5,0.0,0.39990234375
2024-07-09 05:45:00,0.0,0.10009765625,0.3984375,0.0,0.29833984375
2024-07-09 06:15:00,0.199951171875,0.500732421875,1.203125,0.0,0.50244140625
2024-07-09 07:00:00,0.4000244140625,1.0,1.8984375,0.0,0.4984130859375
2024-07-09 07:15:00,0.0999755859375,0.69970703125,1.0,0.0,0.2003173828125
2024-07-09 07:30:00,0.0,0.399658203125,0.6015625,0.0,0.201904296875
2024-07-09 07:45:00,0.0999755859375,0.699829101566138,1.0,0.0,0.20019531249636202
2024-07-09 08:00:00,0.10009765625,0.700683593746362,1.0,0.0999755859375,0.09924316406613798
2024-07-09 08:15:00,0.0999755859375,0.799499511715112,1.19921875,0.0,0.299743652347388
2024-07-09 08:30:00,0.0,0.10058593750363798,0.3984375,0.0,0.297851562496362
2024-07-09 09:15:00,0.2999267578125,2.299560546875,3.6015625,0.0,1.0020751953125
2024-07-09 09:30:00,0.2000732421875,1.29949951171875,2.30078125,0.0,0.80120849609375
2024-07-09 09:45:00,0.0,0.600952148441138,0.796875,0.0,0.19592285155886202
2024-07-09 10:00:00,0.0,0.599853515621362,1.203125,0.0,0.603271484378638
2024-07-09 10:30:00,0.2999267578125,1.69921875,3.0,0.0,1.0008544921875
2024-07-09 10:45:00,0.10009765625,0.600280761722388,0.8984375,0.0,0.19805908202761202
2024-07-09 11:00:00,0.0,0.399902343746362,0.80078125,0.0,0.400878906253638
2024-07-09 11:15:00,0.0999755859375,1.200439453125,2.09765625,0.10003662109375,0.69720458984375
2024-07-09 11:30:00,0.0,0.2996826171875,0.40234375,0.0,0.1026611328125
2024-07-09 12:00:00,0.0999755859375,1.30029296875,2.30078125,0.0,0.9005126953125
2024-07-09 12:30:00,0.199951171875,1.4996337890625,2.19921875,0.0,0.4996337890625
2024-07-09 12:45:00,0.0,0.599853515625,1.09765625,0.0,0.497802734375
2024-07-09 13:00:00,0.10009765625,1.20062255859375,2.1015625,0.0,0.80084228515625
2024-07-09 13:30:00,0.199951171875,1.199951171875,1.69921875,0.0,0.29931640625
2024-07-09 13:45:00,0.0999755859375,0.69921875,1.40234375,0.0,0.6031494140625
2024-07-09 14:30:00,0.300048828125,2.80035400390625,4.59765625,0.0999755859375,1.39727783203125
2024-07-09 14:45:00,0.0999755859375,1.10003662109375,1.90234375,0.0,0.70233154296875
2024-07-09 15:15:00,0.0999755859375,1.7000732421875,3.0,0.0,1.199951171875
2024-07-09 15:45:00,0.0999755859375,1.49969482421875,2.3984375,0.0,0.79876708984375
2024-07-09 16:00:00,0.0,0.80078125,1.0,0.0,0.19921875
2024-07-09 16:15:00,0.0,0.7000732421875,1.5,0.0,0.7999267578125
2024-07-09 16:30:00,0.0,0.9991455078125,1.5,0.0,0.5008544921875
2024-07-09 17:00:00,0.10009765625,2.39996337890625,3.80078125,0.0999755859375,1.20074462890625
2024-07-09 17:15:00,0.0,1.00091552734375,1.3984375,0.0,0.39752197265625
2024-07-09 17:45:00,0.0999755859375,1.59912109375,2.30078125,0.0,0.6016845703125
2024-07-09 18:00:00,0.0999755859375,0.900390625,1.80078125,0.0,0.8004150390625
2024-07-09 18:30:00,0.0,1.199951171875,1.69921875,0.0,0.499267578125
2024-07-09 18:45:00,0.0999755859375,1.3995361328125,2.1015625,0.0,0.60205078125
2024-07-09 19:00:00,0.0999755859375,0.900634765625,1.19921875,0.0,0.1986083984375
2024-07-09 19:30:00,0.0,1.50006103515625,1.8984375,0.0,0.39837646484375
2024-07-09 20:15:00,0.10009765625,1.599365234375,2.19921875,0.10003662109375,0.39971923828125
2024-07-09 20:45:00,0.0,1.200927734375,1.90234375,0.0,0.701416015625
2024-07-09 22:00:00,0.0999755859375,0.7998046875,2.0,0.0,1.1002197265625
2024-07-09 22:15:00,0.0,0.2998046875,0.59765625,0.0,0.2978515625
2024-07-09 22:45:00,0.0999755859375,0.099609375,0.5,0.0,0.3004150390625
2024-07-09 23:00:00,0.0,0.0,0.30078125,0.0999755859375,0.2008056640625
2024-07-09 23:15:00,0.0,0.0,0.1015625,0.0,0.1015625
2024-07-09 23:45:00,0.0,0.0,0.5,0.0,0.5
2024-07-10 00:45:00,0.0999755859375,0.0,0.80078125,0.0,0.7008056640625
2024-07-10 01:00:00,0.0,0.0,0.19921875,0.0,0.19921875
2024-07-10 01:15:00,0.0,0.0,0.0,0.0,0.0
2024-07-10 01:30:00,0.0999755859375,0.0,0.30078125,0.0,0.2008056640625
2024-07-10 02:00:00,0.0,0.0,0.296875,0.0,0.296875
2024-07-10 02:15:00,0.0,0.0,0.203125,0.10003662109375,0.10308837890625
2024-07-10 02:30:00,0.0,0.0,0.19921875,0.0,0.19921875
2024-07-10 02:45:00,0.0,0.0,0.09765625,0.0,0.09765625
2024-07-10 03:45:00,0.10009765625,0.0,0.90234375,0.0,0.80224609375
2024-07-10 04:00:00,0.0,0.0,0.09765625,0.0,0.09765625
2024-07-10 04:15:00,0.0,0.0,0.203125,0.0,0.203125
2024-07-10 04:45:00,0.0999755859375,0.300048828125,0.69921875,0.0,0.2991943359375
2024-07-10 05:00:00,0.0,0.0,0.19921875,0.0,0.19921875
2024-07-10 05:15:00,0.0,0.099853515625,0.3984375,0.0999755859375,0.1986083984375
2024-07-10 05:30:00,0.0,0.10009765625,0.1015625,0.0,0.00146484375
2024-07-10 05:45:00,0.0999755859375,0.10009765625,0.5,0.0,0.2999267578125
2024-07-10 06:00:00,0.0,0.200439453125,0.3984375,0.0,0.197998046875
2024-07-10 06:15:00,0.199951171875,0.5,1.0,0.0,0.300048828125
2024-07-10 06:30:00,0.10009765625,0.39990234375,0.6015625,0.0,0.1015625
2024-07-10 06:45:00,0.199951171875,0.19970703125,0.6015625,0.0,0.201904296875
2024-07-10 07:00:00,0.0,0.40087890625,0.59765625,0.0,0.19677734375
2024-07-10 07:15:00,0.0999755859375,0.299316406246362,0.5,0.0,0.10070800781613798
2024-07-10 07:45:00,0.2000732421875,1.300048828128638,2.19921875,0.0,0.699096679683862
2024-07-10 08:00:00,0.0,0.2998046875,0.203125,0.0,-0.0966796875
2024-07-10 08:15:00,0.199951171875,0.80078125,1.5,0.0999755859375,0.3992919921875
2024-07-10 08:30:00,0.0999755859375,0.49951171875,0.69921875,0.0,0.0997314453125
2024-07-10 08:45:00,0.0999755859375,0.599853515621362,1.19921875,0.0,0.499389648441138
2024-07-10 09:30:00,0.5,2.499877929691138,4.19921875,0.0,1.199340820308862
2024-07-10 09:45:00,0.10009765625,0.599853515625,1.30078125,0.0,0.600830078125
2024-07-10 10:00:00,0.0999755859375,0.500732421878638,0.8984375,0.0,0.297729492183862
2024-07-10 10:15:00,0.0,0.499267578121362,0.90234375,0.0,0.403076171878638
2024-07-10 10:30:00,0.0999755859375,0.800476074222388,1.3984375,0.0,0.497985839840112
2024-07-10 11:00:00,0.199951171875,1.5,2.69921875,0.0,0.999267578125
2024-07-10 11:30:00,0.300048828125,1.799499511715112,3.203125,0.10003662109375,1.003540039066138
2024-07-10 12:00:00,0.0999755859375,1.0,1.796875,0.0,0.6968994140625
2024-07-10 12:15:00,0.0999755859375,0.400146484375,0.80078125,0.0,0.3006591796875
2024-07-10 12:30:00,0.10009765625,0.20068359375,0.5,0.0,0.19921875
2024-07-10 12:45:00,0.0999755859375,0.4990234375,1.19921875,0.0,0.6002197265625
2024-07-10 13:15:00,0.199951171875,1.400390625,2.6015625,0.0,1.001220703125
2024-07-10 13:30:00,0.0,0.30029296875,0.5,0.0,0.19970703125
2024-07-10 13:45:00,0.0999755859375,0.9000244140625,1.80078125,0.0,0.80078125
2024-07-10 14:00:00,0.10009765625,0.89971923828125,1.3984375,0.0,0.39862060546875
2024-07-10 14:45:00,0.2999267578125,2.7000732421875,4.6015625,0.0999755859375,1.5015869140625
2024-07-10 15:00:00,0.0999755859375,0.59979248046875,0.8984375,0.0,0.19866943359375
2024-07-10 15:15:00,0.10009765625,1.0999755859375,1.80078125,0.0,0.6007080078125
2024-07-10 15:30:00,0.0,0.69989013671875,1.3984375,0.0,0.69854736328125
2024-07-10 15:45:00,0.0999755859375,0.900146484371362,1.40234375,0.0,0.402221679691138
2024-07-10 16:15:00,0.0999755859375,1.000244140628638,1.69921875,0.0,0.598999023433862
2024-07-10 16:30:00,0.199951171875,1.39947509765625,2.30078125,0.0,0.70135498046875
2024-07-10 17:00:00,0.10009765625,0.900146484375,1.80078125,0.0,0.800537109375
2024-07-10 17:15:00,0.0999755859375,1.3004150390625,2.09765625,0.10003662109375,0.59722900390625
2024-07-10 17:45:00,0.0999755859375,1.199462890621362,2.1015625,0.0,0.802124023441138
2024-07-10 18:00:00,0.0999755859375,0.700683593753638,1.09765625,0.0,0.296997070308862
2024-07-10 18:15:00,0.0999755859375,0.599853515625,1.203125,0.0,0.5032958984375
2024-07-10 18:45:00,0.10009765625,1.49951171875,2.09765625,0.0,0.498046875
2024-07-10 20:00:00,0.2999267578125,2.999755859375,5.0,0.0,1.7003173828125
2024-07-10 20:15:00,0.0999755859375,0.30029296875,0.6015625,0.0999755859375,0.101318359375
2024-07-10 20:30:00,0.0,0.2998046875,0.59765625,0.0,0.2978515625
2024-07-10 21:15:00,0.0,0.900146484375,1.703125,0.0,0.802978515625
2024-07-10 22:00:00,0.10009765625,0.60009765625,1.296875,0.0,0.5966796875
2024-07-10 22:15:00,0.0,0.0,0.203125,0.0,0.203125
2024-07-10 22:45:00,0.0,0.0,0.5,0.0,0.5
2024-07-10 23:00:00,0.0,0.0,0.19921875,0.0,0.19921875
2024-07-10 23:15:00,0.0999755859375,0.0,0.19921875,0.0999755859375,-0.000732421875
2024-07-10 23:30:00,0.0,0.0,0.0,0.0,0.0
2024-07-10 23:45:00,0.0,0.0,0.3984375,0.0,0.3984375
2024-07-11 00:00:00,0.0,0.0,0.1015625,0.0,0.1015625
2024-07-11 01:00:00,0.0999755859375,0.0,0.80078125,0.0,0.7008056640625
2024-07-11 02:00:00,0.0999755859375,0.0,0.69921875,0.0,0.5992431640625
2024-07-11 02:15:00,0.0,0.0,0.1015625,0.0,0.1015625
2024-07-11 04:00:00,0.0999755859375,0.0,1.5,0.10003662109375,1.29998779296875
2024-07-11 04:30:00,0.0,0.09985351562136202,0.5,0.0,0.400146484378638
2024-07-11 05:00:00,0.10009765625,0.20019531250363798,0.3984375,0.0,0.09814453124636202
2024-07-11 05:15:00,0.0,0.099853515625,0.3984375,0.0,0.298583984375
2024-07-11 05:30:00,0.0,0.0,0.203125,0.0999755859375,0.1031494140625
2024-07-11 05:45:00,0.0,0.19995117187136202,0.5,0.0,0.300048828128638
2024-07-11 06:00:00,0.0,0.0,0.09765625,0.0,0.09765625
2024-07-11 06:30:00,0.39990234375,1.000732421878638,1.69921875,0.0,0.298583984371362
2024-07-11 06:45:00,0.0,0.10009765625,0.30078125,0.0,0.20068359375
2024-07-11 07:00:00,0.0,0.19995117187136202,0.30078125,0.0,0.10083007812863798
2024-07-11 07:15:00,0.10009765625,0.599853515628638,1.1015625,0.0,0.401611328121362
2024-07-11 07:30:00,0.0999755859375,0.199951171875,0.296875,0.0,-0.0030517578125
2024-07-11 07:45:00,0.0999755859375,1.099609375,1.703125,0.0,0.5035400390625
2024-07-11 08:30:00,0.4000244140625,2.20074462890625,3.5,0.10003662109375,0.7991943359375
2024-07-11 09:45:00,0.699951171875,3.7996826171875,7.09765625,0.0,2.5980224609375
2024-07-11 10:15:00,0.300048828125,1.3994140625,2.30078125,0.0,0.601318359375
2024-07-11 10:30:00,0.0999755859375,1.00054931640625,1.6015625,0.0,0.50103759765625
2024-07-11 10:45:00,0.0,0.400390625,1.0,0.0,0.599609375
2024-07-11 11:00:00,0.0999755859375,1.0992431640625,1.3984375,0.0,0.19921875
2024-07-11 11:30:00,0.0999755859375,1.300537109375,2.5,0.0999755859375,0.99951171875
2024-07-11 11:45:00,0.0,0.7000732421875,1.0,0.0,0.2999267578125
2024-07-11 12:00:00,0.10009765625,0.3995361328125,0.6015625,0.0,0.1019287109375
2024-07-11 12:15:00,0.0,0.2999267578125,0.69921875,0.0,0.3992919921875
2024-07-11 12:30:00,0.0999755859375,0.4002685546875,0.80078125,0.0,0.300537109375
2024-07-11 12:45:00,0.0,0.499755859375,1.09765625,0.0,0.597900390625
2024-07-11 13:15:00,0.0999755859375,0.8001708984375,1.5,0.0,0.599853515625
2024-07-11 13:45:00,0.199951171875,1.7000732421875,3.0,0.0,1.0999755859375
2024-07-11 14:00:00,0.10009765625,0.80035400390625,1.19921875,0.0,0.29876708984375
2024-07-11 15:00:00,0.39990234375,2.5992431640625,4.40234375,0.0999755859375,1.30322265625
2024-07-11 15:15:00,0.0,0.1998291015625,0.3984375,0.0,0.1986083984375
2024-07-11 15:30:00,0.0,0.7001953125,1.1015625,0.0,0.4013671875
2024-07-11 15:45:00,0.10009765625,0.80029296875,1.3984375,0.0,0.498046875
2024-07-11 16:00:00,0.0,0.899780273433862,1.5,0.0,0.600219726566138
2024-07-11 16:15:00,0.0999755859375,0.600463867191138,1.0,0.0,0.299560546871362
2024-07-11 16:30:00,0.0,0.4993896484375,0.80078125,0.0,0.3013916015625
2024-07-11 17:00:00,0.0999755859375,1.5003662109375,2.3984375,0.0,0.798095703125
2024-07-11 17:30:00,0.0999755859375,0.9998779296875,1.6015625,0.10003662109375,0.40167236328125
2024-07-11 17:45:00,0.0,0.400634765628638,0.69921875,0.0,0.298583984371362
2024-07-11 19:00:00,0.2000732421875,3.399780273433862,5.19921875,0.0,1.599365234378638
2024-07-11 19:15:00,0.0,0.199951171875,0.40234375,0.0,0.202392578125
2024-07-11 19:45:00,0.0999755859375,0.5,1.0,0.0,0.4000244140625
2024-07-11 20:15:00,0.0999755859375,0.5,1.0,0.0,0.4000244140625
2024-07-11 20:45:00,0.0999755859375,0.10009765625,0.5,0.0999755859375,0.199951171875
2024-07-11 21:00:00,0.0,0.0,0.19921875,0.0,0.19921875
2024-07-11 21:15:00,0.0,0.0,0.30078125,0.0,0.30078125
2024-07-11 21:30:00,0.0,0.0,0.19921875,0.0,0.19921875
2024-07-11 21:45:00,0.0999755859375,0.0,0.1015625,0.0,0.0015869140625
2024-07-11 23:00:00,0.10009765625,0.0,0.8984375,0.0,0.79833984375
2024-07-11 23:30:00,0.0,0.0,0.3984375,0.10003662109375,0.29840087890625
2024-07-11 23:45:00,0.0,0.0,0.203125,0.0,0.203125
2024-07-12 00:15:00,0.0999755859375,0.0,0.296875,0.0,0.1968994140625
2024-07-12 00:45:00,0.0,0.0,0.203125,0.0,0.203125
2024-07-12 01:00:00,0.0,0.0,0.19921875,0.0,0.19921875
2024-07-12 01:15:00,0.0999755859375,0.0,0.30078125,0.0,0.2008056640625
2024-07-12 02:00:00,0.0,0.0,0.3984375,0.0,0.3984375
2024-07-12 02:30:00,0.0999755859375,0.0,0.30078125,0.0999755859375,0.100830078125
2024-07-12 03:00:00,0.0,0.0,0.5,0.0,0.5
2024-07-12 03:15:00,0.0,0.0,0.19921875,0.0,0.19921875
2024-07-12 03:45:00,0.0999755859375,0.0,0.30078125,0.0,0.2008056640625
2024-07-12 04:00:00,0.0,0.0,0.19921875,0.0,0.19921875
2024-07-12 04:15:00,0.0,0.0,0.1015625,0.0,0.1015625
2024-07-12 04:30:00,0.0,0.10009765625,0.19921875,0.0,0.09912109375
2024-07-12 04:45:00,0.10009765625,0.199951171875,0.3984375,0.0,0.098388671875
2024-07-12 06:00:00,0.0999755859375,0.39990234375,1.40234375,0.0999755859375,0.802490234375
2024-07-12 06:15:00,0.199951171875,0.6995849609375,1.296875,0.0,0.3973388671875
2024-07-12 06:30:00,0.0999755859375,0.400146484375,0.5,0.0,-0.0001220703125
2024-07-12 06:45:00,0.0,0.099853515625,0.30078125,0.0,0.200927734375
2024-07-12 07:00:00,0.10009765625,0.2001953125,0.30078125,0.0,0.00048828125
2024-07-12 07:15:00,0.0999755859375,0.5,1.0,0.0,0.4000244140625
2024-07-12 07:30:00,0.0999755859375,0.600341796875,0.80078125,0.0,0.1004638671875
2024-07-12 07:45:00,0.0999755859375,0.4990234375,1.0,0.0,0.4010009765625
2024-07-12 08:00:00,0.0,0.30078125,0.30078125,0.0,0.0
2024-07-12 08:15:00,0.0999755859375,0.60009765625,1.09765625,0.0,0.3975830078125
2024-07-12 08:45:00,0.2000732421875,1.49957275390625,2.30078125,0.10003662109375,0.5010986328125
2024-07-12 09:00:00,0.0,0.5,0.80078125,0.0,0.30078125
2024-07-12 09:15:00,0.199951171875,1.0999755859375,1.59765625,0.0,0.2977294921875
2024-07-12 09:30:00,0.0999755859375,0.59979248046875,1.30078125,0.0,0.60101318359375
2024-07-12 10:30:00,0.300048828125,2.6005859375,4.19921875,0.0,1.298583984375
2024-07-12 11:30:00,0.300048828125,2.899658203125,5.0,0.0,1.80029296875
2024-07-12 11:45:00,0.2999267578125,1.2003173828125,2.0,0.0999755859375,0.3997802734375
2024-07-12 12:00:00,0.0,0.19970703125,0.30078125,0.0,0.10107421875
2024-07-12 13:00:00,0.4000244140625,2.8001708984375,4.80078125,0.10003662109375,1.50054931640625
2024-07-12 13:15:00,0.0999755859375,0.499267578125,1.0,0.0,0.4007568359375
2024-07-12 13:30:00,0.0999755859375,0.60052490234375,1.1015625,0.0999755859375,0.30108642578125
2024-07-12 13:45:00,0.10009765625,0.5997314453125,1.09765625,0.0,0.3978271484375
2024-07-12 14:00:00,0.0,0.2001953125,0.30078125,0.0999755859375,0.0006103515625
2024-07-12 15:00:00,0.39990234375,2.29998779296875,4.5,0.20001220703125,1.60009765625
2024-07-12 15:15:00,0.10009765625,0.39990234375,0.69921875,0.0,0.19921875
2024-07-12 15:30:00,0.199951171875,0.79998779296875,1.30078125,0.0,0.30084228515625
2024-07-12 16:00:00,0.199951171875,1.19976806640625,2.3984375,0.10003662109375,0.898681640625
2024-07-12 16:30:00,0.300048828125,1.2008056640625,2.0,0.0,0.4991455078125
2024-07-12 17:15:00,0.300048828125,1.39947509765625,2.703125,0.0,1.00360107421875
2024-07-12 17:45:00,0.199951171875,1.200439453125,2.19921875,0.0,0.798828125
2024-07-12 18:00:00,0.0,0.300048828125,0.5,0.0,0.199951171875
2024-07-12 18:15:00,0.0999755859375,0.39990234375,0.59765625,0.0,0.0977783203125
2024-07-12 19:15:00,0.4000244140625,2.2001953125,3.703125,0.0999755859375,1.0029296875
2024-07-12 19:30:00,0.0999755859375,0.299072265625,0.5,0.0,0.1009521484375
2024-07-12 20:00:00,0.0,0.5008544921875,1.0,0.0,0.4991455078125
2024-07-12 20:30:00,0.0999755859375,0.0,0.19921875,0.0,0.0992431640625
2024-07-12 21:00:00,0.0,0.10003662109375,0.59765625,0.0,0.49761962890625
2024-07-12 21:15:00,0.0,0.0,0.203125,0.0,0.203125
2024-07-12 21:45:00,0.10009765625,0.0999755859375,0.3984375,0.0,0.1983642578125
2024-07-12 22:00:00,0.0,0.0,0.19921875,0.0999755859375,0.0992431640625
2024-07-12 22:30:00,0.0,0.0,0.19921875,0.0,0.19921875
2024-07-12 22:45:00,0.0,0.0,0.203125,0.0,0.203125
2024-07-12 23:00:00,0.0999755859375,0.0,0.19921875,0.0,0.0992431640625
2024-07-12 23:45:00,0.0,0.0,0.3984375,0.0,0.3984375
2024-07-13 00:00:00,0.0,0.0,0.30078125,0.0,0.30078125
2024-07-13 00:15:00,0.0,0.0,0.0,0.0,0.0
2024-07-13 00:30:00,0.0999755859375,0.0,0.30078125,0.0,0.2008056640625
2024-07-13 01:30:00,0.0,0.0,0.5,0.10003662109375,0.39996337890625
2024-07-13 02:30:00,0.0999755859375,0.0,0.59765625,0.0,0.4976806640625
2024-07-13 03:00:00,0.0,0.0,0.30078125,0.0,0.30078125
2024-07-13 03:30:00,0.0999755859375,0.0,0.40234375,0.0,0.3023681640625
2024-07-13 03:45:00,0.0,0.0,0.0,0.0,0.0
2024-07-13 04:00:00,0.0,0.0,0.296875,0.0,0.296875
2024-07-13 04:30:00,0.0,0.0,0.203125,0.0999755859375,0.1031494140625
2024-07-13 04:45:00,0.10009765625,0.0,0.296875,0.0,0.19677734375
2024-07-13 05:00:00,0.0,0.0,0.203125,0.0,0.203125
2024-07-13 05:15:00,0.0,0.0,0.09765625,0.0,0.09765625
2024-07-13 05:30:00,0.0,0.0,0.1015625,0.0,0.1015625
2024-07-13 05:45:00,0.0,0.0,0.19921875,0.0,0.19921875
2024-07-13 06:00:00,0.0,0.0,0.19921875,0.0,0.19921875
2024-07-13 06:15:00,0.0999755859375,0.0,0.19921875,0.0,0.0992431640625
2024-07-13 06:30:00,0.0,0.0,0.203125,0.0,0.203125
2024-07-13 06:45:00,0.0,0.0,0.09765625,0.0,0.09765625
2024-07-13 07:00:00,0.0,0.0,0.19921875,0.0,0.19921875
2024-07-13 07:15:00,0.0,0.0,0.1015625,0.10003662109375,0.00152587890625
2024-07-13 07:45:00,0.0999755859375,0.0,0.30078125,0.0,0.2008056640625
2024-07-13 08:00:00,0.0,0.0,0.30078125,0.0,0.30078125
2024-07-13 08:15:00,0.0,0.0,0.0,0.0,0.0
2024-07-13 09:00:00,0.0999755859375,0.0,0.5,0.0,0.4000244140625
2024-07-13 09:15:00,0.0,0.10009765625,0.3984375,0.0,0.29833984375
2024-07-13 10:15:00,0.0999755859375,0.0,0.69921875,0.0999755859375,0.499267578125
2024-07-13 10:30:00,0.0,0.0,0.1015625,0.0,0.1015625
2024-07-13 11:15:00,0.0,0.0,0.5,0.0,0.5
2024-07-13 11:45:00,0.0,0.0,0.30078125,0.0,0.30078125
2024-07-13 12:00:00,0.10009765625,0.0,0.09765625,0.0,-0.00244140625
2024-07-13 12:15:00,0.0,0.0,0.1015625,0.0,0.1015625
2024-07-13 12:45:00,0.0,0.0,0.5,0.0,0.5
2024-07-13 13:00:00,0.0,0.0,0.09765625,0.0,0.09765625
2024-07-13 13:45:00,0.0999755859375,0.0,0.5,0.0999755859375,0.300048828125
2024-07-13 14:45:00,0.0999755859375,0.0,0.6015625,0.0,0.5015869140625
2024-07-13 15:15:00,0.0,0.0,0.3984375,0.0,0.3984375
2024-07-13 16:30:00,0.0999755859375,0.0,0.703125,0.10003662109375,0.50311279296875
2024-07-13 16:45:00,0.0,0.0,0.296875,0.0,0.296875
2024-07-13 17:00:00,0.0,0.0,0.203125,0.0,0.203125
2024-07-13 17:30:00,0.0999755859375,0.0,0.296875,0.0,0.1968994140625
2024-07-13 17:45:00,0.0,0.0,0.1015625,0.0,0.1015625
2024-07-13 18:00:00,0.0,0.0,0.19921875,0.0,0.19921875
2024-07-13 18:45:00,0.10009765625,0.0,0.5,0.0,0.39990234375
2024-07-13 19:00:00,0.0,0.0,0.1015625,0.0,0.1015625
2024-07-13 19:15:00,0.0,0.0,0.19921875,0.0999755859375,0.0992431640625
2024-07-13 20:00:00,0.0,0.0,0.6015625,0.0,0.6015625
2024-07-13 20:15:00,0.0999755859375,0.0,0.0,0.0,-0.0999755859375
2024-07-13 20:45:00,0.0,0.0,0.3984375,0.0,0.3984375
2024-07-13 21:00:00,0.0,0.0,0.1015625,0.0,0.1015625
2024-07-13 21:30:00,0.0999755859375,0.0,0.3984375,0.0,0.2984619140625
2024-07-13 21:45:00,0.0,0.0,0.1015625,0.0,0.1015625
2024-07-13 22:45:00,0.0,0.0,0.69921875,0.10003662109375,0.59918212890625
2024-07-13 23:00:00,0.0,0.0,0.09765625,0.0,0.09765625
2024-07-13 23:15:00,0.0999755859375,0.0,0.1015625,0.0,0.0015869140625
2024-07-13 23:45:00,0.0,0.0,0.3984375,0.0,0.3984375
2024-07-14 00:30:00,0.0999755859375,0.0,0.5,0.0,0.4000244140625
2024-07-14 00:45:00,0.0,0.0,0.1015625,0.0,0.1015625
2024-07-14 01:00:00,0.0,0.0,0.1015625,0.0,0.1015625
2024-07-14 01:30:00,0.0,0.0,0.296875,0.0999755859375,0.1968994140625
2024-07-14 02:00:00,0.10009765625,0.0,0.30078125,0.0,0.20068359375
2024-07-14 02:45:00,0.0,0.0,0.5,0.0,0.5
2024-07-14 03:00:00,0.0,0.0,0.30078125,0.0,0.30078125
2024-07-14 03:15:00,0.0,0.0,0.0,0.0,0.0
2024-07-14 03:45:00,0.0999755859375,0.0,0.5,0.0,0.4000244140625
2024-07-14 04:00:00,0.0,0.0,0.1015625,0.0,0.1015625
2024-07-14 04:45:00,0.0999755859375,0.0,0.5,0.0999755859375,0.300048828125
2024-07-14 05:00:00,0.0,0.0,0.09765625,0.0,0.09765625
2024-07-14 05:15:00,0.0,0.0,0.30078125,0.0,0.30078125
2024-07-14 05:30:00,0.0,0.0,0.1015625,0.0,0.1015625
2024-07-14 05:45:00,0.0,0.0,0.09765625,0.0,0.09765625
2024-07-14 06:00:00,0.0999755859375,0.0,0.30078125,0.0,0.2008056640625
2024-07-14 06:30:00,0.0,0.0,0.19921875,0.0,0.19921875
2024-07-14 07:00:00,0.0,0.0,0.30078125,0.0,0.30078125
2024-07-14 07:15:00,0.0,0.0,0.19921875,0.10003662109375,0.09918212890625
2024-07-14 07:45:00,0.0999755859375,0.0,0.40234375,0.0,0.3023681640625
2024-07-14 08:00:00,0.0,0.0,0.09765625,0.0,0.09765625
2024-07-14 08:30:00,0.0,0.0,0.40234375,0.0,0.40234375
2024-07-14 08:45:00,0.0,0.0,0.19921875,0.0,0.19921875
2024-07-14 09:00:00,0.10009765625,0.0,0.09765625,0.0,-0.00244140625
2024-07-14 09:15:00,0.0,0.0,0.203125,0.0,0.203125
2024-07-14 09:45:00,0.0,0.0,0.19921875,0.0,0.19921875
2024-07-14 10:00:00,0.0,0.0,0.30078125,0.0,0.30078125
2024-07-14 10:15:00,0.0,0.0,0.0,0.0,0.0
2024-07-14 10:30:00,0.0999755859375,0.0,0.296875,0.0999755859375,0.096923828125
2024-07-14 11:00:00,0.0,0.0,0.30078125,0.0,0.30078125
2024-07-14 11:15:00,0.0,0.0,0.1015625,0.0,0.1015625
2024-07-14 12:15:00,0.0999755859375,0.0,0.69921875,0.0,0.5992431640625
2024-07-14 13:15:00,0.0999755859375,0.0999755859375,0.8984375,0.0,0.698486328125
2024-07-14 13:30:00,0.0999755859375,0.0,0.30078125,0.10003662109375,0.10076904296875
2024-07-14 14:00:00,0.0,0.10003662109738798,0.40234375,0.0,0.302307128902612
2024-07-14 14:15:00,0.10009765625,0.0,0.09765625,0.0,-0.00244140625
2024-07-14 14:45:00,0.0999755859375,0.09997558593386202,0.6015625,0.0,0.401611328128638
2024-07-14 15:00:00,0.0,0.10003662109375,0.30078125,0.0,0.20074462890625
2024-07-14 15:30:00,0.0999755859375,0.0,0.3984375,0.0,0.2984619140625
2024-07-14 15:45:00,0.0,0.0999755859375,0.30078125,0.0,0.2008056640625
2024-07-14 16:30:00,0.0999755859375,0.0999755859375,0.59765625,0.0999755859375,0.2977294921875
2024-07-14 16:45:00,0.0,0.0,0.30078125,0.0,0.30078125
2024-07-14 17:00:00,0.0999755859375,0.10003662109738798,0.30078125,0.0,0.10076904296511202
2024-07-14 17:30:00,0.0,0.0,0.5,0.0,0.5
2024-07-14 17:45:00,0.10009765625,0.0,0.30078125,0.0,0.20068359375
2024-07-14 18:00:00,0.0,0.09997558593386202,0.30078125,0.0,0.20080566406613798
2024-07-14 18:30:00,0.0999755859375,0.10003662109375,0.3984375,0.0,0.19842529296875
2024-07-14 19:00:00,0.0,0.0,0.6015625,0.0,0.6015625
2024-07-14 19:15:00,0.0999755859375,0.0999755859375,0.296875,0.0999755859375,-0.0030517578125
2024-07-14 19:30:00,0.0,0.0,0.30078125,0.0,0.30078125
2024-07-14 19:45:00,0.0,0.0999755859375,0.30078125,0.0,0.2008056640625
2024-07-14 20:00:00,0.0,0.0,0.1015625,0.0,0.1015625
2024-07-14 20:15:00,0.0999755859375,0.0,0.296875,0.0,0.1968994140625
2024-07-14 20:30:00,0.0,0.10003662109738798,0.30078125,0.0,0.20074462890261202
2024-07-14 20:45:00,0.0999755859375,0.0,0.40234375,0.0,0.3023681640625
2024-07-14 21:15:00,0.0,0.09997558593386202,0.296875,0.0,0.19689941406613798
2024-07-14 21:30:00,0.0,0.0,0.40234375,0.0,0.40234375
2024-07-14 21:45:00,0.0,0.0,0.0,0.0,0.0
2024-07-14 22:15:00,0.10009765625,0.10003662109375,0.5,0.0,0.29986572265625
2024-07-14 23:00:00,0.0,0.0,0.5,0.10003662109375,0.39996337890625
2024-07-14 23:15:00,0.0,0.0,0.09765625,0.0,0.09765625
2024-07-14 23:45:00,0.0999755859375,0.0,0.40234375,0.0,0.3023681640625
2024-07-15 00:30:00,0.0,0.0,0.3984375,0.0,0.3984375
2024-07-15 01:15:00,0.0999755859375,0.0,0.6015625,0.0999755859375,0.401611328125
2024-07-15 01:45:00,0.0,0.0,0.30078125,0.0,0.30078125
2024-07-15 02:00:00,0.0,0.0,0.09765625,0.0,0.09765625
2024-07-15 02:15:00,0.0999755859375,0.0,0.19921875,0.0,0.0992431640625
2024-07-15 02:45:00,0.0,0.0,0.30078125,0.0,0.30078125
2024-07-15 03:30:00,0.0,0.0,0.6015625,0.0,0.6015625
2024-07-15 03:45:00,0.0999755859375,0.0,0.19921875,0.0,0.0992431640625
2024-07-15 04:00:00,0.0,0.0,0.1015625,0.0,0.1015625
2024-07-15 04:15:00,0.0,0.0,0.296875,0.0,0.296875
2024-07-15 04:30:00,0.0,0.10009765625,0.203125,0.10003662109375,0.00299072265625
2024-07-15 04:45:00,0.0,0.099853515625,0.19921875,0.0,0.099365234375
2024-07-15 05:00:00,0.0,0.0,0.19921875,0.0,0.19921875
2024-07-15 05:45:00,0.10009765625,0.300048828125,0.69921875,0.0,0.299072265625
2024-07-15 06:00:00,0.0,0.10009765625,0.5,0.0,0.39990234375
2024-07-15 06:45:00,0.39990234375,1.099609375,1.90234375,0.0,0.40283203125
2024-07-15 07:15:00,0.2000732421875,0.80029296875,1.59765625,0.0999755859375,0.497314453125
2024-07-15 07:30:00,0.0999755859375,0.399658203125,0.6015625,0.0,0.1019287109375
2024-07-15 07:45:00,0.0,1.0,1.19921875,0.0,0.19921875
2024-07-15 08:00:00,0.0999755859375,0.6998291015625,1.19921875,0.0,0.3994140625
2024-07-15 08:15:00,0.0999755859375,0.800537109375,1.1015625,0.0999755859375,0.10107421875
2024-07-15 09:00:00,0.2000732421875,2.00006103515625,3.3984375,0.0,1.19830322265625
2024-07-15 09:15:00,0.199951171875,0.699829101558862,1.5,0.0,0.600219726566138
2024-07-15 09:30:00,0.0999755859375,0.799255371097388,1.5,0.0,0.600769042965112
2024-07-15 09:45:00,0.2000732421875,0.8004150390625,1.5,0.0,0.49951171875
2024-07-15 10:15:00,0.2999267578125,1.600402832034888,3.1015625,0.0,1.201232910152612
2024-07-15 10:30:00,0.10009765625,0.599975585933862,1.0,0.0,0.299926757816138
2024-07-15 10:45:00,0.199951171875,1.00018310546875,2.09765625,0.0,0.89752197265625
2024-07-15 11:15:00,0.0999755859375,1.69970703125,3.203125,0.0,1.4034423828125
2024-07-15 11:45:00,0.2000732421875,1.30023193359375,2.796875,0.10003662109375,1.196533203125
2024-07-15 12:00:00,0.0,0.7991943359375,1.203125,0.0,0.4039306640625
2024-07-15 12:15:00,0.0999755859375,0.80072021484375,1.59765625,0.0,0.69696044921875
2024-07-15 14:00:00,0.5999755859375,4.99908447265625,8.80078125,0.0,3.20172119140625
2024-07-15 14:45:00,0.199951171875,2.500305175777612,4.69921875,0.0999755859375,1.898986816409888
2024-07-15 15:00:00,0.2000732421875,0.999877929691138,1.90234375,0.0,0.702392578121362
2024-07-15 15:15:00,0.0,0.50042724609375,1.0,0.0,0.49957275390625
2024-07-15 17:00:00,0.5999755859375,5.7999267578125,10.59765625,0.0,4.19775390625
2024-07-15 17:15:00,0.0999755859375,0.7994384765625,1.30078125,0.0,0.4013671875
2024-07-15 17:30:00,0.0,0.30078125,0.5,0.10003662109375,0.09918212890625
2024-07-15 18:00:00,0.2000732421875,1.2001953125,2.6015625,0.0,1.2012939453125
2024-07-15 18:30:00,0.0999755859375,1.900085449222388,3.0,0.0,0.999938964840112
2024-07-15 18:45:00,0.0999755859375,0.799682617183862,1.19921875,0.0,0.299560546878638
2024-07-15 19:30:00,0.199951171875,1.699951171875,2.59765625,0.0,0.69775390625
2024-07-15 19:45:00,0.10009765625,1.0,1.203125,0.0,0.10302734375
2024-07-15 20:00:00,0.0,0.399658203125,0.59765625,0.0,0.197998046875
2024-07-15 20:45:00,0.0999755859375,1.999755859375,2.69921875,0.0999755859375,0.49951171875
2024-07-15 21:00:00,0.0,0.2001953125,0.30078125,0.0,0.1005859375
2024-07-15 21:15:00,0.0,0.30029296875,0.6015625,0.0,0.30126953125
2024-07-15 21:30:00,0.0,0.1995849609375,0.09765625,0.0,-0.1019287109375
2024-07-15 22:30:00,0.0999755859375,0.300048828125,1.30078125,0.0,0.9007568359375
2024-07-15 22:45:00,0.0,0.0,0.1015625,0.0,0.1015625
2024-07-15 23:00:00,0.0,0.0,0.30078125,0.0,0.30078125
2024-07-15 23:15:00,0.0,0.0,0.09765625,0.0,0.09765625
2024-07-15 23:30:00,0.0999755859375,0.0,0.1015625,0.0999755859375,-0.098388671875
2024-07-15 23:45:00,0.0,0.0,0.30078125,0.0,0.30078125
2024-07-16 00:15:00,0.0,0.0,0.296875,0.0,0.296875
2024-07-16 00:45:00,0.0999755859375,0.0,0.40234375,0.0,0.3023681640625
2024-07-16 01:15:00,0.0,0.0,0.19921875,0.0,0.19921875
2024-07-16 01:30:00,0.0,0.0,0.30078125,0.0,0.30078125
2024-07-16 02:15:00,0.0,0.0,0.5,0.0,0.5
2024-07-16 02:30:00,0.10009765625,0.0,0.19921875,0.10003662109375,-0.00091552734375
2024-07-16 03:45:00,0.0999755859375,0.0,0.8984375,0.0,0.7984619140625
2024-07-16 04:00:00,0.0,0.10009765624636202,0.30078125,0.0,0.20068359375363798
2024-07-16 04:30:00,0.0,0.19995117188227596,0.40234375,0.0,0.20239257811772404
2024-07-16 04:45:00,0.0,0.10009765624636202,0.3984375,0.0,0.298339843753638
2024-07-16 05:45:00,0.0999755859375,0.2998046875,0.8984375,0.0999755859375,0.398681640625
2024-07-16 06:00:00,0.0,0.2001953125,0.40234375,0.0,0.2021484375
2024-07-16 06:45:00,0.300048828125,0.800537109375,1.59765625,0.0,0.4970703125
2024-07-16 07:00:00,0.199951171875,0.69970703125,1.1015625,0.0,0.201904296875
2024-07-16 07:45:00,0.199951171875,1.199462890625,2.1015625,0.0,0.7021484375
2024-07-16 08:00:00,0.10009765625,0.70068359375,1.09765625,0.0,0.296875
2024-07-16 08:15:00,0.0999755859375,0.2998046875,0.69921875,0.0,0.2994384765625
2024-07-16 09:00:00,0.5999755859375,2.699707031253638,4.80078125,0.10003662109375,1.401062011715112
2024-07-16 09:30:00,0.300048828125,1.599853515621362,2.80078125,0.0,0.900878906253638
2024-07-16 09:45:00,0.0999755859375,0.800720214840112,1.3984375,0.0,0.497741699222388
2024-07-16 10:00:00,0.0999755859375,0.399658203128638,1.0,0.0,0.500366210933862
2024-07-16 10:15:00,0.199951171875,0.8001708984375,1.40234375,0.0,0.4022216796875
2024-07-16 10:30:00,0.10009765625,0.89984130859375,1.8984375,0.0,0.89849853515625
2024-07-16 10:45:00,0.0999755859375,0.80029296875,1.40234375,0.0,0.5020751953125
2024-07-16 11:00:00,0.0999755859375,0.4991455078125,0.8984375,0.0,0.29931640625
2024-07-16 11:15:00,0.0999755859375,0.70068359375,1.5,0.0,0.6993408203125
2024-07-16 11:30:00,0.0999755859375,0.5999755859375,0.8984375,0.0,0.198486328125
2024-07-16 12:30:00,0.4000244140625,3.399658203128638,5.703125,0.0999755859375,1.803466796871362
2024-07-16 12:45:00,0.0,0.499755859371362,0.8984375,0.0,0.398681640628638
2024-07-16 13:00:00,0.0999755859375,1.1002197265625,1.80078125,0.0,0.6005859375
2024-07-16 13:30:00,0.2000732421875,1.40045166015625,2.5,0.0999755859375,0.79949951171875
2024-07-16 14:15:00,0.2999267578125,2.699829101566138,5.19921875,0.20001220703125,1.999450683590112
2024-07-16 15:00:00,0.2000732421875,2.000183105461474,4.0,0.10003662109375,1.699707031257276
2024-07-16 15:15:00,0.0,0.5,0.8984375,0.0999755859375,0.2984619140625
2024-07-16 15:30:00,0.0999755859375,1.199707031253638,2.40234375,0.0,1.102661132808862
2024-07-16 15:45:00,0.0999755859375,0.300292968746362,0.5,0.0,0.09973144531613798
2024-07-16 16:15:00,0.0999755859375,1.799682617191138,3.19921875,0.0,1.299560546871362
2024-07-16 16:30:00,0.10009765625,0.80029296875,1.3984375,0.0,0.498046875
2024-07-16 17:00:00,0.199951171875,1.599853515625,3.203125,0.0,1.4033203125
2024-07-16 17:15:00,0.0,0.30029296875,0.5,0.0,0.19970703125
2024-07-16 17:30:00,0.0999755859375,1.199462890625,2.19921875,0.0,0.8997802734375
2024-07-16 18:00:00,0.0999755859375,0.900146484375,1.80078125,0.0999755859375,0.70068359375
2024-07-16 18:15:00,0.10009765625,1.200439453125,2.0,0.0,0.699462890625
2024-07-16 19:00:00,0.199951171875,1.599365234375,2.59765625,0.0,0.79833984375
2024-07-16 19:15:00,0.0,0.7001953125,1.1015625,0.0,0.4013671875
2024-07-16 19:45:00,0.199951171875,1.0,1.5,0.0,0.300048828125
2024-07-16 20:00:00,0.0,0.099609375,0.19921875,0.0,0.099609375
2024-07-16 20:30:00,0.0,0.70068359375,1.3984375,0.0,0.69775390625
2024-07-16 20:45:00,0.10009765625,0.39990234375,0.6015625,0.10003662109375,0.00152587890625
2024-07-16 21:15:00,0.0,0.699462890625,1.1015625,0.0,0.402099609375
2024-07-16 21:30:00,0.0,0.30029296875,0.59765625,0.0,0.29736328125
2024-07-16 22:00:00,0.0,0.599853515625,0.90234375,0.0,0.302490234375
2024-07-16 22:15:00,0.0999755859375,0.60009765625,0.8984375,0.0,0.1983642578125
2024-07-16 22:30:00,0.0,0.0,0.19921875,0.0,0.19921875
2024-07-16 22:45:00,0.0,0.0,0.30078125,0.0,0.30078125
2024-07-16 23:00:00,0.0,0.0,0.1015625,0.0,0.1015625
2024-07-16 23:15:00,0.0,0.0,0.19921875,0.0,0.19921875
2024-07-16 23:45:00,0.0999755859375,0.0,0.30078125,0.0,0.2008056640625
2024-07-17 00:00:00,0.0,0.0,0.296875,0.0999755859375,0.1968994140625
2024-07-17 00:15:00,0.0,0.0,0.1015625,0.0,0.1015625
2024-07-17 00:45:00,0.0,0.0,0.30078125,0.0,0.30078125
2024-07-17 01:00:00,0.0,0.0,0.19921875,0.0,0.19921875
2024-07-17 01:30:00,0.0999755859375,0.0,0.3984375,0.0,0.2984619140625
2024-07-17 02:15:00,0.0,0.0,0.40234375,0.0,0.40234375
2024-07-17 02:30:00,0.0999755859375,0.0,0.30078125,0.0,0.2008056640625
2024-07-17 03:15:00,0.0,0.0,0.59765625,0.10003662109375,0.49761962890625
2024-07-17 03:45:00,0.0,0.0,0.19921875,0.0,0.19921875
2024-07-17 04:45:00,0.10009765625,0.300537109375,0.90234375,0.0,0.501708984375
2024-07-17 05:00:00,0.0,0.10009765625,0.5,0.0,0.39990234375
2024-07-17 05:15:00,0.0999755859375,0.099853515625,0.19921875,0.0,-0.0006103515625
2024-07-17 05:30:00,0.0,0.10009765625,0.19921875,0.0,0.09912109375
2024-07-17 06:15:00,0.0999755859375,0.299560546875,1.19921875,0.0999755859375,0.69970703125
2024-07-17 06:45:00,0.300048828125,0.99951171875,1.5,0.0,0.200439453125
2024-07-17 07:00:00,0.0999755859375,0.30078125,0.40234375,0.0,0.0015869140625
2024-07-17 07:15:00,0.0999755859375,0.5,1.0,0.0,0.4000244140625
2024-07-17 08:00:00,0.199951171875,1.500244140625,2.30078125,0.0,0.6005859375
2024-07-17 08:30:00,0.2000732421875,1.0,1.5,0.0,0.2999267578125
2024-07-17 08:45:00,0.0999755859375,0.599609375,1.296875,0.0999755859375,0.497314453125
2024-07-17 09:15:00,0.300048828125,1.599365234375,2.80078125,0.0,0.9013671875
2024-07-17 10:00:00,0.199951171875,1.5009765625,2.90234375,0.0,1.201416015625
2024-07-17 10:15:00,0.0999755859375,0.999755859375,1.59765625,0.0,0.4979248046875
2024-07-17 10:30:00,0.0,0.4998779296875,0.80078125,0.0,0.3009033203125
2024-07-17 10:45:00,0.0,1.099609375,2.0,0.0,0.900390625
2024-07-17 11:00:00,0.0999755859375,0.400146484375,0.8984375,0.0,0.3983154296875
2024-07-17 11:30:00,0.10009765625,1.8004150390625,3.0,0.0,1.0994873046875
2024-07-17 12:00:00,0.2999267578125,1.1995849609375,2.5,0.10003662109375,0.90045166015625
2024-07-17 12:15:00,0.0,0.4005126953125,0.80078125,0.0,0.4002685546875
2024-07-17 12:30:00,0.0999755859375,0.3995361328125,0.80078125,0.0,0.30126953125
2024-07-17 13:15:00,0.5,2.400146484375,4.69921875,0.0,1.799072265625
2024-07-17 13:30:00,0.10009765625,0.6002197265625,1.30078125,0.0,0.6004638671875
2024-07-17 13:45:00,0.0999755859375,0.5992431640625,1.30078125,0.0,0.6015625
2024-07-17 14:15:00,0.199951171875,1.40057373046875,2.8984375,0.0,1.29791259765625
2024-07-17 14:30:00,0.0999755859375,0.399536132816138,1.0,0.0,0.500488281246362
2024-07-17 14:45:00,0.10009765625,0.500610351558862,1.0,0.0,0.399291992191138
2024-07-17 15:00:00,0.0999755859375,0.80010986328125,1.40234375,0.0999755859375,0.40228271484375
2024-07-17 15:15:00,0.0999755859375,0.9000244140625,2.0,0.0,1.0
2024-07-17 16:00:00,0.199951171875,2.0997314453125,4.19921875,0.0,1.8995361328125
2024-07-17 16:15:00,0.10009765625,0.60040283203125,1.0,0.0,0.29949951171875
2024-07-17 16:45:00,0.0999755859375,1.69940185546875,3.19921875,0.0,1.39984130859375
2024-07-17 17:30:00,0.2999267578125,1.800048828125,3.6015625,0.0,1.5015869140625
2024-07-17 17:45:00,0.10009765625,1.299560546875,2.19921875,0.10003662109375,0.69952392578125
2024-07-17 18:00:00,0.0999755859375,0.6002197265625,1.30078125,0.0,0.6005859375
2024-07-17 18:15:00,0.0,0.6002197265625,1.09765625,0.0,0.4974365234375
2024-07-17 19:15:00,0.199951171875,1.8995361328125,3.19921875,0.0,1.0997314453125
2024-07-17 19:30:00,0.0999755859375,0.50048828125,0.80078125,0.0,0.2003173828125
2024-07-17 20:00:00,0.0,0.499755859375,0.90234375,0.0,0.402587890625
2024-07-17 20:15:00,0.0,0.60009765625,1.0,0.0,0.39990234375
2024-07-17 20:30:00,0.0,0.099609375,0.19921875,0.0,0.099609375
2024-07-17 20:45:00,0.0,0.300048828125,0.59765625,0.0999755859375,0.1976318359375
2024-07-17 21:00:00,0.10009765625,0.10009765625,0.40234375,0.0,0.2021484375
2024-07-17 21:30:00,0.0,0.0,0.3984375,0.0,0.3984375
2024-07-17 21:45:00,0.0,0.0,0.19921875,0.0,0.19921875
2024-07-17 22:00:00,0.0,0.0,0.203125,0.0,0.203125
2024-07-17 22:45:00,0.0999755859375,0.0,0.59765625,0.0,0.4976806640625
2024-07-17 23:00:00,0.0,0.0,0.19921875,0.0,0.19921875
2024-07-17 23:30:00,0.0,0.0,0.30078125,0.0,0.30078125
2024-07-18 00:15:00,0.0999755859375,0.0,0.6015625,0.0999755859375,0.401611328125
2024-07-18 00:30:00,0.0,0.0,0.19921875,0.0,0.19921875
2024-07-18 00:45:00,0.0,0.0,0.1015625,0.0,0.1015625
2024-07-18 01:00:00,0.0,0.0,0.09765625,0.0,0.09765625
2024-07-18 01:30:00,0.0999755859375,0.0,0.40234375,0.0,0.3023681640625
2024-07-18 01:45:00,0.0,0.0,0.19921875,0.0,0.19921875
2024-07-18 02:00:00,0.0,0.0,0.19921875,0.0,0.19921875
2024-07-18 02:30:00,0.0999755859375,0.0,0.3984375,0.0,0.2984619140625
2024-07-18 02:45:00,0.0,0.0,0.1015625,0.10003662109375,0.00152587890625
2024-07-18 03:15:00,0.0,0.0,0.3984375,0.0,0.3984375
2024-07-18 03:30:00,0.0,0.0,0.1015625,0.0,0.1015625
2024-07-18 03:45:00,0.0,0.0,0.30078125,0.0,0.30078125
2024-07-18 04:30:00,0.10009765625,0.500244140625,0.8984375,0.0,0.298095703125
2024-07-18 05:15:00,0.0,0.199951171875,0.69921875,0.0,0.499267578125
2024-07-18 05:30:00,0.0999755859375,0.10009765625,0.40234375,0.0,0.2022705078125
2024-07-18 05:45:00,0.0,0.10009765625,0.19921875,0.0999755859375,-0.0008544921875
2024-07-18 06:00:00,0.199951171875,0.7003173828125,1.1015625,0.0,0.2012939453125
2024-07-18 06:30:00,0.300048828125,0.899169921875,1.5,0.0,0.30078125
2024-07-18 06:45:00,0.0,0.0,0.19921875,0.0,0.19921875
2024-07-18 07:00:00,0.0,0.10009765625,0.5,0.0,0.39990234375
2024-07-18 07:15:00,0.0999755859375,0.60009765625,0.69921875,0.0,-0.0008544921875
2024-07-18 07:30:00,0.0999755859375,0.699707031253638,1.1015625,0.0,0.301879882808862
2024-07-18 08:15:00,0.4000244140625,1.700927734371362,3.09765625,0.0,0.996704101566138
2024-07-18 08:30:00,0.199951171875,0.799255371090112,1.30078125,0.0,0.301574707034888
2024-07-18 08:45:00,0.10009765625,0.800659179691138,1.30078125,0.10003662109375,0.299987792965112
2024-07-18 09:30:00,0.0999755859375,1.69976806640625,3.09765625,0.0,1.29791259765625
2024-07-18 09:45:00,0.0999755859375,1.39947509765625,2.30078125,0.0,0.80133056640625
2024-07-18 10:30:00,0.300048828125,2.20050048828125,4.69921875,0.0,2.19866943359375
2024-07-18 10:45:00,0.0999755859375,0.7996826171875,1.6015625,0.0,0.701904296875
2024-07-18 11:00:00,0.0999755859375,0.800537109375,1.3984375,0.0,0.4979248046875
2024-07-18 11:15:00,0.0999755859375,0.39990234375,1.1015625,0.0,0.6016845703125
2024-07-18 11:45:00,0.0999755859375,1.7003173828125,2.80078125,0.0999755859375,0.9005126953125
2024-07-18 12:15:00,0.2000732421875,1.69970703125,2.80078125,0.0,0.9010009765625
2024-07-18 12:30:00,0.0999755859375,1.099853515625,2.0,0.0,0.8001708984375
2024-07-18 13:15:00,0.199951171875,2.50018310546875,4.69921875,0.0,1.99908447265625
2024-07-18 13:30:00,0.0,0.400268554691138,0.5,0.0,0.09973144530886202
2024-07-18 13:45:00,0.0,0.699584960933862,1.59765625,0.0,0.898071289066138
2024-07-18 14:15:00,0.2000732421875,2.29949951171875,3.80078125,0.0,1.30120849609375
2024-07-18 14:30:00,0.0,1.2001953125,2.1015625,0.0,0.9013671875
2024-07-18 14:45:00,0.0,0.60009765625,1.09765625,0.0999755859375,0.3975830078125
2024-07-18 15:00:00,0.0,1.29998779296875,2.1015625,0.0,0.80157470703125
2024-07-18 15:15:00,0.0999755859375,0.900390625,1.5,0.0,0.4996337890625
2024-07-18 15:45:00,0.0999755859375,1.50006103515625,2.8984375,0.0,1.29840087890625
2024-07-18 16:15:00,0.2000732421875,1.4996337890625,2.6015625,0.0,0.90185546875
2024-07-18 16:45:00,0.2999267578125,1.70037841796875,3.3984375,0.0,1.39813232421875
2024-07-18 17:00:00,0.0999755859375,0.499389648441138,1.0,0.0,0.400634765621362
2024-07-18 17:30:00,0.10009765625,1.300415039058862,2.30078125,0.0,0.900268554691138
2024-07-18 17:45:00,0.0999755859375,1.0,1.80078125,0.10003662109375,0.60076904296875
2024-07-18 18:00:00,0.0999755859375,0.500366210941138,0.80078125,0.0,0.20043945312136202
2024-07-18 18:15:00,0.0999755859375,1.000183105461474,1.59765625,0.0,0.49749755860102596
2024-07-18 18:45:00,0.0999755859375,1.499511718753638,2.30078125,0.0,0.701293945308862
2024-07-18 19:00:00,0.0,0.799560546875,1.40234375,0.0,0.602783203125
2024-07-18 19:30:00,0.10009765625,0.400878906253638,0.796875,0.0,0.295898437496362
2024-07-18 19:45:00,0.0999755859375,0.499755859371362,1.0,0.0,0.400268554691138
2024-07-18 20:00:00,0.0,0.300048828125,0.5,0.0,0.199951171875
2024-07-18 20:15:00,0.0,0.099609375,0.30078125,0.0,0.201171875
2024-07-18 20:30:00,0.0999755859375,0.20019531250363798,0.40234375,0.0,0.10217285155886202
2024-07-18 21:15:00,0.0,0.700195312496362,1.19921875,0.0999755859375,0.399047851566138
2024-07-18 21:30:00,0.0,0.20019531250363798,0.5,0.0,0.299804687496362
2024-07-18 22:00:00,0.0999755859375,0.299560546871362,0.80078125,0.0,0.401245117191138
2024-07-18 22:15:00,0.0,0.0,0.19921875,0.0,0.19921875
2024-07-18 22:30:00,0.0,0.0,0.09765625,0.0,0.09765625
2024-07-18 23:00:00,0.0,0.0,0.40234375,0.0,0.40234375
2024-07-18 23:15:00,0.0,0.0,0.19921875,0.0,0.19921875
2024-07-18 23:30:00,0.0999755859375,0.0,0.19921875,0.0,0.0992431640625
2024-07-18 23:45:00,0.0,0.0,0.1015625,0.10003662109375,0.00152587890625
2024-07-19 00:00:00,0.0,0.0,0.30078125,0.0,0.30078125
2024-07-19 00:15:00,0.0,0.0,0.19921875,0.0,0.19921875
2024-07-19 00:30:00,0.0,0.0,0.19921875,0.0,0.19921875
2024-07-19 00:45:00,0.10009765625,0.0,0.1015625,0.0,0.00146484375
2024-07-19 01:00:00,0.0,0.0,0.09765625,0.0,0.09765625
2024-07-19 01:15:00,0.0,0.0,0.19921875,0.0,0.19921875
2024-07-19 01:30:00,0.0,0.0,0.203125,0.0,0.203125
2024-07-19 01:45:00,0.0,0.0,0.09765625,0.0,0.09765625
2024-07-19 02:15:00,0.0999755859375,0.0,0.40234375,0.0,0.3023681640625
2024-07-19 02:45:00,0.0,0.0,0.3984375,0.0999755859375,0.2984619140625
2024-07-19 03:15:00,0.0,0.0,0.3984375,0.0,0.3984375
2024-07-19 04:00:00,0.0999755859375,0.0,0.40234375,0.0,0.3023681640625
2024-07-19 04:45:00,0.0,0.199951171875,0.80078125,0.0,0.600830078125
2024-07-19 05:30:00,0.0999755859375,0.199951171875,0.8984375,0.0,0.5985107421875
2024-07-19 05:45:00,0.0,0.10009765625,0.1015625,0.0999755859375,-0.0985107421875
2024-07-19 06:30:00,0.300048828125,0.9000244140625,1.59765625,0.0,0.3975830078125
2024-07-19 07:15:00,0.2999267578125,0.799560546875,1.80078125,0.0,0.7012939453125
2024-07-19 07:30:00,0.0,0.50048828125,0.80078125,0.0,0.30029296875
2024-07-19 08:45:00,0.5,2.9002685546875,4.80078125,0.10003662109375,1.30047607421875
2024-07-19 09:00:00,0.10009765625,0.5997314453125,0.8984375,0.0,0.1986083984375
2024-07-19 09:15:00,0.199951171875,1.29949951171875,2.0,0.0,0.50054931640625
2024-07-19 10:00:00,0.199951171875,1.5997314453125,3.19921875,0.0,1.3995361328125
2024-07-19 10:15:00,0.2000732421875,1.20062255859375,2.40234375,0.0,1.00164794921875
2024-07-19 10:30:00,0.0999755859375,0.7994384765625,1.3984375,0.0,0.4990234375
2024-07-19 11:30:00,0.300048828125,2.90020751953125,5.30078125,0.0,2.10052490234375
2024-07-19 11:45:00,0.0,0.300537109375,0.3984375,0.0999755859375,-0.0020751953125
2024-07-19 12:00:00,0.0999755859375,1.099609375,1.90234375,0.0,0.7027587890625
2024-07-19 12:15:00,0.0,0.600341796875,1.09765625,0.0,0.497314453125
2024-07-19 12:45:00,0.0999755859375,0.800048828125,1.5,0.0,0.5999755859375
2024-07-19 13:00:00,0.0999755859375,0.599609375,1.1015625,0.0,0.4019775390625
2024-07-19 13:15:00,0.0999755859375,1.1995849609375,2.19921875,0.0,0.899658203125
2024-07-19 13:30:00,0.10009765625,0.80047607421875,1.3984375,0.0,0.49786376953125
2024-07-19 14:15:00,0.199951171875,1.400390625,2.80078125,0.0,1.200439453125
2024-07-19 14:45:00,0.0999755859375,1.500061035152612,3.19921875,0.10003662109375,1.499145507816138
2024-07-19 15:15:00,0.0999755859375,1.099426269538526,2.30078125,0.0,1.101379394523974
2024-07-19 15:30:00,0.0,0.400512695308862,0.80078125,0.0,0.400268554691138
2024-07-19 15:45:00,0.10009765625,0.59930419921875,1.19921875,0.0,0.49981689453125
2024-07-19 16:15:00,0.0999755859375,1.30035400390625,2.40234375,0.0,1.00201416015625
2024-07-19 16:45:00,0.199951171875,1.400146484375,2.796875,0.0,1.19677734375
2024-07-19 17:00:00,0.0999755859375,0.49945068359375,1.1015625,0.0,0.50213623046875
2024-07-19 17:15:00,0.0,0.20068359375,0.3984375,0.0,0.19775390625
2024-07-19 17:30:00,0.10009765625,0.7000732421875,1.1015625,0.0,0.3013916015625
2024-07-19 17:45:00,0.0,0.59930419921875,1.0,0.0999755859375,0.30072021484375
2024-07-19 18:15:00,0.0999755859375,1.2003173828125,2.3984375,0.0,1.09814453125
2024-07-19 18:45:00,0.0999755859375,1.200500488284888,1.80078125,0.0,0.500305175777612
2024-07-19 19:15:00,0.0999755859375,0.999389648433862,1.69921875,0.0,0.599853515628638
2024-07-19 19:30:00,0.0,0.60028076171875,0.703125,0.0,0.10284423828125
2024-07-19 19:45:00,0.0,0.4998779296875,0.8984375,0.0,0.3985595703125
2024-07-19 20:00:00,0.0,0.400390625,0.5,0.0,0.099609375
2024-07-19 20:30:00,0.0999755859375,0.7999267578125,1.1015625,0.0,0.20166015625
2024-07-19 20:45:00,0.0,0.5,0.8984375,0.0999755859375,0.2984619140625
2024-07-19 21:00:00,0.0,0.599853515625,0.80078125,0.0,0.200927734375
2024-07-19 21:30:00,0.10009765625,0.79931640625,1.3984375,0.0,0.4990234375
2024-07-19 22:00:00,0.0,0.600341796875,1.0,0.0,0.399658203125
2024-07-19 22:15:00,0.0,0.0,0.19921875,0.0,0.19921875
2024-07-19 22:45:00,0.0,0.0,0.30078125,0.0,0.30078125
2024-07-19 23:00:00,0.0999755859375,0.0,0.1015625,0.0,0.0015869140625
2024-07-19 23:45:00,0.0,0.0,0.59765625,0.10003662109375,0.49761962890625
2024-07-20 00:00:00,0.0,0.0,0.1015625,0.0,0.1015625
2024-07-20 01:00:00,0.0999755859375,0.0,0.69921875,0.0,0.5992431640625
2024-07-20 01:15:00,0.0,0.0,0.1015625,0.0,0.1015625
2024-07-20 01:30:00,0.0,0.0,0.09765625,0.0,0.09765625
2024-07-20 03:00:00,0.0999755859375,0.0,1.1015625,0.0999755859375,0.901611328125
2024-07-20 03:45:00,0.0999755859375,0.0,0.6015625,0.0,0.5015869140625
2024-07-20 04:00:00,0.0,0.0,0.09765625,0.0,0.09765625
2024-07-20 04:15:00,0.0,0.0,0.19921875,0.0,0.19921875
2024-07-20 04:30:00,0.0,0.0,0.1015625,0.0,0.1015625
2024-07-20 05:15:00,0.10009765625,0.0,0.6015625,0.0,0.50146484375
2024-07-20 05:30:00,0.0,0.0,0.09765625,0.0,0.09765625
2024-07-20 06:15:00,0.0999755859375,0.0,0.6015625,0.10003662109375,0.40155029296875
2024-07-20 06:30:00,0.0,0.0,0.09765625,0.0,0.09765625
2024-07-20 06:45:00,0.0,0.0,0.203125,0.0,0.203125
2024-07-20 07:00:00,0.0,0.0,0.19921875,0.0,0.19921875
2024-07-20 07:15:00,0.0,0.0,0.09765625,0.0,0.09765625
2024-07-20 07:30:00,0.0999755859375,0.0,0.30078125,0.0,0.2008056640625
2024-07-20 07:45:00,0.0,0.0,0.1015625,0.0,0.1015625
2024-07-20 08:30:00,0.0,0.0,0.5,0.0,0.5
2024-07-20 08:45:00,0.0,0.0,0.19921875,0.0999755859375,0.0992431640625
2024-07-20 09:15:00,0.0999755859375,0.0,0.3984375,0.0,0.2984619140625
2024-07-20 09:30:00,0.0,0.0,0.1015625,0.0,0.1015625
2024-07-20 09:45:00,0.0,0.0,0.19921875,0.0,0.19921875
2024-07-20 10:00:00,0.0,0.0,0.19921875,0.0,0.19921875
2024-07-20 10:30:00,0.0999755859375,0.0,0.203125,0.0,0.1031494140625
2024-07-20 10:45:00,0.0,0.0,0.296875,0.0,0.296875
2024-07-20 11:00:00,0.0,0.0,0.1015625,0.0,0.1015625
2024-07-20 11:15:00,0.0,0.0,0.19921875,0.0,0.19921875
2024-07-20 12:00:00,0.10009765625,0.0,0.6015625,0.0999755859375,0.4014892578125
2024-07-20 12:15:00,0.0,0.0,0.09765625,0.0,0.09765625
2024-07-20 12:30:00,0.0,0.0,0.30078125,0.0,0.30078125
2024-07-20 12:45:00,0.0,0.0,0.0,0.0,0.0
2024-07-20 13:00:00,0.0,0.0,0.30078125,0.0,0.30078125
2024-07-20 13:15:00,0.0999755859375,0.0,0.19921875,0.0,0.0992431640625
2024-07-20 13:30:00,0.0,0.0,0.1015625,0.0,0.1015625
2024-07-20 13:45:00,0.0,0.0,0.09765625,0.0,0.09765625
2024-07-20 14:45:00,0.0999755859375,0.0,0.80078125,0.10003662109375,0.60076904296875
2024-07-20 15:15:00,0.0,0.0,0.30078125,0.0,0.30078125
2024-07-20 15:45:00,0.0,0.0,0.30078125,0.0,0.30078125
2024-07-20 16:00:00,0.0,0.0,0.09765625,0.0,0.09765625
2024-07-20 16:30:00,0.0999755859375,0.0,0.40234375,0.0,0.3023681640625
2024-07-20 16:45:00,0.0,0.0,0.09765625,0.0,0.09765625
2024-07-20 17:00:00,0.0,0.0,0.1015625,0.0,0.1015625
2024-07-20 17:15:00,0.0,0.0,0.19921875,0.0,0.19921875
2024-07-20 18:00:00,0.0999755859375,0.0,0.5,0.0999755859375,0.300048828125
2024-07-20 18:15:00,0.0,0.0,0.19921875,0.0,0.19921875
2024-07-20 18:30:00,0.0,0.0,0.203125,0.0,0.203125
2024-07-20 18:45:00,0.0,0.0,0.19921875,0.0,0.19921875
2024-07-20 19:00:00,0.10009765625,0.0,0.09765625,0.0,-0.00244140625
2024-07-20 19:15:00,0.0,0.0,0.1015625,0.0,0.1015625
2024-07-20 19:30:00,0.0,0.0,0.30078125,0.0,0.30078125
2024-07-20 19:45:00,0.0,0.0,0.09765625,0.0,0.09765625
2024-07-20 20:30:00,0.0999755859375,0.0,0.6015625,0.10003662109375,0.40155029296875
2024-07-20 21:00:00,0.0,0.0,0.19921875,0.0,0.19921875
2024-07-20 21:15:00,0.0,0.0,0.19921875,0.0,0.19921875
2024-07-20 21:30:00,0.0,0.0,0.203125,0.0,0.203125
2024-07-20 21:45:00,0.0,0.0,0.0,0.0,0.0
2024-07-20 22:00:00,0.0999755859375,0.0,0.296875,0.0,0.1968994140625
2024-07-20 22:30:00,0.0,0.0,0.40234375,0.0,0.40234375
2024-07-20 23:15:00,0.0999755859375,0.0,0.3984375,0.0,0.2984619140625
2024-07-20 23:30:00,0.0,0.0,0.1015625,0.0,0.1015625
2024-07-20 23:45:00,0.0,0.0,0.19921875,0.0999755859375,0.0992431640625
2024-07-21 00:00:00,0.0,0.0,0.1015625,0.0,0.1015625
2024-07-21 00:30:00,0.0,0.0,0.296875,0.0,0.296875
2024-07-21 00:45:00,0.0999755859375,0.0,0.1015625,0.0,0.0015869140625
2024-07-21 01:00:00,0.0,0.0,0.19921875,0.0,0.19921875
2024-07-21 01:15:00,0.0,0.0,0.30078125,0.0,0.30078125
2024-07-21 02:15:00,0.10009765625,0.0,0.5,0.0,0.39990234375
2024-07-21 02:45:00,0.0,0.0,0.5,0.0999755859375,0.4000244140625
2024-07-21 03:15:00,0.0,0.0,0.19921875,0.0,0.19921875
2024-07-21 03:30:00,0.0999755859375,0.0,0.30078125,0.0,0.2008056640625
2024-07-21 03:45:00,0.0,0.0,0.1015625,0.0,0.1015625
2024-07-21 04:15:00,0.0,0.0,0.296875,0.0,0.296875
2024-07-21 04:30:00,0.0,0.0,0.203125,0.0,0.203125
2024-07-21 04:45:00,0.0,0.0,0.19921875,0.0,0.19921875
2024-07-21 05:00:00,0.0999755859375,0.0,0.0,0.0,-0.0999755859375
2024-07-21 05:15:00,0.0,0.0,0.19921875,0.0,0.19921875
2024-07-21 05:30:00,0.0,0.0,0.19921875,0.0,0.19921875
2024-07-21 05:45:00,0.0,0.0,0.19921875,0.10003662109375,0.09918212890625
2024-07-21 06:15:00,0.0999755859375,0.0,0.5,0.0,0.4000244140625
2024-07-21 07:00:00,0.0,0.0,0.5,0.0,0.5
2024-07-21 07:15:00,0.0,0.099853515625,0.30078125,0.0,0.200927734375
2024-07-21 07:30:00,0.0999755859375,0.10009765625,0.19921875,0.0,-0.0008544921875
2024-07-21 07:45:00,0.0,0.099853515625,0.40234375,0.0,0.302490234375
2024-07-21 08:00:00,0.10009765625,0.2001953125,0.5,0.0,0.19970703125
2024-07-21 08:15:00,0.0,0.099853515625,0.30078125,0.0,0.200927734375
2024-07-21 09:15:00,0.199951171875,0.500732421875,1.296875,0.0999755859375,0.4962158203125
2024-07-21 10:00:00,0.199951171875,1.0,1.80078125,0.0,0.600830078125
2024-07-21 10:30:00,0.0,0.199951171875,0.5,0.0,0.300048828125
2024-07-21 10:45:00,0.10009765625,0.099853515625,0.40234375,0.0,0.202392578125
2024-07-21 11:15:00,0.0999755859375,0.400146484375,0.8984375,0.0,0.3983154296875
2024-07-21 11:30:00,0.0999755859375,0.099853515625,0.3984375,0.0,0.1986083984375
2024-07-21 11:45:00,0.0,0.10009765625,0.30078125,0.10003662109375,0.10064697265625
2024-07-21 12:00:00,0.0999755859375,0.10009765625,0.40234375,0.0,0.2022705078125
2024-07-21 12:30:00,0.2000732421875,0.39990234375,1.09765625,0.0,0.4976806640625
2024-07-21 13:00:00,0.199951171875,0.199951171875,0.80078125,0.0,0.40087890625
2024-07-21 13:15:00,0.0,0.10009765625,0.30078125,0.0,0.20068359375
2024-07-21 13:30:00,0.0999755859375,0.199951171875,0.5,0.0,0.2000732421875
2024-07-21 14:00:00,0.2000732421875,0.300048828125,0.80078125,0.0,0.3006591796875
2024-07-21 14:15:00,0.0,0.0,0.09765625,0.0,0.09765625
2024-07-21 14:45:00,0.199951171875,0.300048828125,0.80078125,0.0999755859375,0.2008056640625
2024-07-21 15:00:00,0.0,0.0,0.30078125,0.0,0.30078125
2024-07-21 15:15:00,0.0999755859375,0.10003662109738798,0.3984375,0.0,0.19842529296511202
2024-07-21 15:45:00,0.0,0.0,0.40234375,0.0,0.40234375
2024-07-21 16:00:00,0.0999755859375,0.09997558593386202,0.3984375,0.0,0.19848632812863798
2024-07-21 16:15:00,0.10009765625,0.0,0.19921875,0.0,0.09912109375
2024-07-21 16:45:00,0.0999755859375,0.10003662109375,0.5,0.0,0.29998779296875
2024-07-21 17:00:00,0.0,0.0,0.30078125,0.0,0.30078125
2024-07-21 17:30:00,0.199951171875,0.0999755859375,0.5,0.0,0.2000732421875
2024-07-21 18:45:00,0.300048828125,0.20001220703488798,1.3984375,0.0999755859375,0.798400878902612
2024-07-21 19:45:00,0.199951171875,0.09997558593386202,1.1015625,0.0,0.801635742191138
2024-07-21 20:00:00,0.0,0.10003662109375,0.19921875,0.0,0.09918212890625
2024-07-21 20:15:00,0.0999755859375,0.0,0.19921875,0.0,0.0992431640625
2024-07-21 20:30:00,0.0,0.0,0.30078125,0.0,0.30078125
2024-07-21 21:15:00,0.2000732421875,0.0999755859375,0.80078125,0.10003662109375,0.40069580078125
2024-07-21 21:45:00,0.0,0.0,0.30078125,0.0,0.30078125
2024-07-21 22:00:00,0.0999755859375,0.0,0.09765625,0.0,-0.0023193359375
2024-07-21 22:15:00,0.0,0.0,0.1015625,0.0,0.1015625
2024-07-21 23:00:00,0.0,0.0,0.69921875,0.0,0.69921875
2024-07-21 23:15:00,0.0,0.0,0.1015625,0.0,0.1015625
2024-07-21 23:30:00,0.0999755859375,0.0,0.19921875,0.0999755859375,-0.000732421875
2024-07-21 23:45:00,0.0,0.0,0.1015625,0.0,0.1015625
2024-07-22 00:15:00,0.0,0.0,0.3984375,0.0,0.3984375
2024-07-22 00:45:00,0.0999755859375,0.0,0.30078125,0.0,0.2008056640625
2024-07-22 01:15:00,0.0,0.0,0.19921875,0.0,0.19921875
2024-07-22 01:30:00,0.0,0.0,0.1015625,0.0,0.1015625
2024-07-22 01:45:00,0.0,0.0,0.19921875,0.0,0.19921875
2024-07-22 02:45:00,0.10009765625,0.0,0.69921875,0.10003662109375,0.49908447265625
2024-07-22 03:00:00,0.0,0.0,0.19921875,0.0,0.19921875
2024-07-22 03:15:00,0.0,0.0,0.1015625,0.0,0.1015625
2024-07-22 03:30:00,0.0,0.0,0.19921875,0.0,0.19921875
2024-07-22 04:00:00,0.0999755859375,0.0,0.30078125,0.0,0.2008056640625
2024-07-22 04:15:00,0.0,0.10009765625,0.30078125,0.0,0.20068359375
2024-07-22 04:45:00,0.0,0.099853515625,0.3984375,0.0,0.298583984375
2024-07-22 05:15:00,0.0999755859375,0.20019531250363798,0.5,0.0,0.19982910155886202
2024-07-22 05:30:00,0.0,0.09985351562136202,0.30078125,0.0999755859375,0.10095214844113798
2024-07-22 06:00:00,0.0,0.199951171875,0.59765625,0.0,0.397705078125
2024-07-22 06:45:00,0.300048828125,0.8001708984375,1.703125,0.0,0.6029052734375
2024-07-22 07:00:00,0.199951171875,0.69970703125,0.8984375,0.0,-0.001220703125
2024-07-22 07:30:00,0.300048828125,1.7998046875,2.80078125,0.0,0.700927734375
2024-07-22 07:45:00,0.0999755859375,0.6995849609375,1.09765625,0.0,0.298095703125
2024-07-22 08:00:00,0.0,0.30029296875,0.5,0.0,0.19970703125
2024-07-22 08:30:00,0.199951171875,1.500244140628638,2.40234375,0.0,0.702148437496362
2024-07-22 08:45:00,0.2000732421875,1.199645996090112,2.09765625,0.0999755859375,0.597961425784888
2024-07-22 09:00:00,0.0999755859375,0.3004150390625,0.5,0.0,0.099609375
2024-07-22 09:30:00,0.2999267578125,2.10015869140625,3.703125,0.0,1.30303955078125
2024-07-22 10:15:00,0.2000732421875,1.99981689453125,3.8984375,0.0,1.69854736328125
2024-07-22 10:30:00,0.0999755859375,0.699829101566138,1.5,0.0,0.700195312496362
2024-07-22 11:00:00,0.199951171875,1.499938964840112,3.0,0.0,1.300109863284888
2024-07-22 11:45:00,0.300048828125,2.60003662109375,4.3984375,0.10003662109375,1.3983154296875
2024-07-22 12:15:00,0.199951171875,0.8997802734375,2.1015625,0.0,1.0018310546875
2024-07-22 12:45:00,0.0,1.100769042972388,1.80078125,0.0,0.700012207027612
2024-07-22 13:00:00,0.10009765625,0.699096679683862,1.5,0.0,0.700805664066138
2024-07-22 13:15:00,0.0999755859375,0.5999755859375,1.19921875,0.0,0.499267578125
2024-07-22 14:15:00,0.2999267578125,2.3997802734375,5.0,0.0,2.30029296875
2024-07-22 15:15:00,0.4000244140625,2.800231933597388,5.6015625,0.0999755859375,2.301330566402612
2024-07-22 15:30:00,0.0999755859375,0.699890136715112,1.3984375,0.0,0.598571777347388
2024-07-22 16:00:00,0.10009765625,1.0,2.0,0.0,0.89990234375
2024-07-22 16:30:00,0.199951171875,1.90020751953125,3.30078125,0.0,1.20062255859375
2024-07-22 17:00:00,0.0999755859375,1.40032958984375,2.8984375,0.0,1.39813232421875
2024-07-22 17:30:00,0.2000732421875,1.699462890625,3.19921875,0.10003662109375,1.19964599609375
2024-07-22 17:45:00,0.0999755859375,0.300292968746362,0.90234375,0.0,0.502075195316138
2024-07-22 18:30:00,0.199951171875,1.900390625,3.3984375,0.0,1.298095703125
2024-07-22 18:45:00,0.0999755859375,0.900146484378638,1.40234375,0.0,0.402221679683862
2024-07-22 19:00:00,0.10009765625,0.3992919921875,0.69921875,0.0,0.1998291015625
2024-07-22 19:45:00,0.199951171875,1.500122070316138,2.3984375,0.0,0.698364257808862
2024-07-22 20:00:00,0.0,0.399902343746362,0.6015625,0.0,0.20166015625363798
2024-07-22 21:00:00,0.199951171875,0.900146484371362,2.09765625,0.0999755859375,0.897583007816138
2024-07-22 21:15:00,0.0,0.0,0.1015625,0.0,0.1015625
2024-07-22 21:45:00,0.10009765625,0.0,0.5,0.0,0.39990234375
2024-07-22 23:00:00,0.0999755859375,0.099609375,0.8984375,0.0,0.6988525390625
2024-07-23 01:30:00,0.199951171875,0.0,1.90234375,0.0999755859375,1.6024169921875
2024-07-23 02:15:00,0.0999755859375,0.0,0.5,0.0,0.4000244140625
2024-07-23 02:45:00,0.0,0.0,0.3984375,0.10003662109375,0.29840087890625
2024-07-23 03:30:00,0.0,0.0,0.5,0.0,0.5
2024-07-23 03:45:00,0.10009765625,0.0,0.19921875,0.0,0.09912109375
2024-07-23 04:00:00,0.0,0.0,0.203125,0.0,0.203125
2024-07-23 04:15:00,0.0,0.0,0.09765625,0.0,0.09765625
2024-07-23 04:45:00,0.0,0.19995117188227596,0.69921875,0.0,0.49926757811772404
2024-07-23 05:00:00,0.0,0.10009765624636202,0.203125,0.0,0.10302734375363798
2024-07-23 05:15:00,0.0999755859375,0.0,0.09765625,0.0,-0.0023193359375
2024-07-23 05:30:00,0.0,0.19995117187136202,0.5,0.0999755859375,0.20007324219113798
2024-07-23 06:15:00,0.2999267578125,0.700439453128638,1.6015625,0.0,0.601196289058862
2024-07-23 06:30:00,0.0,0.099609375,0.30078125,0.0,0.201171875
2024-07-23 06:45:00,0.2000732421875,0.500244140625,0.8984375,0.0,0.1981201171875
2024-07-23 07:00:00,0.0999755859375,0.300537109375,0.5,0.0,0.0994873046875
2024-07-23 07:15:00,0.0999755859375,0.599121093753638,1.1015625,0.0,0.402465820308862
2024-07-23 07:30:00,0.0999755859375,0.600341796871362,0.69921875,0.0,-0.0010986328088620212
2024-07-23 08:45:00,0.5,3.10028076171875,5.19921875,0.10003662109375,1.4989013671875
2024-07-23 09:00:00,0.2000732421875,0.69970703125,1.30078125,0.0,0.4010009765625
2024-07-23 09:15:00,0.0,0.200439453125,0.3984375,0.0,0.197998046875
2024-07-23 09:45:00,0.2999267578125,1.400268554691138,2.69921875,0.0,0.999023437496362
2024-07-23 10:00:00,0.10009765625,0.999938964840112,1.90234375,0.0,0.802307128909888
2024-07-23 10:30:00,0.2999267578125,1.499755859375,2.80078125,0.0,1.0010986328125
2024-07-23 10:45:00,0.0,1.0,1.796875,0.0,0.796875
2024-07-23 11:00:00,0.0,0.400146484375,0.80078125,0.0,0.400634765625
2024-07-23 11:15:00,0.0999755859375,1.20001220703125,1.90234375,0.0,0.60235595703125
2024-07-23 11:30:00,0.10009765625,0.399169921875,0.8984375,0.0999755859375,0.2991943359375
2024-07-23 11:45:00,0.0999755859375,0.300720214847388,0.69921875,0.0,0.298522949215112
2024-07-23 12:00:00,0.199951171875,0.799682617183862,1.69921875,0.0,0.699584960941138
2024-07-23 12:30:00,0.0999755859375,0.7996826171875,1.30078125,0.0,0.401123046875
2024-07-23 12:45:00,0.10009765625,0.90008544921875,1.80078125,0.0,0.80059814453125
2024-07-23 13:00:00,0.0,0.5999755859375,1.1015625,0.0,0.5015869140625
2024-07-23 13:30:00,0.0999755859375,0.70037841796875,1.59765625,0.0,0.79730224609375
2024-07-23 14:45:00,0.2999267578125,3.399658203125,6.69921875,0.0999755859375,2.899658203125
2024-07-23 15:00:00,0.10009765625,0.5999755859375,1.203125,0.0,0.5030517578125
2024-07-23 15:15:00,0.0999755859375,0.50048828125,1.09765625,0.0,0.4971923828125
2024-07-23 15:30:00,0.0,0.700073242191138,1.1015625,0.0,0.401489257808862
2024-07-23 16:00:00,0.0999755859375,0.600280761715112,1.5,0.0,0.799743652347388
2024-07-23 17:00:00,0.300048828125,2.39984130859375,4.8984375,0.0,2.19854736328125
2024-07-23 17:15:00,0.0999755859375,0.8997802734375,1.40234375,0.0,0.402587890625
2024-07-23 17:45:00,0.0,0.79974365234375,1.3984375,0.10003662109375,0.4986572265625
2024-07-23 18:00:00,0.0999755859375,0.500610351566138,1.0,0.0,0.399414062496362
2024-07-23 18:30:00,0.0999755859375,1.199890136715112,2.1015625,0.0,0.801696777347388
2024-07-23 19:00:00,0.0999755859375,1.0994873046875,1.796875,0.0,0.597412109375
2024-07-23 20:00:00,0.10009765625,1.30010986328125,1.90234375,0.0,0.50213623046875
2024-07-23 20:15:00,0.0999755859375,0.0,0.3984375,0.0,0.2984619140625
2024-07-23 20:30:00,0.0,0.0,0.0,0.0,0.0
2024-07-23 21:00:00,0.0,0.0,0.40234375,0.0999755859375,0.3023681640625
2024-07-23 21:15:00,0.0999755859375,0.0,0.19921875,0.0,0.0992431640625
2024-07-23 21:30:00,0.0,0.0,0.09765625,0.0,0.09765625
2024-07-23 21:45:00,0.0,0.0,0.203125,0.0,0.203125
2024-07-23 22:00:00,0.0,0.0,0.09765625,0.0,0.09765625
2024-07-23 22:30:00,0.0,0.0,0.40234375,0.0,0.40234375
2024-07-23 22:45:00,0.0999755859375,0.0,0.09765625,0.0,-0.0023193359375
2024-07-23 23:15:00,0.0,0.0,0.19921875,0.0,0.19921875
2024-07-23 23:30:00,0.0,0.0,0.203125,0.10003662109375,0.10308837890625
2024-07-24 00:15:00,0.0999755859375,0.0,0.296875,0.0,0.1968994140625
2024-07-24 00:30:00,0.0,0.0,0.203125,0.0,0.203125
2024-07-24 01:00:00,0.0,0.0,0.19921875,0.0,0.19921875
2024-07-24 01:15:00,0.0,0.0,0.19921875,0.0,0.19921875
2024-07-24 01:45:00,0.10009765625,0.0,0.30078125,0.0,0.20068359375
2024-07-24 03:15:00,0.0999755859375,0.0,0.8984375,0.0999755859375,0.698486328125
2024-07-24 03:30:00,0.0,0.0,0.1015625,0.0,0.1015625
2024-07-24 03:45:00,0.0,0.0,0.09765625,0.0,0.09765625
2024-07-24 04:00:00,0.0,0.0,0.203125,0.0,0.203125
2024-07-24 04:45:00,0.0999755859375,0.199951171875,0.5,0.0,0.2000732421875
2024-07-24 05:00:00,0.0,0.10009765624636202,0.3984375,0.0,0.298339843753638
2024-07-24 05:15:00,0.0,0.09985351562863798,0.19921875,0.0,0.09936523437136202
2024-07-24 05:30:00,0.0,0.10009765625,0.1015625,0.0,0.00146484375
2024-07-24 05:45:00,0.0999755859375,0.10009765625,0.3984375,0.0999755859375,0.098388671875
2024-07-24 06:15:00,0.0999755859375,0.400146484375,0.90234375,0.0,0.4022216796875
2024-07-24 06:45:00,0.300048828125,0.699462890625,1.09765625,0.0,0.09814453125
2024-07-24 07:00:00,0.0999755859375,0.400390625,0.80078125,0.0,0.3004150390625
2024-07-24 07:15:00,0.0,0.19970703125,0.30078125,0.0,0.10107421875
2024-07-24 08:00:00,0.300048828125,1.600830078125,2.80078125,0.0,0.89990234375
2024-07-24 08:30:00,0.199951171875,1.4989013671875,2.296875,0.10003662109375,0.49798583984375
2024-07-24 09:15:00,0.4000244140625,2.60101318359375,4.203125,0.0,1.20208740234375
2024-07-24 09:30:00,0.0999755859375,0.599609375,1.3984375,0.0,0.6988525390625
2024-07-24 09:45:00,0.0,0.699890136715112,0.8984375,0.0,0.19854736328488798
2024-07-24 10:00:00,0.0999755859375,0.599853515628638,1.40234375,0.0,0.702514648433862
2024-07-24 10:15:00,0.10009765625,0.5997314453125,0.8984375,0.0,0.1986083984375
2024-07-24 10:30:00,0.0999755859375,1.00018310546875,1.90234375,0.0,0.80218505859375
2024-07-24 11:00:00,0.199951171875,1.6002197265625,2.8984375,0.0,1.0982666015625
2024-07-24 11:30:00,0.2000732421875,1.4000244140625,2.80078125,0.0999755859375,1.1007080078125
2024-07-24 11:45:00,0.0999755859375,0.90008544921875,1.5,0.0,0.49993896484375
2024-07-24 12:00:00,0.0,0.199462890625,0.3984375,0.0,0.198974609375
2024-07-24 12:15:00,0.199951171875,1.00048828125,1.90234375,0.0,0.701904296875
2024-07-24 13:00:00,0.4000244140625,1.599609375,2.796875,0.0,0.7972412109375
2024-07-24 13:15:00,0.0999755859375,1.2000732421875,2.0,0.0,0.699951171875
2024-07-24 13:45:00,0.2000732421875,1.40032958984375,2.5,0.0,0.89959716796875
2024-07-24 14:30:00,0.2999267578125,2.4998779296875,4.5,0.10003662109375,1.60015869140625
2024-07-24 14:45:00,0.0999755859375,0.900268554691138,1.5,0.0,0.499755859371362
2024-07-24 15:00:00,0.2000732421875,0.999511718746362,2.1015625,0.0,0.901977539066138
2024-07-24 16:15:00,0.4000244140625,4.2005615234375,7.69921875,0.0,3.0986328125
2024-07-24 16:30:00,0.0999755859375,0.899536132816138,1.5,0.0,0.500488281246362
2024-07-24 17:30:00,0.2999267578125,3.399902343746362,6.0,0.0999755859375,2.200195312503638
2024-07-24 17:45:00,0.0,0.500244140625,1.0,0.0,0.499755859375
2024-07-24 18:00:00,0.10009765625,0.800292968746362,1.40234375,0.0,0.501953125003638
2024-07-24 18:15:00,0.0,0.699462890628638,1.19921875,0.0,0.499755859371362
2024-07-24 18:30:00,0.0999755859375,1.0,1.3984375,0.0,0.2984619140625
2024-07-24 18:45:00,0.0,0.30029296875,0.69921875,0.0,0.39892578125
2024-07-24 19:00:00,0.0999755859375,1.099365234375,1.703125,0.0,0.5037841796875
2024-07-24 19:15:00,0.0,0.6005859375,1.0,0.0,0.3994140625
2024-07-24 19:45:00,0.0999755859375,0.900146484375,1.296875,0.0,0.2967529296875
2024-07-24 20:00:00,0.0,1.099365234371362,1.5,0.0,0.400634765628638
2024-07-24 20:45:00,0.0999755859375,2.000732421882276,2.80078125,0.0999755859375,0.600097656242724
2024-07-24 21:00:00,0.0,0.499755859371362,0.90234375,0.0,0.402587890628638
2024-07-24 21:15:00,0.0,0.599853515628638,0.69921875,0.0,0.09936523437136202
2024-07-24 21:30:00,0.10009765625,0.799804687496362,1.09765625,0.0,0.19775390625363798
2024-07-24 22:00:00,0.0,1.000732421875,1.40234375,0.0,0.401611328125
2024-07-24 23:00:00,0.0999755859375,1.399658203125,2.19921875,0.0,0.6995849609375
2024-07-24 23:30:00,0.0,0.399414062503638,0.8984375,0.10003662109375,0.398986816402612
2024-07-25 00:00:00,0.0,0.0,0.30078125,0.0,0.30078125
2024-07-25 01:15:00,0.0999755859375,0.0,0.90234375,0.0,0.8023681640625
2024-07-25 01:30:00,0.0,0.0,0.0,0.0,0.0
2024-07-25 02:00:00,0.0999755859375,0.0,0.3984375,0.0,0.2984619140625
2024-07-25 02:15:00,0.0,0.0,0.30078125,0.0,0.30078125
2024-07-25 02:30:00,0.0,0.0,0.19921875,0.0999755859375,0.0992431640625
2024-07-25 03:00:00,0.0,0.0,0.30078125,0.0,0.30078125
2024-07-25 03:15:00,0.0999755859375,0.0,0.30078125,0.0,0.2008056640625
2024-07-25 03:30:00,0.0,0.0,0.09765625,0.0,0.09765625
2024-07-25 04:00:00,0.0,0.0,0.40234375,0.0,0.40234375
2024-07-25 04:15:00,0.0,0.0,0.296875,0.0,0.296875
2024-07-25 04:30:00,0.0,0.10009765624636202,0.203125,0.0,0.10302734375363798
2024-07-25 04:45:00,0.10009765625,0.099853515625,0.09765625,0.0,-0.102294921875
2024-07-25 05:15:00,0.0,0.2001953125,0.69921875,0.0,0.4990234375
2024-07-25 06:00:00,0.0999755859375,0.50048828125,1.203125,0.10003662109375,0.50262451171875
2024-07-25 06:15:00,0.0999755859375,0.099609375,0.296875,0.0,0.0972900390625
2024-07-25 06:30:00,0.300048828125,0.900146484378638,1.6015625,0.0,0.401367187496362
2024-07-25 06:45:00,0.0,0.20043945311772404,0.30078125,0.0,0.10034179688227596
2024-07-25 07:00:00,0.0999755859375,0.299804687503638,0.59765625,0.0,0.19787597655886202
2024-07-25 07:15:00,0.0,0.10009765625,0.203125,0.0,0.10302734375
2024-07-25 08:00:00,0.4000244140625,2.100341796875,3.3984375,0.0,0.8980712890625
2024-07-25 08:15:00,0.0,0.099609375,0.30078125,0.0,0.201171875
2024-07-25 08:45:00,0.2999267578125,1.400146484371362,2.3984375,0.0999755859375,0.598388671878638
2024-07-25 09:00:00,0.2000732421875,0.69921875,1.19921875,0.0,0.2999267578125
2024-07-25 09:15:00,0.199951171875,1.300720214847388,2.40234375,0.0,0.901672363277612
2024-07-25 10:00:00,0.199951171875,2.39959716796875,4.59765625,0.0,1.99810791015625
2024-07-25 10:30:00,0.2000732421875,1.400634765625,2.703125,0.0,1.1024169921875
2024-07-25 11:00:00,0.199951171875,1.1995849609375,2.59765625,0.0,1.1981201171875
2024-07-25 11:30:00,0.2000732421875,1.900451660159888,3.5,0.0999755859375,1.299499511715112
2024-07-25 12:30:00,0.39990234375,2.899414062496362,5.6015625,0.0,2.302246093753638
2024-07-25 12:45:00,0.10009765625,0.400390625,0.8984375,0.0,0.39794921875
2024-07-25 13:00:00,0.0,0.400329589847388,0.90234375,0.0,0.502014160152612
2024-07-25 13:15:00,0.199951171875,0.999755859371362,2.09765625,0.0,0.897949218753638
2024-07-25 13:30:00,0.0999755859375,1.199951171875,2.19921875,0.0,0.8992919921875
2024-07-25 14:00:00,0.2000732421875,1.10028076171875,2.203125,0.0,0.90277099609375
2024-07-25 14:30:00,0.0999755859375,1.899169921875,3.69921875,0.10003662109375,1.60003662109375
2024-07-25 15:00:00,0.2999267578125,1.69989013671875,3.5,0.0,1.50018310546875
2024-07-25 15:15:00,0.10009765625,0.400390625,1.0,0.0,0.49951171875
2024-07-25 15:30:00,0.0,0.9000244140625,1.5,0.0,0.5999755859375
2024-07-25 15:45:00,0.0999755859375,0.7996826171875,1.3984375,0.0,0.498779296875
2024-07-25 16:00:00,0.0999755859375,0.999755859375,2.0,0.0,0.9002685546875
2024-07-25 16:15:00,0.0999755859375,0.1005859375,0.5,0.0,0.2994384765625
2024-07-25 16:30:00,0.2000732421875,1.399658203125,2.5,0.0,0.9002685546875
2024-07-25 17:30:00,0.199951171875,2.400329589847388,4.80078125,0.0999755859375,2.100524902340112
2024-07-25 18:00:00,0.300048828125,2.099975585933862,3.6015625,0.0,1.201538085941138
2024-07-25 18:30:00,0.0999755859375,1.40008544921875,2.3984375,0.0,0.89837646484375
2024-07-25 19:00:00,0.0999755859375,1.1998291015625,1.80078125,0.0,0.5009765625
2024-07-25 19:15:00,0.0999755859375,0.499511718746362,1.09765625,0.0,0.498168945316138
2024-07-25 19:30:00,0.0999755859375,0.0,0.203125,0.0,0.1031494140625
2024-07-25 19:45:00,0.0,0.0,0.19921875,0.0,0.19921875
2024-07-25 20:00:00,0.0,0.0,0.19921875,0.0,0.19921875
2024-07-25 20:15:00,0.0,0.10009765625363798,0.19921875,0.0,0.09912109374636202
2024-07-25 20:30:00,0.0,0.199951171875,0.6015625,0.10003662109375,0.30157470703125
2024-07-25 21:15:00,0.10009765625,0.300048828125,0.8984375,0.0,0.498291015625
2024-07-25 21:30:00,0.0,0.199951171875,0.40234375,0.0,0.202392578125
2024-07-25 22:00:00,0.0,0.300048828125,0.8984375,0.0,0.598388671875
2024-07-25 22:15:00,0.0,0.30078125,0.30078125,0.0,0.0
2024-07-25 22:30:00,0.0999755859375,0.0,0.19921875,0.0,0.0992431640625
2024-07-25 22:45:00,0.0,0.0,0.19921875,0.0,0.19921875
2024-07-25 23:00:00,0.0,0.0,0.19921875,0.0,0.19921875
2024-07-25 23:15:00,0.0,0.0,0.1015625,0.0,0.1015625
2024-07-25 23:30:00,0.0,0.0,0.30078125,0.0999755859375,0.2008056640625
2024-07-25 23:45:00,0.0999755859375,0.0,0.19921875,0.0,0.0992431640625
2024-07-26 01:00:00,0.0,0.0,1.0,0.0,1.0
2024-07-26 01:15:00,0.0999755859375,0.0,0.19921875,0.0,0.0992431640625
2024-07-26 01:30:00,0.0,0.0,0.0,0.0,0.0
2024-07-26 01:45:00,0.0,0.0,0.30078125,0.0,0.30078125
2024-07-26 02:15:00,0.0,0.0,0.30078125,0.0,0.30078125
2024-07-26 02:30:00,0.0,0.0,0.30078125,0.0999755859375,0.2008056640625
2024-07-26 03:00:00,0.0999755859375,0.0,0.5,0.0,0.4000244140625
2024-07-26 03:45:00,0.0,0.0,0.5,0.0,0.5
2024-07-26 04:00:00,0.0,0.0,0.19921875,0.0,0.19921875
2024-07-26 04:30:00,0.10009765625,0.09985351562863798,0.59765625,0.0,0.397705078121362
2024-07-26 05:00:00,0.0,0.20019531249636202,0.6015625,0.0,0.401367187503638
2024-07-26 05:30:00,0.0999755859375,0.199951171875,0.6015625,0.10003662109375,0.20159912109375
2024-07-26 05:45:00,0.0,0.0,0.3984375,0.0,0.3984375
2024-07-26 06:00:00,0.0,0.09985351562863798,0.1015625,0.0,0.0017089843713620212
2024-07-26 06:30:00,0.4000244140625,0.999511718746362,1.8984375,0.0,0.498901367191138
2024-07-26 06:45:00,0.0,0.0,0.30078125,0.0,0.30078125
2024-07-26 08:00:00,0.5,2.300048828125,3.8984375,0.0,1.098388671875
2024-07-26 09:00:00,0.5,3.10015869140625,5.1015625,0.0999755859375,1.40142822265625
2024-07-26 09:15:00,0.0999755859375,0.4998779296875,1.0,0.0,0.400146484375
2024-07-26 09:30:00,0.0999755859375,1.29998779296875,2.3984375,0.0,0.99847412109375
2024-07-26 09:45:00,0.0999755859375,0.8001708984375,1.5,0.0,0.599853515625
2024-07-26 10:00:00,0.0999755859375,0.8004150390625,1.5,0.0,0.599609375
2024-07-26 10:15:00,0.2000732421875,0.79974365234375,1.5,0.0,0.50018310546875
2024-07-26 10:45:00,0.0999755859375,1.0001220703125,2.0,0.0,0.89990234375
2024-07-26 11:00:00,0.199951171875,1.39971923828125,2.5,0.0,0.90032958984375
2024-07-26 11:30:00,0.2000732421875,1.60015869140625,2.90234375,0.10003662109375,1.0020751953125
2024-07-26 12:15:00,0.2999267578125,2.099365234375,3.8984375,0.0,1.4991455078125
2024-07-26 13:30:00,0.60009765625,4.00091552734375,6.80078125,0.0,2.19976806640625
2024-07-26 13:45:00,0.0999755859375,0.799804687503638,1.5,0.0,0.600219726558862
2024-07-26 14:00:00,0.199951171875,1.200195312496362,2.09765625,0.0,0.697509765628638
2024-07-26 14:15:00,0.0,0.19946289062136202,0.6015625,0.0,0.402099609378638
2024-07-26 15:00:00,0.300048828125,3.100219726566138,5.19921875,0.0999755859375,1.698974609371362
2024-07-26 15:45:00,0.2999267578125,2.699523925777612,4.80078125,0.0,1.801330566409888
2024-07-26 16:15:00,0.2000732421875,2.200378417972388,3.6015625,0.0,1.201110839840112
2024-07-26 16:30:00,0.0999755859375,1.00042724609375,1.59765625,0.0,0.49725341796875
2024-07-26 16:45:00,0.0999755859375,0.2998046875,0.5,0.0,0.1002197265625
2024-07-26 17:00:00,0.0,1.2994384765625,2.40234375,0.0,1.1029052734375
2024-07-26 17:30:00,0.300048828125,1.60009765625,2.796875,0.0999755859375,0.7967529296875
2024-07-26 17:45:00,0.0,0.6998291015625,1.0,0.0,0.3001708984375
2024-07-26 18:00:00,0.0,0.600280761715112,0.80078125,0.0,0.20050048828488798
2024-07-26 18:15:00,0.0999755859375,1.300537109378638,2.1015625,0.0,0.701049804683862
2024-07-26 18:30:00,0.0999755859375,0.19946289062136202,0.3984375,0.0,0.09899902344113798
2024-07-26 18:45:00,0.0999755859375,0.800537109378638,1.30078125,0.0,0.400268554683862
2024-07-26 19:30:00,0.2000732421875,2.7991943359375,3.80078125,0.0,0.801513671875
2024-07-26 19:45:00,0.0999755859375,0.90045166015625,1.19921875,0.0,0.19879150390625
2024-07-26 20:15:00,0.0999755859375,1.10009765625,1.69921875,0.10003662109375,0.39910888671875
2024-07-26 20:30:00,0.0,0.10009765625,0.40234375,0.0,0.30224609375
2024-07-26 20:45:00,0.0999755859375,0.199462890625,0.3984375,0.0,0.0989990234375
2024-07-26 21:30:00,0.10009765625,1.100830078125,1.8984375,0.0,0.697509765625
2024-07-26 22:00:00,0.0,0.0999755859375,0.30078125,0.0,0.2008056640625
2024-07-26 22:15:00,0.0999755859375,0.0,0.30078125,0.0,0.2008056640625
2024-07-26 22:45:00,0.0,0.0,0.30078125,0.0,0.30078125
2024-07-26 23:00:00,0.0,0.0,0.19921875,0.0,0.19921875
2024-07-26 23:45:00,0.0999755859375,0.0,0.69921875,0.0999755859375,0.499267578125
2024-07-27 00:15:00,0.0,0.0,0.5,0.0,0.5
2024-07-27 00:30:00,0.0,0.10003662109375,0.0,0.0,-0.10003662109375
2024-07-27 01:00:00,0.0999755859375,0.0,0.5,0.0,0.4000244140625
2024-07-27 01:15:00,0.0,0.0,0.19921875,0.0,0.19921875
2024-07-27 01:30:00,0.0,0.0,0.203125,0.0,0.203125
2024-07-27 01:45:00,0.0,0.0,0.19921875,0.0,0.19921875
2024-07-27 02:30:00,0.0,0.0,0.5,0.10003662109375,0.39996337890625
2024-07-27 02:45:00,0.0999755859375,0.0,0.30078125,0.0,0.2008056640625
2024-07-27 03:30:00,0.0,0.0999755859375,0.5,0.0,0.4000244140625
2024-07-27 03:45:00,0.0,0.0,0.19921875,0.0,0.19921875
2024-07-27 04:15:00,0.10009765625,0.0,0.5,0.0,0.39990234375
2024-07-27 04:30:00,0.0,0.0,0.19921875,0.0,0.19921875
2024-07-27 04:45:00,0.0,0.0,0.19921875,0.0,0.19921875
2024-07-27 05:30:00,0.0999755859375,0.0,0.5,0.0999755859375,0.300048828125
2024-07-27 05:45:00,0.0,0.0999755859375,0.40234375,0.0,0.3023681640625
2024-07-27 06:00:00,0.0,0.0,0.09765625,0.0,0.09765625
2024-07-27 06:15:00,0.0,0.0,0.1015625,0.0,0.1015625
2024-07-27 07:00:00,0.0999755859375,0.0,0.69921875,0.0,0.5992431640625
2024-07-27 07:30:00,0.0,0.0,0.3984375,0.0,0.3984375
2024-07-27 07:45:00,0.0,0.0,0.40234375,0.0,0.40234375
2024-07-27 08:00:00,0.0,0.0,0.09765625,0.0,0.09765625
2024-07-27 08:15:00,0.0999755859375,0.10003662109375,0.40234375,0.0999755859375,0.10235595703125
2024-07-27 08:30:00,0.0,0.0,0.19921875,0.0,0.19921875
2024-07-27 09:00:00,0.2000732421875,0.299560546875,0.8984375,0.0,0.3988037109375
2024-07-27 09:15:00,0.0,0.0,0.30078125,0.0,0.30078125
2024-07-27 09:45:00,0.0,0.0,0.40234375,0.0,0.40234375
2024-07-27 10:00:00,0.0999755859375,0.0,0.19921875,0.0,0.0992431640625
2024-07-27 10:15:00,0.0,0.0,0.30078125,0.0,0.30078125
2024-07-27 10:45:00,0.0,0.0,0.3984375,0.0,0.3984375
2024-07-27 11:00:00,0.0,0.09997558594113798,0.19921875,0.0,0.09924316405886202
2024-07-27 11:15:00,0.0,0.0,0.19921875,0.0,0.19921875
2024-07-27 11:30:00,0.0999755859375,0.0,0.30078125,0.10003662109375,0.10076904296875
2024-07-27 11:45:00,0.0,0.0,0.1015625,0.0,0.1015625
2024-07-27 12:15:00,0.0,0.0,0.5,0.0,0.5
2024-07-27 12:30:00,0.0,0.0,0.09765625,0.0,0.09765625
2024-07-27 13:15:00,0.0999755859375,0.0,0.80078125,0.0,0.7008056640625
2024-07-27 14:00:00,0.0,0.20013427734375,0.80078125,0.0,0.60064697265625
2024-07-27 14:15:00,0.0999755859375,0.0,0.30078125,0.0999755859375,0.100830078125
2024-07-27 14:30:00,0.0,0.10009765624636202,0.30078125,0.0,0.20068359375363798
2024-07-27 15:00:00,0.0,0.0,0.296875,0.0,0.296875
2024-07-27 15:15:00,0.0,0.0,0.40234375,0.0,0.40234375
2024-07-27 16:00:00,0.10009765625,0.099853515625,0.59765625,0.0,0.397705078125
2024-07-27 16:15:00,0.0,0.2000732421875,0.5,0.0,0.2999267578125
2024-07-27 16:30:00,0.0,0.0,0.0,0.0,0.0
2024-07-27 16:45:00,0.0,0.0,0.30078125,0.0,0.30078125
2024-07-27 17:00:00,0.0999755859375,0.0,0.30078125,0.0,0.2008056640625
2024-07-27 17:15:00,0.0,0.0,0.1015625,0.0,0.1015625
2024-07-27 17:30:00,0.0,0.0,0.296875,0.10003662109375,0.19683837890625
2024-07-27 18:15:00,0.0,0.0,0.6015625,0.0,0.6015625
2024-07-27 18:45:00,0.0999755859375,0.0,0.30078125,0.0,0.2008056640625
2024-07-27 19:00:00,0.0,0.09997558594113798,0.19921875,0.0,0.09924316405886202
2024-07-27 19:45:00,0.0,0.0,0.80078125,0.0,0.80078125
2024-07-27 20:00:00,0.0999755859375,0.0,0.19921875,0.0,0.0992431640625
2024-07-27 20:30:00,0.0,0.0,0.6015625,0.0999755859375,0.5015869140625
2024-07-27 20:45:00,0.0,0.0,0.19921875,0.0,0.19921875
2024-07-27 21:00:00,0.0,0.0,0.09765625,0.0,0.09765625
2024-07-27 21:30:00,0.0999755859375,0.10003662109011202,0.40234375,0.0,0.20233154297238798
2024-07-27 21:45:00,0.0,0.0,0.30078125,0.0,0.30078125
2024-07-27 22:00:00,0.0,0.0,0.09765625,0.0,0.09765625
2024-07-27 22:45:00,0.10009765625,0.0,0.6015625,0.0,0.50146484375
2024-07-27 23:00:00,0.0,0.0,0.30078125,0.0,0.30078125
2024-07-27 23:15:00,0.0,0.0,0.09765625,0.0,0.09765625
2024-07-27 23:30:00,0.0,0.0,0.30078125,0.0999755859375,0.2008056640625
2024-07-27 23:45:00,0.0,0.0,0.19921875,0.0,0.19921875
2024-07-28 00:00:00,0.0,0.0999755859375,0.1015625,0.0,0.0015869140625
2024-07-28 00:15:00,0.0999755859375,0.0,0.19921875,0.0,0.0992431640625
2024-07-28 00:45:00,0.0,0.0,0.30078125,0.0,0.30078125
2024-07-28 01:15:00,0.0,0.0,0.69921875,0.0,0.69921875
2024-07-28 01:45:00,0.0999755859375,0.0,0.3984375,0.0,0.2984619140625
2024-07-28 02:15:00,0.0,0.0,0.5,0.10003662109375,0.39996337890625
2024-07-28 02:30:00,0.0,0.0,0.0,0.0,0.0
2024-07-28 02:45:00,0.0,0.10003662109011202,0.30078125,0.0,0.20074462890988798
2024-07-28 03:00:00,0.0999755859375,0.0,0.30078125,0.0,0.2008056640625
2024-07-28 03:15:00,0.0,0.0,0.1015625,0.0,0.1015625
2024-07-28 05:15:00,0.0999755859375,0.09997558594113798,1.59765625,0.0999755859375,1.297729492183862
2024-07-28 05:30:00,0.0,0.0,0.40234375,0.0,0.40234375
2024-07-28 06:15:00,0.10009765625,0.0,0.59765625,0.0,0.49755859375
2024-07-28 06:30:00,0.0,0.0,0.19921875,0.0,0.19921875
2024-07-28 06:45:00,0.0,0.0,0.1015625,0.0,0.1015625
2024-07-28 07:00:00,0.0,0.0,0.19921875,0.0,0.19921875
2024-07-28 07:15:00,0.0999755859375,0.0,0.19921875,0.0,0.0992431640625
2024-07-28 07:30:00,0.0,0.0,0.30078125,0.0,0.30078125
2024-07-28 07:45:00,0.0,0.09997558594113798,0.30078125,0.0,0.20080566405886202
2024-07-28 08:15:00,0.0,0.0,0.3984375,0.10003662109375,0.29840087890625
2024-07-28 08:30:00,0.0999755859375,0.0,0.30078125,0.0,0.2008056640625
2024-07-28 08:45:00,0.0,0.0,0.1015625,0.0,0.1015625
2024-07-28 09:45:00,0.0,0.0,0.8984375,0.0,0.8984375
2024-07-28 10:15:00,0.0999755859375,0.0,0.5,0.0,0.4000244140625
2024-07-28 10:30:00,0.0,0.10003662109011202,0.19921875,0.0,0.09918212890988798
2024-07-28 11:00:00,0.0,0.0,0.40234375,0.0,0.40234375
2024-07-28 11:30:00,0.0999755859375,0.0,0.30078125,0.0999755859375,0.100830078125
2024-07-28 11:45:00,0.0,0.0,0.296875,0.0,0.296875
2024-07-28 12:15:00,0.0,0.0,0.40234375,0.0,0.40234375
2024-07-28 12:45:00,0.10009765625,0.0,0.5,0.0,0.39990234375
2024-07-28 13:00:00,0.0,0.0999755859375,0.30078125,0.0,0.2008056640625
2024-07-28 13:15:00,0.0,0.0,0.0,0.0,0.0
2024-07-28 13:30:00,0.0,0.0,0.19921875,0.0,0.19921875
2024-07-28 13:45:00,0.0999755859375,0.0,0.3984375,0.0,0.2984619140625
2024-07-28 14:00:00,0.0999755859375,0.19964599609011202,0.5,0.0,0.20037841797238798
2024-07-28 14:15:00,0.0,0.0,0.19921875,0.0,0.19921875
2024-07-28 14:30:00,0.0999755859375,0.10058593750363798,0.30078125,0.0999755859375,0.0002441406213620212
2024-07-28 14:45:00,0.0,0.0999755859375,0.5,0.0,0.4000244140625
2024-07-28 15:00:00,0.0999755859375,0.099609375,0.30078125,0.0,0.1011962890625
2024-07-28 15:30:00,0.10009765625,0.20056152344113798,0.80078125,0.0,0.500122070308862
2024-07-28 15:45:00,0.0,0.10003662109011202,0.09765625,0.0,-0.002380371090112021
2024-07-28 16:00:00,0.0999755859375,0.099609375,0.6015625,0.0,0.4019775390625
2024-07-28 16:30:00,0.0,0.0999755859375,0.6015625,0.0,0.5015869140625
2024-07-28 16:45:00,0.0999755859375,0.19964599609011202,0.3984375,0.0,0.09881591797238798
2024-07-28 17:00:00,0.0999755859375,0.0,0.3984375,0.0,0.2984619140625
2024-07-28 17:45:00,0.0999755859375,0.300537109378638,0.90234375,0.10003662109375,0.401794433590112
2024-07-28 18:00:00,0.0,0.0,0.30078125,0.0,0.30078125
2024-07-28 18:15:00,0.10009765625,0.0,0.296875,0.0,0.19677734375
2024-07-28 18:45:00,0.0999755859375,0.10003662109375,0.6015625,0.0,0.40155029296875
2024-07-28 19:00:00,0.0,0.0999755859375,0.19921875,0.0,0.0992431640625
2024-07-28 19:30:00,0.0999755859375,0.10003662109375,0.69921875,0.0,0.49920654296875
2024-07-28 19:45:00,0.0,0.0,0.203125,0.0,0.203125
2024-07-28 20:15:00,0.0999755859375,0.0999755859375,0.59765625,0.0999755859375,0.2977294921875
2024-07-28 20:30:00,0.0,0.0,0.19921875,0.0,0.19921875
2024-07-28 20:45:00,0.0999755859375,0.0,0.30078125,0.0,0.2008056640625
2024-07-28 21:15:00,0.0,0.0,0.40234375,0.0,0.40234375
2024-07-28 21:45:00,0.0,0.1995849609375,0.5,0.0,0.3004150390625
2024-07-28 22:00:00,0.10009765625,0.0,0.19921875,0.0,0.09912109375
2024-07-28 23:00:00,0.0,0.0,0.8984375,0.0,0.8984375
2024-07-28 23:45:00,0.0999755859375,0.0,0.5,0.10003662109375,0.29998779296875
2024-07-29 00:00:00,0.0,0.0,0.19921875,0.0,0.19921875
2024-07-29 00:30:00,0.0,0.10003662109375,0.5,0.0,0.39996337890625
2024-07-29 01:15:00,0.0999755859375,0.0,0.6015625,0.0,0.5015869140625
2024-07-29 01:30:00,0.0,0.0,0.30078125,0.0,0.30078125
2024-07-29 02:15:00,0.0999755859375,0.0,0.59765625,0.0999755859375,0.397705078125
2024-07-29 03:00:00,0.0,0.0999755859375,0.6015625,0.0,0.5015869140625
2024-07-29 03:15:00,0.0,0.0,0.19921875,0.0,0.19921875
2024-07-29 03:30:00,0.0,0.0,0.30078125,0.0,0.30078125
2024-07-29 03:45:00,0.0999755859375,0.0,0.1015625,0.0,0.0015869140625
2024-07-29 04:00:00,0.0,0.0,0.09765625,0.0,0.09765625
2024-07-29 04:15:00,0.0,0.0,0.40234375,0.0,0.40234375
2024-07-29 04:30:00,0.0,0.099853515625,0.09765625,0.0,-0.002197265625
2024-07-29 04:45:00,0.0,0.10009765625,0.30078125,0.0,0.20068359375
2024-07-29 05:00:00,0.0,0.0,0.19921875,0.0,0.19921875
2024-07-29 05:30:00,0.10009765625,0.29998779296875,0.69921875,0.0999755859375,0.19915771484375
2024-07-29 06:00:00,0.0,0.199951171875,0.80078125,0.0,0.600830078125
2024-07-29 06:45:00,0.39990234375,1.1005859375,2.0,0.0,0.49951171875
2024-07-29 07:00:00,0.2000732421875,0.7996826171875,1.30078125,0.0,0.301025390625
2024-07-29 07:15:00,0.0999755859375,0.0,0.19921875,0.0,0.0992431640625
2024-07-29 07:30:00,0.199951171875,0.7001953125,1.1015625,0.0,0.201416015625
2024-07-29 08:15:00,0.300048828125,0.9000244140625,1.8984375,0.0,0.6983642578125
2024-07-29 09:15:00,0.5,3.09954833984375,5.6015625,0.10003662109375,1.9019775390625
2024-07-29 09:30:00,0.0999755859375,0.59954833984375,1.0,0.0,0.30047607421875
2024-07-29 10:00:00,0.2000732421875,1.5001220703125,2.8984375,0.0,1.1982421875
2024-07-29 10:30:00,0.199951171875,1.89984130859375,3.69921875,0.0,1.59942626953125
2024-07-29 10:45:00,0.0999755859375,0.5009765625,1.1015625,0.0,0.5006103515625
2024-07-29 11:00:00,0.2000732421875,1.10003662109375,2.1015625,0.0,0.80145263671875
2024-07-29 11:30:00,0.0999755859375,1.3994140625,2.59765625,0.0999755859375,0.998291015625
2024-07-29 12:15:00,0.2999267578125,1.999755859375,4.0,0.0,1.7003173828125
2024-07-29 12:30:00,0.2000732421875,1.20062255859375,2.19921875,0.0,0.79852294921875
2024-07-29 12:45:00,0.0999755859375,0.500122070308862,1.1015625,0.0,0.501464843753638
2024-07-29 13:00:00,0.199951171875,0.999938964847388,1.8984375,0.0,0.698547363277612
2024-07-29 13:15:00,0.10009765625,0.7996826171875,1.6015625,0.0,0.7017822265625
2024-07-29 14:30:00,0.39990234375,3.50048828125,6.6015625,0.10003662109375,2.60113525390625
2024-07-29 15:00:00,0.2000732421875,1.59893798828125,3.09765625,0.0,1.29864501953125
2024-07-29 15:30:00,0.199951171875,2.20013427734375,4.1015625,0.0,1.70147705078125
2024-07-29 16:00:00,0.2000732421875,1.50006103515625,3.09765625,0.0,1.39752197265625
2024-07-29 16:30:00,0.199951171875,1.3009033203125,2.5,0.0,0.9991455078125
2024-07-29 16:45:00,0.0999755859375,1.10003662109375,2.0,0.0,0.79998779296875
2024-07-29 17:00:00,0.0,0.69921875,1.30078125,0.0,0.6015625
2024-07-29 17:15:00,0.0,0.300537109375,0.5,0.0999755859375,0.0994873046875
2024-07-29 17:30:00,0.0999755859375,1.099609375,2.19921875,0.0,0.9996337890625
2024-07-29 18:15:00,0.10009765625,2.0001220703125,3.203125,0.0,1.1029052734375
2024-07-29 18:45:00,0.0,1.199462890625,1.8984375,0.0,0.698974609375
2024-07-29 19:00:00,0.0999755859375,0.800048828125,1.3984375,0.0,0.4984130859375
2024-07-29 19:30:00,0.0999755859375,1.100341796875,1.6015625,0.0,0.4012451171875
2024-07-29 19:45:00,0.0,0.400390625,0.69921875,0.0,0.298828125
2024-07-29 20:00:00,0.0999755859375,0.399902343753638,0.69921875,0.0,0.19934082030886202
2024-07-29 20:15:00,0.0,0.299804687496362,0.40234375,0.0999755859375,0.002563476566137979
2024-07-29 20:30:00,0.0999755859375,0.700439453125,1.09765625,0.0,0.2972412109375
2024-07-29 21:00:00,0.0,0.2000732421875,0.5,0.0,0.2999267578125
2024-07-29 21:15:00,0.0,0.0,0.203125,0.0,0.203125
2024-07-29 21:45:00,0.10009765625,0.0,0.3984375,0.0,0.29833984375
2024-07-29 22:00:00,0.0,0.0,0.19921875,0.0,0.19921875
2024-07-29 22:15:00,0.0,0.0,0.30078125,0.0,0.30078125
2024-07-29 22:30:00,0.0,0.0,0.0,0.0,0.0
2024-07-29 22:45:00,0.0,0.0,0.3984375,0.0,0.3984375
2024-07-29 23:00:00,0.0,0.0,0.0,0.0,0.0
2024-07-29 23:15:00,0.0999755859375,0.0,0.30078125,0.10003662109375,0.10076904296875
2024-07-30 00:15:00,0.0,0.10003662109375,0.69921875,0.0,0.59918212890625
2024-07-30 00:45:00,0.0999755859375,0.0,0.40234375,0.0,0.3023681640625
2024-07-30 01:00:00,0.0,0.0,0.19921875,0.0,0.19921875
2024-07-30 01:15:00,0.0,0.0,0.1015625,0.0,0.1015625
2024-07-30 01:30:00,0.0,0.0,0.19921875,0.0,0.19921875
2024-07-30 02:15:00,0.0999755859375,0.0999755859375,0.69921875,0.0999755859375,0.3992919921875
2024-07-30 02:45:00,0.0,0.0,0.30078125,0.0,0.30078125
2024-07-30 03:00:00,0.0,0.0,0.19921875,0.0,0.19921875
2024-07-30 03:15:00,0.0,0.0,0.30078125,0.0,0.30078125
2024-07-30 03:30:00,0.0999755859375,0.0,0.09765625,0.0,-0.0023193359375
2024-07-30 03:45:00,0.0,0.0,0.30078125,0.0,0.30078125
2024-07-30 04:00:00,0.0,0.0,0.19921875,0.0,0.19921875
2024-07-30 04:15:00,0.0,0.0,0.1015625,0.0,0.1015625
2024-07-30 04:30:00,0.0,0.09985351562136202,0.30078125,0.0,0.20092773437863798
2024-07-30 04:45:00,0.0,0.20013427734738798,0.3984375,0.0,0.19830322265261202
2024-07-30 05:00:00,0.10009765625,0.10009765625,0.30078125,0.0,0.1005859375
2024-07-30 05:30:00,0.0,0.199951171875,0.69921875,0.10003662109375,0.39923095703125
2024-07-30 05:45:00,0.0,0.099853515625,0.5,0.0,0.400146484375
2024-07-30 06:00:00,0.0999755859375,0.0,0.19921875,0.0,0.0992431640625
2024-07-30 06:15:00,0.0999755859375,0.599609375,0.80078125,0.0,0.1011962890625
2024-07-30 06:45:00,0.4000244140625,1.00048828125,1.90234375,0.0,0.5018310546875
2024-07-30 07:00:00,0.0999755859375,0.19970703125,0.3984375,0.0,0.0987548828125
2024-07-30 07:45:00,0.0999755859375,0.6002197265625,1.19921875,0.0,0.4990234375
2024-07-30 08:00:00,0.0999755859375,0.5994873046875,1.1015625,0.0,0.402099609375
2024-07-30 09:00:00,0.300048828125,1.70025634765625,3.5,0.0999755859375,1.39971923828125
2024-07-30 09:15:00,0.199951171875,1.39971923828125,2.3984375,0.0,0.79876708984375
2024-07-30 09:30:00,0.10009765625,0.7001953125,1.40234375,0.0,0.60205078125
2024-07-30 09:45:00,0.0999755859375,0.6998291015625,1.5,0.0,0.7001953125
2024-07-30 10:00:00,0.0999755859375,0.90032958984375,1.5,0.0,0.49969482421875
2024-07-30 10:30:00,0.199951171875,1.000122070308862,1.8984375,0.0,0.698364257816138
2024-07-30 10:45:00,0.10009765625,1.100036621097388,1.8984375,0.0,0.698303222652612
2024-07-30 11:15:00,0.2999267578125,1.4990234375,2.80078125,0.0999755859375,0.90185546875
2024-07-30 11:30:00,0.0999755859375,0.70068359375,1.40234375,0.0,0.6016845703125
2024-07-30 12:00:00,0.2000732421875,1.099853515625,2.09765625,0.0,0.7977294921875
2024-07-30 12:15:00,0.0999755859375,0.400146484375,0.6015625,0.0,0.1014404296875
2024-07-30 12:30:00,0.0999755859375,0.400390625,1.0,0.0,0.4996337890625
2024-07-30 13:45:00,0.4000244140625,3.0999755859375,6.30078125,0.0,2.80078125
2024-07-30 14:00:00,0.0999755859375,0.4991455078125,1.19921875,0.10003662109375,0.50006103515625
2024-07-30 14:45:00,0.0999755859375,1.599853515625,3.19921875,0.0,1.4993896484375
2024-07-30 15:00:00,0.10009765625,0.700317382816138,1.1015625,0.0,0.301147460933862
2024-07-30 15:15:00,0.0,0.999694824215112,1.69921875,0.0,0.699523925784888
2024-07-30 16:00:00,0.2999267578125,1.50006103515625,3.3984375,0.0,1.59844970703125
2024-07-30 16:15:00,0.0999755859375,0.800048828125,1.6015625,0.0,0.7015380859375
2024-07-30 17:00:00,0.4000244140625,2.000976562503638,3.8984375,0.0999755859375,1.397460937496362
2024-07-30 17:30:00,0.2000732421875,1.099243164058862,2.40234375,0.0,1.103027343753638
2024-07-30 17:45:00,0.0,0.599975585941138,1.09765625,0.0,0.497680664058862
2024-07-30 18:15:00,0.199951171875,1.099853515621362,2.1015625,0.0,0.801757812503638
2024-07-30 18:30:00,0.0999755859375,0.20062255859375,0.30078125,0.0,0.00018310546875
2024-07-30 19:00:00,0.2000732421875,1.099609375,2.296875,0.0,0.9971923828125
2024-07-30 19:30:00,0.199951171875,1.1002197265625,1.90234375,0.0,0.6021728515625
2024-07-30 19:45:00,0.0,0.19970703125,0.30078125,0.0,0.10107421875
2024-07-30 20:00:00,0.0999755859375,0.39990234375,0.8984375,0.0,0.3985595703125
2024-07-30 20:30:00,0.0999755859375,0.400634765625,1.1015625,0.10003662109375,0.50091552734375
2024-07-30 21:30:00,0.10009765625,1.299499511715112,2.19921875,0.0,0.799621582034888
2024-07-30 21:45:00,0.0,0.10058593750363798,0.30078125,0.0,0.20019531249636202
2024-07-30 22:00:00,0.0,0.19921875,0.3984375,0.0,0.19921875
2024-07-30 22:15:00,0.0,0.10009765625,0.3984375,0.0,0.29833984375
2024-07-30 23:00:00,0.0999755859375,0.0,0.6015625,0.0999755859375,0.401611328125
2024-07-30 23:30:00,0.0,0.0999755859375,0.3984375,0.0,0.2984619140625
2024-07-31 00:00:00,0.0999755859375,0.0,0.30078125,0.0,0.2008056640625
2024-07-31 00:15:00,0.0,0.0,0.19921875,0.0,0.19921875
2024-07-31 00:45:00,0.0,0.0,0.5,0.0,0.5
2024-07-31 01:00:00,0.0,0.0,0.1015625,0.0,0.1015625
2024-07-31 01:30:00,0.0999755859375,0.0,0.5,0.0,0.4000244140625
2024-07-31 02:00:00,0.0,0.0999755859375,0.30078125,0.0,0.2008056640625
2024-07-31 02:15:00,0.0,0.0,0.19921875,0.0999755859375,0.0992431640625
2024-07-31 02:30:00,0.0,0.0,0.19921875,0.0,0.19921875
2024-07-31 02:45:00,0.0999755859375,0.0,0.19921875,0.0,0.0992431640625
2024-07-31 03:00:00,0.0,0.0,0.203125,0.0,0.203125
2024-07-31 03:15:00,0.0,0.0,0.296875,0.0,0.296875
2024-07-31 03:30:00,0.0,0.0,0.203125,0.0,0.203125
2024-07-31 03:45:00,0.0,0.0,0.19921875,0.0,0.19921875
2024-07-31 04:00:00,0.0,0.0,0.30078125,0.0,0.30078125
2024-07-31 04:15:00,0.10009765625,0.0,0.09765625,0.0,-0.00244140625
2024-07-31 05:15:00,0.0,0.40008544921875,1.30078125,0.10003662109375,0.8006591796875
2024-07-31 05:30:00,0.0999755859375,0.099853515625,0.30078125,0.0,0.1009521484375
2024-07-31 05:45:00,0.0,0.10009765625,0.30078125,0.0,0.20068359375
2024-07-31 06:30:00,0.2999267578125,1.000732421875,1.69921875,0.0,0.3985595703125
2024-07-31 07:45:00,0.300048828125,1.9000244140625,3.3984375,0.0,1.1983642578125
2024-07-31 08:00:00,0.0999755859375,0.999267578125,1.5,0.0999755859375,0.30078125
2024-07-31 08:15:00,0.2000732421875,0.800476074215112,1.30078125,0.0,0.300231933597388
2024-07-31 08:45:00,0.199951171875,1.600097656253638,2.6015625,0.0,0.801513671871362
2024-07-31 09:00:00,0.0999755859375,0.5,1.0,0.0,0.4000244140625
2024-07-31 09:15:00,0.0999755859375,1.100036621090112,1.796875,0.0,0.596862792972388
2024-07-31 09:30:00,0.10009765625,0.699829101566138,1.5,0.0,0.700073242183862
2024-07-31 09:45:00,0.0999755859375,0.49951171875,1.0,0.0,0.4005126953125
2024-07-31 10:00:00,0.0999755859375,1.00018310546875,2.1015625,0.0,1.00140380859375
2024-07-31 10:15:00,0.0999755859375,0.6995849609375,1.5,0.0,0.700439453125
2024-07-31 10:45:00,0.300048828125,1.70025634765625,3.0,0.0,0.99969482421875
2024-07-31 11:00:00,0.0999755859375,0.70068359375,1.5,0.10003662109375,0.59930419921875
2024-07-31 11:15:00,0.0,0.7991943359375,1.6015625,0.0,0.8023681640625
2024-07-31 12:15:00,0.4000244140625,2.40032958984375,4.19921875,0.0,1.39886474609375
2024-07-31 12:30:00,0.0999755859375,1.100036621090112,1.69921875,0.0,0.499206542972388
2024-07-31 12:45:00,0.199951171875,0.999877929691138,1.8984375,0.0,0.698608398433862
2024-07-31 13:00:00,0.0,0.300048828125,0.90234375,0.0,0.602294921875
2024-07-31 13:30:00,0.10009765625,1.39971923828125,2.30078125,0.0,0.80096435546875
2024-07-31 14:00:00,0.2999267578125,2.20001220703125,4.0,0.0999755859375,1.40008544921875
2024-07-31 14:30:00,0.0999755859375,1.500244140625,2.796875,0.0,1.1966552734375
2024-07-31 14:45:00,0.10009765625,0.80047607421875,1.5,0.0,0.59942626953125
2024-07-31 15:15:00,0.199951171875,1.599853515625,3.0,0.0,1.2001953125
2024-07-31 15:30:00,0.0999755859375,0.8995361328125,1.30078125,0.0,0.30126953125
2024-07-31 16:30:00,0.4000244140625,3.2000732421875,5.69921875,0.0,2.09912109375
2024-07-31 17:30:00,0.300048828125,2.800415039058862,4.90234375,0.0999755859375,1.701904296878638
2024-07-31 17:45:00,0.0,0.699462890628638,1.09765625,0.0,0.398193359371362
2024-07-31 18:00:00,0.0999755859375,0.400146484371362,0.80078125,0.0,0.300659179691138
2024-07-31 18:15:00,0.0,0.499755859378638,0.69921875,0.0,0.19946289062136202
2024-07-31 18:30:00,0.0,0.600585937503638,1.1015625,0.0,0.500976562496362
2024-07-31 18:45:00,0.0999755859375,1.099853515621362,1.80078125,0.0,0.600952148441138
2024-07-31 19:30:00,0.0999755859375,1.499755859378638,2.19921875,0.0,0.599487304683862
2024-07-31 20:00:00,0.0,0.800292968746362,1.3984375,0.10003662109375,0.498107910159888
2024-07-31 20:15:00,0.0,0.7999267578125,0.90234375,0.0,0.1024169921875
2024-07-31 20:30:00,0.0999755859375,0.2998046875,0.3984375,0.0,-0.0013427734375
2024-07-31 21:15:00,0.0,0.299560546875,1.0,0.0,0.700439453125
2024-07-31 21:30:00,0.0,0.0,0.30078125,0.0,0.30078125
2024-07-31 22:00:00,0.10009765625,0.0,0.19921875,0.0,0.09912109375
2024-07-31 22:15:00,0.0,0.0,0.30078125,0.0,0.30078125
2024-07-31 23:00:00,0.0,0.10003662109375,0.69921875,0.0999755859375,0.49920654296875
2024-07-31 23:15:00,0.0999755859375,0.0,0.19921875,0.0,0.0992431640625
2024-07-31 23:30:00,0.0,0.0,0.203125,0.0,0.203125
2024-07-31 23:45:00,0.0,0.0,0.09765625,0.0,0.09765625
2024-08-01 00:00:00,0.0,0.0,0.19921875,0.0,0.19921875
2024-08-01 00:30:00,0.0,0.0,0.40234375,0.0,0.40234375
2024-08-01 00:45:00,0.0999755859375,0.0,0.19921875,0.0,0.0992431640625
2024-08-01 01:00:00,0.0,0.0,0.19921875,0.0,0.19921875
2024-08-01 01:30:00,0.0,0.0999755859375,0.40234375,0.0,0.3023681640625
2024-08-01 02:00:00,0.0,0.0,0.3984375,0.10003662109375,0.29840087890625
2024-08-01 02:30:00,0.0999755859375,0.0,0.5,0.0,0.4000244140625
2024-08-01 02:45:00,0.0,0.0,0.1015625,0.0,0.1015625
2024-08-01 03:45:00,0.0999755859375,0.0,0.8984375,0.0,0.7984619140625
2024-08-01 04:00:00,0.0,0.10003662109375,0.19921875,0.0,0.09918212890625
2024-08-01 04:45:00,0.0,0.2001953125,0.6015625,0.0,0.4013671875
2024-08-01 05:15:00,0.10009765625,0.099853515625,0.5,0.0999755859375,0.2000732421875
2024-08-01 05:30:00,0.0,0.199951171875,0.5,0.0,0.300048828125
2024-08-01 05:45:00,0.0,0.10009765625,0.3984375,0.0,0.29833984375
2024-08-01 06:00:00,0.0999755859375,0.10009765625,0.40234375,0.0,0.2022705078125
2024-08-01 06:30:00,0.199951171875,0.599853515625,1.09765625,0.0,0.2978515625
2024-08-01 06:45:00,0.2000732421875,0.6002197265625,0.90234375,0.0,0.10205078125
2024-08-01 07:15:00,0.0999755859375,0.600341796875,0.8984375,0.0,0.1981201171875
2024-08-01 07:30:00,0.0,0.799804687496362,1.30078125,0.0,0.500976562503638
2024-08-01 08:30:00,0.4000244140625,2.200561523441138,3.59765625,0.0999755859375,0.897094726558862
2024-08-01 09:00:00,0.2999267578125,1.39910888671875,2.5,0.0,0.80096435546875
2024-08-01 09:15:00,0.0999755859375,1.3006591796875,2.40234375,0.0,1.001708984375
2024-08-01 09:30:00,0.10009765625,0.29949951171875,0.5,0.0,0.10040283203125
2024-08-01 09:45:00,0.199951171875,1.400634765625,2.69921875,0.0,1.0986328125
2024-08-01 10:15:00,0.199951171875,1.29986572265625,2.6015625,0.0,1.10174560546875
2024-08-01 10:30:00,0.10009765625,0.599609375,1.09765625,0.0,0.39794921875
2024-08-01 10:45:00,0.199951171875,1.40069580078125,2.6015625,0.0,1.00091552734375
2024-08-01 11:45:00,0.4000244140625,2.7996826171875,5.19921875,0.10003662109375,1.89947509765625
2024-08-01 12:00:00,0.0,0.499755859375,0.80078125,0.0,0.301025390625
2024-08-01 12:45:00,0.2999267578125,2.4000244140625,4.3984375,0.0,1.698486328125
2024-08-01 13:00:00,0.2000732421875,0.79998779296875,1.5,0.0,0.49993896484375
2024-08-01 13:45:00,0.4000244140625,2.2998046875,4.6015625,0.0,1.9017333984375
2024-08-01 14:30:00,0.39990234375,2.20013427734375,4.30078125,0.0999755859375,1.60076904296875
2024-08-01 14:45:00,0.2000732421875,0.6002197265625,1.0,0.0,0.19970703125
2024-08-01 15:00:00,0.199951171875,1.199890136715112,2.19921875,0.0,0.799377441409888
2024-08-01 15:15:00,0.2000732421875,0.900268554691138,2.09765625,0.0,0.997314453121362
2024-08-01 16:00:00,0.2999267578125,2.39947509765625,4.203125,0.0,1.50372314453125
2024-08-01 16:15:00,0.0999755859375,0.60052490234375,1.09765625,0.0,0.39715576171875
2024-08-01 17:00:00,0.5,2.89984130859375,5.40234375,0.10003662109375,1.9024658203125
2024-08-01 17:30:00,0.2000732421875,1.29974365234375,2.59765625,0.0,1.09783935546875
2024-08-01 17:45:00,0.0999755859375,0.89990234375,1.40234375,0.0,0.4024658203125
2024-08-01 18:00:00,0.0999755859375,0.70062255859375,1.19921875,0.0,0.39862060546875
2024-08-01 18:30:00,0.2000732421875,0.8995361328125,1.5,0.0,0.400390625
2024-08-01 19:00:00,0.0999755859375,0.9002685546875,1.69921875,0.0,0.698974609375
2024-08-01 19:45:00,0.199951171875,1.60003662109375,2.80078125,0.0,1.00079345703125
2024-08-01 20:00:00,0.0999755859375,0.4998779296875,0.69921875,0.0999755859375,-0.0006103515625
2024-08-01 20:15:00,0.0,0.099609375,0.19921875,0.0,0.099609375
2024-08-01 20:45:00,0.10009765625,0.90057373046875,1.40234375,0.0,0.40167236328125
2024-08-01 21:15:00,0.0,0.10009765625,0.3984375,0.0,0.29833984375
2024-08-01 21:30:00,0.0,0.0,0.3984375,0.0,0.3984375
2024-08-01 22:00:00,0.0999755859375,0.19982910156613798,0.40234375,0.0,0.10253906249636202
2024-08-01 22:30:00,0.0,0.10009765624636202,0.5,0.0,0.399902343753638
2024-08-01 22:45:00,0.0,0.0,0.09765625,0.0,0.09765625
2024-08-01 23:00:00,0.0,0.0,0.30078125,0.0999755859375,0.2008056640625
2024-08-01 23:30:00,0.0999755859375,0.0,0.30078125,0.0,0.2008056640625
2024-08-01 23:45:00,0.0,0.0,0.1015625,0.0,0.1015625
2024-08-02 00:00:00,0.0,0.0,0.296875,0.0,0.296875
2024-08-02 01:45:00,0.0999755859375,0.0999755859375,1.30078125,0.0,1.100830078125
2024-08-02 02:00:00,0.0,0.0,0.1015625,0.10003662109375,0.00152587890625
2024-08-02 02:15:00,0.0999755859375,0.0,0.19921875,0.0,0.0992431640625
2024-08-02 02:30:00,0.0,0.0,0.19921875,0.0,0.19921875
2024-08-02 03:15:00,0.0,0.10003662109375,0.69921875,0.0,0.59918212890625
2024-08-02 03:45:00,0.10009765625,0.0,0.40234375,0.0,0.30224609375
2024-08-02 04:00:00,0.0,0.0,0.19921875,0.0,0.19921875
2024-08-02 04:15:00,0.0,0.0,0.19921875,0.0,0.19921875
2024-08-02 04:45:00,0.0,0.10009765625,0.40234375,0.0,0.30224609375
2024-08-02 05:00:00,0.0999755859375,0.099853515625,0.19921875,0.0999755859375,-0.1005859375
2024-08-02 05:15:00,0.0,0.10009765625,0.30078125,0.0,0.20068359375
2024-08-02 05:30:00,0.0,0.1998291015625,0.5,0.0,0.3001708984375
2024-08-02 05:45:00,0.0,0.10009765625,0.3984375,0.0,0.29833984375
2024-08-02 06:30:00,0.4000244140625,1.099853515625,1.8984375,0.0,0.3985595703125
2024-08-02 06:45:00,0.0999755859375,0.199951171875,0.40234375,0.0,0.1024169921875
2024-08-02 07:15:00,0.0999755859375,0.7998046875,1.3984375,0.0,0.4986572265625
2024-08-02 07:30:00,0.0,0.600341796875,1.0,0.0,0.399658203125
2024-08-02 07:45:00,0.0999755859375,0.500244140625,0.80078125,0.0,0.2005615234375
2024-08-02 08:00:00,0.0999755859375,0.49896240234375,0.69921875,0.10003662109375,0.000244140625
2024-08-02 08:45:00,0.300048828125,2.00048828125,3.30078125,0.0,1.000244140625
2024-08-02 09:00:00,0.199951171875,1.30047607421875,2.19921875,0.0,0.69879150390625
2024-08-02 09:15:00,0.10009765625,0.7996826171875,1.40234375,0.0,0.5025634765625
2024-08-02 09:30:00,0.199951171875,0.90057373046875,1.296875,0.0,0.19635009765625
2024-08-02 09:45:00,0.0999755859375,0.698974609375,1.40234375,0.0,0.6033935546875
2024-08-02 10:00:00,0.0999755859375,0.5003662109375,1.0,0.0,0.399658203125
2024-08-02 10:30:00,0.10009765625,1.5001220703125,2.69921875,0.0,1.0989990234375
2024-08-02 10:45:00,0.0999755859375,0.79974365234375,1.3984375,0.0,0.49871826171875
2024-08-02 11:15:00,0.199951171875,1.60015869140625,2.90234375,0.0999755859375,1.00225830078125
2024-08-02 12:15:00,0.300048828125,2.1004638671875,4.09765625,0.0,1.6971435546875
2024-08-02 12:30:00,0.0999755859375,0.0,0.40234375,0.0,0.3023681640625
2024-08-02 12:45:00,0.0999755859375,0.6993408203125,1.09765625,0.0,0.29833984375
2024-08-02 13:00:00,0.0999755859375,0.60028076171875,1.5,0.0,0.79974365234375
2024-08-02 13:30:00,0.10009765625,1.3001708984375,2.203125,0.0,0.8028564453125
2024-08-02 13:45:00,0.199951171875,1.19940185546875,2.296875,0.0,0.89752197265625
2024-08-02 14:15:00,0.0999755859375,1.7001953125,2.6015625,0.0999755859375,0.701416015625
2024-08-02 14:30:00,0.0,0.499755859375,0.8984375,0.0,0.398681640625
2024-08-02 15:00:00,0.2000732421875,1.700744628902612,3.1015625,0.0,1.200744628909888
2024-08-02 15:15:00,0.0,0.899353027347388,1.3984375,0.0,0.499084472652612
2024-08-02 15:30:00,0.0999755859375,0.20068359375,0.40234375,0.0,0.1016845703125
2024-08-02 16:00:00,0.199951171875,2.199829101558862,3.59765625,0.0,1.197875976566138
2024-08-02 16:45:00,0.0999755859375,1.799865722659888,3.1015625,0.0,1.201721191402612
2024-08-02 17:15:00,0.2000732421875,1.50018310546875,2.6015625,0.10003662109375,0.80126953125
2024-08-02 17:30:00,0.0,0.6995849609375,1.19921875,0.0,0.4996337890625
2024-08-02 18:00:00,0.199951171875,1.99981689453125,3.0,0.0,0.80023193359375
2024-08-02 18:15:00,0.0999755859375,0.599975585941138,1.09765625,0.0,0.397705078121362
2024-08-02 19:00:00,0.2000732421875,1.999816894527612,2.703125,0.0,0.503234863284888
2024-08-02 19:15:00,0.0999755859375,0.8006591796875,1.19921875,0.0,0.298583984375
2024-08-02 20:15:00,0.199951171875,1.2998046875,2.09765625,0.0999755859375,0.4979248046875
2024-08-02 20:30:00,0.0,0.1005859375,0.203125,0.0,0.1025390625
2024-08-02 21:15:00,0.10009765625,0.9991455078125,1.69921875,0.0,0.5999755859375
2024-08-02 21:30:00,0.0,0.1005859375,0.30078125,0.0,0.2001953125
2024-08-02 22:15:00,0.0999755859375,0.5994873046875,1.19921875,0.0,0.499755859375
2024-08-02 22:30:00,0.0,0.0,0.09765625,0.0,0.09765625
2024-08-02 23:00:00,0.0,0.0,0.30078125,0.10003662109375,0.20074462890625
2024-08-02 23:45:00,0.0999755859375,0.0,0.5,0.0,0.4000244140625
2024-08-03 00:00:00,0.0,0.0,0.1015625,0.0,0.1015625
2024-08-03 00:15:00,0.0,0.0,0.09765625,0.0,0.09765625
2024-08-03 01:00:00,0.0,0.10003662109375,0.5,0.0,0.39996337890625
2024-08-03 01:15:00,0.0999755859375,0.0,0.203125,0.0,0.1031494140625
2024-08-03 01:30:00,0.0,0.0,0.19921875,0.0,0.19921875
2024-08-03 01:45:00,0.0,0.0,0.09765625,0.0,0.09765625
2024-08-03 02:00:00,0.0,0.0,0.30078125,0.0999755859375,0.2008056640625
2024-08-03 02:15:00,0.0,0.0,0.1015625,0.0,0.1015625
2024-08-03 02:30:00,0.0999755859375,0.0,0.19921875,0.0,0.0992431640625
2024-08-03 03:00:00,0.0,0.0,0.19921875,0.0,0.19921875
2024-08-03 03:30:00,0.0,0.0999755859375,0.40234375,0.0,0.3023681640625
2024-08-03 04:00:00,0.10009765625,0.0,0.296875,0.0,0.19677734375
2024-08-03 04:15:00,0.0,0.0,0.1015625,0.0,0.1015625
2024-08-03 04:45:00,0.0,0.0,0.30078125,0.0,0.30078125
2024-08-03 05:00:00,0.0,0.0,0.30078125,0.0999755859375,0.2008056640625
2024-08-03 05:15:00,0.0999755859375,0.0,0.09765625,0.0,-0.0023193359375
2024-08-03 05:30:00,0.0,0.0,0.19921875,0.0,0.19921875
2024-08-03 05:45:00,0.0,0.0,0.1015625,0.0,0.1015625
2024-08-03 06:00:00,0.0,0.0,0.30078125,0.0,0.30078125
2024-08-03 06:30:00,0.0,0.10003662109738798,0.30078125,0.0,0.20074462890261202
2024-08-03 06:45:00,0.0999755859375,0.0,0.19921875,0.0,0.0992431640625
2024-08-03 07:00:00,0.0,0.0,0.30078125,0.0,0.30078125
2024-08-03 07:15:00,0.0,0.0,0.09765625,0.0,0.09765625
2024-08-03 07:30:00,0.0,0.0,0.1015625,0.0,0.1015625
2024-08-03 07:45:00,0.0,0.0,0.30078125,0.10003662109375,0.20074462890625
2024-08-03 08:00:00,0.0999755859375,0.0,0.19921875,0.0,0.0992431640625
2024-08-03 08:15:00,0.0,0.0,0.09765625,0.0,0.09765625
2024-08-03 09:00:00,0.0,0.09997558593386202,0.5,0.0,0.400024414066138
2024-08-03 09:15:00,0.0,0.0,0.203125,0.0,0.203125
2024-08-03 09:45:00,0.0999755859375,0.0,0.3984375,0.0,0.2984619140625
2024-08-03 10:15:00,0.0,0.0,0.19921875,0.0,0.19921875
2024-08-03 11:00:00,0.10009765625,0.0,0.5,0.0999755859375,0.2999267578125
2024-08-03 11:15:00,0.0,0.0999755859375,0.19921875,0.0,0.0992431640625
2024-08-03 11:30:00,0.0,0.0,0.203125,0.0,0.203125
2024-08-03 11:45:00,0.0,0.0,0.09765625,0.0,0.09765625
2024-08-03 12:00:00,0.0,0.0,0.19921875,0.0,0.19921875
2024-08-03 12:15:00,0.0,0.0,0.1015625,0.0,0.1015625
2024-08-03 12:30:00,0.0999755859375,0.0,0.19921875,0.0,0.0992431640625
2024-08-03 13:00:00,0.0,0.0,0.30078125,0.0,0.30078125
2024-08-03 14:00:00,0.0999755859375,0.10003662109375,0.80078125,0.10003662109375,0.500732421875
2024-08-03 14:15:00,0.0,0.0,0.09765625,0.0,0.09765625
2024-08-03 14:30:00,0.0,0.0,0.1015625,0.0,0.1015625
2024-08-03 15:00:00,0.0,0.0,0.30078125,0.0,0.30078125
2024-08-03 15:15:00,0.0999755859375,0.0,0.09765625,0.0,-0.0023193359375
2024-08-03 15:30:00,0.0,0.0,0.30078125,0.0,0.30078125
2024-08-03 16:30:00,0.0999755859375,0.0999755859375,0.69921875,0.0,0.499267578125
2024-08-03 16:45:00,0.0,0.0,0.203125,0.0999755859375,0.1031494140625
2024-08-03 17:45:00,0.0,0.0,0.59765625,0.0,0.59765625
2024-08-03 18:00:00,0.10009765625,0.0,0.1015625,0.0,0.00146484375
2024-08-03 18:15:00,0.0,0.0,0.09765625,0.0,0.09765625
2024-08-03 18:30:00,0.0,0.0,0.30078125,0.0,0.30078125
2024-08-03 19:00:00,0.0,0.0,0.30078125,0.0,0.30078125
2024-08-03 19:30:00,0.0999755859375,0.10003662109738798,0.3984375,0.0,0.19842529296511202
2024-08-03 19:45:00,0.0,0.0,0.30078125,0.0999755859375,0.2008056640625
2024-08-03 20:00:00,0.0,0.0,0.0,0.0,0.0
2024-08-03 20:30:00,0.0,0.0,0.5,0.0,0.5
2024-08-03 21:00:00,0.0999755859375,0.0,0.30078125,0.0,0.2008056640625
2024-08-03 21:30:00,0.0,0.0,0.30078125,0.0,0.30078125
2024-08-03 22:15:00,0.0999755859375,0.09997558593386202,0.3984375,0.0,0.19848632812863798
2024-08-03 22:45:00,0.0,0.0,0.40234375,0.10003662109375,0.30230712890625
2024-08-03 23:00:00,0.0,0.0,0.09765625,0.0,0.09765625
2024-08-03 23:15:00,0.0,0.0,0.1015625,0.0,0.1015625
2024-08-03 23:45:00,0.0999755859375,0.0,0.3984375,0.0,0.2984619140625
2024-08-04 00:00:00,0.0,0.0,0.1015625,0.0,0.1015625
2024-08-04 00:30:00,0.0,0.0999755859375,0.30078125,0.0,0.2008056640625
2024-08-04 00:45:00,0.0,0.0,0.09765625,0.0,0.09765625
2024-08-04 01:00:00,0.10009765625,0.0,0.5,0.0,0.39990234375
2024-08-04 01:15:00,0.0,0.0,0.1015625,0.0,0.1015625
2024-08-04 01:30:00,0.0,0.0,0.09765625,0.0,0.09765625
2024-08-04 02:00:00,0.0,0.0,0.40234375,0.0999755859375,0.3023681640625
2024-08-04 02:45:00,0.0999755859375,0.0,0.5,0.0,0.4000244140625
2024-08-04 03:00:00,0.0,0.0,0.0,0.0,0.0
2024-08-04 04:00:00,0.0999755859375,0.10003662109375,0.80078125,0.0,0.60076904296875
2024-08-04 04:30:00,0.0,0.0,0.19921875,0.0,0.19921875
2024-08-04 04:45:00,0.0,0.0,0.19921875,0.10003662109375,0.09918212890625
2024-08-04 05:00:00,0.0,0.0,0.19921875,0.0,0.19921875
2024-08-04 05:15:00,0.0999755859375,0.0,0.19921875,0.0,0.0992431640625
2024-08-04 05:30:00,0.0,0.0,0.30078125,0.0,0.30078125
2024-08-04 05:45:00,0.0,0.0999755859375,0.1015625,0.0,0.0015869140625
2024-08-04 06:00:00,0.0,0.0,0.30078125,0.0,0.30078125
2024-08-04 06:30:00,0.0999755859375,0.0,0.296875,0.0,0.1968994140625
2024-08-04 07:15:00,0.0,0.0,0.5,0.0,0.5
2024-08-04 07:30:00,0.0,0.0,0.1015625,0.0,0.1015625
2024-08-04 08:15:00,0.10009765625,0.10003662109738798,0.5,0.0999755859375,0.19989013671511202
2024-08-04 08:30:00,0.0,0.099609375,0.3984375,0.0,0.298828125
2024-08-04 08:45:00,0.0,0.10009765624636202,0.1015625,0.0,0.0014648437536379788
2024-08-04 09:00:00,0.0,0.0,0.30078125,0.0,0.30078125
2024-08-04 10:15:00,0.0999755859375,0.0,0.8984375,0.0,0.7984619140625
2024-08-04 10:30:00,0.0,0.0,0.19921875,0.0,0.19921875
2024-08-04 11:15:00,0.0999755859375,0.0999755859375,0.40234375,0.0999755859375,0.1024169921875
2024-08-04 11:30:00,0.0,0.0,0.19921875,0.0,0.19921875
2024-08-04 12:45:00,0.0999755859375,0.0,0.8984375,0.0,0.7984619140625
2024-08-04 13:30:00,0.0,0.0,0.40234375,0.0,0.40234375
2024-08-04 13:45:00,0.0999755859375,0.09997558593386202,0.30078125,0.10003662109375,0.0007934570348879788
2024-08-04 14:15:00,0.0,0.0,0.3984375,0.0,0.3984375
2024-08-04 14:30:00,0.0,0.0,0.19921875,0.0,0.19921875
2024-08-04 14:45:00,0.0,0.0,0.0,0.0,0.0
2024-08-04 15:15:00,0.10009765625,0.0,0.40234375,0.0,0.30224609375
2024-08-04 15:30:00,0.0,0.0,0.19921875,0.0,0.19921875
2024-08-04 15:45:00,0.0,0.0,0.09765625,0.0,0.09765625
2024-08-04 16:00:00,0.0,0.0,0.203125,0.0,0.203125
2024-08-04 16:45:00,0.0999755859375,0.10003662109738798,0.5,0.0999755859375,0.20001220702761202
2024-08-04 17:15:00,0.0,0.0,0.5,0.0,0.5
2024-08-04 17:45:00,0.0,0.0,0.19921875,0.0,0.19921875
2024-08-04 18:15:00,0.0999755859375,0.0,0.5,0.0,0.4000244140625
2024-08-04 18:30:00,0.0,0.0,0.09765625,0.0,0.09765625
2024-08-04 18:45:00,0.0,0.0,0.1015625,0.0,0.1015625
2024-08-04 19:15:00,0.0999755859375,0.0999755859375,0.3984375,0.0,0.198486328125
2024-08-04 19:30:00,0.0,0.0,0.203125,0.0,0.203125
2024-08-04 19:45:00,0.0,0.0,0.0,0.10003662109375,-0.10003662109375
2024-08-04 20:15:00,0.0,0.0,0.3984375,0.0,0.3984375
2024-08-04 21:00:00,0.0999755859375,0.0,0.6015625,0.0,0.5015869140625
2024-08-04 21:15:00,0.0,0.10003662109375,0.19921875,0.0,0.09918212890625
2024-08-04 22:00:00,0.0,0.0,0.3984375,0.0,0.3984375
2024-08-04 22:45:00,0.10009765625,0.0,0.6015625,0.0999755859375,0.4014892578125
2024-08-04 23:30:00,0.0999755859375,0.0,0.5,0.0,0.4000244140625
2024-08-04 23:45:00,0.0,0.0,0.09765625,0.0,0.09765625
2024-08-05 00:00:00,0.0,0.0,0.1015625,0.0,0.1015625
2024-08-05 01:00:00,0.0999755859375,0.0999755859375,0.80078125,0.0,0.600830078125
2024-08-05 01:15:00,0.0,0.0,0.0,0.0,0.0
2024-08-05 01:45:00,0.0,0.0,0.5,0.0999755859375,0.4000244140625
2024-08-05 02:30:00,0.0999755859375,0.0,0.30078125,0.0,0.2008056640625
2024-08-05 03:00:00,0.0,0.09997558593386202,0.5,0.0,0.400024414066138
2024-08-05 03:15:00,0.0,0.0,0.09765625,0.0,0.09765625
2024-08-05 04:00:00,0.0999755859375,0.0,0.6015625,0.0,0.5015869140625
2024-08-05 04:15:00,0.0,0.10009765625363798,0.19921875,0.0,0.09912109374636202
2024-08-05 04:30:00,0.0,0.0,0.19921875,0.0,0.19921875
2024-08-05 05:00:00,0.0,0.199951171875,0.5,0.10003662109375,0.20001220703125
2024-08-05 05:15:00,0.10009765625,0.19989013671875,0.30078125,0.0,0.00079345703125
2024-08-05 05:30:00,0.0,0.10009765625,0.19921875,0.0,0.09912109375
2024-08-05 05:45:00,0.0,0.10009765624636202,0.5,0.0,0.399902343753638
2024-08-05 06:15:00,0.2999267578125,0.900390625,1.69921875,0.0,0.4989013671875
2024-08-05 06:30:00,0.0999755859375,0.19970703125363798,0.203125,0.0,-0.09655761719113798
2024-08-05 06:45:00,0.0,0.10009765625,0.3984375,0.0,0.29833984375
2024-08-05 07:15:00,0.10009765625,0.600341796875,1.1015625,0.0,0.401123046875
2024-08-05 07:30:00,0.0999755859375,0.599853515621362,1.0,0.0999755859375,0.20019531250363798
2024-08-05 08:00:00,0.0999755859375,1.399536132816138,2.0,0.0,0.500488281246362
2024-08-05 08:15:00,0.199951171875,0.800720214840112,1.19921875,0.0,0.19854736328488798
2024-08-05 08:30:00,0.10009765625,0.500122070316138,0.80078125,0.0,0.20056152343386202
2024-08-05 09:15:00,0.2999267578125,2.00006103515625,3.59765625,0.0,1.29766845703125
2024-08-05 09:30:00,0.2000732421875,1.1993408203125,2.40234375,0.0,1.0029296875
2024-08-05 09:45:00,0.0999755859375,0.400390625,1.0,0.0,0.4996337890625
2024-08-05 10:15:00,0.199951171875,1.99945068359375,3.3984375,0.0,1.19903564453125
2024-08-05 11:00:00,0.300048828125,1.60064697265625,3.3984375,0.10003662109375,1.397705078125
2024-08-05 11:15:00,0.199951171875,1.10028076171875,2.0,0.0,0.69976806640625
2024-08-05 11:30:00,0.2000732421875,0.59912109375,1.40234375,0.0,0.6031494140625
2024-08-05 12:00:00,0.2999267578125,1.500244140625,2.80078125,0.0,1.0006103515625
2024-08-05 12:15:00,0.2000732421875,0.599853515625,1.09765625,0.0,0.2977294921875
2024-08-05 12:30:00,0.0999755859375,0.400390625,0.90234375,0.0,0.4019775390625
2024-08-05 13:15:00,0.4000244140625,2.299560546875,4.09765625,0.0,1.3980712890625
2024-08-05 13:30:00,0.199951171875,0.90032958984375,2.0,0.0999755859375,0.79974365234375
2024-08-05 13:45:00,0.0999755859375,0.499267578125,1.0,0.0,0.4007568359375
2024-08-05 14:00:00,0.0999755859375,0.7005615234375,1.0,0.0,0.199462890625
2024-08-05 14:45:00,0.5,2.50018310546875,4.90234375,0.0,1.90216064453125
2024-08-05 15:00:00,0.2000732421875,0.8001708984375,1.59765625,0.0,0.597412109375
2024-08-05 15:15:00,0.0999755859375,0.79974365234375,1.5,0.0,0.60028076171875
2024-08-05 15:30:00,0.0999755859375,0.5001220703125,1.0,0.0,0.39990234375
2024-08-05 15:45:00,0.2000732421875,1.299377441402612,2.6015625,0.0,1.102111816409888
2024-08-05 16:15:00,0.2999267578125,1.301025390628638,2.59765625,0.0,0.996704101558862
2024-08-05 17:00:00,0.300048828125,2.19952392578125,4.30078125,0.0999755859375,1.70123291015625
2024-08-05 17:15:00,0.199951171875,1.10040283203125,2.0,0.0,0.69964599609375
2024-08-05 18:00:00,0.5,2.49981689453125,4.90234375,0.0,1.90252685546875
2024-08-05 18:15:00,0.0999755859375,0.7996826171875,1.296875,0.0,0.397216796875
2024-08-05 18:30:00,0.10009765625,0.300537109378638,0.5,0.0,0.09936523437136202
2024-08-05 18:45:00,0.0999755859375,0.69921875,1.30078125,0.0,0.5015869140625
2024-08-05 20:30:00,0.9000244140625,4.599792480461474,7.30078125,0.10003662109375,1.700927734382276
2024-08-05 20:45:00,0.0,0.20068359375363798,0.19921875,0.0,-0.0014648437536379788
2024-08-05 21:00:00,0.0,0.400146484375,0.69921875,0.0,0.299072265625
2024-08-05 22:15:00,0.0999755859375,0.499755859375,1.40234375,0.0,0.8026123046875
2024-08-05 22:30:00,0.0,0.0,0.19921875,0.0,0.19921875
2024-08-05 22:45:00,0.0,0.0,0.19921875,0.0999755859375,0.0992431640625
2024-08-05 23:00:00,0.0,0.0,0.19921875,0.0,0.19921875
2024-08-05 23:15:00,0.0999755859375,0.0,0.1015625,0.0,0.0015869140625
2024-08-05 23:30:00,0.0,0.0,0.1015625,0.0,0.1015625
2024-08-06 01:00:00,0.0999755859375,0.0,1.0,0.0,0.9000244140625
2024-08-06 02:00:00,0.0,0.0,0.69921875,0.10003662109375,0.59918212890625
2024-08-06 02:45:00,0.0999755859375,0.0,0.5,0.0,0.4000244140625
2024-08-06 03:00:00,0.0,0.0,0.19921875,0.0,0.19921875
2024-08-06 03:30:00,0.0,0.0,0.30078125,0.0,0.30078125
2024-08-06 03:45:00,0.10009765625,0.0,0.30078125,0.0,0.20068359375
2024-08-06 04:15:00,0.0,0.0,0.3984375,0.0,0.3984375
2024-08-06 04:30:00,0.0,0.10009765625,0.19921875,0.0999755859375,-0.0008544921875
2024-08-06 04:45:00,0.0,0.099853515625,0.30078125,0.0,0.200927734375
2024-08-06 05:00:00,0.0999755859375,0.0,0.30078125,0.0,0.2008056640625
2024-08-06 05:30:00,0.0,0.199951171875,0.30078125,0.0,0.100830078125
2024-08-06 05:45:00,0.0,0.0,0.296875,0.0,0.296875
2024-08-06 06:00:00,0.0,0.10009765625,0.30078125,0.0,0.20068359375
2024-08-06 06:30:00,0.199951171875,0.499755859378638,1.0,0.0,0.300292968746362
2024-08-06 06:45:00,0.2000732421875,0.599853515621362,1.1015625,0.0,0.301635742191138
2024-08-06 07:45:00,0.2999267578125,1.80078125,2.8984375,0.0999755859375,0.69775390625
2024-08-06 08:15:00,0.300048828125,1.3995361328125,2.30078125,0.0,0.6011962890625
2024-08-06 08:30:00,0.199951171875,0.800659179683862,1.30078125,0.0,0.300170898441138
2024-08-06 09:45:00,0.800048828125,3.599609375,6.69921875,0.0,2.299560546875
2024-08-06 10:00:00,0.0999755859375,0.400390625,0.8984375,0.0,0.3980712890625
2024-08-06 10:15:00,0.0999755859375,0.599487304691138,1.0,0.0,0.300537109371362
2024-08-06 10:45:00,0.4000244140625,1.8997802734375,3.703125,0.10003662109375,1.30328369140625
2024-08-06 11:15:00,0.0999755859375,0.7998046875,1.796875,0.0,0.8970947265625
2024-08-06 11:30:00,0.0999755859375,0.99969482421875,1.703125,0.0,0.60345458984375
2024-08-06 12:30:00,0.5,1.70068359375,3.796875,0.0,1.59619140625
2024-08-06 12:45:00,0.2000732421875,0.5,1.30078125,0.0,0.6007080078125
2024-08-06 13:00:00,0.0999755859375,0.9000244140625,1.40234375,0.0,0.40234375
2024-08-06 13:15:00,0.199951171875,0.7996826171875,1.3984375,0.0,0.3988037109375
2024-08-06 14:30:00,0.60009765625,3.6004638671875,6.3984375,0.0999755859375,2.097900390625
2024-08-06 15:15:00,0.39990234375,2.49945068359375,4.40234375,0.0,1.50299072265625
2024-08-06 15:30:00,0.10009765625,1.0008544921875,2.09765625,0.0,0.9967041015625
2024-08-06 16:45:00,0.5,4.39923095703125,7.40234375,0.10003662109375,2.403076171875
2024-08-06 17:00:00,0.199951171875,1.099609375,1.8984375,0.0,0.598876953125
2024-08-06 17:15:00,0.0,0.20068359375,0.40234375,0.0,0.20166015625
2024-08-06 17:30:00,0.199951171875,1.2999267578125,2.3984375,0.0,0.8985595703125
2024-08-06 18:15:00,0.2000732421875,1.7996826171875,3.1015625,0.0,1.101806640625
2024-08-06 18:45:00,0.2999267578125,2.10040283203125,3.09765625,0.0,0.69732666015625
2024-08-06 19:15:00,0.10009765625,1.600097656253638,2.40234375,0.0,0.702148437496362
2024-08-06 20:00:00,0.2999267578125,2.199829101558862,3.09765625,0.0999755859375,0.497924804691138
2024-08-06 20:15:00,0.0,0.49951171875,0.6015625,0.0,0.10205078125
2024-08-06 20:45:00,0.2000732421875,1.200439453125,1.8984375,0.0,0.4979248046875
2024-08-06 21:00:00,0.0,0.400390625,0.80078125,0.0,0.400390625
2024-08-06 21:15:00,0.0999755859375,0.3994140625,0.6015625,0.0,0.1021728515625
2024-08-06 21:30:00,0.0999755859375,0.0,0.19921875,0.0,0.0992431640625
2024-08-06 22:15:00,0.0999755859375,0.0,0.8984375,0.0,0.7984619140625
2024-08-06 23:00:00,0.0999755859375,0.0,0.5,0.0999755859375,0.300048828125
2024-08-06 23:15:00,0.0,0.0,0.1015625,0.0,0.1015625
2024-08-06 23:30:00,0.0,0.0,0.19921875,0.0,0.19921875
2024-08-07 00:00:00,0.0,0.0,0.30078125,0.0,0.30078125
2024-08-07 00:30:00,0.10009765625,0.0,0.3984375,0.0,0.29833984375
2024-08-07 00:45:00,0.0,0.0,0.19921875,0.0,0.19921875
2024-08-07 01:15:00,0.0,0.0,0.30078125,0.0,0.30078125
2024-08-07 01:30:00,0.0999755859375,0.0,0.1015625,0.10003662109375,-0.09844970703125
2024-08-07 01:45:00,0.0,0.0,0.19921875,0.0,0.19921875
2024-08-07 02:00:00,0.0,0.0,0.30078125,0.0,0.30078125
2024-08-07 02:15:00,0.0,0.0,0.19921875,0.0,0.19921875
2024-08-07 02:30:00,0.0,0.0,0.19921875,0.0,0.19921875
2024-08-07 02:45:00,0.0999755859375,0.0,0.19921875,0.0,0.0992431640625
2024-08-07 03:00:00,0.0,0.0,0.1015625,0.0,0.1015625
2024-08-07 03:15:00,0.0,0.0,0.30078125,0.0,0.30078125
2024-08-07 03:30:00,0.0,0.0,0.09765625,0.0,0.09765625
2024-08-07 03:45:00,0.0,0.0,0.203125,0.0,0.203125
2024-08-07 04:00:00,0.0,0.0,0.19921875,0.0,0.19921875
2024-08-07 04:30:00,0.0999755859375,0.099853515625,0.3984375,0.0999755859375,0.0986328125
2024-08-07 04:45:00,0.0,0.10009765625,0.40234375,0.0,0.30224609375
2024-08-07 05:00:00,0.0,0.099853515625,0.296875,0.0,0.197021484375
2024-08-07 05:30:00,0.0,0.10009765625,0.30078125,0.0,0.20068359375
2024-08-07 06:00:00,0.0999755859375,0.199951171875,0.80078125,0.0,0.5008544921875
2024-08-07 06:15:00,0.10009765625,0.30029296875,0.5,0.0,0.099609375
2024-08-07 06:30:00,0.0999755859375,0.599609375,0.8984375,0.0,0.1988525390625
2024-08-07 07:00:00,0.0999755859375,0.5009765625,0.90234375,0.0,0.3013916015625
2024-08-07 07:15:00,0.0999755859375,0.399658203125,0.80078125,0.0,0.3011474609375
2024-08-07 07:30:00,0.0999755859375,0.800048828125,1.296875,0.10003662109375,0.29681396484375
2024-08-07 07:45:00,0.0,0.2001953125,0.30078125,0.0,0.1005859375
2024-08-07 08:45:00,0.5,2.69921875,4.40234375,0.0,1.203125
2024-08-07 09:00:00,0.2000732421875,0.999755859375,1.69921875,0.0,0.4993896484375
2024-08-07 09:15:00,0.0,0.2005615234375,0.3984375,0.0,0.1978759765625
2024-08-07 09:30:00,0.0999755859375,0.7998046875,1.40234375,0.0,0.5025634765625
2024-08-07 10:15:00,0.4000244140625,2.59979248046875,5.0,0.0,2.00018310546875
2024-08-07 10:30:00,0.0999755859375,0.5,0.8984375,0.0999755859375,0.198486328125
2024-08-07 10:45:00,0.199951171875,0.900634765625,2.0,0.0,0.8994140625
2024-08-07 11:15:00,0.2000732421875,1.300048828125,2.30078125,0.0,0.8006591796875
2024-08-07 11:30:00,0.199951171875,1.099365234371362,2.09765625,0.0,0.798339843753638
2024-08-07 11:45:00,0.0,0.10058593750363798,0.40234375,0.0,0.301757812496362
2024-08-07 12:00:00,0.2000732421875,0.900390625,1.59765625,0.0,0.4971923828125
2024-08-07 12:30:00,0.2999267578125,1.399414062496362,2.6015625,0.0,0.902221679691138
2024-08-07 13:00:00,0.2000732421875,1.100097656253638,2.19921875,0.0,0.899047851558862
2024-08-07 13:15:00,0.0999755859375,0.499267578125,0.90234375,0.0,0.3031005859375
2024-08-07 13:30:00,0.199951171875,1.100830078125,2.19921875,0.0999755859375,0.7984619140625
2024-08-07 13:45:00,0.0999755859375,0.79925537109375,1.5,0.0,0.60076904296875
2024-08-07 14:00:00,0.10009765625,0.400390625,1.0,0.0,0.49951171875
2024-08-07 14:15:00,0.0999755859375,0.800415039058862,1.3984375,0.0,0.498046875003638
2024-08-07 14:45:00,0.2999267578125,1.799865722659888,3.40234375,0.0,1.302551269527612
2024-08-07 15:00:00,0.10009765625,0.7001953125,1.3984375,0.0,0.59814453125
2024-08-07 15:15:00,0.0999755859375,0.6993408203125,1.3984375,0.0,0.59912109375
2024-08-07 15:45:00,0.199951171875,1.00067138671875,2.0,0.0,0.79937744140625
2024-08-07 16:15:00,0.2000732421875,1.499877929691138,3.0,0.0,1.300048828121362
2024-08-07 17:15:00,0.5,3.299743652340112,6.5,0.10003662109375,2.600219726566138
2024-08-07 17:30:00,0.0999755859375,0.099609375,0.40234375,0.0,0.2027587890625
2024-08-07 17:45:00,0.199951171875,0.800537109375,1.80078125,0.0,0.80029296875
2024-08-07 18:00:00,0.0999755859375,0.29931640625,0.796875,0.0,0.3975830078125
2024-08-07 18:30:00,0.10009765625,0.900146484375,1.6015625,0.0,0.601318359375
2024-08-07 19:00:00,0.2999267578125,1.000244140625,2.1015625,0.0,0.8013916015625
2024-08-07 19:15:00,0.0,0.600341796875,1.0,0.0999755859375,0.2996826171875
2024-08-07 19:30:00,0.0999755859375,0.099609375,0.19921875,0.0,-0.0003662109375
2024-08-07 19:45:00,0.0,0.19970703125,0.5,0.0,0.30029296875
2024-08-07 20:00:00,0.0,0.0,0.09765625,0.0,0.09765625
2024-08-07 20:30:00,0.10009765625,0.0,0.703125,0.0,0.60302734375
2024-08-07 21:00:00,0.0,0.0,0.296875,0.0,0.296875
2024-08-07 21:15:00,0.0,0.0,0.203125,0.0,0.203125
2024-08-07 21:30:00,0.0,0.0,0.296875,0.0,0.296875
2024-08-07 22:30:00,0.0999755859375,0.0,0.90234375,0.10003662109375,0.70233154296875
2024-08-07 22:45:00,0.0,0.0,0.09765625,0.0,0.09765625
2024-08-07 23:30:00,0.0999755859375,0.0,0.703125,0.0,0.6031494140625
2024-08-07 23:45:00,0.0,0.0,0.296875,0.0,0.296875
2024-08-08 00:00:00,0.0,0.0,0.1015625,0.0,0.1015625
2024-08-08 00:30:00,0.0,0.0,0.3984375,0.0,0.3984375
2024-08-08 00:45:00,0.0999755859375,0.0,0.30078125,0.0,0.2008056640625
2024-08-08 01:15:00,0.0,0.0,0.30078125,0.0,0.30078125
2024-08-08 01:45:00,0.0,0.0,0.5,0.0999755859375,0.4000244140625
2024-08-08 02:00:00,0.0,0.0,0.19921875,0.0,0.19921875
2024-08-08 03:30:00,0.2000732421875,0.0,1.40234375,0.0,1.2022705078125
2024-08-08 03:45:00,0.0,0.0,0.19921875,0.0,0.19921875
2024-08-08 04:00:00,0.0,0.0,0.09765625,0.0,0.09765625
2024-08-08 04:15:00,0.0,0.0,0.203125,0.0,0.203125
2024-08-08 05:30:00,0.0999755859375,0.39990234375,1.69921875,0.0999755859375,1.099365234375
2024-08-08 06:00:00,0.0,0.10009765625,0.69921875,0.0,0.59912109375
2024-08-08 06:15:00,0.199951171875,0.600341796875,1.1015625,0.0,0.30126953125
2024-08-08 06:30:00,0.2000732421875,0.400390625,0.69921875,0.0,0.0987548828125
2024-08-08 07:00:00,0.0999755859375,0.199462890625,0.69921875,0.0,0.3997802734375
2024-08-08 08:15:00,0.4000244140625,3.30047607421875,5.5,0.10003662109375,1.699462890625
2024-08-08 09:00:00,0.39990234375,2.2998046875,4.0,0.0,1.30029296875
2024-08-08 09:15:00,0.10009765625,0.79998779296875,1.5,0.0,0.59991455078125
2024-08-08 09:45:00,0.199951171875,1.2001953125,2.3984375,0.0,0.998291015625
2024-08-08 10:00:00,0.0999755859375,0.699951171878638,1.40234375,0.0,0.602416992183862
2024-08-08 10:30:00,0.300048828125,1.699829101558862,3.3984375,0.0999755859375,1.298583984378638
2024-08-08 10:45:00,0.0999755859375,0.5,0.90234375,0.0,0.3023681640625
2024-08-08 11:15:00,0.0999755859375,1.39990234375,2.69921875,0.0,1.1993408203125
2024-08-08 11:30:00,0.0,0.400390625,0.8984375,0.0,0.498046875
2024-08-08 11:45:00,0.0,1.099609375,2.0,0.0,0.900390625
2024-08-08 12:15:00,0.0999755859375,0.900146484375,1.5,0.0,0.4998779296875
2024-08-08 12:30:00,0.10009765625,0.899658203121362,1.5,0.0,0.500244140628638
2024-08-08 12:45:00,0.0999755859375,0.399902343753638,0.80078125,0.0,0.300903320308862
2024-08-08 13:00:00,0.0999755859375,0.600830078125,1.30078125,0.0,0.5999755859375
2024-08-08 13:15:00,0.0999755859375,1.199462890625,2.3984375,0.10003662109375,0.99896240234375
2024-08-08 13:30:00,0.0999755859375,0.5,1.0,0.0,0.4000244140625
2024-08-08 13:45:00,0.0,0.400390625,0.90234375,0.0,0.501953125
2024-08-08 14:15:00,0.2000732421875,1.400146484375,3.0,0.0,1.3997802734375
2024-08-08 14:30:00,0.199951171875,1.400146484375,2.5,0.0,0.89990234375
2024-08-08 14:45:00,0.0,0.19970703125,0.5,0.0,0.30029296875
2024-08-08 15:00:00,0.0999755859375,0.599609375,1.59765625,0.0,0.8980712890625
2024-08-08 15:15:00,0.10009765625,1.1002197265625,1.90234375,0.0,0.7020263671875
2024-08-08 15:30:00,0.0999755859375,0.899658203128638,2.0,0.0,1.000366210933862
2024-08-08 16:00:00,0.199951171875,1.500122070308862,2.796875,0.0,1.096801757816138
2024-08-08 16:15:00,0.0,0.400268554691138,0.5,0.0,0.09973144530886202
2024-08-08 16:45:00,0.0999755859375,1.599792480461474,3.6015625,0.0999755859375,1.801818847663526
2024-08-08 17:00:00,0.10009765625,0.700073242191138,1.0,0.0,0.19982910155886202
2024-08-08 17:30:00,0.0999755859375,1.499877929691138,3.0,0.0,1.400146484371362
2024-08-08 18:15:00,0.2999267578125,2.800231933590112,4.8984375,0.0,1.798278808597388
2024-08-08 19:15:00,0.2000732421875,2.60009765625,3.90234375,0.0999755859375,1.002197265625
2024-08-08 19:30:00,0.0999755859375,0.80029296875,1.19921875,0.0,0.2989501953125
2024-08-08 20:00:00,0.0999755859375,0.999755859375,1.19921875,0.0,0.0994873046875
2024-08-08 21:30:00,0.2000732421875,3.299804687496362,5.0,0.0,1.500122070316138
2024-08-08 21:45:00,0.0,0.300292968753638,0.5,0.0,0.19970703124636202
2024-08-08 22:15:00,0.0999755859375,0.299316406246362,0.6015625,0.10003662109375,0.10223388672238798
2024-08-08 22:30:00,0.0,0.0,0.19921875,0.0,0.19921875
2024-08-08 22:45:00,0.0,0.0,0.1015625,0.0,0.1015625
2024-08-08 23:15:00,0.0999755859375,0.0,0.3984375,0.0,0.2984619140625
2024-08-08 23:30:00,0.0,0.0,0.19921875,0.0,0.19921875
2024-08-08 23:45:00,0.0,0.0,0.19921875,0.0,0.19921875
2024-08-09 00:45:00,0.0999755859375,0.0,0.703125,0.0,0.6031494140625
2024-08-09 01:00:00,0.0,0.0,0.19921875,0.0,0.19921875
2024-08-09 01:15:00,0.0,0.0,0.09765625,0.0999755859375,-0.0023193359375
2024-08-09 01:45:00,0.0,0.0,0.30078125,0.0,0.30078125
2024-08-09 02:00:00,0.0,0.0,0.19921875,0.0,0.19921875
2024-08-09 02:15:00,0.0999755859375,0.0,0.30078125,0.0,0.2008056640625
2024-08-09 03:00:00,0.0,0.0,0.6015625,0.0,0.6015625
2024-08-09 03:30:00,0.0,0.0,0.19921875,0.0,0.19921875
2024-08-09 03:45:00,0.10009765625,0.0,0.30078125,0.0,0.20068359375
2024-08-09 04:00:00,0.0,0.0,0.19921875,0.0,0.19921875
2024-08-09 04:15:00,0.0,0.0,0.19921875,0.10003662109375,0.09918212890625
2024-08-09 05:00:00,0.0999755859375,0.299804687503638,0.90234375,0.0,0.502563476558862
2024-08-09 05:15:00,0.0,0.0,0.09765625,0.0,0.09765625
2024-08-09 05:30:00,0.0,0.20019531249636202,0.40234375,0.0,0.20214843750363798
2024-08-09 05:45:00,0.0,0.0,0.3984375,0.0,0.3984375
2024-08-09 06:00:00,0.199951171875,0.600341796878638,0.8984375,0.0,0.09814453124636202
2024-08-09 06:15:00,0.0999755859375,0.2001953125,0.5,0.0,0.1998291015625
2024-08-09 06:30:00,0.2000732421875,0.600341796875,0.90234375,0.0,0.1019287109375
2024-08-09 07:15:00,0.0999755859375,0.999755859375,1.80078125,0.0999755859375,0.60107421875
2024-08-09 07:30:00,0.0999755859375,0.500244140625,0.796875,0.0,0.1966552734375
2024-08-09 08:00:00,0.0,0.599121093746362,1.1015625,0.0,0.502441406253638
2024-08-09 08:30:00,0.300048828125,1.899841308597388,3.6015625,0.0,1.401672363277612
2024-08-09 08:45:00,0.0999755859375,0.80078125,1.296875,0.0,0.3961181640625
2024-08-09 09:00:00,0.0999755859375,0.4002685546875,1.0,0.0,0.499755859375
2024-08-09 09:45:00,0.4000244140625,2.59979248046875,4.80078125,0.0,1.80096435546875
2024-08-09 10:00:00,0.199951171875,0.9996337890625,1.5,0.0,0.3004150390625
2024-08-09 10:15:00,0.0,0.1005859375,0.5,0.0,0.3994140625
2024-08-09 10:30:00,0.2000732421875,1.29949951171875,2.40234375,0.0999755859375,0.80279541015625
2024-08-09 10:45:00,0.0999755859375,0.8001708984375,1.5,0.0,0.599853515625
2024-08-09 11:00:00,0.0,0.2998046875,0.3984375,0.0,0.0986328125
2024-08-09 12:00:00,0.300048828125,3.10028076171875,5.69921875,0.0,2.29888916015625
2024-08-09 12:15:00,0.0999755859375,0.199462890625,0.30078125,0.0,0.0013427734375
2024-08-09 12:45:00,0.199951171875,1.100341796878638,2.30078125,0.0,1.000488281246362
2024-08-09 13:15:00,0.0999755859375,0.799560546871362,2.0,0.0,1.100463867191138
2024-08-09 14:15:00,0.300048828125,2.5997314453125,5.0,0.10003662109375,2.00018310546875
2024-08-09 14:30:00,0.0999755859375,0.8011474609375,1.69921875,0.0,0.798095703125
2024-08-09 15:00:00,0.2000732421875,1.39947509765625,3.0,0.0,1.40045166015625
2024-08-09 15:30:00,0.0999755859375,0.99957275390625,2.1015625,0.0,1.00201416015625
2024-08-09 15:45:00,0.0999755859375,0.400634765625,0.796875,0.0,0.2962646484375
2024-08-09 16:30:00,0.300048828125,2.000061035152612,4.0,0.0999755859375,1.599914550784888
2024-08-09 17:00:00,0.199951171875,1.399414062503638,2.703125,0.0,1.103759765621362
2024-08-09 17:15:00,0.0,0.300537109378638,0.796875,0.0,0.496337890621362
2024-08-09 18:00:00,0.300048828125,1.999572753902612,3.703125,0.0,1.403503417972388
2024-08-09 18:15:00,0.0999755859375,0.599853515625,0.8984375,0.0,0.1986083984375
2024-08-09 18:30:00,0.0,0.50048828125,0.80078125,0.0,0.30029296875
2024-08-09 19:00:00,0.0999755859375,0.699951171878638,1.19921875,0.0,0.399291992183862
2024-08-09 19:45:00,0.199951171875,1.699951171871362,3.0,0.10003662109375,1.000061035159888
2024-08-09 20:00:00,0.0,0.20043945312863798,0.30078125,0.0,0.10034179687136202
2024-08-09 20:15:00,0.10009765625,0.599609375,1.09765625,0.0,0.39794921875
2024-08-09 20:45:00,0.0999755859375,1.100097656246362,1.6015625,0.0,0.401489257816138
2024-08-09 21:00:00,0.0,0.099609375,0.30078125,0.0,0.201171875
2024-08-09 21:15:00,0.0,0.300048828125,0.59765625,0.0,0.297607421875
2024-08-09 21:30:00,0.0,0.2001953125,0.5,0.0,0.2998046875
2024-08-09 21:45:00,0.0,0.2001953125,0.30078125,0.0,0.1005859375
2024-08-09 22:30:00,0.0999755859375,0.29931640625,0.90234375,0.0999755859375,0.403076171875
2024-08-09 22:45:00,0.0,0.0,0.19921875,0.0,0.19921875
2024-08-09 23:00:00,0.0,0.0,0.3984375,0.0,0.3984375
2024-08-09 23:15:00,0.0,0.0,0.1015625,0.0,0.1015625
2024-08-09 23:30:00,0.0999755859375,0.0,0.19921875,0.0,0.0992431640625
2024-08-09 23:45:00,0.0,0.0,0.30078125,0.0,0.30078125
2024-08-10 00:00:00,0.0,0.0,0.19921875,0.0,0.19921875
2024-08-10 00:15:00,0.0,0.0,0.19921875,0.0,0.19921875
2024-08-10 00:45:00,0.0999755859375,0.0,0.30078125,0.0,0.2008056640625
2024-08-10 01:00:00,0.0,0.0,0.3984375,0.0,0.3984375
2024-08-10 01:30:00,0.0,0.0,0.40234375,0.0999755859375,0.3023681640625
2024-08-10 01:45:00,0.0,0.0,0.19921875,0.0,0.19921875
2024-08-10 02:00:00,0.10009765625,0.0,0.30078125,0.0,0.20068359375
2024-08-10 02:15:00,0.0,0.0,0.09765625,0.0,0.09765625
2024-08-10 02:30:00,0.0,0.0,0.30078125,0.0,0.30078125
2024-08-10 03:15:00,0.0,0.0,0.6015625,0.0,0.6015625
2024-08-10 03:30:00,0.0999755859375,0.0,0.3984375,0.0,0.2984619140625
2024-08-10 03:45:00,0.0,0.0,0.19921875,0.0,0.19921875
2024-08-10 04:15:00,0.0,0.0,0.30078125,0.10003662109375,0.20074462890625
2024-08-10 04:30:00,0.0,0.0,0.40234375,0.0,0.40234375
2024-08-10 05:15:00,0.0999755859375,0.0,0.59765625,0.0,0.4976806640625
2024-08-10 05:30:00,0.0,0.0,0.19921875,0.0,0.19921875
2024-08-10 06:00:00,0.0,0.0,0.40234375,0.0,0.40234375
2024-08-10 06:15:00,0.0,0.0,0.19921875,0.0,0.19921875
2024-08-10 06:45:00,0.0999755859375,0.0,0.5,0.0,0.4000244140625
2024-08-10 07:15:00,0.0,0.0,0.30078125,0.0999755859375,0.2008056640625
2024-08-10 07:30:00,0.0,0.0,0.30078125,0.0,0.30078125
2024-08-10 07:45:00,0.0999755859375,0.0,0.296875,0.0,0.1968994140625
2024-08-10 08:00:00,0.0,0.0,0.1015625,0.0,0.1015625
2024-08-10 08:45:00,0.0,0.0,0.5,0.0,0.5
2024-08-10 09:45:00,0.2000732421875,0.10009765625,1.19921875,0.0,0.8990478515625
2024-08-10 10:15:00,0.0,0.0,0.5,0.10003662109375,0.39996337890625
2024-08-10 10:45:00,0.0999755859375,0.0,0.40234375,0.0,0.3023681640625
2024-08-10 11:30:00,0.0,0.0,0.59765625,0.0,0.59765625
2024-08-10 12:00:00,0.0999755859375,0.10009765625,0.6015625,0.0,0.4014892578125
2024-08-10 12:30:00,0.0,0.0,0.5,0.0,0.5
2024-08-10 13:00:00,0.0,0.10009765625,0.30078125,0.0,0.20068359375
2024-08-10 13:15:00,0.0999755859375,0.0,0.3984375,0.0999755859375,0.198486328125
2024-08-10 13:30:00,0.0,0.099609375,0.30078125,0.0,0.201171875
2024-08-10 14:00:00,0.0,0.0,0.5,0.0,0.5
2024-08-10 14:15:00,0.0,0.0,0.19921875,0.0,0.19921875
2024-08-10 14:30:00,0.0,0.10009765625,0.30078125,0.0,0.20068359375
2024-08-10 14:45:00,0.0,0.0,0.09765625,0.0,0.09765625
2024-08-10 15:00:00,0.10009765625,0.0,0.203125,0.0,0.10302734375
2024-08-10 15:30:00,0.0,0.10009765625,0.69921875,0.0,0.59912109375
2024-08-10 16:00:00,0.0,0.0,0.3984375,0.0,0.3984375
2024-08-10 16:30:00,0.0999755859375,0.10009765625,0.5,0.0999755859375,0.199951171875
2024-08-10 16:45:00,0.0,0.0,0.19921875,0.0,0.19921875
2024-08-10 17:15:00,0.0,0.10009765625,0.6015625,0.0,0.50146484375
2024-08-10 18:15:00,0.0999755859375,0.099609375,0.69921875,0.0,0.4996337890625
2024-08-10 18:30:00,0.0,0.0,0.1015625,0.0,0.1015625
2024-08-10 19:30:00,0.0999755859375,0.0,0.8984375,0.10003662109375,0.69842529296875
2024-08-10 20:00:00,0.0,0.0,0.40234375,0.0,0.40234375
2024-08-10 20:15:00,0.0,0.0,0.3984375,0.0,0.3984375
2024-08-10 20:30:00,0.0999755859375,0.0,0.0,0.0,-0.0999755859375
2024-08-10 21:15:00,0.0,0.0,0.6015625,0.0,0.6015625
2024-08-10 21:45:00,0.10009765625,0.0,0.5,0.0,0.39990234375
2024-08-10 22:00:00,0.0,0.0,0.09765625,0.0,0.09765625
2024-08-10 22:30:00,0.0,0.0,0.5,0.0999755859375,0.4000244140625
2024-08-10 22:45:00,0.0,0.0,0.19921875,0.0,0.19921875
2024-08-10 23:15:00,0.0999755859375,0.0,0.30078125,0.0,0.2008056640625
2024-08-11 00:00:00,0.0,0.0,0.6015625,0.0,0.6015625
2024-08-11 00:30:00,0.0,0.0,0.19921875,0.0,0.19921875
2024-08-11 00:45:00,0.0999755859375,0.0,0.19921875,0.0,0.0992431640625
2024-08-11 01:00:00,0.0,0.0,0.19921875,0.0,0.19921875
2024-08-11 01:15:00,0.0,0.0,0.1015625,0.10003662109375,0.00152587890625
2024-08-11 02:15:00,0.0999755859375,0.0,1.1015625,0.0,1.0015869140625
2024-08-11 03:00:00,0.0,0.0,0.5,0.0,0.5
2024-08-11 04:00:00,0.0999755859375,0.0,0.796875,0.0999755859375,0.596923828125
2024-08-11 04:45:00,0.10009765625,0.0,0.6015625,0.0,0.50146484375
2024-08-11 05:00:00,0.0,0.0,0.1015625,0.0,0.1015625
2024-08-11 06:00:00,0.0,0.0,0.796875,0.0,0.796875
2024-08-11 06:15:00,0.0999755859375,0.0,0.203125,0.0,0.1031494140625
2024-08-11 06:30:00,0.0,0.0,0.296875,0.0,0.296875
2024-08-11 07:00:00,0.0,0.0,0.30078125,0.0,0.30078125
2024-08-11 07:15:00,0.0,0.0,0.19921875,0.0999755859375,0.0992431640625
2024-08-11 07:30:00,0.0,0.0,0.203125,0.0,0.203125
2024-08-11 07:45:00,0.0999755859375,0.0,0.296875,0.0,0.1968994140625
2024-08-11 08:00:00,0.0,0.0,0.30078125,0.0,0.30078125
2024-08-11 08:15:00,0.0,0.0,0.19921875,0.0,0.19921875
2024-08-11 08:30:00,0.0,0.0,0.203125,0.0,0.203125
2024-08-11 08:45:00,0.0,0.0,0.19921875,0.0,0.19921875
2024-08-11 09:00:00,0.0999755859375,0.0,0.19921875,0.0,0.0992431640625
2024-08-11 10:00:00,0.0,0.0,0.80078125,0.10003662109375,0.70074462890625
2024-08-11 10:15:00,0.0,0.0,0.19921875,0.0,0.19921875
2024-08-11 10:30:00,0.0999755859375,0.0,0.19921875,0.0,0.0992431640625
2024-08-11 10:45:00,0.0,0.0,0.19921875,0.0,0.19921875
2024-08-11 11:00:00,0.0,0.0,0.203125,0.0,0.203125
2024-08-11 11:30:00,0.0,0.0,0.3984375,0.0,0.3984375
2024-08-11 11:45:00,0.0,0.0,0.19921875,0.0,0.19921875
2024-08-11 12:15:00,0.10009765625,0.0,0.5,0.0,0.39990234375
2024-08-11 12:30:00,0.0,0.0,0.19921875,0.0,0.19921875
2024-08-11 14:00:00,0.0999755859375,0.10009765625,1.40234375,0.0999755859375,1.102294921875
2024-08-11 14:45:00,0.0999755859375,0.10009765625,0.69921875,0.0,0.4991455078125
2024-08-11 15:00:00,0.0,0.10009765625,0.3984375,0.0,0.29833984375
2024-08-11 15:15:00,0.0,0.0,0.1015625,0.0,0.1015625
2024-08-11 15:30:00,0.0,0.0,0.3984375,0.0,0.3984375
2024-08-11 16:00:00,0.0999755859375,0.10009765625,0.6015625,0.10003662109375,0.30145263671875
2024-08-11 16:45:00,0.0,0.099609375,0.80078125,0.0,0.701171875
2024-08-11 17:00:00,0.0,0.0,0.09765625,0.0,0.09765625
2024-08-11 18:00:00,0.0999755859375,0.0,1.1015625,0.0,1.0015869140625
2024-08-11 18:15:00,0.0,0.0,0.19921875,0.0,0.19921875
2024-08-11 18:45:00,0.0,0.0,0.40234375,0.0,0.40234375
2024-08-11 19:00:00,0.10009765625,0.0,0.19921875,0.0999755859375,-0.0008544921875
2024-08-11 20:00:00,0.0,0.0,0.69921875,0.0,0.69921875
2024-08-11 20:15:00,0.0999755859375,0.0,0.3984375,0.0,0.2984619140625
2024-08-11 20:45:00,0.0999755859375,0.2001953125,0.6015625,0.0,0.3013916015625
2024-08-11 21:00:00,0.0,0.0,0.30078125,0.0,0.30078125
2024-08-11 21:15:00,0.0,0.1005859375,0.30078125,0.0,0.2001953125
2024-08-11 21:45:00,0.0999755859375,0.0,0.5,0.0,0.4000244140625
2024-08-11 22:00:00,0.0,0.0,0.19921875,0.0999755859375,0.0992431640625
2024-08-11 22:15:00,0.0,0.0,0.0,0.0,0.0
2024-08-11 22:30:00,0.0,0.0,0.3984375,0.0,0.3984375
2024-08-11 22:45:00,0.0,0.0,0.1015625,0.0,0.1015625
2024-08-11 23:30:00,0.0999755859375,0.0,0.59765625,0.0,0.4976806640625
2024-08-11 23:45:00,0.0,0.0,0.1015625,0.0,0.1015625
2024-08-12 00:00:00,0.0,0.0,0.19921875,0.0,0.19921875
2024-08-12 00:15:00,0.0,0.0,0.30078125,0.0,0.30078125
2024-08-12 00:45:00,0.10009765625,0.0,0.30078125,0.0,0.20068359375
2024-08-12 01:15:00,0.0,0.0,0.3984375,0.10003662109375,0.29840087890625
2024-08-12 01:45:00,0.0,0.0,0.40234375,0.0,0.40234375
2024-08-12 02:00:00,0.0999755859375,0.0,0.19921875,0.0,0.0992431640625
2024-08-12 02:15:00,0.0,0.0,0.30078125,0.0,0.30078125
2024-08-12 02:45:00,0.0,0.0,0.3984375,0.0,0.3984375
2024-08-12 03:00:00,0.0,0.0,0.19921875,0.0,0.19921875
2024-08-12 03:15:00,0.0,0.0,0.1015625,0.0,0.1015625
2024-08-12 03:45:00,0.0999755859375,0.0,0.3984375,0.0,0.2984619140625
2024-08-12 04:45:00,0.0999755859375,0.199951171875,1.0,0.0999755859375,0.60009765625
2024-08-12 05:30:00,0.0,0.199951171875,0.80078125,0.0,0.600830078125
2024-08-12 06:00:00,0.0999755859375,0.19995117187863798,0.69921875,0.0,0.399291992183862
2024-08-12 06:15:00,0.0,0.19970703124636202,0.5,0.0,0.300292968753638
2024-08-12 07:15:00,0.4000244140625,1.5,2.6015625,0.10003662109375,0.60150146484375
2024-08-12 07:30:00,0.0,0.6005859375,0.8984375,0.0,0.2978515625
2024-08-12 08:00:00,0.2000732421875,1.69915771484375,2.5,0.0,0.60076904296875
2024-08-12 08:15:00,0.0999755859375,0.400390625,0.80078125,0.0,0.3004150390625
2024-08-12 08:30:00,0.0999755859375,1.0003662109375,1.5,0.0,0.399658203125
2024-08-12 09:15:00,0.300048828125,2.29913330078125,4.30078125,0.0,1.70159912109375
2024-08-12 09:30:00,0.0999755859375,0.800659179691138,1.3984375,0.0,0.497802734371362
2024-08-12 09:45:00,0.0,0.19970703124636202,0.5,0.0,0.300292968753638
2024-08-12 10:00:00,0.0999755859375,0.900085449215112,1.40234375,0.0,0.402282714847388
2024-08-12 10:30:00,0.300048828125,1.799804687503638,3.3984375,0.0999755859375,1.198608398433862
2024-08-12 10:45:00,0.0999755859375,1.00018310546875,2.0,0.0,0.89984130859375
2024-08-12 11:00:00,0.0,0.30078125,0.5,0.0,0.19921875
2024-08-12 11:15:00,0.199951171875,1.09967041015625,2.1015625,0.0,0.80194091796875
2024-08-12 11:30:00,0.0999755859375,0.7996826171875,1.69921875,0.0,0.799560546875
2024-08-12 11:45:00,0.2000732421875,0.4005126953125,1.19921875,0.0,0.5986328125
2024-08-12 12:15:00,0.199951171875,0.899108886715112,2.0,0.0,0.900939941409888
2024-08-12 12:30:00,0.0999755859375,0.500366210941138,0.69921875,0.0,0.09887695312136202
2024-08-12 13:45:00,0.7000732421875,3.599853515625,7.1015625,0.0999755859375,2.70166015625
2024-08-12 14:00:00,0.199951171875,1.0001220703125,2.19921875,0.0,0.9991455078125
2024-08-12 14:15:00,0.0999755859375,1.000122070316138,2.1015625,0.0,1.001464843746362
2024-08-12 15:00:00,0.4000244140625,1.999389648433862,3.69921875,0.0,1.299804687503638
2024-08-12 15:15:00,0.2000732421875,1.4005126953125,2.59765625,0.0,0.9970703125
2024-08-12 15:30:00,0.0,0.2996826171875,0.5,0.0,0.2003173828125
2024-08-12 16:00:00,0.39990234375,2.2001953125,4.1015625,0.10003662109375,1.40142822265625
2024-08-12 16:15:00,0.10009765625,0.600219726566138,1.1015625,0.0,0.401245117183862
2024-08-12 16:30:00,0.199951171875,1.099853515621362,2.09765625,0.0,0.797851562503638
2024-08-12 17:00:00,0.0999755859375,1.0001220703125,2.1015625,0.0,1.00146484375
2024-08-12 17:15:00,0.300048828125,1.3995361328125,2.59765625,0.0,0.8980712890625
2024-08-12 17:30:00,0.0,0.400634765625,0.6015625,0.0,0.200927734375
2024-08-12 18:00:00,0.4000244140625,2.20013427734375,4.30078125,0.0,1.70062255859375
2024-08-12 18:15:00,0.0999755859375,1.0989990234375,1.3984375,0.0,0.199462890625
2024-08-12 19:00:00,0.2999267578125,2.00128173828125,3.30078125,0.0999755859375,0.89959716796875
2024-08-12 19:30:00,0.2000732421875,1.6995849609375,2.80078125,0.0,0.901123046875
2024-08-12 20:00:00,0.0999755859375,0.5999755859375,1.19921875,0.0,0.499267578125
2024-08-12 20:45:00,0.0999755859375,0.300048828125,0.8984375,0.0,0.4984130859375
2024-08-12 21:45:00,0.0,0.0,1.0,0.0,1.0
2024-08-12 22:00:00,0.0999755859375,0.0,0.30078125,0.10003662109375,0.10076904296875
2024-08-12 22:15:00,0.0,0.0,0.19921875,0.0,0.19921875
2024-08-12 22:30:00,0.0,0.0,0.1015625,0.0,0.1015625
2024-08-12 22:45:00,0.0,0.0,0.19921875,0.0,0.19921875
2024-08-12 23:00:00,0.0,0.0,0.30078125,0.0,0.30078125
2024-08-12 23:30:00,0.10009765625,0.0,0.3984375,0.0,0.29833984375
2024-08-12 23:45:00,0.0,0.0,0.203125,0.0,0.203125
2024-08-13 00:00:00,0.0,0.0,0.19921875,0.0,0.19921875
2024-08-13 00:15:00,0.0,0.0,0.09765625,0.0,0.09765625
2024-08-13 00:30:00,0.0,0.0,0.30078125,0.0,0.30078125
2024-08-13 00:45:00,0.0999755859375,0.0,0.19921875,0.0,0.0992431640625
2024-08-13 01:15:00,0.0,0.0,0.5,0.0999755859375,0.4000244140625
2024-08-13 01:30:00,0.0,0.0,0.1015625,0.0,0.1015625
2024-08-13 01:45:00,0.0,0.0,0.30078125,0.0,0.30078125
2024-08-13 02:00:00,0.0,0.0,0.09765625,0.0,0.09765625
2024-08-13 02:15:00,0.0999755859375,0.0,0.40234375,0.0,0.3023681640625
2024-08-13 02:30:00,0.0,0.0,0.09765625,0.0,0.09765625
2024-08-13 02:45:00,0.0,0.0,0.30078125,0.0,0.30078125
2024-08-13 03:00:00,0.0,0.0,0.19921875,0.0,0.19921875
2024-08-13 03:45:00,0.0999755859375,0.0,0.6015625,0.0,0.5015869140625
2024-08-13 04:30:00,0.0,0.0,0.69921875,0.0999755859375,0.5992431640625
2024-08-13 05:30:00,0.0999755859375,0.400146484371362,1.40234375,0.0,0.902221679691138
2024-08-13 05:45:00,0.0,0.0,0.09765625,0.0,0.09765625
2024-08-13 06:00:00,0.0,0.09985351562863798,0.40234375,0.0,0.302490234371362
2024-08-13 06:15:00,0.2000732421875,0.49951171875,1.19921875,0.0,0.4996337890625
2024-08-13 06:30:00,0.0999755859375,0.500732421875,0.59765625,0.0,-0.0030517578125
2024-08-13 07:00:00,0.300048828125,1.1998291015625,2.1015625,0.10003662109375,0.50164794921875
2024-08-13 07:30:00,0.0999755859375,0.999755859378638,1.6015625,0.0,0.501831054683862
2024-08-13 07:45:00,0.0999755859375,0.500488281246362,0.796875,0.0,0.19641113281613798
2024-08-13 08:00:00,0.0,0.499267578125,0.80078125,0.0,0.301513671875
2024-08-13 08:45:00,0.4000244140625,1.600341796875,3.1015625,0.0,1.1011962890625
2024-08-13 09:00:00,0.0999755859375,0.6995849609375,0.80078125,0.0,0.001220703125
2024-08-13 09:15:00,0.199951171875,1.20086669921875,2.09765625,0.0,0.69683837890625
2024-08-13 10:00:00,0.300048828125,2.199462890625,4.1015625,0.0999755859375,1.5020751953125
2024-08-13 10:30:00,0.199951171875,1.40008544921875,2.59765625,0.0,0.99761962890625
2024-08-13 10:45:00,0.0,0.5,1.0,0.0,0.5
2024-08-13 11:00:00,0.10009765625,0.6995849609375,1.40234375,0.0,0.6026611328125
2024-08-13 11:15:00,0.0999755859375,0.59979248046875,0.8984375,0.0,0.19866943359375
2024-08-13 11:30:00,0.199951171875,0.900634765625,1.80078125,0.0,0.7001953125
2024-08-13 12:00:00,0.2000732421875,1.299560546875,2.5,0.0,1.0003662109375
2024-08-13 12:15:00,0.0999755859375,0.5,1.0,0.0,0.4000244140625
2024-08-13 13:00:00,0.2999267578125,1.300048828125,2.8984375,0.10003662109375,1.19842529296875
2024-08-13 13:15:00,0.10009765625,0.300537109375,0.80078125,0.0,0.400146484375
2024-08-13 14:45:00,0.5999755859375,3.80010986328125,7.69921875,0.0,3.29913330078125
2024-08-13 15:45:00,0.5,1.89990234375,4.6015625,0.0999755859375,2.1016845703125
2024-08-13 16:00:00,0.0999755859375,0.3994140625,0.80078125,0.0,0.3013916015625
2024-08-13 16:30:00,0.4000244140625,1.2001953125,2.80078125,0.0,1.2005615234375
2024-08-13 17:00:00,0.4000244140625,1.00048828125,2.3984375,0.0,0.9979248046875
2024-08-13 17:15:00,0.0999755859375,0.0,0.3984375,0.0,0.2984619140625
2024-08-13 17:30:00,0.2999267578125,0.800048828125,2.0,0.0,0.9000244140625
2024-08-13 19:15:00,1.10009765625,3.299560546875,6.703125,0.0999755859375,2.2034912109375
2024-08-13 19:30:00,0.2999267578125,0.700439453125,1.296875,0.0,0.2965087890625
2024-08-13 19:45:00,0.2000732421875,0.3994140625,1.0,0.0,0.4005126953125
2024-08-13 20:30:00,0.2999267578125,0.700439453125,1.6015625,0.0,0.6011962890625
2024-08-13 20:45:00,0.0999755859375,0.0,0.1015625,0.0,0.0015869140625
2024-08-13 21:00:00,0.10009765625,0.2001953125,0.5,0.0,0.19970703125
2024-08-13 21:30:00,0.0,0.0,0.3984375,0.0,0.3984375
2024-08-13 21:45:00,0.0,0.0,0.19921875,0.10003662109375,0.09918212890625
2024-08-13 22:00:00,0.0,0.0,0.19921875,0.0,0.19921875
2024-08-13 22:15:00,0.0999755859375,0.0,0.203125,0.0,0.1031494140625
2024-08-13 23:15:00,0.0,0.0,0.69921875,0.0,0.69921875
2024-08-14 01:00:00,0.0999755859375,0.0,1.3984375,0.0999755859375,1.198486328125
2024-08-14 01:15:00,0.0999755859375,0.0,0.19921875,0.0,0.0992431640625
2024-08-14 01:30:00,0.0,0.0,0.203125,0.0,0.203125
2024-08-14 01:45:00,0.0,0.0,0.3984375,0.0,0.3984375
2024-08-14 02:15:00,0.0,0.0,0.30078125,0.0,0.30078125
2024-08-14 02:45:00,0.0999755859375,0.0,0.5,0.0,0.4000244140625
2024-08-14 03:00:00,0.0,0.0,0.09765625,0.0,0.09765625
2024-08-14 03:15:00,0.0,0.0,0.40234375,0.0,0.40234375
2024-08-14 03:30:00,0.0,0.0,0.09765625,0.0,0.09765625
2024-08-14 04:45:00,0.10009765625,0.09985351562136202,1.30078125,0.10003662109375,1.000793457034888
2024-08-14 05:15:00,0.0999755859375,0.19995117187863798,0.5,0.0,0.20007324218386202
2024-08-14 05:45:00,0.0,0.2001953125,0.6015625,0.0,0.4013671875
2024-08-14 06:00:00,0.0999755859375,0.399658203125,1.0,0.0,0.5003662109375
2024-08-14 06:30:00,0.300048828125,0.599365234375,1.19921875,0.0,0.2998046875
2024-08-14 06:45:00,0.0,0.10009765625,0.1015625,0.0,0.00146484375
2024-08-14 07:15:00,0.0999755859375,0.900146484375,1.69921875,0.0999755859375,0.59912109375
2024-08-14 08:15:00,0.2999267578125,2.200195312496362,3.5,0.0,0.999877929691138
2024-08-14 09:15:00,0.5,2.900085449222388,5.59765625,0.0,2.197570800777612
2024-08-14 09:30:00,0.10009765625,0.800048828125,1.40234375,0.0,0.502197265625
2024-08-14 09:45:00,0.199951171875,0.70013427734375,1.3984375,0.0999755859375,0.39837646484375
2024-08-14 10:00:00,0.0,0.5999755859375,1.0,0.0,0.4000244140625
2024-08-14 11:00:00,0.5,2.69940185546875,5.30078125,0.0,2.10137939453125
2024-08-14 11:15:00,0.199951171875,1.00018310546875,2.0,0.0,0.79986572265625
2024-08-14 12:00:00,0.300048828125,2.0006103515625,3.8984375,0.0,1.5977783203125
2024-08-14 12:30:00,0.300048828125,1.49969482421875,2.80078125,0.0,1.00103759765625
2024-08-14 12:45:00,0.199951171875,0.699340820308862,1.30078125,0.10003662109375,0.301452636722388
2024-08-14 13:15:00,0.199951171875,1.600158691409888,2.80078125,0.0,1.000671386715112
2024-08-14 13:45:00,0.2000732421875,1.3004150390625,2.3984375,0.0,0.89794921875
2024-08-14 15:00:00,0.5999755859375,3.800048828125,6.80078125,0.0,2.4007568359375
2024-08-14 15:30:00,0.300048828125,1.699768066402612,3.3984375,0.0,1.398620605472388
2024-08-14 16:00:00,0.199951171875,1.399841308597388,2.40234375,0.0999755859375,0.702575683590112
2024-08-14 16:15:00,0.199951171875,0.9998779296875,1.8984375,0.0,0.6986083984375
2024-08-14 16:45:00,0.2000732421875,1.90020751953125,3.30078125,0.0,1.20050048828125
2024-08-14 17:00:00,0.0999755859375,0.1995849609375,0.3984375,0.0,0.098876953125
2024-08-14 17:15:00,0.0999755859375,1.000488281246362,1.80078125,0.0,0.700317382816138
2024-08-14 17:45:00,0.2000732421875,1.60052490234375,2.80078125,0.0,1.00018310546875
2024-08-14 18:00:00,0.0,0.19970703125363798,0.3984375,0.0,0.19873046874636202
2024-08-14 18:30:00,0.2999267578125,1.9000244140625,3.0,0.0,0.800048828125
2024-08-14 18:45:00,0.0,0.49951171875,0.80078125,0.0,0.30126953125
2024-08-14 19:15:00,0.300048828125,1.500244140625,2.6015625,0.10003662109375,0.70123291015625
2024-08-14 19:30:00,0.0999755859375,0.699951171875,1.0,0.0,0.2000732421875
2024-08-14 20:00:00,0.199951171875,1.2001953125,1.8984375,0.0,0.498291015625
2024-08-14 20:30:00,0.10009765625,0.499267578128638,1.1015625,0.0,0.502197265621362
2024-08-14 21:15:00,0.0,0.80078125,1.5,0.0,0.69921875
2024-08-14 21:45:00,0.0,0.399658203121362,0.80078125,0.0,0.401123046878638
2024-08-14 22:00:00,0.0999755859375,0.2001953125,0.5,0.0999755859375,0.099853515625
2024-08-14 22:15:00,0.0,0.0,0.19921875,0.0,0.19921875
2024-08-14 22:30:00,0.0,0.0,0.19921875,0.0,0.19921875
2024-08-14 22:45:00,0.0,0.0,0.30078125,0.0,0.30078125
2024-08-14 23:00:00,0.0,0.0,0.19921875,0.0,0.19921875
2024-08-14 23:15:00,0.0,0.0,0.19921875,0.0,0.19921875
2024-08-14 23:45:00,0.0999755859375,0.0,0.40234375,0.0,0.3023681640625
2024-08-15 00:00:00,0.0,0.0,0.09765625,0.0,0.09765625
2024-08-15 00:15:00,0.0,0.0,0.40234375,0.0,0.40234375
2024-08-15 01:00:00,0.0999755859375,0.0,0.59765625,0.0999755859375,0.397705078125
2024-08-15 01:45:00,0.0,0.0,0.69921875,0.0,0.69921875
2024-08-15 02:00:00,0.0,0.0,0.203125,0.0,0.203125
2024-08-15 02:30:00,0.0999755859375,0.0,0.3984375,0.0,0.2984619140625
2024-08-15 02:45:00,0.0,0.0,0.30078125,0.0,0.30078125
2024-08-15 03:00:00,0.0,0.0,0.09765625,0.0,0.09765625
2024-08-15 03:15:00,0.0,0.0,0.30078125,0.0,0.30078125
2024-08-15 03:30:00,0.0,0.0,0.19921875,0.0,0.19921875
2024-08-15 04:00:00,0.10009765625,0.0,0.5,0.10003662109375,0.29986572265625
2024-08-15 05:00:00,0.0999755859375,0.0,0.90234375,0.0,0.8023681640625
2024-08-15 05:15:00,0.0,0.0,0.09765625,0.0,0.09765625
2024-08-15 05:45:00,0.0,0.0,0.5,0.0,0.5
2024-08-15 06:00:00,0.0,0.0,0.30078125,0.0,0.30078125
2024-08-15 06:30:00,0.0,0.0,0.30078125,0.0,0.30078125
2024-08-15 06:45:00,0.0999755859375,0.0,0.3984375,0.0999755859375,0.198486328125
2024-08-15 07:00:00,0.0,0.0,0.203125,0.0,0.203125
2024-08-15 07:30:00,0.0,0.0,0.3984375,0.0,0.3984375
2024-08-15 08:00:00,0.0999755859375,0.0,0.5,0.0,0.4000244140625
2024-08-15 08:30:00,0.0,0.0,0.3984375,0.0,0.3984375
2024-08-15 08:45:00,0.0,0.0,0.30078125,0.0,0.30078125
2024-08-15 09:00:00,0.0,0.0,0.0,0.0,0.0
2024-08-15 09:30:00,0.0999755859375,0.0,0.5,0.0,0.4000244140625
2024-08-15 09:45:00,0.0,0.0,0.30078125,0.10003662109375,0.20074462890625
2024-08-15 10:00:00,0.0,0.0,0.30078125,0.0,0.30078125
2024-08-15 10:45:00,0.10009765625,0.0,0.5,0.0,0.39990234375
2024-08-15 11:00:00,0.0,0.0,0.19921875,0.0,0.19921875
2024-08-15 11:15:00,0.0,0.0,0.3984375,0.0,0.3984375
2024-08-15 11:30:00,0.0,0.0,0.0,0.0,0.0
2024-08-15 11:45:00,0.0,0.0,0.203125,0.0,0.203125
2024-08-15 12:00:00,0.0,0.0,0.296875,0.0,0.296875
2024-08-15 13:45:00,0.199951171875,0.0,1.6015625,0.0999755859375,1.3016357421875
2024-08-15 14:00:00,0.0,0.0,0.19921875,0.0,0.19921875
2024-08-15 14:15:00,0.0999755859375,0.099609375,0.5,0.0,0.3004150390625
2024-08-15 15:30:00,0.4000244140625,0.5,2.0,0.0,1.0999755859375
2024-08-15 15:45:00,0.0999755859375,0.1005859375,0.6015625,0.0,0.4010009765625
2024-08-15 16:00:00,0.0999755859375,0.099609375,0.09765625,0.0999755859375,-0.201904296875
2024-08-15 16:15:00,0.10009765625,0.099609375,0.6015625,0.0,0.40185546875
2024-08-15 16:30:00,0.0999755859375,0.1005859375,0.19921875,0.0,-0.0013427734375
2024-08-15 16:45:00,0.0999755859375,0.099609375,0.69921875,0.0,0.4996337890625
2024-08-15 17:15:00,0.199951171875,0.2001953125,0.6015625,0.0,0.201416015625
2024-08-15 17:30:00,0.0,0.099609375,0.30078125,0.0,0.201171875
2024-08-15 18:45:00,0.10009765625,0.5,1.80078125,0.0,1.20068359375
2024-08-15 19:00:00,0.0,0.1005859375,0.19921875,0.10003662109375,-0.00140380859375
2024-08-15 19:15:00,0.0,0.099609375,0.30078125,0.0,0.201171875
2024-08-15 19:30:00,0.0,0.1005859375,0.19921875,0.0,0.0986328125
2024-08-15 19:45:00,0.0999755859375,0.099609375,0.59765625,0.0,0.3980712890625
2024-08-15 20:00:00,0.0,0.099609375,0.203125,0.0,0.103515625
2024-08-15 20:15:00,0.0,0.0,0.09765625,0.0,0.09765625
2024-08-15 20:30:00,0.0,0.0,0.30078125,0.0,0.30078125
2024-08-15 21:00:00,0.0,0.0,0.3984375,0.0,0.3984375
2024-08-15 21:15:00,0.0999755859375,0.0,0.30078125,0.0,0.2008056640625
2024-08-15 22:15:00,0.0,0.0,0.69921875,0.0999755859375,0.5992431640625
2024-08-15 22:30:00,0.0,0.0,0.40234375,0.0,0.40234375
2024-08-15 23:00:00,0.0999755859375,0.0,0.19921875,0.0,0.0992431640625
2024-08-16 00:00:00,0.0999755859375,0.0,0.8984375,0.0,0.7984619140625
2024-08-16 00:15:00,0.0,0.0,0.1015625,0.0,0.1015625
2024-08-16 00:45:00,0.0,0.0,0.3984375,0.0,0.3984375
2024-08-16 01:00:00,0.0,0.0,0.30078125,0.10003662109375,0.20074462890625
2024-08-16 01:15:00,0.0,0.0,0.19921875,0.0,0.19921875
2024-08-16 01:30:00,0.0,0.0,0.1015625,0.0,0.1015625
2024-08-16 02:00:00,0.10009765625,0.0,0.5,0.0,0.39990234375
2024-08-16 02:15:00,0.0,0.0,0.30078125,0.0,0.30078125
2024-08-16 02:30:00,0.0,0.0,0.09765625,0.0,0.09765625
2024-08-16 02:45:00,0.0999755859375,0.0,0.30078125,0.0,0.2008056640625
2024-08-16 03:00:00,0.0,0.0,0.0,0.0,0.0
2024-08-16 03:15:00,0.0,0.0,0.19921875,0.0,0.19921875
2024-08-16 03:30:00,0.0,0.0,0.40234375,0.0,0.40234375
2024-08-16 04:00:00,0.0,0.0,0.30078125,0.0999755859375,0.2008056640625
2024-08-16 04:15:00,0.0999755859375,0.0,0.19921875,0.0,0.0992431640625
2024-08-16 04:30:00,0.0,0.10009765625,0.19921875,0.0,0.09912109375
2024-08-16 04:45:00,0.0,0.09985351562863798,0.30078125,0.0,0.20092773437136202
2024-08-16 05:00:00,0.0,0.10009765624636202,0.5,0.0,0.399902343753638
2024-08-16 05:15:00,0.0,0.10009765625,0.30078125,0.0,0.20068359375
2024-08-16 05:30:00,0.0,0.099853515625,0.296875,0.0,0.197021484375
2024-08-16 05:45:00,0.0999755859375,0.0,0.203125,0.0,0.1031494140625
2024-08-16 06:00:00,0.0,0.10009765625,0.296875,0.0,0.19677734375
2024-08-16 06:15:00,0.0999755859375,0.300048828125,0.6015625,0.0,0.2015380859375
2024-08-16 06:30:00,0.10009765625,0.39990234375,0.80078125,0.0,0.30078125
2024-08-16 07:30:00,0.2999267578125,0.80078125,1.8984375,0.0999755859375,0.69775390625
2024-08-16 07:45:00,0.0,0.30023193359375,0.6015625,0.0,0.30133056640625
2024-08-16 08:00:00,0.0999755859375,0.19970703125,0.59765625,0.0,0.2979736328125
2024-08-16 08:15:00,0.10009765625,0.4996337890625,0.6015625,0.0,0.0018310546875
2024-08-16 08:30:00,0.0999755859375,0.19970703125,0.6015625,0.0,0.3018798828125
2024-08-16 08:45:00,0.0999755859375,0.700805664058862,1.3984375,0.0,0.597656250003638
2024-08-16 09:15:00,0.199951171875,0.600036621097388,1.5,0.0,0.700012207027612
2024-08-16 10:00:00,0.4000244140625,1.70013427734375,3.19921875,0.10003662109375,0.9990234375
2024-08-16 10:15:00,0.2000732421875,0.499267578125,1.0,0.0,0.3006591796875
2024-08-16 10:30:00,0.0999755859375,0.4002685546875,1.1015625,0.0,0.601318359375
2024-08-16 11:00:00,0.199951171875,0.99969482421875,1.69921875,0.0,0.49957275390625
2024-08-16 11:30:00,0.300048828125,0.800598144527612,2.1015625,0.0,1.000915527347388
2024-08-16 11:45:00,0.199951171875,0.899902343753638,1.296875,0.0,0.19702148437136202
2024-08-16 12:00:00,0.0999755859375,0.19970703124636202,0.6015625,0.0,0.301879882816138
2024-08-16 12:15:00,0.10009765625,0.30078125,0.69921875,0.0,0.29833984375
2024-08-16 12:45:00,0.199951171875,0.999084472659888,1.90234375,0.0,0.703308105465112
2024-08-16 13:15:00,0.4000244140625,1.39996337890625,2.5,0.0999755859375,0.60003662109375
2024-08-16 13:30:00,0.0999755859375,0.50048828125,1.0,0.0,0.3995361328125
2024-08-16 14:30:00,0.5,1.60009765625,3.3984375,0.0,1.29833984375
2024-08-16 14:45:00,0.199951171875,0.7000732421875,1.30078125,0.0,0.4007568359375
2024-08-16 15:00:00,0.2000732421875,0.60009765625,1.30078125,0.0,0.5006103515625
2024-08-16 15:30:00,0.199951171875,0.99969482421875,2.0,0.0,0.80035400390625
2024-08-16 16:00:00,0.2000732421875,0.800048828125,1.796875,0.10003662109375,0.69671630859375
2024-08-16 16:15:00,0.0,0.499877929691138,0.6015625,0.0,0.10168457030886202
2024-08-16 16:45:00,0.199951171875,0.700378417965112,1.30078125,0.0,0.400451660159888
2024-08-16 17:45:00,0.4000244140625,1.499938964840112,3.69921875,0.0,1.799255371097388
2024-08-16 18:00:00,0.0999755859375,0.300170898441138,0.80078125,0.0,0.400634765621362
2024-08-16 18:30:00,0.199951171875,0.499755859375,0.8984375,0.0,0.19873046875
2024-08-16 18:45:00,0.0,0.300048828125,0.69921875,0.0,0.399169921875
2024-08-16 19:00:00,0.2000732421875,0.39990234375,1.1015625,0.0999755859375,0.401611328125
2024-08-16 19:15:00,0.0999755859375,0.099609375,0.3984375,0.0,0.1988525390625
2024-08-16 19:45:00,0.0999755859375,0.600341796875,1.1015625,0.0,0.4012451171875
2024-08-16 20:00:00,0.0999755859375,0.2998046875,0.69921875,0.0,0.2994384765625
2024-08-16 20:15:00,0.0,0.0,0.1015625,0.0,0.1015625
2024-08-16 20:30:00,0.0,0.39990234375,0.80078125,0.0,0.40087890625
2024-08-16 20:45:00,0.10009765625,0.300048828125,0.5,0.0,0.099853515625
2024-08-16 21:00:00,0.0,0.099609375,0.296875,0.0,0.197265625
2024-08-16 21:15:00,0.0,0.0,0.1015625,0.0,0.1015625
2024-08-16 21:30:00,0.0,0.0,0.19921875,0.0,0.19921875
2024-08-16 21:45:00,0.0,0.0,0.19921875,0.0,0.19921875
2024-08-16 22:00:00,0.0,0.0,0.203125,0.0999755859375,0.1031494140625
2024-08-16 22:15:00,0.0,0.0,0.19921875,0.0,0.19921875
2024-08-16 22:30:00,0.0999755859375,0.0,0.09765625,0.0,-0.0023193359375
2024-08-16 23:00:00,0.0,0.0,0.40234375,0.0,0.40234375
2024-08-16 23:30:00,0.0,0.0,0.5,0.0,0.5
2024-08-16 23:45:00,0.0999755859375,0.0,0.09765625,0.0,-0.0023193359375
2024-08-17 00:00:00,0.0,0.0,0.203125,0.0,0.203125
2024-08-17 00:30:00,0.0,0.0,0.5,0.0,0.5
2024-08-17 01:00:00,0.0,0.0,0.19921875,0.10003662109375,0.09918212890625
2024-08-17 01:45:00,0.0999755859375,0.0,0.59765625,0.0,0.4976806640625
2024-08-17 02:00:00,0.0,0.0,0.30078125,0.0,0.30078125
2024-08-17 02:15:00,0.0,0.0,0.30078125,0.0,0.30078125
2024-08-17 02:30:00,0.0,0.0,0.0,0.0,0.0
2024-08-17 03:15:00,0.0999755859375,0.0,0.69921875,0.0,0.5992431640625
2024-08-17 03:30:00,0.0,0.0,0.1015625,0.0,0.1015625
2024-08-17 03:45:00,0.0,0.0,0.19921875,0.0,0.19921875
2024-08-17 04:15:00,0.10009765625,0.0,0.5,0.0999755859375,0.2999267578125
2024-08-17 04:45:00,0.0,0.0,0.30078125,0.0,0.30078125
2024-08-17 05:00:00,0.0,0.0,0.30078125,0.0,0.30078125
2024-08-17 05:15:00,0.0,0.0,0.09765625,0.0,0.09765625
2024-08-17 05:30:00,0.0999755859375,0.0,0.19921875,0.0,0.0992431640625
2024-08-17 06:30:00,0.0,0.0,1.0,0.0,1.0
2024-08-17 06:45:00,0.0,0.0,0.1015625,0.0,0.1015625
2024-08-17 08:00:00,0.0999755859375,0.0,1.0,0.10003662109375,0.79998779296875
2024-08-17 08:45:00,0.0999755859375,0.0,0.5,0.0,0.4000244140625
2024-08-17 09:00:00,0.0,0.0,0.19921875,0.0,0.19921875
2024-08-17 09:45:00,0.0999755859375,0.0,0.69921875,0.0,0.5992431640625
2024-08-17 10:00:00,0.0,0.0,0.203125,0.0999755859375,0.1031494140625
2024-08-17 10:30:00,0.0,0.0,0.3984375,0.0,0.3984375
2024-08-17 11:00:00,0.0,0.0,0.30078125,0.0,0.30078125
2024-08-17 11:30:00,0.10009765625,0.0,0.5,0.0,0.39990234375
2024-08-17 11:45:00,0.0,0.0,0.19921875,0.0,0.19921875
2024-08-17 12:00:00,0.0,0.0,0.19921875,0.0,0.19921875
2024-08-17 12:15:00,0.0,0.0,0.1015625,0.0,0.1015625
2024-08-17 12:45:00,0.0999755859375,0.0,0.5,0.0,0.4000244140625
2024-08-17 13:00:00,0.0,0.0,0.19921875,0.0999755859375,0.0992431640625
2024-08-17 13:15:00,0.0,0.0,0.1015625,0.0,0.1015625
2024-08-17 13:30:00,0.0,0.0,0.296875,0.0,0.296875
2024-08-17 14:30:00,0.0999755859375,0.0,0.80078125,0.0,0.7008056640625
2024-08-17 14:45:00,0.0,0.0,0.1015625,0.0,0.1015625
2024-08-17 15:00:00,0.0,0.0,0.19921875,0.0,0.19921875
2024-08-17 15:15:00,0.0,0.0,0.19921875,0.0,0.19921875
2024-08-17 15:30:00,0.0999755859375,0.0,0.19921875,0.0,0.0992431640625
2024-08-17 15:45:00,0.0,0.0,0.203125,0.0,0.203125
2024-08-17 16:00:00,0.0,0.0,0.19921875,0.10003662109375,0.09918212890625
2024-08-17 16:15:00,0.0,0.0,0.19921875,0.0,0.19921875
2024-08-17 16:45:00,0.0999755859375,0.0,0.3984375,0.0,0.2984619140625
2024-08-17 17:00:00,0.0,0.0,0.1015625,0.0,0.1015625
2024-08-17 17:15:00,0.0,0.0,0.19921875,0.0,0.19921875
2024-08-17 17:30:00,0.0,0.0,0.19921875,0.0,0.19921875
2024-08-17 17:45:00,0.0,0.0,0.30078125,0.0,0.30078125
2024-08-17 18:00:00,0.0,0.0,0.19921875,0.0,0.19921875
2024-08-17 18:15:00,0.10009765625,0.0,0.203125,0.0,0.10302734375
2024-08-17 19:00:00,0.0,0.0,0.59765625,0.0999755859375,0.4976806640625
2024-08-17 19:15:00,0.0,0.0,0.0,0.0,0.0
2024-08-17 19:30:00,0.0,0.0,0.19921875,0.0,0.19921875
2024-08-17 19:45:00,0.0999755859375,0.0,0.203125,0.0,0.1031494140625
2024-08-17 20:00:00,0.0,0.0,0.296875,0.0,0.296875
2024-08-17 20:15:00,0.0,0.0,0.30078125,0.0,0.30078125
2024-08-17 20:45:00,0.0,0.0,0.5,0.0,0.5
2024-08-17 21:15:00,0.0999755859375,0.0,0.30078125,0.0,0.2008056640625
2024-08-17 21:30:00,0.0,0.0,0.1015625,0.0,0.1015625
2024-08-17 21:45:00,0.0,0.0,0.3984375,0.0,0.3984375
2024-08-17 22:30:00,0.0,0.0,0.3984375,0.10003662109375,0.29840087890625
2024-08-17 22:45:00,0.0999755859375,0.0,0.203125,0.0,0.1031494140625
2024-08-17 23:00:00,0.0,0.0,0.19921875,0.0,0.19921875
2024-08-17 23:15:00,0.0,0.0,0.30078125,0.0,0.30078125
2024-08-17 23:30:00,0.0,0.0,0.09765625,0.0,0.09765625
2024-08-18 00:00:00,0.0999755859375,0.0,0.30078125,0.0,0.2008056640625
2024-08-18 00:30:00,0.0,0.0,0.30078125,0.0,0.30078125
2024-08-18 00:45:00,0.0,0.0,0.19921875,0.0,0.19921875
2024-08-18 02:00:00,0.10009765625,0.0,1.1015625,0.0999755859375,0.9014892578125
2024-08-18 02:30:00,0.0,0.0,0.296875,0.0,0.296875
2024-08-18 02:45:00,0.0,0.0,0.203125,0.0,0.203125
2024-08-18 04:00:00,0.0999755859375,0.0,1.0,0.0999755859375,0.800048828125
2024-08-18 05:15:00,0.0999755859375,0.0,1.0,0.0,0.9000244140625
2024-08-18 05:30:00,0.0,0.0,0.09765625,0.0,0.09765625
2024-08-18 06:00:00,0.0999755859375,0.0,0.5,0.0,0.4000244140625
2024-08-18 06:15:00,0.0,0.0,0.19921875,0.0,0.19921875
2024-08-18 06:30:00,0.0,0.0,0.30078125,0.0,0.30078125
2024-08-18 07:00:00,0.0999755859375,0.0,0.40234375,0.10003662109375,0.20233154296875
2024-08-18 07:15:00,0.0,0.0,0.19921875,0.0,0.19921875
2024-08-18 07:45:00,0.0,0.0,0.3984375,0.0,0.3984375
2024-08-18 08:30:00,0.2000732421875,0.20068359375,0.80078125,0.0,0.4000244140625
2024-08-18 08:45:00,0.0999755859375,0.19970703125,0.69921875,0.0,0.3995361328125
2024-08-18 09:00:00,0.0,0.10009765625363798,0.19921875,0.0,0.09912109374636202
2024-08-18 09:15:00,0.0999755859375,0.10009765624636202,0.40234375,0.0,0.20227050781613798
2024-08-18 10:00:00,0.2000732421875,0.399902343753638,1.30078125,0.0999755859375,0.600830078121362
2024-08-18 10:45:00,0.199951171875,0.399902343746362,1.19921875,0.0,0.599365234378638
2024-08-18 11:00:00,0.0999755859375,0.2001953125,0.59765625,0.0,0.2974853515625
2024-08-18 11:30:00,0.2000732421875,0.2998046875,0.80078125,0.0,0.3009033203125
2024-08-18 12:00:00,0.0999755859375,0.2001953125,0.80078125,0.0,0.5006103515625
2024-08-18 12:45:00,0.199951171875,0.2998046875,1.0,0.0,0.500244140625
2024-08-18 13:00:00,0.0999755859375,0.2001953125,0.5,0.10003662109375,0.09979248046875
2024-08-18 13:30:00,0.10009765625,0.19970703125,0.69921875,0.0,0.3994140625
2024-08-18 14:00:00,0.0999755859375,0.0,0.40234375,0.0,0.3023681640625
2024-08-18 14:15:00,0.0,0.0,0.19921875,0.0,0.19921875
2024-08-18 14:30:00,0.0,0.0,0.30078125,0.0,0.30078125
2024-08-18 15:00:00,0.0,0.0,0.3984375,0.0,0.3984375
2024-08-18 15:15:00,0.0,0.0,0.19921875,0.0,0.19921875
2024-08-18 15:30:00,0.0999755859375,0.0,0.1015625,0.0,0.0015869140625
2024-08-18 16:00:00,0.0,0.0,0.5,0.0999755859375,0.4000244140625
2024-08-18 16:45:00,0.0999755859375,0.0,0.59765625,0.0,0.4976806640625
2024-08-18 17:00:00,0.0,0.0,0.203125,0.0,0.203125
2024-08-18 17:15:00,0.0,0.0,0.19921875,0.0,0.19921875
2024-08-18 17:30:00,0.0,0.0,0.19921875,0.0,0.19921875
2024-08-18 17:45:00,0.0,0.0,0.19921875,0.0,0.19921875
2024-08-18 18:00:00,0.0,0.0,0.1015625,0.0,0.1015625
2024-08-18 18:15:00,0.0999755859375,0.0,0.19921875,0.0,0.0992431640625
2024-08-18 18:45:00,0.0,0.0,0.5,0.0999755859375,0.4000244140625
2024-08-18 19:00:00,0.0,0.0,0.1015625,0.0,0.1015625
2024-08-18 19:15:00,0.0,0.0,0.19921875,0.0,0.19921875
2024-08-18 19:30:00,0.0,0.0,0.30078125,0.0,0.30078125
2024-08-18 20:00:00,0.10009765625,0.0,0.296875,0.0,0.19677734375
2024-08-18 20:45:00,0.0,0.0,0.6015625,0.0,0.6015625
2024-08-18 22:00:00,0.0999755859375,0.0,0.8984375,0.10003662109375,0.69842529296875
2024-08-18 22:15:00,0.0,0.0,0.30078125,0.0,0.30078125
2024-08-18 23:00:00,0.0999755859375,0.0,0.6015625,0.0,0.5015869140625
2024-08-18 23:15:00,0.0,0.0,0.09765625,0.0,0.09765625
2024-08-18 23:30:00,0.0,0.0,0.1015625,0.0,0.1015625
2024-08-18 23:45:00,0.0,0.0,0.19921875,0.0,0.19921875
2024-08-19 00:00:00,0.0999755859375,0.0,0.19921875,0.0,0.0992431640625
2024-08-19 00:30:00,0.0,0.0,0.30078125,0.0,0.30078125
2024-08-19 00:45:00,0.0,0.0,0.30078125,0.0,0.30078125
2024-08-19 01:00:00,0.0,0.0,0.30078125,0.0999755859375,0.2008056640625
2024-08-19 01:30:00,0.0999755859375,0.0,0.5,0.0,0.4000244140625
2024-08-19 01:45:00,0.0,0.0,0.19921875,0.0,0.19921875
2024-08-19 02:00:00,0.0,0.0,0.19921875,0.0,0.19921875
2024-08-19 02:15:00,0.0,0.0,0.0,0.0,0.0
2024-08-19 02:30:00,0.0,0.0,0.30078125,0.0,0.30078125
2024-08-19 03:00:00,0.10009765625,0.0,0.3984375,0.0,0.29833984375
2024-08-19 03:15:00,0.0,0.0,0.1015625,0.0,0.1015625
2024-08-19 03:45:00,0.0,0.0,0.30078125,0.0,0.30078125
2024-08-19 04:00:00,0.0,0.0,0.30078125,0.10003662109375,0.20074462890625
2024-08-19 04:30:00,0.0999755859375,0.10009765625,0.3984375,0.0,0.1983642578125
2024-08-19 05:15:00,0.0,0.300048828125,0.8984375,0.0,0.598388671875
2024-08-19 05:45:00,0.0999755859375,0.199951171875,0.6015625,0.0,0.3016357421875
2024-08-19 06:00:00,0.0,0.0,0.30078125,0.0,0.30078125
2024-08-19 06:15:00,0.0999755859375,0.30029296875,0.59765625,0.0,0.1973876953125
2024-08-19 06:45:00,0.2000732421875,0.79931640625,1.40234375,0.0,0.4029541015625
2024-08-19 07:00:00,0.0,0.0,0.19921875,0.0999755859375,0.0992431640625
2024-08-19 08:00:00,0.5,2.900390625,4.6015625,0.0,1.201171875
2024-08-19 08:15:00,0.0,0.19964599609375,0.5,0.0,0.30035400390625
2024-08-19 08:45:00,0.39990234375,2.0003662109375,3.3984375,0.0,0.9981689453125
2024-08-19 09:00:00,0.10009765625,0.499877929683862,0.8984375,0.0,0.298461914066138
2024-08-19 09:15:00,0.0,0.500488281253638,0.90234375,0.0,0.401855468746362
2024-08-19 09:45:00,0.39990234375,1.89947509765625,3.3984375,0.0,1.09906005859375
2024-08-19 10:00:00,0.10009765625,0.399658203125,1.0,0.0999755859375,0.4002685546875
2024-08-19 10:15:00,0.199951171875,1.00042724609375,1.90234375,0.0,0.70196533203125
2024-08-19 10:30:00,0.0999755859375,1.0997314453125,2.0,0.0,0.80029296875
2024-08-19 11:15:00,0.5,2.30084228515625,5.0,0.0,2.19915771484375
2024-08-19 11:30:00,0.0999755859375,0.5992431640625,1.09765625,0.0,0.3984375
2024-08-19 11:45:00,0.10009765625,0.7001953125,1.69921875,0.0,0.89892578125
2024-08-19 12:00:00,0.0999755859375,0.50018310546875,1.0,0.0,0.39984130859375
2024-08-19 12:30:00,0.4000244140625,1.2998046875,2.80078125,0.0,1.1009521484375
2024-08-19 13:45:00,0.7999267578125,3.399902343753638,7.1015625,0.10003662109375,2.801696777340112
2024-08-19 14:45:00,0.7000732421875,3.300415039058862,6.69921875,0.0,2.698730468753638
2024-08-19 15:00:00,0.0999755859375,0.8995361328125,1.5,0.0,0.50048828125
2024-08-19 15:15:00,0.199951171875,0.79974365234375,1.6015625,0.0,0.60186767578125
2024-08-19 15:30:00,0.0999755859375,0.600952148441138,1.0,0.0,0.299072265621362
2024-08-19 16:00:00,0.300048828125,1.599670410152612,3.59765625,0.0999755859375,1.597961425784888
2024-08-19 16:15:00,0.0999755859375,0.8995361328125,1.5,0.0,0.50048828125
2024-08-19 16:30:00,0.0999755859375,0.50042724609375,1.1015625,0.0,0.50115966796875
2024-08-19 16:45:00,0.2000732421875,0.9996337890625,2.0,0.0,0.80029296875
2024-08-19 17:00:00,0.199951171875,0.60003662109375,1.0,0.0,0.20001220703125
2024-08-19 17:30:00,0.4000244140625,1.600830078128638,3.5,0.0,1.499145507808862
2024-08-19 17:45:00,0.0999755859375,0.599365234371362,1.30078125,0.0,0.601440429691138
2024-08-19 18:00:00,0.2000732421875,0.599609375,1.296875,0.0,0.4971923828125
2024-08-19 18:15:00,0.199951171875,1.000244140628638,1.703125,0.0,0.502929687496362
2024-08-19 18:45:00,0.300048828125,0.799804687496362,1.59765625,0.0,0.497802734378638
2024-08-19 19:00:00,0.0999755859375,0.800537109375,1.19921875,0.10003662109375,0.19866943359375
2024-08-19 19:30:00,0.4000244140625,1.499755859375,2.703125,0.0,0.8033447265625
2024-08-19 19:45:00,0.2999267578125,0.9002685546875,1.5,0.0,0.2998046875
2024-08-19 20:15:00,0.2000732421875,0.899658203125,1.5,0.0,0.4002685546875
2024-08-19 21:15:00,0.199951171875,1.49951171875,2.8984375,0.0,1.198974609375
2024-08-19 21:30:00,0.0,0.0,0.30078125,0.0,0.30078125
2024-08-19 22:15:00,0.0999755859375,0.4007568359375,0.80078125,0.0999755859375,0.2000732421875
2024-08-19 22:30:00,0.0,0.0,0.09765625,0.0,0.09765625
2024-08-19 23:45:00,0.0999755859375,0.0,1.19921875,0.0,1.0992431640625
2024-08-20 00:30:00,0.10009765625,0.0,0.703125,0.0,0.60302734375
2024-08-20 00:45:00,0.0,0.0,0.19921875,0.0999755859375,0.0992431640625
2024-08-20 01:00:00,0.0,0.0,0.09765625,0.0,0.09765625
2024-08-20 01:45:00,0.0999755859375,0.0,0.80078125,0.0,0.7008056640625
2024-08-20 02:00:00,0.0,0.0,0.19921875,0.0,0.19921875
2024-08-20 02:30:00,0.0,0.0,0.6015625,0.0,0.6015625
2024-08-20 02:45:00,0.0,0.0,0.1015625,0.0,0.1015625
2024-08-20 03:00:00,0.0,0.0,0.19921875,0.0,0.19921875
2024-08-20 03:15:00,0.0999755859375,0.0,0.30078125,0.0,0.2008056640625
2024-08-20 03:30:00,0.0,0.0,0.19921875,0.0,0.19921875
2024-08-20 03:45:00,0.0,0.0,0.19921875,0.0,0.19921875
2024-08-20 04:15:00,0.0999755859375,0.0,0.3984375,0.10003662109375,0.19842529296875
2024-08-20 04:45:00,0.0,0.10009765625363798,0.80078125,0.0,0.700683593746362
2024-08-20 05:30:00,0.0,0.299804687496362,0.69921875,0.0,0.399414062503638
2024-08-20 05:45:00,0.0999755859375,0.10009765625,0.6015625,0.0,0.4014892578125
2024-08-20 06:00:00,0.10009765625,0.19970703125363798,0.69921875,0.0,0.399414062496362
2024-08-20 06:15:00,0.199951171875,0.39965820311772404,0.80078125,0.0,0.20117187500727596
2024-08-20 06:30:00,0.0999755859375,0.30078125,0.6015625,0.0,0.2008056640625
2024-08-20 06:45:00,0.0,0.09985351562863798,0.296875,0.0999755859375,0.09704589843386202
2024-08-20 08:15:00,0.4000244140625,2.599609375,4.703125,0.0,1.7034912109375
2024-08-20 08:45:00,0.300048828125,1.7005615234375,2.796875,0.0,0.7962646484375
2024-08-20 09:15:00,0.2999267578125,1.4998779296875,2.90234375,0.0,1.1025390625
2024-08-20 09:30:00,0.0999755859375,0.500244140625,1.0,0.0,0.3997802734375
2024-08-20 10:30:00,0.7000732421875,3.3995361328125,6.59765625,0.10003662109375,2.39801025390625
2024-08-20 10:45:00,0.0999755859375,0.3997802734375,0.5,0.0,0.000244140625
2024-08-20 11:15:00,0.300048828125,1.80047607421875,3.5,0.0,1.39947509765625
2024-08-20 11:45:00,0.39990234375,1.49957275390625,3.1015625,0.0,1.20208740234375
2024-08-20 12:15:00,0.2000732421875,1.0001220703125,1.69921875,0.0,0.4990234375
2024-08-20 13:00:00,0.5999755859375,2.69952392578125,5.0,0.0999755859375,1.60052490234375
2024-08-20 13:15:00,0.0999755859375,0.9007568359375,1.40234375,0.0,0.401611328125
2024-08-20 13:45:00,0.300048828125,1.19940185546875,2.5,0.0,1.00054931640625
2024-08-20 14:00:00,0.0999755859375,0.8004150390625,1.5,0.0,0.599609375
2024-08-20 14:30:00,0.300048828125,1.2996826171875,2.5,0.0,0.9002685546875
2024-08-20 14:45:00,0.0999755859375,1.30035400390625,2.5,0.0,1.09967041015625
2024-08-20 15:00:00,0.0999755859375,0.799560546875,1.3984375,0.0,0.4989013671875
2024-08-20 15:30:00,0.199951171875,1.60015869140625,3.0,0.0,1.19989013671875
2024-08-20 16:15:00,0.300048828125,2.10015869140625,3.80078125,0.0999755859375,1.30059814453125
2024-08-20 16:30:00,0.199951171875,0.900146484375,2.0,0.0,0.89990234375
2024-08-20 16:45:00,0.10009765625,0.7996826171875,1.3984375,0.0,0.4986572265625
2024-08-20 17:15:00,0.199951171875,1.300048828125,2.69921875,0.0,1.19921875
2024-08-20 17:30:00,0.0999755859375,0.5,0.90234375,0.0,0.3023681640625
2024-08-20 17:45:00,0.2000732421875,0.999755859375,1.80078125,0.0,0.6009521484375
2024-08-20 18:00:00,0.0999755859375,0.600830078125,1.296875,0.0,0.5960693359375
2024-08-20 18:15:00,0.0999755859375,0.799316406253638,1.30078125,0.0,0.401489257808862
2024-08-20 18:30:00,0.0,0.10058593749636202,0.40234375,0.0,0.301757812503638
2024-08-20 18:45:00,0.199951171875,1.000244140625,1.5,0.0,0.2998046875
2024-08-20 19:15:00,0.2000732421875,1.299072265625,2.19921875,0.10003662109375,0.60003662109375
2024-08-20 19:45:00,0.199951171875,0.80029296875,1.59765625,0.0,0.597412109375
2024-08-20 20:00:00,0.0999755859375,0.19970703125,0.40234375,0.0,0.1026611328125
2024-08-20 20:15:00,0.10009765625,0.199951171875,0.5,0.0,0.199951171875
2024-08-20 20:45:00,0.199951171875,0.9000244140625,1.8984375,0.0,0.7984619140625
2024-08-20 21:15:00,0.199951171875,0.80078125,1.80078125,0.0,0.800048828125
2024-08-20 21:45:00,0.10009765625,0.4002685546875,0.80078125,0.0,0.3004150390625
2024-08-20 22:15:00,0.0999755859375,0.399658203125,1.09765625,0.0999755859375,0.498046875
2024-08-20 23:00:00,0.0,0.10009765625,0.703125,0.0,0.60302734375
2024-08-20 23:15:00,0.0,0.0,0.19921875,0.0,0.19921875
2024-08-20 23:30:00,0.0999755859375,0.0,0.30078125,0.0,0.2008056640625
2024-08-20 23:45:00,0.0,0.0,0.296875,0.0,0.296875
2024-08-21 00:15:00,0.0,0.0,0.40234375,0.0,0.40234375
2024-08-21 00:30:00,0.0999755859375,0.0,0.09765625,0.0,-0.0023193359375
2024-08-21 00:45:00,0.0,0.0,0.30078125,0.0,0.30078125
2024-08-21 01:15:00,0.0,0.0,0.6015625,0.10003662109375,0.50152587890625
2024-08-21 01:45:00,0.0999755859375,0.0,0.30078125,0.0,0.2008056640625
2024-08-21 02:00:00,0.0,0.0,0.296875,0.0,0.296875
2024-08-21 02:15:00,0.0,0.0,0.40234375,0.0,0.40234375
2024-08-21 02:30:00,0.0,0.0,0.19921875,0.0,0.19921875
2024-08-21 02:45:00,0.0,0.0,0.1015625,0.0,0.1015625
2024-08-21 03:00:00,0.10009765625,0.0,0.296875,0.0,0.19677734375
2024-08-21 03:30:00,0.0,0.0,0.40234375,0.0,0.40234375
2024-08-21 03:45:00,0.0,0.0,0.19921875,0.0,0.19921875
2024-08-21 04:15:00,0.0999755859375,0.0,0.5,0.0999755859375,0.300048828125
2024-08-21 05:00:00,0.0,0.300048828125,1.0,0.0,0.699951171875
2024-08-21 05:45:00,0.0999755859375,0.300048828128638,1.0,0.0,0.599975585933862
2024-08-21 06:00:00,0.0,0.0,0.19921875,0.0,0.19921875
2024-08-21 07:00:00,0.4000244140625,1.299316406246362,2.6015625,0.0999755859375,0.802246093753638
2024-08-21 08:45:00,1.0999755859375,3.499755859375,7.30078125,0.0,2.7010498046875
2024-08-21 09:00:00,0.0999755859375,0.400146484378638,0.5,0.0,-0.0001220703161379788
2024-08-21 09:15:00,0.0999755859375,0.600097656246362,1.296875,0.0,0.596801757816138
2024-08-21 09:30:00,0.2000732421875,0.999755859375,1.80078125,0.0,0.6009521484375
2024-08-21 09:45:00,0.0999755859375,0.5009765625,0.90234375,0.0,0.3013916015625
2024-08-21 10:15:00,0.300048828125,1.399169921878638,2.69921875,0.10003662109375,0.899963378902612
2024-08-21 10:30:00,0.199951171875,1.100341796871362,2.3984375,0.0,1.098144531253638
2024-08-21 11:00:00,0.300048828125,1.300537109375,2.90234375,0.0,1.3017578125
2024-08-21 11:45:00,0.2999267578125,1.599853515625,2.796875,0.0,0.8970947265625
2024-08-21 12:00:00,0.2000732421875,0.7994384765625,1.80078125,0.0,0.80126953125
2024-08-21 12:15:00,0.0999755859375,0.6004638671875,1.19921875,0.0,0.498779296875
2024-08-21 12:30:00,0.0999755859375,0.199951171875,0.40234375,0.0,0.1024169921875
2024-08-21 13:00:00,0.300048828125,1.5999755859375,3.0,0.0999755859375,1.0
2024-08-21 13:15:00,0.199951171875,0.7000732421875,1.80078125,0.0,0.9007568359375
2024-08-21 13:45:00,0.199951171875,1.49945068359375,2.8984375,0.0,1.19903564453125
2024-08-21 14:00:00,0.2000732421875,0.7003173828125,1.3984375,0.0,0.498046875
2024-08-21 14:15:00,0.0,0.1995849609375,0.5,0.0,0.3004150390625
2024-08-21 14:30:00,0.0999755859375,0.699951171875,1.40234375,0.0,0.6024169921875
2024-08-21 15:00:00,0.300048828125,1.599853515621362,2.80078125,0.0,0.900878906253638
2024-08-21 15:30:00,0.199951171875,1.799865722659888,3.3984375,0.0,1.398620605465112
2024-08-21 15:45:00,0.0999755859375,0.4007568359375,1.0,0.0,0.499267578125
2024-08-21 16:00:00,0.0999755859375,0.80059814453125,1.3984375,0.10003662109375,0.3978271484375
2024-08-21 16:15:00,0.2000732421875,0.9989013671875,1.90234375,0.0,0.703369140625
2024-08-21 16:30:00,0.0,0.600219726566138,1.30078125,0.0,0.700561523433862
2024-08-21 16:45:00,0.0999755859375,0.999755859371362,1.796875,0.0,0.697143554691138
2024-08-21 17:00:00,0.0999755859375,0.30078125,0.5,0.0,0.0992431640625
2024-08-21 17:30:00,0.2000732421875,1.99981689453125,3.5,0.0,1.30010986328125
2024-08-21 18:00:00,0.0999755859375,1.29986572265625,2.5,0.0,1.10015869140625
2024-08-21 18:30:00,0.199951171875,1.000244140625,1.90234375,0.0,0.7021484375
2024-08-21 19:00:00,0.0999755859375,0.80029296875,1.59765625,0.0999755859375,0.597412109375
2024-08-21 19:30:00,0.10009765625,0.699462890625,1.203125,0.0,0.403564453125
2024-08-21 19:45:00,0.0999755859375,0.400146484375,0.69921875,0.0,0.1990966796875
2024-08-21 20:30:00,0.199951171875,1.2001953125,2.19921875,0.0,0.799072265625
2024-08-21 21:00:00,0.0,0.699951171875,1.30078125,0.0,0.600830078125
2024-08-21 21:15:00,0.0,0.0,0.3984375,0.0,0.3984375
2024-08-21 21:30:00,0.0,0.0,0.19921875,0.0,0.19921875
2024-08-21 21:45:00,0.0999755859375,0.0,0.30078125,0.0999755859375,0.100830078125
2024-08-21 22:00:00,0.0,0.0,0.0,0.0,0.0
2024-08-21 22:15:00,0.0,0.2001953125,0.40234375,0.0,0.2021484375
2024-08-21 22:30:00,0.0,0.0,0.296875,0.0,0.296875
2024-08-21 23:30:00,0.10009765625,0.0,0.80078125,0.0,0.70068359375
2024-08-21 23:45:00,0.0,0.0,0.1015625,0.0,0.1015625
2024-08-22 00:00:00,0.0,0.0,0.30078125,0.0,0.30078125
2024-08-22 00:15:00,0.0999755859375,0.0,0.296875,0.0,0.1968994140625
2024-08-22 00:30:00,0.0,0.0,0.203125,0.0,0.203125
2024-08-22 01:15:00,0.0,0.0,0.59765625,0.10003662109375,0.49761962890625
2024-08-22 02:15:00,0.0999755859375,0.0,0.80078125,0.0,0.7008056640625
2024-08-22 02:30:00,0.0999755859375,0.0,0.30078125,0.0,0.2008056640625
2024-08-22 03:30:00,0.0,0.0,0.80078125,0.0,0.80078125
2024-08-22 04:30:00,0.0999755859375,0.099853515625,1.19921875,0.0999755859375,0.8994140625
2024-08-22 04:45:00,0.0,0.0,0.19921875,0.0,0.19921875
2024-08-22 05:00:00,0.10009765625,0.10009765625,0.3984375,0.0,0.1982421875
2024-08-22 05:15:00,0.0,0.10009765625,0.1015625,0.0,0.00146484375
2024-08-22 05:45:00,0.0,0.199951171875,0.80078125,0.0,0.600830078125
2024-08-22 06:00:00,0.0999755859375,0.299072265625,0.80078125,0.0,0.4017333984375
2024-08-22 06:15:00,0.0,0.2005615234375,0.296875,0.0,0.0963134765625
2024-08-22 07:30:00,0.4000244140625,1.9998779296875,3.80078125,0.10003662109375,1.30084228515625
2024-08-22 07:45:00,0.199951171875,0.900146484375,1.5,0.0,0.39990234375
2024-08-22 08:15:00,0.199951171875,1.1998291015625,2.0,0.0,0.6002197265625
2024-08-22 09:00:00,0.4000244140625,2.599670410159888,5.1015625,0.0,2.101867675777612
2024-08-22 09:30:00,0.2000732421875,1.100219726558862,1.8984375,0.0,0.598144531253638
2024-08-22 09:45:00,0.0999755859375,1.000305175784888,2.1015625,0.0,1.001281738277612
2024-08-22 10:00:00,0.199951171875,1.200195312496362,2.0,0.0999755859375,0.499877929691138
2024-08-22 10:30:00,0.2000732421875,1.69976806640625,3.19921875,0.0,1.29937744140625
2024-08-22 11:45:00,0.5999755859375,3.10009765625,6.5,0.0,2.7999267578125
2024-08-22 12:00:00,0.0999755859375,0.099609375,0.30078125,0.0,0.1011962890625
2024-08-22 12:15:00,0.199951171875,0.599609375,1.5,0.0,0.700439453125
2024-08-22 13:30:00,0.60009765625,2.6009521484375,5.80078125,0.0999755859375,2.499755859375
2024-08-22 13:45:00,0.0999755859375,0.59954833984375,1.3984375,0.0,0.69891357421875
2024-08-22 14:15:00,0.199951171875,1.5001220703125,2.69921875,0.0,0.9991455078125
2024-08-22 14:30:00,0.0999755859375,0.2998046875,0.90234375,0.0,0.5025634765625
2024-08-22 14:45:00,0.2000732421875,1.00030517578125,1.8984375,0.0,0.69805908203125
2024-08-22 15:00:00,0.0,0.099609375,0.5,0.0,0.400390625
2024-08-22 15:15:00,0.199951171875,0.80010986328125,1.3984375,0.0,0.39837646484375
2024-08-22 15:30:00,0.2000732421875,0.999877929691138,2.203125,0.0,1.003173828121362
2024-08-22 15:45:00,0.0999755859375,0.399902343746362,0.8984375,0.0,0.398559570316138
2024-08-22 16:15:00,0.199951171875,1.400146484371362,2.69921875,0.10003662109375,0.999084472659888
2024-08-22 16:30:00,0.2000732421875,0.800231933597388,1.80078125,0.0,0.800476074215112
2024-08-22 16:45:00,0.0999755859375,0.7005615234375,1.3984375,0.0,0.597900390625
2024-08-22 17:00:00,0.0999755859375,0.699157714847388,1.30078125,0.0,0.501647949215112
2024-08-22 17:15:00,0.0999755859375,0.300292968746362,0.90234375,0.0,0.502075195316138
2024-08-22 17:30:00,0.0999755859375,0.7998046875,1.69921875,0.0,0.7994384765625
2024-08-22 17:45:00,0.10009765625,0.6005859375,1.19921875,0.0,0.49853515625
2024-08-22 18:00:00,0.0999755859375,0.5,1.1015625,0.0,0.5015869140625
2024-08-22 18:15:00,0.0999755859375,0.69921875,1.19921875,0.0,0.4000244140625
2024-08-22 19:00:00,0.199951171875,1.2001953125,2.30078125,0.0999755859375,0.8006591796875
2024-08-22 19:30:00,0.10009765625,0.400390625,1.0,0.0,0.49951171875
2024-08-22 19:45:00,0.199951171875,0.2001953125,0.69921875,0.0,0.299072265625
2024-08-22 20:00:00,0.0,0.2001953125,0.3984375,0.0,0.1982421875
2024-08-22 20:45:00,0.0999755859375,0.69921875,1.40234375,0.0,0.6031494140625
2024-08-22 21:30:00,0.0,0.5,1.296875,0.0,0.796875
2024-08-22 21:45:00,0.0,0.1005859375,0.1015625,0.0,0.0009765625
2024-08-22 22:15:00,0.0999755859375,0.3994140625,1.1015625,0.10003662109375,0.50213623046875
2024-08-22 22:45:00,0.0,0.0,0.3984375,0.0,0.3984375
2024-08-22 23:15:00,0.10009765625,0.0,0.19921875,0.0,0.09912109375
2024-08-22 23:45:00,0.0,0.0,0.40234375,0.0,0.40234375
2024-08-23 00:30:00,0.0,0.0,0.69921875,0.0,0.69921875
2024-08-23 01:00:00,0.0999755859375,0.0,0.59765625,0.0999755859375,0.397705078125
2024-08-23 01:15:00,0.0,0.0,0.1015625,0.0,0.1015625
2024-08-23 01:45:00,0.0,0.0,0.3984375,0.0,0.3984375
2024-08-23 02:15:00,0.0999755859375,0.0,0.40234375,0.0,0.3023681640625
2024-08-23 02:30:00,0.0,0.0,0.3984375,0.0,0.3984375
2024-08-23 03:00:00,0.0,0.0,0.30078125,0.0,0.30078125
2024-08-23 04:15:00,0.0999755859375,0.0,1.19921875,0.0999755859375,0.999267578125
2024-08-23 04:30:00,0.0,0.0,0.19921875,0.0,0.19921875
2024-08-23 05:30:00,0.0999755859375,0.0,0.80078125,0.0,0.7008056640625
2024-08-23 05:45:00,0.0,0.60009765625,1.0,0.0,0.39990234375
2024-08-23 06:00:00,0.10009765625,0.099609375,0.30078125,0.0,0.10107421875
2024-08-23 06:15:00,0.0999755859375,0.600585937503638,0.8984375,0.0,0.19787597655886202
2024-08-23 06:30:00,0.199951171875,0.300292968746362,0.90234375,0.0,0.402099609378638
2024-08-23 06:45:00,0.0,0.0,0.09765625,0.0,0.09765625
2024-08-23 07:15:00,0.0999755859375,0.599609375,1.30078125,0.10003662109375,0.50115966796875
2024-08-23 07:45:00,0.10009765625,0.80029296875,1.5,0.0,0.599609375
2024-08-23 08:00:00,0.0999755859375,0.299560546875,0.5,0.0,0.1004638671875
2024-08-23 08:15:00,0.0999755859375,0.69970703125,1.0,0.0,0.2003173828125
2024-08-23 08:30:00,0.0,0.20068359375,0.30078125,0.0,0.10009765625
2024-08-23 08:45:00,0.199951171875,1.099853515628638,2.0,0.0,0.700195312496362
2024-08-23 09:30:00,0.4000244140625,1.899169921871362,3.69921875,0.0,1.400024414066138
2024-08-23 09:45:00,0.0999755859375,0.60107421875,1.30078125,0.0999755859375,0.499755859375
2024-08-23 10:30:00,0.4000244140625,2.199951171875,4.0,0.0,1.4000244140625
2024-08-23 11:00:00,0.2000732421875,0.999267578125,2.1015625,0.0,0.9022216796875
2024-08-23 11:30:00,0.199951171875,1.199951171875,2.0,0.0,0.60009765625
2024-08-23 11:45:00,0.199951171875,0.50048828125,1.19921875,0.0,0.498779296875
2024-08-23 12:30:00,0.4000244140625,1.099853515625,2.5,0.0,1.0001220703125
2024-08-23 12:45:00,0.0999755859375,0.60009765625,1.30078125,0.0,0.6007080078125
2024-08-23 13:00:00,0.2000732421875,0.499755859378638,1.0,0.10003662109375,0.20013427734011202
2024-08-23 13:30:00,0.199951171875,1.000976562496362,2.0,0.0,0.799072265628638
2024-08-23 14:00:00,0.2000732421875,0.699462890621362,2.09765625,0.0,1.198120117191138
2024-08-23 14:15:00,0.0999755859375,0.500488281253638,1.0,0.0,0.399536132808862
2024-08-23 14:45:00,0.0999755859375,1.2999267578125,2.30078125,0.0,0.90087890625
2024-08-23 15:45:00,0.5,1.698974609375,4.30078125,0.0,2.101806640625
2024-08-23 16:00:00,0.0999755859375,0.400146484375,0.69921875,0.0999755859375,0.09912109375
2024-08-23 16:15:00,0.0999755859375,0.50048828125,1.0,0.0,0.3995361328125
2024-08-23 16:30:00,0.10009765625,0.60009765625,1.3984375,0.0,0.6982421875
2024-08-23 17:15:00,0.0999755859375,1.199951171875,2.703125,0.0,1.4031982421875
2024-08-23 17:30:00,0.0999755859375,0.399536132808862,0.69921875,0.0,0.19970703125363798
2024-08-23 18:15:00,0.4000244140625,1.900146484378638,3.3984375,0.0,1.098266601558862
2024-08-23 18:45:00,0.199951171875,0.899658203125,1.6015625,0.0,0.501953125
2024-08-23 19:00:00,0.0,0.7999267578125,1.3984375,0.0999755859375,0.49853515625
2024-08-23 19:45:00,0.300048828125,1.100830078125,2.0,0.0,0.59912109375
2024-08-23 20:00:00,0.0999755859375,0.2998046875,0.6015625,0.0,0.2017822265625
2024-08-23 20:45:00,0.0999755859375,0.799560546875,1.3984375,0.0,0.4989013671875
2024-08-23 21:00:00,0.0,0.0,0.19921875,0.0,0.19921875
2024-08-23 21:30:00,0.0,0.0,0.40234375,0.0,0.40234375
2024-08-23 21:45:00,0.0,0.0,0.30078125,0.0,0.30078125
2024-08-23 22:00:00,0.0,0.0,0.09765625,0.10003662109375,-0.00238037109375
2024-08-23 22:15:00,0.0999755859375,0.0,0.30078125,0.0,0.2008056640625
2024-08-23 22:30:00,0.0,0.0,0.30078125,0.0,0.30078125
2024-08-23 22:45:00,0.0,0.0,0.09765625,0.0,0.09765625
2024-08-24 00:30:00,0.10009765625,0.0,1.40234375,0.0,1.30224609375
2024-08-24 00:45:00,0.0,0.0,0.09765625,0.0,0.09765625
2024-08-24 01:00:00,0.0999755859375,0.0,0.40234375,0.0999755859375,0.202392578125
2024-08-24 01:15:00,0.0,0.0,0.09765625,0.0,0.09765625
2024-08-24 02:00:00,0.0,0.0,0.6015625,0.0,0.6015625
2024-08-24 02:30:00,0.0999755859375,0.0,0.3984375,0.0,0.2984619140625
2024-08-24 03:00:00,0.0,0.0,0.5,0.0,0.5
2024-08-24 03:45:00,0.0999755859375,0.0,0.703125,0.0,0.6031494140625
2024-08-24 04:30:00,0.0,0.0,0.59765625,0.10003662109375,0.49761962890625
2024-08-24 04:45:00,0.0,0.0,0.19921875,0.0,0.19921875
2024-08-24 05:00:00,0.0,0.0,0.203125,0.0,0.203125
2024-08-24 05:15:00,0.0999755859375,0.0,0.19921875,0.0,0.0992431640625
2024-08-24 05:45:00,0.0,0.0,0.3984375,0.0,0.3984375
2024-08-24 06:00:00,0.0,0.0,0.19921875,0.0,0.19921875
2024-08-24 06:30:00,0.0,0.0,0.40234375,0.0,0.40234375
2024-08-24 07:00:00,0.10009765625,0.0,0.3984375,0.0999755859375,0.1983642578125
2024-08-24 07:15:00,0.0,0.0,0.19921875,0.0,0.19921875
2024-08-24 07:30:00,0.0,0.0,0.30078125,0.0,0.30078125
2024-08-24 07:45:00,0.0,0.0,0.19921875,0.0,0.19921875
2024-08-24 08:00:00,0.0999755859375,0.0,0.30078125,0.0,0.2008056640625
2024-08-24 08:30:00,0.0,0.0,0.40234375,0.0,0.40234375
2024-08-24 09:00:00,0.0999755859375,0.2001953125,0.5,0.0,0.1998291015625
2024-08-24 10:15:00,0.0999755859375,0.099609375,1.296875,0.0999755859375,0.997314453125
2024-08-24 10:30:00,0.0999755859375,0.0,0.203125,0.0,0.1031494140625
2024-08-24 10:45:00,0.0,0.0,0.3984375,0.0,0.3984375
2024-08-24 11:00:00,0.0,0.0,0.1015625,0.0,0.1015625
2024-08-24 11:30:00,0.0,0.0,0.3984375,0.0,0.3984375
2024-08-24 12:00:00,0.10009765625,0.0,0.3984375,0.0,0.29833984375
2024-08-24 12:15:00,0.0,0.0,0.203125,0.0,0.203125
2024-08-24 12:30:00,0.0,0.0,0.296875,0.0,0.296875
2024-08-24 12:45:00,0.0,0.0,0.203125,0.0,0.203125
2024-08-24 13:15:00,0.0999755859375,0.0,0.3984375,0.10003662109375,0.19842529296875
2024-08-24 14:15:00,0.0,0.0,0.80078125,0.0,0.80078125
2024-08-24 14:45:00,0.0999755859375,0.0,0.3984375,0.0,0.2984619140625
2024-08-24 15:00:00,0.0,0.0,0.1015625,0.0,0.1015625
2024-08-24 16:00:00,0.0,0.0,0.8984375,0.0999755859375,0.7984619140625
2024-08-24 16:45:00,0.0999755859375,0.0,0.69921875,0.0,0.5992431640625
2024-08-24 17:00:00,0.0,0.0,0.1015625,0.0,0.1015625
2024-08-24 17:45:00,0.0999755859375,0.0,0.6015625,0.0,0.5015869140625
2024-08-24 18:15:00,0.0,0.0,0.5,0.0,0.5
2024-08-24 18:30:00,0.0,0.0,0.19921875,0.0,0.19921875
2024-08-24 19:00:00,0.10009765625,0.0,0.3984375,0.10003662109375,0.19830322265625
2024-08-24 20:00:00,0.0,0.0,0.80078125,0.0,0.80078125
2024-08-24 20:15:00,0.0999755859375,0.0,0.30078125,0.0,0.2008056640625
2024-08-24 20:30:00,0.0,0.0,0.09765625,0.0,0.09765625
2024-08-24 20:45:00,0.0,0.0,0.30078125,0.0,0.30078125
2024-08-24 21:00:00,0.0,0.0,0.1015625,0.0,0.1015625
2024-08-24 21:15:00,0.0,0.0,0.30078125,0.0,0.30078125
2024-08-24 21:30:00,0.0,0.0,0.19921875,0.0,0.19921875
2024-08-24 22:00:00,0.0999755859375,0.0,0.30078125,0.0999755859375,0.100830078125
2024-08-24 22:15:00,0.0,0.0,0.19921875,0.0,0.19921875
2024-08-24 22:45:00,0.0,0.0,0.3984375,0.0,0.3984375
2024-08-24 23:00:00,0.0,0.0,0.19921875,0.0,0.19921875
2024-08-24 23:15:00,0.0999755859375,0.0,0.203125,0.0,0.1031494140625
2024-08-24 23:30:00,0.0,0.0,0.09765625,0.0,0.09765625
2024-08-25 00:15:00,0.0,0.0,0.6015625,0.0,0.6015625
2024-08-25 00:30:00,0.0999755859375,0.0,0.19921875,0.0,0.0992431640625
2024-08-25 01:00:00,0.0,0.0,0.3984375,0.0999755859375,0.2984619140625
2024-08-25 01:30:00,0.0,0.0,0.30078125,0.0,0.30078125
2024-08-25 01:45:00,0.0,0.0,0.1015625,0.0,0.1015625
2024-08-25 02:00:00,0.10009765625,0.0,0.30078125,0.0,0.20068359375
2024-08-25 02:45:00,0.0,0.0,0.59765625,0.0,0.59765625
2024-08-25 03:00:00,0.0,0.0,0.19921875,0.0,0.19921875
2024-08-25 03:15:00,0.0,0.0,0.1015625,0.0,0.1015625
2024-08-25 03:45:00,0.0999755859375,0.0,0.5,0.0,0.4000244140625
2024-08-25 04:00:00,0.0,0.0,0.19921875,0.10003662109375,0.09918212890625
2024-08-25 04:15:00,0.0,0.0,0.19921875,0.0,0.19921875
2024-08-25 04:30:00,0.0,0.0,0.203125,0.0,0.203125
2024-08-25 04:45:00,0.0,0.0,0.0,0.0,0.0
2024-08-25 05:00:00,0.0999755859375,0.0,0.19921875,0.0,0.0992431640625
2024-08-25 06:00:00,0.0,0.0,0.80078125,0.0,0.80078125
2024-08-25 07:15:00,0.0999755859375,0.0,0.8984375,0.0999755859375,0.698486328125
2024-08-25 07:30:00,0.0999755859375,0.0,0.30078125,0.0,0.2008056640625
2024-08-25 07:45:00,0.0,0.0,0.09765625,0.0,0.09765625
2024-08-25 08:30:00,0.0,0.0,0.5,0.0,0.5
2024-08-25 08:45:00,0.0,0.0,0.30078125,0.0,0.30078125
2024-08-25 09:15:00,0.10009765625,0.0,0.40234375,0.0,0.30224609375
2024-08-25 10:00:00,0.0,0.0,0.5,0.10003662109375,0.39996337890625
2024-08-25 10:30:00,0.0999755859375,0.0,0.3984375,0.0,0.2984619140625
2024-08-25 10:45:00,0.0,0.0,0.1015625,0.0,0.1015625
2024-08-25 11:00:00,0.0,0.0,0.19921875,0.0,0.19921875
2024-08-25 11:15:00,0.0,0.0,0.19921875,0.0,0.19921875
2024-08-25 11:30:00,0.0,0.0,0.30078125,0.0,0.30078125
2024-08-25 12:15:00,0.0999755859375,0.0,0.59765625,0.0,0.4976806640625
2024-08-25 12:30:00,0.0,0.0,0.1015625,0.0,0.1015625
2024-08-25 13:00:00,0.0,0.0,0.30078125,0.0999755859375,0.2008056640625
2024-08-25 13:15:00,0.0999755859375,0.0,0.30078125,0.0,0.2008056640625
2024-08-25 13:30:00,0.0,0.0,0.09765625,0.0,0.09765625
2024-08-25 13:45:00,0.0,0.0,0.30078125,0.0,0.30078125
2024-08-25 14:00:00,0.0,0.0,0.1015625,0.0,0.1015625
2024-08-25 14:30:00,0.0,0.0,0.3984375,0.0,0.3984375
2024-08-25 14:45:00,0.0999755859375,0.0,0.1015625,0.0,0.0015869140625
2024-08-25 15:00:00,0.0,0.0,0.19921875,0.0,0.19921875
2024-08-25 15:15:00,0.0,0.0,0.30078125,0.0,0.30078125
2024-08-25 15:30:00,0.0,0.0,0.19921875,0.0,0.19921875
2024-08-25 16:00:00,0.10009765625,0.0,0.3984375,0.0999755859375,0.1983642578125
2024-08-25 16:30:00,0.0,0.0,0.40234375,0.0,0.40234375
2024-08-25 16:45:00,0.0,0.0,0.19921875,0.0,0.19921875
2024-08-25 17:15:00,0.0,0.0,0.3984375,0.0,0.3984375
2024-08-25 17:45:00,0.0999755859375,0.0,0.30078125,0.0,0.2008056640625
2024-08-25 18:00:00,0.0,0.0,0.19921875,0.0,0.19921875
2024-08-25 18:30:00,0.0,0.0,0.40234375,0.0,0.40234375
2024-08-25 18:45:00,0.0,0.0,0.09765625,0.0,0.09765625
2024-08-25 19:15:00,0.0999755859375,0.0,0.5,0.10003662109375,0.29998779296875
2024-08-25 19:45:00,0.0,0.0,0.40234375,0.0,0.40234375
2024-08-25 21:15:00,0.0999755859375,0.0,1.19921875,0.0,1.0992431640625
2024-08-25 21:30:00,0.0,0.0,0.0,0.0,0.0
2024-08-25 22:15:00,0.0999755859375,0.0,0.80078125,0.0999755859375,0.600830078125
2024-08-25 22:30:00,0.0,0.0,0.0,0.0,0.0
2024-08-25 22:45:00,0.0,0.0,0.296875,0.0,0.296875
2024-08-25 23:00:00,0.0,0.0,0.1015625,0.0,0.1015625
2024-08-25 23:30:00,0.10009765625,0.0,0.3984375,0.0,0.29833984375
2024-08-26 00:00:00,0.0,0.0,0.30078125,0.0,0.30078125
2024-08-26 00:15:00,0.0,0.0,0.30078125,0.0,0.30078125
2024-08-26 00:30:00,0.0999755859375,0.0,0.1015625,0.0,0.0015869140625
2024-08-26 00:45:00,0.0,0.0,0.19921875,0.0,0.19921875
2024-08-26 01:00:00,0.0,0.0,0.19921875,0.10003662109375,0.09918212890625
2024-08-26 01:15:00,0.0,0.0,0.19921875,0.0,0.19921875
2024-08-26 01:30:00,0.0,0.0,0.19921875,0.0,0.19921875
2024-08-26 01:45:00,0.0,0.0,0.203125,0.0,0.203125
2024-08-26 02:15:00,0.0999755859375,0.0,0.3984375,0.0,0.2984619140625
2024-08-26 02:30:00,0.0,0.0,0.19921875,0.0,0.19921875
2024-08-26 02:45:00,0.0,0.0,0.1015625,0.0,0.1015625
2024-08-26 03:00:00,0.0,0.0,0.19921875,0.0,0.19921875
2024-08-26 03:30:00,0.0999755859375,0.0,0.3984375,0.0,0.2984619140625
2024-08-26 03:45:00,0.0,0.0,0.30078125,0.0,0.30078125
2024-08-26 04:30:00,0.0,0.0,0.6015625,0.0999755859375,0.5015869140625
2024-08-26 04:45:00,0.0,0.10009765625,0.09765625,0.0,-0.00244140625
2024-08-26 05:00:00,0.0999755859375,0.0,0.40234375,0.0,0.3023681640625
2024-08-26 05:15:00,0.0,0.10009765625,0.30078125,0.0,0.20068359375
2024-08-26 05:30:00,0.0,0.0,0.0,0.0,0.0
2024-08-26 05:45:00,0.0,0.099853515625,0.5,0.0,0.400146484375
2024-08-26 06:00:00,0.0,0.0,0.09765625,0.0,0.09765625
2024-08-26 06:15:00,0.2000732421875,0.4998779296875,0.80078125,0.0,0.100830078125
2024-08-26 06:30:00,0.0999755859375,0.300048828125,0.6015625,0.0,0.2015380859375
2024-08-26 07:30:00,0.5,2.2003173828125,3.796875,0.0999755859375,0.99658203125
2024-08-26 07:45:00,0.199951171875,0.60009765625,1.0,0.0,0.199951171875
2024-08-26 08:00:00,0.10009765625,0.599365234375,0.703125,0.0,0.003662109375
2024-08-26 08:30:00,0.199951171875,1.1009521484375,2.09765625,0.0,0.7967529296875
2024-08-26 08:45:00,0.199951171875,0.89984130859375,1.80078125,0.0,0.70098876953125
2024-08-26 09:15:00,0.2000732421875,1.4005126953125,2.69921875,0.0,1.0986328125
2024-08-26 09:30:00,0.0999755859375,0.49896240234375,0.90234375,0.0,0.30340576171875
2024-08-26 10:00:00,0.300048828125,1.9000244140625,3.8984375,0.10003662109375,1.59832763671875
2024-08-26 10:15:00,0.0999755859375,0.9005126953125,1.5,0.0,0.49951171875
2024-08-26 11:15:00,0.5,2.599609375,5.69921875,0.0,2.599609375
2024-08-26 11:30:00,0.0999755859375,0.7005615234375,1.5,0.0,0.699462890625
2024-08-26 11:45:00,0.0999755859375,0.9996337890625,1.80078125,0.0,0.701171875
2024-08-26 12:00:00,0.0999755859375,0.19964599609011202,0.3984375,0.0,0.09881591797238798
2024-08-26 12:15:00,0.10009765625,1.000854492194776,2.0,0.0,0.899047851555224
2024-08-26 12:30:00,0.0999755859375,0.599792480461474,0.80078125,0.0,0.10101318360102596
2024-08-26 13:00:00,0.2999267578125,1.300170898441138,2.6015625,0.0999755859375,0.901489257808862
2024-08-26 13:15:00,0.0,0.3994140625,0.8984375,0.0,0.4990234375
2024-08-26 13:45:00,0.300048828125,1.7999267578125,3.69921875,0.0,1.5992431640625
2024-08-26 14:00:00,0.0999755859375,0.400146484375,0.90234375,0.0,0.4022216796875
2024-08-26 14:30:00,0.300048828125,1.60052490234375,3.19921875,0.0,1.29864501953125
2024-08-26 15:15:00,0.2999267578125,1.7999267578125,3.8984375,0.0,1.798583984375
2024-08-26 16:00:00,0.300048828125,2.09979248046875,4.30078125,0.10003662109375,1.8009033203125
2024-08-26 16:30:00,0.199951171875,1.1002197265625,2.5,0.0,1.1998291015625
2024-08-26 17:00:00,0.300048828125,1.49908447265625,2.80078125,0.0,1.00164794921875
2024-08-26 17:15:00,0.0999755859375,1.1009521484375,2.3984375,0.0,1.197509765625
2024-08-26 17:30:00,0.0999755859375,0.49951171875,0.90234375,0.0,0.3028564453125
2024-08-26 17:45:00,0.10009765625,0.699890136722388,1.30078125,0.0,0.500793457027612
2024-08-26 18:00:00,0.199951171875,0.600585937496362,1.19921875,0.0,0.398681640628638
2024-08-26 18:30:00,0.0999755859375,1.099365234375,2.0,0.0,0.8006591796875
2024-08-26 19:15:00,0.5,1.700439453128638,3.3984375,0.0999755859375,1.098022460933862
2024-08-26 19:30:00,0.0,0.099609375,0.30078125,0.0,0.201171875
2024-08-26 19:45:00,0.0999755859375,0.300292968746362,0.6015625,0.0,0.20129394531613798
2024-08-26 20:00:00,0.10009765625,0.399658203125,1.09765625,0.0,0.597900390625
2024-08-26 20:15:00,0.0999755859375,0.1005859375,0.40234375,0.0,0.2017822265625
2024-08-26 20:45:00,0.0999755859375,0.599609375,1.19921875,0.0,0.4996337890625
2024-08-26 21:00:00,0.0,0.1005859375,0.3984375,0.0,0.2978515625
2024-08-26 21:15:00,0.0,0.399658203128638,0.69921875,0.0,0.299560546871362
2024-08-26 21:30:00,0.0,0.300292968746362,0.703125,0.0,0.402832031253638
2024-08-26 22:00:00,0.0999755859375,0.499267578125,1.09765625,0.0999755859375,0.3984375
2024-08-26 22:30:00,0.0,0.1005859375,0.6015625,0.0,0.5009765625
2024-08-26 22:45:00,0.0,0.0,0.09765625,0.0,0.09765625
2024-08-26 23:00:00,0.0999755859375,0.0,0.203125,0.0,0.1031494140625
2024-08-26 23:45:00,0.0,0.0,0.59765625,0.0,0.59765625
2024-08-27 00:15:00,0.10009765625,0.0,0.6015625,0.0,0.50146484375
2024-08-27 00:45:00,0.0,0.0,0.3984375,0.0,0.3984375
2024-08-27 01:00:00,0.0,0.0,0.19921875,0.10003662109375,0.09918212890625
2024-08-27 01:15:00,0.0999755859375,0.0,0.203125,0.0,0.1031494140625
2024-08-27 01:30:00,0.0,0.0,0.19921875,0.0,0.19921875
2024-08-27 02:00:00,0.0,0.0,0.3984375,0.0,0.3984375
2024-08-27 02:45:00,0.0999755859375,0.0,0.80078125,0.0,0.7008056640625
2024-08-27 03:00:00,0.0,0.0,0.19921875,0.0,0.19921875
2024-08-27 03:15:00,0.0,0.0,0.1015625,0.0,0.1015625
2024-08-27 03:30:00,0.0999755859375,0.0,0.19921875,0.0,0.0992431640625
2024-08-27 03:45:00,0.0,0.0,0.30078125,0.0,0.30078125
2024-08-27 04:00:00,0.0,0.0,0.30078125,0.0999755859375,0.2008056640625
2024-08-27 04:30:00,0.0999755859375,0.2001953125,0.59765625,0.0,0.2974853515625
2024-08-27 05:15:00,0.0,0.199951171875,0.90234375,0.0,0.702392578125
2024-08-27 05:30:00,0.0,0.099853515625,0.19921875,0.0,0.099365234375
2024-08-27 05:45:00,0.10009765625,0.10009765625,0.3984375,0.0,0.1982421875
2024-08-27 06:30:00,0.2999267578125,1.000244140625,2.1015625,0.0,0.8013916015625
2024-08-27 06:45:00,0.0999755859375,0.199462890625,0.3984375,0.0,0.0989990234375
2024-08-27 07:15:00,0.10009765625,0.3994140625,0.90234375,0.10003662109375,0.30279541015625
2024-08-27 07:30:00,0.0999755859375,0.801025390628638,1.296875,0.0,0.395874023433862
2024-08-27 07:45:00,0.0,0.498779296871362,0.90234375,0.0,0.403564453128638
2024-08-27 08:00:00,0.0999755859375,0.30078125,0.59765625,0.0,0.1968994140625
2024-08-27 08:45:00,0.4000244140625,2.4002685546875,3.90234375,0.0,1.10205078125
2024-08-27 09:00:00,0.0999755859375,0.5,0.8984375,0.0,0.2984619140625
2024-08-27 09:15:00,0.0999755859375,1.0997314453125,1.80078125,0.0,0.60107421875
2024-08-27 09:30:00,0.0999755859375,0.70013427734375,1.3984375,0.0,0.59832763671875
2024-08-27 09:45:00,0.10009765625,0.800048828125,1.5,0.0,0.599853515625
2024-08-27 10:00:00,0.0999755859375,0.7996826171875,1.5,0.0999755859375,0.5003662109375
2024-08-27 10:30:00,0.199951171875,1.29974365234375,2.0,0.0,0.50030517578125
2024-08-27 11:00:00,0.300048828125,1.90045166015625,4.0,0.0,1.79949951171875
2024-08-27 11:15:00,0.0,0.7000732421875,1.0,0.0,0.2999267578125
2024-08-27 11:45:00,0.199951171875,1.099365234375,2.1015625,0.0,0.80224609375
2024-08-27 12:00:00,0.0999755859375,0.600341796871362,1.1015625,0.0,0.401245117191138
2024-08-27 12:15:00,0.10009765625,0.800292968753638,1.3984375,0.0,0.498046874996362
2024-08-27 12:30:00,0.0999755859375,0.800048828125,1.5,0.0,0.5999755859375
2024-08-27 12:45:00,0.0999755859375,0.699462890625,1.19921875,0.0,0.3997802734375
2024-08-27 13:15:00,0.0999755859375,1.30072021484375,2.40234375,0.0999755859375,0.90167236328125
2024-08-27 13:30:00,0.0999755859375,0.9996337890625,2.0,0.0,0.900390625
2024-08-27 14:00:00,0.10009765625,1.59967041015625,2.8984375,0.0,1.19866943359375
2024-08-27 14:15:00,0.0,0.5003662109375,1.0,0.0,0.4996337890625
2024-08-27 15:00:00,0.199951171875,2.39971923828125,4.19921875,0.0,1.59954833984375
2024-08-27 15:15:00,0.0,1.0003662109375,1.90234375,0.0,0.9019775390625
2024-08-27 15:45:00,0.0999755859375,1.19989013671875,2.296875,0.0,0.99700927734375
2024-08-27 16:00:00,0.0999755859375,0.7999267578125,1.5,0.10003662109375,0.50006103515625
2024-08-27 16:15:00,0.10009765625,1.10052490234375,2.0,0.0,0.79937744140625
2024-08-27 16:30:00,0.0999755859375,0.19970703125,0.40234375,0.0,0.1026611328125
2024-08-27 17:00:00,0.199951171875,1.9993896484375,3.69921875,0.0,1.4998779296875
2024-08-27 17:30:00,0.0999755859375,1.400634765625,2.6015625,0.0,1.1009521484375
2024-08-27 18:15:00,0.300048828125,1.999267578125,3.69921875,0.0,1.39990234375
2024-08-27 18:30:00,0.0999755859375,0.700439453125,1.09765625,0.0,0.2972412109375
2024-08-27 18:45:00,0.0,0.69970703125,1.0,0.0,0.30029296875
2024-08-27 19:00:00,0.0999755859375,0.500732421875,1.1015625,0.0999755859375,0.40087890625
2024-08-27 19:45:00,0.2000732421875,1.09912109375,2.1015625,0.0,0.8023681640625
2024-08-27 20:00:00,0.0999755859375,0.400634765621362,0.69921875,0.0,0.19860839844113798
2024-08-27 20:30:00,0.0,0.399902343753638,0.80078125,0.0,0.400878906246362
2024-08-27 20:45:00,0.0,0.2001953125,0.5,0.0,0.2998046875
2024-08-27 21:00:00,0.0,0.19946289062863798,0.296875,0.0,0.09741210937136202
2024-08-27 21:45:00,0.0999755859375,0.299804687496362,1.0,0.0,0.600219726566138
2024-08-27 22:45:00,0.0999755859375,0.0,0.90234375,0.10003662109375,0.70233154296875
2024-08-27 23:00:00,0.0,0.0,0.19921875,0.0,0.19921875
2024-08-27 23:15:00,0.0,0.0,0.19921875,0.0,0.19921875
2024-08-27 23:30:00,0.0,0.0,0.19921875,0.0,0.19921875
2024-08-27 23:45:00,0.0,0.0,0.203125,0.0,0.203125
2024-08-28 00:00:00,0.10009765625,0.0,0.09765625,0.0,-0.00244140625
2024-08-28 00:15:00,0.0,0.0,0.19921875,0.0,0.19921875
2024-08-28 00:30:00,0.0,0.0,0.30078125,0.0,0.30078125
2024-08-28 01:45:00,0.0999755859375,0.0,1.0,0.0999755859375,0.800048828125
2024-08-28 02:30:00,0.0,0.0,0.69921875,0.0,0.69921875
2024-08-28 02:45:00,0.0999755859375,0.0,0.30078125,0.0,0.2008056640625
2024-08-28 03:00:00,0.0,0.0,0.19921875,0.0,0.19921875
2024-08-28 03:45:00,0.0,0.0,0.6015625,0.0,0.6015625
2024-08-28 04:00:00,0.0,0.0,0.19921875,0.0999755859375,0.0992431640625
2024-08-28 04:15:00,0.0,0.0,0.1015625,0.0,0.1015625
2024-08-28 04:30:00,0.0999755859375,0.10009765625,0.19921875,0.0,-0.0008544921875
2024-08-28 04:45:00,0.0,0.0,0.30078125,0.0,0.30078125
2024-08-28 05:15:00,0.0,0.10009765625363798,0.59765625,0.0,0.497558593746362
2024-08-28 05:30:00,0.0,0.09985351562136202,0.30078125,0.0,0.20092773437863798
2024-08-28 05:45:00,0.0999755859375,0.0,0.19921875,0.0,0.0992431640625
2024-08-28 06:15:00,0.0,0.20068359375,0.80078125,0.0,0.60009765625
2024-08-28 06:30:00,0.10009765625,0.399658203125,0.5,0.0,0.000244140625
2024-08-28 07:30:00,0.2999267578125,0.999755859375,2.30078125,0.10003662109375,0.90106201171875
2024-08-28 08:15:00,0.2000732421875,1.599853515625,2.6015625,0.0,0.8016357421875
2024-08-28 08:30:00,0.0,0.600585937503638,1.09765625,0.0,0.497070312496362
2024-08-28 09:00:00,0.199951171875,1.300048828117724,2.5,0.0,1.000000000007276
2024-08-28 09:15:00,0.0,0.499511718753638,0.90234375,0.0,0.402832031246362
2024-08-28 09:45:00,0.199951171875,1.50054931640625,2.796875,0.0,1.09637451171875
2024-08-28 10:15:00,0.2000732421875,1.4993896484375,2.80078125,0.0999755859375,1.0013427734375
2024-08-28 10:45:00,0.0999755859375,1.10028076171875,2.40234375,0.0,1.20208740234375
2024-08-28 11:00:00,0.0999755859375,0.7996826171875,1.3984375,0.0,0.498779296875
2024-08-28 11:15:00,0.0999755859375,1.3004150390625,2.19921875,0.0,0.798828125
2024-08-28 12:00:00,0.300048828125,1.29949951171875,2.90234375,0.0,1.30279541015625
2024-08-28 13:15:00,0.699951171875,2.90020751953125,6.296875,0.10003662109375,2.5966796875
2024-08-28 13:30:00,0.10009765625,0.50018310546875,0.80078125,0.0,0.20050048828125
2024-08-28 13:45:00,0.0999755859375,0.2998046875,0.80078125,0.0,0.4010009765625
2024-08-28 14:00:00,0.199951171875,1.000427246097388,2.1015625,0.0,0.901184082027612
2024-08-28 14:15:00,0.0999755859375,0.499511718746362,1.296875,0.0,0.697387695316138
2024-08-28 15:00:00,0.300048828125,1.39990234375,3.0,0.0,1.300048828125
2024-08-28 15:15:00,0.0999755859375,0.60003662109375,1.203125,0.0,0.50311279296875
2024-08-28 15:45:00,0.2000732421875,0.699951171871362,1.796875,0.0,0.896850585941138
2024-08-28 16:15:00,0.0999755859375,1.000488281253638,2.30078125,0.0999755859375,1.100341796871362
2024-08-28 17:15:00,0.199951171875,1.599609375,3.80078125,0.0,2.001220703125
2024-08-28 17:30:00,0.0999755859375,0.300292968746362,0.80078125,0.0,0.400512695316138
2024-08-28 17:45:00,0.0,0.099609375,0.5,0.0,0.400390625
2024-08-28 18:00:00,0.10009765625,0.300048828128638,0.69921875,0.0,0.299072265621362
2024-08-28 18:15:00,0.0999755859375,0.20068359375,0.6015625,0.0,0.3009033203125
2024-08-28 19:00:00,0.199951171875,0.899658203121362,2.3984375,0.0999755859375,1.198852539066138
2024-08-28 19:30:00,0.0999755859375,0.099609375,0.3984375,0.0,0.1988525390625
2024-08-28 19:45:00,0.0,0.0,0.203125,0.0,0.203125
2024-08-28 20:00:00,0.0,0.0,0.296875,0.0,0.296875
2024-08-28 20:30:00,0.10009765625,0.500244140628638,1.203125,0.0,0.602783203121362
2024-08-28 20:45:00,0.0,0.19970703125,0.296875,0.0,0.09716796875
2024-08-28 21:15:00,0.0,0.599853515625,1.1015625,0.0,0.501708984375
2024-08-28 21:30:00,0.0,0.0,0.19921875,0.0,0.19921875
2024-08-28 21:45:00,0.0999755859375,0.40087890625,0.6015625,0.0,0.1007080078125
2024-08-28 22:00:00,0.0,0.19921875,0.5,0.10003662109375,0.20074462890625
2024-08-28 22:30:00,0.0,0.0,0.30078125,0.0,0.30078125
2024-08-29 00:30:00,0.0999755859375,0.0,1.5,0.0,1.4000244140625
2024-08-29 00:45:00,0.0999755859375,0.0,0.19921875,0.0,0.0992431640625
2024-08-29 01:00:00,0.0,0.0,0.09765625,0.0,0.09765625
2024-08-29 01:30:00,0.0,0.0,0.5,0.0999755859375,0.4000244140625
2024-08-29 01:45:00,0.0,0.0,0.30078125,0.0,0.30078125
2024-08-29 02:00:00,0.0999755859375,0.0,0.0,0.0,-0.0999755859375
2024-08-29 02:15:00,0.0,0.0,0.30078125,0.0,0.30078125
2024-08-29 02:30:00,0.0,0.0,0.1015625,0.0,0.1015625
2024-08-29 02:45:00,0.0,0.0,0.19921875,0.0,0.19921875
2024-08-29 03:00:00,0.0,0.0,0.30078125,0.0,0.30078125
2024-08-29 03:15:00,0.10009765625,0.0,0.19921875,0.0,0.09912109375
2024-08-29 03:45:00,0.0,0.0,0.3984375,0.0,0.3984375
2024-08-29 04:00:00,0.0,0.0,0.30078125,0.10003662109375,0.20074462890625
2024-08-29 04:30:00,0.0,0.199951171875,0.5,0.0,0.300048828125
2024-08-29 04:45:00,0.0,0.0,0.1015625,0.0,0.1015625
2024-08-29 05:00:00,0.0999755859375,0.10009765625,0.5,0.0,0.2999267578125
2024-08-29 05:30:00,0.0,0.199951171875,0.59765625,0.0,0.397705078125
2024-08-29 06:00:00,0.199951171875,0.400146484375,1.1015625,0.0,0.50146484375
2024-08-29 06:15:00,0.0,0.20068359375,0.30078125,0.0,0.10009765625
2024-08-29 07:15:00,0.4000244140625,1.0,2.296875,0.0999755859375,0.796875
2024-08-29 07:30:00,0.0,0.10009765625,0.203125,0.0,0.10302734375
2024-08-29 08:00:00,0.199951171875,0.899169921871362,1.59765625,0.0,0.498535156253638
2024-08-29 08:15:00,0.2000732421875,0.800537109378638,1.19921875,0.0,0.19860839843386202
2024-08-29 08:30:00,0.0999755859375,0.9002685546875,1.5,0.0,0.499755859375
2024-08-29 08:45:00,0.0,0.199462890625,0.40234375,0.0,0.202880859375
2024-08-29 09:15:00,0.300048828125,1.79986572265625,3.19921875,0.0,1.09930419921875
2024-08-29 09:45:00,0.2999267578125,1.80035400390625,3.30078125,0.0,1.20050048828125
2024-08-29 10:15:00,0.0999755859375,1.000366210941138,1.8984375,0.0999755859375,0.698120117183862
2024-08-29 11:15:00,0.4000244140625,3.399597167965112,6.19921875,0.0,2.399597167972388
2024-08-29 12:30:00,0.4000244140625,2.80035400390625,5.40234375,0.0,2.20196533203125
2024-08-29 12:45:00,0.0999755859375,0.799560546875,1.30078125,0.0,0.4012451171875
2024-08-29 13:15:00,0.2000732421875,0.900390625,2.296875,0.10003662109375,1.09637451171875
2024-08-29 13:30:00,0.0,0.599853515625,1.203125,0.0,0.603271484375
2024-08-29 13:45:00,0.0,0.600341796875,1.09765625,0.0,0.497314453125
2024-08-29 14:00:00,0.0999755859375,0.4990234375,1.1015625,0.0,0.5025634765625
2024-08-29 14:15:00,0.0999755859375,0.500488281253638,1.19921875,0.0,0.598754882808862
2024-08-29 15:00:00,0.0999755859375,1.399902343746362,3.19921875,0.0,1.699340820316138
2024-08-29 15:15:00,0.0999755859375,0.400390625,0.69921875,0.0,0.1988525390625
2024-08-29 15:30:00,0.0,0.499267578125,1.40234375,0.0,0.903076171875
2024-08-29 15:45:00,0.10009765625,0.400390625,0.69921875,0.0,0.19873046875
2024-08-29 16:45:00,0.199951171875,1.80029296875,4.1015625,0.0999755859375,2.0013427734375
2024-08-29 17:45:00,0.199951171875,2.2998046875,4.8984375,0.0,2.398681640625
2024-08-29 18:00:00,0.10009765625,0.500244140625,1.0,0.0,0.399658203125
2024-08-29 18:30:00,0.199951171875,0.800048828125,1.5,0.0,0.5
2024-08-29 18:45:00,0.0,0.39990234375,0.69921875,0.0,0.29931640625
2024-08-29 19:00:00,0.0999755859375,0.499267578125,0.80078125,0.10003662109375,0.10150146484375
2024-08-29 19:45:00,0.0999755859375,1.100830078125,1.8984375,0.0,0.6976318359375
2024-08-29 20:15:00,0.10009765625,0.69970703125,1.40234375,0.0,0.6025390625
2024-08-29 20:45:00,0.0999755859375,0.200439453125,0.59765625,0.0,0.2972412109375
2024-08-29 21:15:00,0.0,0.10009765625,0.703125,0.0,0.60302734375
2024-08-29 21:30:00,0.0,0.10009765625,0.0,0.0,-0.10009765625
2024-08-29 22:00:00,0.0,0.099853515625,0.59765625,0.0,0.497802734375
2024-08-29 22:15:00,0.0999755859375,0.0,0.19921875,0.0999755859375,-0.000732421875
2024-08-29 23:00:00,0.0,0.0,0.6015625,0.0,0.6015625
2024-08-29 23:45:00,0.0999755859375,0.0,0.69921875,0.0,0.5992431640625
2024-08-30 00:00:00,0.0,0.0,0.1015625,0.0,0.1015625
2024-08-30 00:15:00,0.0,0.0,0.19921875,0.0,0.19921875
2024-08-30 00:30:00,0.0,0.0,0.19921875,0.0,0.19921875
2024-08-30 00:45:00,0.0,0.0,0.30078125,0.0,0.30078125
2024-08-30 01:00:00,0.0999755859375,0.0,0.30078125,0.0999755859375,0.100830078125
2024-08-30 01:15:00,0.0,0.0,0.19921875,0.0,0.19921875
2024-08-30 01:30:00,0.0,0.0,0.19921875,0.0,0.19921875
2024-08-30 01:45:00,0.0,0.0,0.19921875,0.0,0.19921875
2024-08-30 02:15:00,0.10009765625,0.0,0.30078125,0.0,0.20068359375
2024-08-30 02:30:00,0.0,0.0,0.1015625,0.0,0.1015625
2024-08-30 02:45:00,0.0,0.0,0.30078125,0.0,0.30078125
2024-08-30 03:00:00,0.0,0.0,0.19921875,0.0,0.19921875
2024-08-30 03:15:00,0.0,0.0,0.09765625,0.0,0.09765625
2024-08-30 03:30:00,0.0,0.0,0.40234375,0.0,0.40234375
2024-08-30 04:15:00,0.0999755859375,0.0,0.59765625,0.10003662109375,0.39764404296875
2024-08-30 04:30:00,0.0,0.10009765625,0.203125,0.0,0.10302734375
2024-08-30 04:45:00,0.0,0.0,0.296875,0.0,0.296875
2024-08-30 05:00:00,0.0999755859375,0.099853515625,0.203125,0.0,0.0032958984375
2024-08-30 05:15:00,0.0,0.0,0.19921875,0.0,0.19921875
2024-08-30 05:30:00,0.0,0.0,0.09765625,0.0,0.09765625
2024-08-30 05:45:00,0.0,0.10009765625,0.40234375,0.0,0.30224609375
2024-08-30 06:15:00,0.300048828125,0.69970703125,1.3984375,0.0,0.398681640625
2024-08-30 06:30:00,0.0999755859375,0.199462890625,0.6015625,0.0,0.3021240234375
2024-08-30 06:45:00,0.0,0.10009765625,0.19921875,0.0,0.09912109375
2024-08-30 07:00:00,0.0999755859375,0.0,0.3984375,0.0999755859375,0.198486328125
2024-08-30 07:15:00,0.0,0.300048828125,0.5,0.0,0.199951171875
2024-08-30 07:30:00,0.0999755859375,0.39990234375,0.6015625,0.0,0.1016845703125
2024-08-30 07:45:00,0.0999755859375,0.20068359375,0.6015625,0.0,0.3009033203125
2024-08-30 08:00:00,0.10009765625,0.10009765625,0.19921875,0.0,-0.0009765625
2024-08-30 08:15:00,0.0999755859375,0.29931640625,0.69921875,0.0,0.2999267578125
2024-08-30 08:45:00,0.2999267578125,0.900634765625,1.8984375,0.0,0.6978759765625
2024-08-30 09:00:00,0.2000732421875,0.498779296875,0.90234375,0.0,0.2034912109375
2024-08-30 10:00:00,0.4000244140625,2.1004638671875,4.0,0.0,1.49951171875
2024-08-30 11:00:00,0.2999267578125,2.49993896484375,4.8984375,0.10003662109375,1.99853515625
2024-08-30 11:15:00,0.0,0.40087890625,0.80078125,0.0,0.39990234375
2024-08-30 11:45:00,0.2000732421875,1.199584960933862,2.1015625,0.0,0.701904296878638
2024-08-30 12:15:00,0.0999755859375,0.899658203128638,1.8984375,0.0,0.898803710933862
2024-08-30 13:30:00,0.2999267578125,3.00006103515625,5.30078125,0.0999755859375,1.90081787109375
2024-08-30 14:00:00,0.10009765625,1.100341796875,2.30078125,0.0,1.100341796875
2024-08-30 14:15:00,0.199951171875,0.7001953125,1.5,0.0,0.599853515625
2024-08-30 14:45:00,0.0999755859375,1.2994384765625,2.09765625,0.0,0.6982421875
2024-08-30 15:15:00,0.0999755859375,1.10009765625,2.19921875,0.0,0.9991455078125
2024-08-30 15:30:00,0.10009765625,0.30029296875,0.80078125,0.0,0.400390625
2024-08-30 16:00:00,0.199951171875,1.199951171875,2.30078125,0.0,0.90087890625
2024-08-30 17:15:00,0.4000244140625,2.59979248046875,5.1015625,0.0999755859375,2.00177001953125
2024-08-30 17:30:00,0.199951171875,0.699462890625,1.296875,0.0,0.3974609375
2024-08-30 17:45:00,0.0,0.30029296875,0.703125,0.0,0.40283203125
2024-08-30 18:00:00,0.2000732421875,0.70068359375,1.296875,0.0,0.3961181640625
2024-08-30 18:15:00,0.0999755859375,0.699462890625,1.30078125,0.0,0.5013427734375
2024-08-30 18:45:00,0.199951171875,0.89990234375,1.5,0.0,0.400146484375
2024-08-30 19:15:00,0.0,0.80078125,1.40234375,0.10003662109375,0.50152587890625
2024-08-30 19:45:00,0.0999755859375,0.699951171875,1.296875,0.0,0.4969482421875
2024-08-30 21:00:00,0.300048828125,1.399658203125,2.80078125,0.0,1.10107421875
2024-08-30 21:15:00,0.0,0.0,0.1015625,0.0,0.1015625
2024-08-30 21:30:00,0.0,0.0,0.19921875,0.0,0.19921875
2024-08-30 22:00:00,0.0999755859375,0.0,0.5,0.0999755859375,0.300048828125
2024-08-30 22:15:00,0.0,0.0,0.19921875,0.0,0.19921875
2024-08-30 23:00:00,0.0,0.0,0.5,0.0,0.5
2024-08-30 23:15:00,0.0999755859375,0.0,0.30078125,0.0,0.2008056640625
2024-08-30 23:45:00,0.0,0.0,0.30078125,0.0,0.30078125
2024-08-31 00:00:00,0.0,0.0,0.30078125,0.0,0.30078125
2024-08-31 00:30:00,0.10009765625,0.0,0.296875,0.0,0.19677734375
2024-08-31 00:45:00,0.0,0.0,0.40234375,0.0,0.40234375
2024-08-31 01:30:00,0.0999755859375,0.0,0.59765625,0.10003662109375,0.39764404296875
2024-08-31 01:45:00,0.0,0.0,0.1015625,0.0,0.1015625
2024-08-31 02:15:00,0.0,0.0,0.5,0.0,0.5
2024-08-31 02:45:00,0.0,0.0,0.30078125,0.0,0.30078125
2024-08-31 03:00:00,0.0999755859375,0.0,0.30078125,0.0,0.2008056640625
2024-08-31 03:15:00,0.0,0.0,0.296875,0.0,0.296875
2024-08-31 03:30:00,0.0,0.0,0.203125,0.0,0.203125
2024-08-31 03:45:00,0.0,0.0,0.09765625,0.0,0.09765625
2024-08-31 04:00:00,0.0999755859375,0.0,0.30078125,0.0999755859375,0.100830078125
2024-08-31 04:30:00,0.0,0.0,0.19921875,0.0,0.19921875
2024-08-31 04:45:00,0.0,0.0,0.40234375,0.0,0.40234375
2024-08-31 05:00:00,0.0,0.0,0.09765625,0.0,0.09765625
2024-08-31 05:15:00,0.0,0.0,0.19921875,0.0,0.19921875
2024-08-31 05:30:00,0.0999755859375,0.0,0.40234375,0.0,0.3023681640625
2024-08-31 06:00:00,0.0,0.0,0.30078125,0.0,0.30078125
2024-08-31 06:15:00,0.0,0.0,0.19921875,0.0,0.19921875
2024-08-31 06:30:00,0.10009765625,0.0,0.30078125,0.0,0.20068359375
2024-08-31 07:00:00,0.0,0.0,0.296875,0.0,0.296875
2024-08-31 07:30:00,0.0,0.0,0.5,0.0999755859375,0.4000244140625
2024-08-31 08:00:00,0.0999755859375,0.0,0.40234375,0.0,0.3023681640625
2024-08-31 08:15:00,0.0,0.0,0.19921875,0.0,0.19921875
2024-08-31 08:30:00,0.0,0.0,0.30078125,0.0,0.30078125
2024-08-31 08:45:00,0.0,0.0,0.0,0.0,0.0
2024-08-31 09:15:00,0.0,0.0,0.5,0.0,0.5
2024-08-31 09:30:00,0.0999755859375,0.0,0.09765625,0.0,-0.0023193359375
2024-08-31 10:00:00,0.0,0.0,0.6015625,0.0,0.6015625
2024-08-31 10:15:00,0.0,0.0,0.1015625,0.10003662109375,0.00152587890625
2024-08-31 10:30:00,0.0,0.0,0.19921875,0.0,0.19921875
2024-08-31 10:45:00,0.0999755859375,0.0,0.30078125,0.0,0.2008056640625
2024-08-31 11:15:00,0.0,0.0,0.3984375,0.0,0.3984375
2024-08-31 12:15:00,0.0999755859375,0.0,0.80078125,0.0,0.7008056640625
2024-08-31 13:15:00,0.0,0.19970703125,1.09765625,0.0999755859375,0.7979736328125
2024-08-31 14:00:00,0.10009765625,0.0,0.5,0.0,0.39990234375
2024-08-31 14:15:00,0.0,0.10009765625,0.40234375,0.0,0.30224609375
2024-08-31 14:45:00,0.0,0.0,0.5,0.0,0.5
2024-08-31 15:15:00,0.0999755859375,0.10009765625,0.59765625,0.0,0.3975830078125
2024-08-31 16:45:00,0.0999755859375,0.10009765625,1.40234375,0.10003662109375,1.10223388671875
2024-08-31 17:15:00,0.0,0.099609375,0.59765625,0.0,0.498046875
2024-08-31 17:30:00,0.0,0.0,0.203125,0.0,0.203125
2024-08-31 18:00:00,0.0999755859375,0.0,0.5,0.0,0.4000244140625
2024-08-31 18:15:00,0.0,0.0,0.09765625,0.0,0.09765625
2024-08-31 18:45:00,0.0,0.0,0.30078125,0.0,0.30078125
2024-08-31 19:45:00,0.0999755859375,0.0,0.80078125,0.0999755859375,0.600830078125
2024-08-31 20:00:00,0.0,0.0,0.19921875,0.0,0.19921875
2024-08-31 20:15:00,0.0,0.0,0.3984375,0.0,0.3984375
2024-08-31 20:45:00,0.10009765625,0.0,0.40234375,0.0,0.30224609375
2024-08-31 21:00:00,0.0,0.0,0.09765625,0.0,0.09765625
2024-08-31 21:30:00,0.0,0.0,0.40234375,0.0,0.40234375
2024-08-31 22:00:00,0.0,0.0,0.5,0.0,0.5
2024-08-31 22:15:00,0.0999755859375,0.0,0.09765625,0.0999755859375,-0.102294921875
2024-08-31 22:30:00,0.0,0.0,0.30078125,0.0,0.30078125
2024-08-31 22:45:00,0.0,0.0,0.0,0.0,0.0
2024-08-31 23:15:00,0.0,0.0,0.40234375,0.0,0.40234375
2024-08-31 23:30:00,0.0,0.0,0.19921875,0.0,0.19921875
2024-08-31 23:45:00,0.0999755859375,0.0,0.30078125,0.0,0.2008056640625
2024-09-01 00:00:00,0.0,0.0,0.19921875,0.0,0.19921875
2024-09-01 00:15:00,0.0,0.0,0.19921875,0.0,0.19921875
2024-09-01 00:30:00,0.0,0.0,0.30078125,0.0,0.30078125
2024-09-01 01:15:00,0.0999755859375,0.0,0.5,0.10003662109375,0.29998779296875
2024-09-01 01:30:00,0.0,0.0,0.09765625,0.0,0.09765625
2024-09-01 02:00:00,0.0,0.0,0.40234375,0.0,0.40234375
2024-09-01 02:15:00,0.0,0.0,0.30078125,0.0,0.30078125
2024-09-01 02:30:00,0.0999755859375,0.0,0.19921875,0.0,0.0992431640625
2024-09-01 02:45:00,0.0,0.0,0.09765625,0.0,0.09765625
2024-09-01 03:00:00,0.0,0.0,0.40234375,0.0,0.40234375
2024-09-01 03:15:00,0.0,0.0,0.09765625,0.0,0.09765625
2024-09-01 03:30:00,0.0,0.0,0.203125,0.0,0.203125
2024-09-01 03:45:00,0.10009765625,0.0,0.296875,0.0,0.19677734375
2024-09-01 04:00:00,0.0,0.0,0.203125,0.0,0.203125
2024-09-01 04:15:00,0.0,0.0,0.19921875,0.0999755859375,0.0992431640625
2024-09-01 04:30:00,0.0,0.0,0.09765625,0.0,0.09765625
2024-09-01 04:45:00,0.0,0.0,0.203125,0.0,0.203125
2024-09-01 05:00:00,0.0,0.0,0.19921875,0.0,0.19921875
2024-09-01 05:15:00,0.0999755859375,0.0,0.30078125,0.0,0.2008056640625
2024-09-01 05:30:00,0.0,0.0,0.19921875,0.0,0.19921875
2024-09-01 05:45:00,0.0,0.0,0.19921875,0.0,0.19921875
2024-09-01 06:00:00,0.0,0.0,0.1015625,0.0,0.1015625
2024-09-01 06:15:00,0.0,0.0,0.296875,0.0,0.296875
2024-09-01 06:30:00,0.0,0.0,0.203125,0.0,0.203125
2024-09-01 06:45:00,0.0999755859375,0.0,0.09765625,0.0,-0.0023193359375
2024-09-01 07:15:00,0.0,0.0,0.5,0.10003662109375,0.39996337890625
2024-09-01 07:30:00,0.0,0.0,0.1015625,0.0,0.1015625
2024-09-01 08:30:00,0.0999755859375,0.0,0.80078125,0.0,0.7008056640625
2024-09-01 08:45:00,0.0,0.2001953125,0.5,0.0,0.2998046875
2024-09-01 09:15:00,0.0,0.0,0.5,0.0,0.5
2024-09-01 10:15:00,0.0999755859375,0.0,0.69921875,0.0999755859375,0.499267578125
2024-09-01 10:30:00,0.0,0.0,0.19921875,0.0,0.19921875
2024-09-01 10:45:00,0.0,0.2001953125,0.3984375,0.0,0.1982421875
2024-09-01 11:00:00,0.10009765625,0.30029296875,0.703125,0.0,0.302734375
2024-09-01 11:30:00,0.0,0.2998046875,0.8984375,0.0,0.5986328125
2024-09-01 12:00:00,0.0,0.30029296875,0.80078125,0.0,0.50048828125
2024-09-01 12:45:00,0.0999755859375,0.4990234375,1.30078125,0.0,0.7017822265625
2024-09-01 13:00:00,0.0,0.1005859375,0.296875,0.0,0.1962890625
2024-09-01 13:15:00,0.0,0.19921875,0.6015625,0.0999755859375,0.3023681640625
2024-09-01 14:00:00,0.0999755859375,0.30078125,0.80078125,0.0,0.4000244140625
2024-09-01 14:30:00,0.0,0.39990234375,1.0,0.0,0.60009765625
2024-09-01 14:45:00,0.0,0.099609375,0.30078125,0.0,0.201171875
2024-09-01 15:15:00,0.0999755859375,0.39990234375,0.796875,0.0,0.2969970703125
2024-09-01 15:30:00,0.0,0.2001953125,0.6015625,0.0,0.4013671875
2024-09-01 16:00:00,0.0,0.2001953125,0.80078125,0.0,0.6005859375
2024-09-01 16:15:00,0.0,0.30029296875,0.59765625,0.10003662109375,0.19732666015625
2024-09-01 16:30:00,0.0999755859375,0.099609375,0.40234375,0.0,0.2027587890625
2024-09-01 16:45:00,0.0,0.2001953125,0.3984375,0.0,0.1982421875
2024-09-01 17:00:00,0.0,0.10009765625,0.1015625,0.0,0.00146484375
2024-09-01 17:15:00,0.0,0.2001953125,0.69921875,0.0,0.4990234375
2024-09-01 17:30:00,0.0,0.099609375,0.30078125,0.0,0.201171875
2024-09-01 17:45:00,0.0,0.2998046875,0.5,0.0,0.2001953125
2024-09-01 18:00:00,0.10009765625,0.099609375,0.3984375,0.0,0.19873046875
2024-09-01 18:45:00,0.0,0.40087890625,1.1015625,0.0,0.70068359375
2024-09-01 19:00:00,0.0,0.0,0.30078125,0.0,0.30078125
2024-09-01 19:45:00,0.0999755859375,0.0,0.5,0.0999755859375,0.300048828125
2024-09-01 20:00:00,0.0,0.0,0.3984375,0.0,0.3984375
2024-09-01 20:15:00,0.0,0.0,0.1015625,0.0,0.1015625
2024-09-01 21:00:00,0.0999755859375,0.0,0.59765625,0.0,0.4976806640625
2024-09-01 21:15:00,0.0,0.0,0.30078125,0.0,0.30078125
2024-09-01 21:45:00,0.0,0.0,0.3984375,0.0,0.3984375
2024-09-01 22:00:00,0.0,0.0,0.30078125,0.0,0.30078125
2024-09-01 22:30:00,0.0999755859375,0.0,0.40234375,0.10003662109375,0.20233154296875
2024-09-01 23:00:00,0.0,0.0,0.296875,0.0,0.296875
2024-09-01 23:30:00,0.0,0.0,0.5,0.0,0.5
2024-09-02 00:30:00,0.0999755859375,0.0,0.80078125,0.0,0.7008056640625
2024-09-02 00:45:00,0.0,0.0,0.19921875,0.0,0.19921875
2024-09-02 01:00:00,0.0,0.0,0.1015625,0.0,0.1015625
2024-09-02 01:30:00,0.10009765625,0.0,0.3984375,0.0999755859375,0.1983642578125
2024-09-02 01:45:00,0.0,0.0,0.203125,0.0,0.203125
2024-09-02 02:00:00,0.0,0.0,0.296875,0.0,0.296875
2024-09-02 02:30:00,0.0999755859375,0.0,0.40234375,0.0,0.3023681640625
2024-09-02 02:45:00,0.0,0.0,0.30078125,0.0,0.30078125
2024-09-02 03:00:00,0.0,0.0,0.09765625,0.0,0.09765625
2024-09-02 03:15:00,0.0,0.0,0.30078125,0.0,0.30078125
2024-09-02 03:45:00,0.0,0.0,0.3984375,0.0,0.3984375
2024-09-02 04:00:00,0.0999755859375,0.0,0.1015625,0.0,0.0015869140625
2024-09-02 04:15:00,0.0,0.10009765625,0.5,0.0999755859375,0.2999267578125
2024-09-02 04:45:00,0.0,0.099853515625,0.3984375,0.0,0.298583984375
2024-09-02 06:00:00,0.0999755859375,0.5,1.5,0.0,0.9000244140625
2024-09-02 06:15:00,0.0,0.10009765625,0.40234375,0.0,0.30224609375
2024-09-02 06:45:00,0.0999755859375,0.199951171875,1.0,0.0,0.7000732421875
2024-09-02 07:00:00,0.10009765625,0.19921875,0.3984375,0.0,0.09912109375
2024-09-02 07:15:00,0.199951171875,0.800537109375,1.30078125,0.10003662109375,0.20025634765625
2024-09-02 07:30:00,0.0,0.5,0.6015625,0.0,0.1015625
2024-09-02 07:45:00,0.199951171875,0.1998291015625,0.8984375,0.0,0.4986572265625
2024-09-02 08:00:00,0.0,0.19970703125,0.30078125,0.0,0.10107421875
2024-09-02 08:15:00,0.10009765625,0.7000732421875,1.0,0.0,0.1998291015625
2024-09-02 09:00:00,0.2999267578125,2.60089111328125,4.3984375,0.0,1.49761962890625
2024-09-02 09:15:00,0.0,0.59954833984375,1.0,0.0,0.40045166015625
2024-09-02 09:30:00,0.0999755859375,0.8995361328125,1.80078125,0.0,0.80126953125
2024-09-02 10:00:00,0.2000732421875,1.5006103515625,2.80078125,0.0,1.10009765625
2024-09-02 10:30:00,0.0999755859375,1.59918212890625,3.09765625,0.0999755859375,1.29852294921875
2024-09-02 11:00:00,0.0999755859375,1.50054931640625,3.0,0.0,1.39947509765625
2024-09-02 11:15:00,0.0999755859375,0.5994873046875,1.5,0.0,0.800537109375
2024-09-02 11:45:00,0.10009765625,1.30096435546875,2.30078125,0.0,0.89971923828125
2024-09-02 12:30:00,0.0999755859375,2.099487304683862,3.5,0.0,1.300537109378638
2024-09-02 12:45:00,0.0999755859375,0.599609375,1.40234375,0.0,0.7027587890625
2024-09-02 13:00:00,0.0999755859375,1.100158691409888,1.8984375,0.0,0.698303222652612
2024-09-02 13:15:00,0.0999755859375,0.900146484375,1.6015625,0.10003662109375,0.50140380859375
2024-09-02 13:30:00,0.0,0.7998046875,1.5,0.0,0.7001953125
2024-09-02 13:45:00,0.10009765625,1.000671386715112,1.69921875,0.0,0.598449707034888
2024-09-02 14:00:00,0.0,0.399169921878638,0.5,0.0,0.10083007812136202
2024-09-02 14:45:00,0.199951171875,3.20013427734375,6.0,0.0,2.59991455078125
2024-09-02 15:00:00,0.0,0.40045166015625,0.59765625,0.0,0.19720458984375
2024-09-02 15:45:00,0.300048828125,3.29974365234375,6.1015625,0.0,2.50177001953125
2024-09-02 16:15:00,0.0999755859375,1.90069580078125,3.30078125,0.0999755859375,1.20013427734375
2024-09-02 16:45:00,0.0999755859375,1.800048828125,3.3984375,0.0,1.4984130859375
2024-09-02 17:00:00,0.0,0.7989501953125,1.69921875,0.0,0.9002685546875
2024-09-02 17:45:00,0.199951171875,2.4002685546875,4.6015625,0.0,2.0013427734375
2024-09-02 18:00:00,0.0,0.30029296875,0.5,0.0,0.19970703125
2024-09-02 18:15:00,0.10009765625,1.39984130859375,2.30078125,0.0,0.80084228515625
2024-09-02 18:30:00,0.0999755859375,0.7005615234375,1.30078125,0.0,0.500244140625
2024-09-02 19:00:00,0.0999755859375,1.3990478515625,2.296875,0.0,0.7978515625
2024-09-02 19:15:00,0.0,0.800659179683862,1.1015625,0.0999755859375,0.20092773437863798
2024-09-02 19:30:00,0.0,0.399780273441138,0.69921875,0.0,0.299438476558862
2024-09-02 20:00:00,0.199951171875,1.599853515625,2.6015625,0.0,0.8017578125
2024-09-02 20:15:00,0.0,0.19970703125,0.3984375,0.0,0.19873046875
2024-09-02 21:00:00,0.10009765625,2.2003173828125,3.40234375,0.0,1.1019287109375
2024-09-02 21:30:00,0.0,0.800292968753638,1.3984375,0.0,0.598144531246362
2024-09-02 21:45:00,0.0,0.599609375,1.0,0.0,0.400390625
2024-09-02 22:15:00,0.0999755859375,0.400390625,1.0,0.10003662109375,0.39959716796875
2024-09-02 23:15:00,0.0999755859375,0.099609375,0.80078125,0.0,0.6011962890625
2024-09-02 23:30:00,0.0,0.0,0.30078125,0.0,0.30078125
2024-09-03 00:00:00,0.0,0.0,0.3984375,0.0,0.3984375
2024-09-03 00:15:00,0.0,0.0,0.1015625,0.0,0.1015625
2024-09-03 00:45:00,0.0999755859375,0.0,0.59765625,0.0,0.4976806640625
2024-09-03 01:00:00,0.0,0.0,0.19921875,0.0,0.19921875
2024-09-03 02:00:00,0.0999755859375,0.0,0.80078125,0.0999755859375,0.600830078125
2024-09-03 02:15:00,0.0,0.0,0.19921875,0.0,0.19921875
2024-09-03 02:30:00,0.0,0.0,0.30078125,0.0,0.30078125
2024-09-03 02:45:00,0.0,0.0,0.1015625,0.0,0.1015625
2024-09-03 03:15:00,0.10009765625,0.0,0.3984375,0.0,0.29833984375
2024-09-03 03:30:00,0.0,0.0,0.19921875,0.0,0.19921875
2024-09-03 03:45:00,0.0,0.0,0.203125,0.0,0.203125
2024-09-03 04:00:00,0.0999755859375,0.0,0.296875,0.0,0.1968994140625
2024-09-03 04:15:00,0.0,0.0,0.1015625,0.0,0.1015625
2024-09-03 04:30:00,0.0,0.0,0.19921875,0.10003662109375,0.09918212890625
2024-09-03 05:00:00,0.0,0.0,0.5,0.0,0.5
2024-09-03 05:15:00,0.0,0.0,0.1015625,0.0,0.1015625
2024-09-03 05:45:00,0.0999755859375,0.0,0.5,0.0,0.4000244140625
2024-09-03 06:00:00,0.0,0.0,0.30078125,0.0,0.30078125
2024-09-03 06:30:00,0.0,0.0,0.296875,0.0,0.296875
2024-09-03 07:00:00,0.0999755859375,0.20056152343386202,0.80078125,0.0,0.500244140628638
2024-09-03 07:15:00,0.0999755859375,0.29931640625,0.5,0.0999755859375,0.000732421875
2024-09-03 07:30:00,0.10009765625,0.80029296875,1.30078125,0.0,0.400390625
2024-09-03 07:45:00,0.0,0.400146484375,0.5,0.0,0.099853515625
2024-09-03 08:15:00,0.0999755859375,0.8994140625,1.69921875,0.0,0.6998291015625
2024-09-03 09:00:00,0.199951171875,2.200439453125,3.80078125,0.0,1.400390625
2024-09-03 09:30:00,0.0999755859375,0.699951171875,1.6015625,0.0,0.8016357421875
2024-09-03 10:00:00,0.2000732421875,1.599365234375,2.8984375,0.0,1.0989990234375
2024-09-03 10:30:00,0.0999755859375,1.30078125,2.5,0.0999755859375,0.999267578125
2024-09-03 10:45:00,0.0999755859375,0.2998046875,0.8984375,0.0,0.4986572265625
2024-09-03 11:00:00,0.0999755859375,1.099853515625,2.1015625,0.0,0.9017333984375
2024-09-03 11:15:00,0.10009765625,0.30029296875,0.80078125,0.0,0.400390625
2024-09-03 11:30:00,0.0999755859375,0.899658203125,1.59765625,0.0,0.5980224609375
2024-09-03 12:00:00,0.0999755859375,0.900390625,1.40234375,0.0,0.4019775390625
2024-09-03 12:45:00,0.0999755859375,1.8995361328125,3.3984375,0.0,1.39892578125
2024-09-03 13:00:00,0.0999755859375,1.00018310546875,1.69921875,0.0,0.59906005859375
2024-09-03 13:15:00,0.0,0.8001708984375,1.30078125,0.10003662109375,0.40057373046875
2024-09-03 13:30:00,0.0,0.400390625,0.90234375,0.0,0.501953125
2024-09-03 14:30:00,0.300048828125,2.9991455078125,5.59765625,0.0,2.2984619140625
2024-09-03 14:45:00,0.0,1.2010498046875,2.30078125,0.0,1.0997314453125
2024-09-03 15:00:00,0.0999755859375,0.799255371097388,1.5,0.0,0.600769042965112
2024-09-03 15:15:00,0.0999755859375,0.699829101558862,1.6015625,0.0,0.801757812503638
2024-09-03 15:30:00,0.0,0.800170898441138,1.3984375,0.0,0.598266601558862
2024-09-03 15:45:00,0.10009765625,0.099609375,0.3984375,0.0,0.19873046875
2024-09-03 16:00:00,0.0,0.700866699215112,1.40234375,0.0,0.701477050784888
2024-09-03 16:30:00,0.0999755859375,1.90020751953125,3.59765625,0.0999755859375,1.49749755859375
2024-09-03 16:45:00,0.0999755859375,0.4991455078125,0.90234375,0.0,0.30322265625
2024-09-03 17:00:00,0.0,0.700561523441138,0.8984375,0.0,0.19787597655886202
2024-09-03 17:30:00,0.199951171875,1.500183105461474,3.1015625,0.0,1.401428222663526
2024-09-03 17:45:00,0.0,0.299804687503638,0.80078125,0.0,0.500976562496362
2024-09-03 18:15:00,0.10009765625,1.199462890625,2.09765625,0.0,0.798095703125
2024-09-03 18:30:00,0.0,1.00048828125,1.69921875,0.0,0.69873046875
2024-09-03 18:45:00,0.0999755859375,0.499755859375,0.6015625,0.0,0.0018310546875
2024-09-03 19:15:00,0.0999755859375,0.80029296875,1.69921875,0.10003662109375,0.69891357421875
2024-09-03 19:30:00,0.0,0.099609375,0.19921875,0.0,0.099609375
2024-09-03 19:45:00,0.0999755859375,0.39990234375,0.80078125,0.0,0.3009033203125
2024-09-03 20:00:00,0.0,0.300537109375,0.19921875,0.0,-0.101318359375
2024-09-03 20:15:00,0.0,0.10009765625,0.5,0.0,0.39990234375
2024-09-03 20:45:00,0.0999755859375,0.69970703125,1.203125,0.0,0.4034423828125
2024-09-03 21:45:00,0.10009765625,0.800048828125,1.8984375,0.0,0.998291015625
2024-09-03 22:30:00,0.0,0.2001953125,0.80078125,0.0999755859375,0.5006103515625
2024-09-03 22:45:00,0.0,0.0,0.09765625,0.0,0.09765625
2024-09-03 23:00:00,0.0,0.0,0.40234375,0.0,0.40234375
2024-09-03 23:45:00,0.0999755859375,0.0,0.59765625,0.0,0.4976806640625
2024-09-04 00:00:00,0.0,0.0,0.1015625,0.0,0.1015625
2024-09-04 00:45:00,0.0999755859375,0.0,0.80078125,0.0,0.7008056640625
2024-09-04 01:00:00,0.0,0.0,0.19921875,0.0,0.19921875
2024-09-04 01:15:00,0.0,0.0,0.19921875,0.0999755859375,0.0992431640625
2024-09-04 01:30:00,0.0,0.0,0.1015625,0.0,0.1015625
2024-09-04 02:00:00,0.0999755859375,0.0,0.5,0.0,0.4000244140625
2024-09-04 02:30:00,0.0,0.0,0.5,0.0,0.5
2024-09-04 03:00:00,0.0,0.0,0.30078125,0.0,0.30078125
2024-09-04 03:30:00,0.0999755859375,0.0,0.5,0.0,0.4000244140625
2024-09-04 04:15:00,0.0,0.0,0.796875,0.10003662109375,0.69683837890625
2024-09-04 04:30:00,0.0,0.099853515625,0.203125,0.0,0.103271484375
2024-09-04 04:45:00,0.10009765625,0.0,0.19921875,0.0,0.09912109375
2024-09-04 05:15:00,0.0,0.0,0.3984375,0.0,0.3984375
2024-09-04 05:30:00,0.0,0.0,0.19921875,0.0,0.19921875
2024-09-04 06:15:00,0.0,0.0,0.703125,0.0,0.703125
2024-09-04 06:30:00,0.0999755859375,0.0,0.296875,0.0,0.1968994140625
2024-09-04 07:00:00,0.0999755859375,0.19921875,1.0,0.0,0.7008056640625
2024-09-04 07:15:00,0.0999755859375,0.6005859375,0.90234375,0.0999755859375,0.101806640625
2024-09-04 07:30:00,0.0,0.30029296875,0.69921875,0.0,0.39892578125
2024-09-04 07:45:00,0.0999755859375,0.2998046875,0.6015625,0.0,0.2017822265625
2024-09-04 08:00:00,0.10009765625,0.699462890625,1.3984375,0.0,0.598876953125
2024-09-04 08:30:00,0.0999755859375,1.30029296875,2.1015625,0.0,0.7012939453125
2024-09-04 09:15:00,0.199951171875,1.400390625,3.19921875,0.0,1.598876953125
2024-09-04 09:30:00,0.0999755859375,0.400390625,0.8984375,0.0,0.3980712890625
2024-09-04 09:45:00,0.10009765625,0.9996337890625,1.69921875,0.0,0.5994873046875
2024-09-04 10:45:00,0.2999267578125,2.99993896484375,5.90234375,0.0,2.60247802734375
2024-09-04 11:00:00,0.0,0.79974365234375,1.30078125,0.0,0.50103759765625
2024-09-04 11:15:00,0.0999755859375,0.7999267578125,1.3984375,0.0,0.49853515625
2024-09-04 11:45:00,0.10009765625,1.10052490234375,1.8984375,0.0,0.69781494140625
2024-09-04 12:15:00,0.0999755859375,1.1993408203125,1.90234375,0.10003662109375,0.50299072265625
2024-09-04 12:30:00,0.0999755859375,1.300903320316138,2.0,0.0,0.599121093746362
2024-09-04 13:00:00,0.0999755859375,1.499267578117724,2.5,0.0,0.900756835944776
2024-09-04 13:15:00,0.0,0.700317382816138,1.3984375,0.0,0.698120117183862
2024-09-04 13:30:00,0.0999755859375,0.799682617183862,1.40234375,0.0,0.502685546878638
2024-09-04 13:45:00,0.0,0.300659179691138,0.5,0.0,0.19934082030886202
2024-09-04 14:00:00,0.10009765625,0.798950195308862,1.5,0.0,0.600952148441138
2024-09-04 14:15:00,0.0,1.000854492191138,1.8984375,0.0,0.897583007808862
2024-09-04 14:30:00,0.0999755859375,0.699096679691138,1.3984375,0.0,0.599365234371362
2024-09-04 15:15:00,0.0999755859375,2.000488281246362,3.90234375,0.0999755859375,1.701904296878638
2024-09-04 15:45:00,0.0999755859375,1.5001220703125,2.8984375,0.0,1.29833984375
2024-09-04 16:00:00,0.0999755859375,1.4000244140625,2.40234375,0.0,0.90234375
2024-09-04 16:15:00,0.0,0.7000732421875,1.3984375,0.0,0.6983642578125
2024-09-04 16:30:00,0.10009765625,0.299682617191138,0.5,0.0,0.10021972655886202
2024-09-04 17:00:00,0.0999755859375,1.5,2.8984375,0.0,1.2984619140625
2024-09-04 17:15:00,0.0,0.800659179683862,1.40234375,0.0,0.601684570316138
2024-09-04 17:30:00,0.0999755859375,0.99932861328125,1.8984375,0.0,0.79913330078125
2024-09-04 17:45:00,0.0,1.10009765625,1.90234375,0.0,0.80224609375
2024-09-04 18:30:00,0.199951171875,1.9000244140625,3.09765625,0.0999755859375,0.897705078125
2024-09-04 18:45:00,0.0,1.099609375,1.69921875,0.0,0.599609375
2024-09-04 19:45:00,0.2000732421875,2.5006103515625,4.1015625,0.0,1.40087890625
2024-09-04 20:15:00,0.0999755859375,0.60009765625,1.1015625,0.0,0.4014892578125
2024-09-04 22:00:00,0.0999755859375,0.7001953125,2.19921875,0.10003662109375,1.29901123046875
2024-09-04 22:15:00,0.0,0.0,0.19921875,0.0,0.19921875
2024-09-04 22:30:00,0.0,0.0,0.1015625,0.0,0.1015625
2024-09-04 23:00:00,0.0999755859375,0.0,0.3984375,0.0,0.2984619140625
2024-09-04 23:15:00,0.0,0.0,0.30078125,0.0,0.30078125
2024-09-04 23:30:00,0.0,0.0,0.09765625,0.0,0.09765625
2024-09-04 23:45:00,0.0,0.0,0.30078125,0.0,0.30078125
2024-09-05 00:00:00,0.0,0.0,0.0,0.0,0.0
2024-09-05 00:15:00,0.10009765625,0.0,0.30078125,0.0999755859375,0.1007080078125
2024-09-05 00:30:00,0.0,0.0,0.19921875,0.0,0.19921875
2024-09-05 01:30:00,0.0,0.0,0.80078125,0.0,0.80078125
2024-09-05 02:00:00,0.0999755859375,0.0,0.3984375,0.0,0.2984619140625
2024-09-05 02:15:00,0.0,0.0,0.203125,0.0,0.203125
2024-09-05 02:30:00,0.0,0.0,0.0,0.0,0.0
2024-09-05 03:30:00,0.0999755859375,0.0,0.8984375,0.10003662109375,0.69842529296875
2024-09-05 03:45:00,0.0,0.0,0.1015625,0.0,0.1015625
2024-09-05 04:00:00,0.0,0.0,0.296875,0.0,0.296875
2024-09-05 04:30:00,0.0,0.19970703125,0.30078125,0.0,0.10107421875
2024-09-05 04:45:00,0.0999755859375,0.0,0.40234375,0.0,0.3023681640625
2024-09-05 05:00:00,0.0,0.09985351562136202,0.19921875,0.0,0.09936523437863798
2024-09-05 05:15:00,0.0,0.0,0.19921875,0.0,0.19921875
2024-09-05 05:30:00,0.0,0.10009765625363798,0.30078125,0.0,0.20068359374636202
2024-09-05 05:45:00,0.0,0.0,0.30078125,0.0,0.30078125
2024-09-05 06:00:00,0.0,0.099853515625,0.09765625,0.0,-0.002197265625
2024-09-05 06:30:00,0.0999755859375,0.10009765625,0.5,0.0999755859375,0.199951171875
2024-09-05 06:45:00,0.0,0.0,0.30078125,0.0,0.30078125
2024-09-05 07:15:00,0.300048828125,1.0997314453125,1.8984375,0.0,0.4986572265625
2024-09-05 07:30:00,0.199951171875,0.60009765625,1.203125,0.0,0.403076171875
2024-09-05 08:15:00,0.300048828125,1.600341796875,2.8984375,0.0,0.998046875
2024-09-05 09:00:00,0.0999755859375,2.099365234375,3.30078125,0.0,1.1014404296875
2024-09-05 09:30:00,0.0999755859375,0.800048828125,1.69921875,0.0999755859375,0.69921875
2024-09-05 09:45:00,0.10009765625,0.70068359375,1.19921875,0.0,0.3984375
2024-09-05 10:00:00,0.0,0.69970703125,1.30078125,0.0,0.60107421875
2024-09-05 10:15:00,0.0999755859375,0.599365234375,1.30078125,0.0,0.6014404296875
2024-09-05 10:45:00,0.199951171875,1.4012451171875,2.80078125,0.0,1.1995849609375
2024-09-05 11:00:00,0.0999755859375,0.799072265625,1.796875,0.0,0.8978271484375
2024-09-05 11:15:00,0.10009765625,0.60009765625,0.80078125,0.0,0.1005859375
2024-09-05 11:30:00,0.0999755859375,0.700195312496362,1.69921875,0.0,0.899047851566138
2024-09-05 12:00:00,0.199951171875,1.199829101566138,2.0,0.0,0.600219726558862
2024-09-05 12:15:00,0.0,1.100341796875,1.80078125,0.0,0.700439453125
2024-09-05 12:45:00,0.2000732421875,0.999511718753638,2.0,0.10003662109375,0.700378417965112
2024-09-05 13:00:00,0.0999755859375,1.000244140621362,1.69921875,0.0,0.598999023441138
2024-09-05 13:30:00,0.0999755859375,1.2001953125,2.6015625,0.0,1.3013916015625
2024-09-05 14:00:00,0.0,0.899658203125,1.80078125,0.0,0.901123046875
2024-09-05 14:45:00,0.300048828125,2.199951171875,4.80078125,0.0,2.30078125
2024-09-05 15:00:00,0.0999755859375,0.5009765625,0.8984375,0.0,0.2974853515625
2024-09-05 15:30:00,0.0,1.299072265625,2.6015625,0.0,1.302490234375
2024-09-05 16:00:00,0.199951171875,1.40087890625,3.09765625,0.0999755859375,1.3968505859375
2024-09-05 16:45:00,0.2000732421875,1.99951171875,3.90234375,0.0,1.7027587890625
2024-09-05 17:00:00,0.0,0.7001953125,1.69921875,0.0,0.9990234375
2024-09-05 17:15:00,0.0999755859375,0.699707031253638,1.19921875,0.0,0.399536132808862
2024-09-05 17:30:00,0.0,0.599365234371362,1.19921875,0.0,0.599853515628638
2024-09-05 18:00:00,0.199951171875,1.0009765625,2.0,0.0,0.799072265625
2024-09-05 18:30:00,0.0999755859375,1.299072265625,2.30078125,0.10003662109375,0.80169677734375
2024-09-05 18:45:00,0.0,0.10058593750363798,0.30078125,0.0,0.20019531249636202
2024-09-05 19:00:00,0.10009765625,0.800048828121362,1.19921875,0.0,0.299072265628638
2024-09-05 19:15:00,0.0999755859375,0.2998046875,0.8984375,0.0,0.4986572265625
2024-09-05 20:30:00,0.0999755859375,2.00048828125,3.40234375,0.0,1.3018798828125
2024-09-05 21:00:00,0.0,0.599365234375,1.19921875,0.0,0.599853515625
2024-09-05 21:30:00,0.0999755859375,0.300292968753638,0.69921875,0.0,0.298950195308862
2024-09-05 22:15:00,0.0,1.100341796871362,1.90234375,0.0999755859375,0.702026367191138
2024-09-05 22:45:00,0.0999755859375,0.39990234375,0.69921875,0.0,0.1993408203125
2024-09-05 23:00:00,0.0,0.2001953125,0.59765625,0.0,0.3974609375
2024-09-05 23:30:00,0.0,0.2998046875,0.6015625,0.0,0.3017578125
2024-09-05 23:45:00,0.0,0.2998046875,0.69921875,0.0,0.3994140625
2024-09-06 00:15:00,0.10009765625,0.0,0.19921875,0.0,0.09912109375
2024-09-06 00:30:00,0.0,0.0,0.203125,0.0,0.203125
2024-09-06 01:15:00,0.0,0.0,0.796875,0.0999755859375,0.6968994140625
2024-09-06 01:30:00,0.0999755859375,0.0,0.1015625,0.0,0.0015869140625
2024-09-06 02:30:00,0.0,0.0,0.8984375,0.0,0.8984375
2024-09-06 02:45:00,0.0999755859375,0.0,0.203125,0.0,0.1031494140625
2024-09-06 03:00:00,0.0,0.0,0.19921875,0.0,0.19921875
2024-09-06 03:30:00,0.0,0.0,0.30078125,0.0,0.30078125
2024-09-06 03:45:00,0.0,0.0,0.296875,0.10003662109375,0.19683837890625
2024-09-06 04:15:00,0.0999755859375,0.099853515625,0.40234375,0.0,0.2025146484375
2024-09-06 04:30:00,0.0,0.0,0.09765625,0.0,0.09765625
2024-09-06 05:00:00,0.0,0.10009765625363798,0.5,0.0,0.399902343746362
2024-09-06 05:30:00,0.0,0.10009765624636202,0.703125,0.0,0.603027343753638
2024-09-06 06:00:00,0.0999755859375,0.099853515625,0.5,0.0,0.3001708984375
2024-09-06 06:45:00,0.10009765625,0.199951171875,0.8984375,0.0999755859375,0.4984130859375
2024-09-06 07:15:00,0.199951171875,0.7005615234375,1.3984375,0.0,0.4979248046875
2024-09-06 07:30:00,0.0999755859375,0.3994140625,0.703125,0.0,0.2037353515625
2024-09-06 07:45:00,0.0999755859375,0.500244140625,0.8984375,0.0,0.2982177734375
2024-09-06 08:00:00,0.0,0.19970703125,0.5,0.0,0.30029296875
2024-09-06 08:30:00,0.300048828125,1.099853515625,1.80078125,0.0,0.40087890625
2024-09-06 09:00:00,0.0,1.30078125,2.59765625,0.0,1.296875
2024-09-06 09:15:00,0.0999755859375,0.29931640625,0.80078125,0.0,0.4014892578125
2024-09-06 09:30:00,0.0,1.200439453125,2.19921875,0.0,0.998779296875
2024-09-06 09:45:00,0.0999755859375,0.699462890625,1.203125,0.0,0.4036865234375
2024-09-06 10:00:00,0.10009765625,0.2998046875,0.8984375,0.10003662109375,0.39849853515625
2024-09-06 10:15:00,0.0,0.70068359375,1.30078125,0.0,0.60009765625
2024-09-06 11:30:00,0.2999267578125,3.7999267578125,6.80078125,0.0,2.700927734375
2024-09-06 12:00:00,0.0999755859375,1.1995849609375,2.0,0.0,0.700439453125
2024-09-06 12:15:00,0.0,0.700439453125,1.09765625,0.0,0.397216796875
2024-09-06 13:30:00,0.2000732421875,3.29974365234375,5.90234375,0.0999755859375,2.30255126953125
2024-09-06 13:45:00,0.0,0.99969482421875,1.796875,0.0,0.79718017578125
2024-09-06 14:00:00,0.0999755859375,0.9002685546875,1.703125,0.0,0.702880859375
2024-09-06 14:15:00,0.0999755859375,0.80047607421875,1.3984375,0.0,0.49798583984375
2024-09-06 15:00:00,0.0999755859375,2.099853515625,3.8984375,0.0,1.6986083984375
2024-09-06 15:30:00,0.10009765625,1.29949951171875,2.203125,0.0,0.80352783203125
2024-09-06 16:00:00,0.0999755859375,1.2999267578125,2.59765625,0.0,1.19775390625
2024-09-06 17:00:00,0.0999755859375,2.90081787109375,5.1015625,0.0999755859375,2.00079345703125
2024-09-06 17:45:00,0.199951171875,1.799560546875,3.19921875,0.0,1.19970703125
2024-09-06 18:00:00,0.0,0.60009765625,1.1015625,0.0,0.50146484375
2024-09-06 18:15:00,0.0,0.899658203125,1.296875,0.0,0.397216796875
2024-09-06 18:45:00,0.2000732421875,1.400146484375,2.5,0.0,0.8997802734375
2024-09-06 19:00:00,0.0,0.2001953125,0.30078125,0.0,0.1005859375
2024-09-06 19:15:00,0.0,0.799682617191138,1.1015625,0.10003662109375,0.20184326171511202
2024-09-06 19:30:00,0.0999755859375,0.800292968746362,1.30078125,0.0,0.400512695316138
2024-09-06 19:45:00,0.0999755859375,0.799560546875,1.19921875,0.0,0.2996826171875
2024-09-06 20:00:00,0.0,0.7005615234375,0.8984375,0.0,0.1978759765625
2024-09-06 20:15:00,0.0999755859375,0.499267578125,0.80078125,0.0,0.2015380859375
2024-09-06 21:00:00,0.0,1.7005615234375,2.5,0.0,0.7994384765625
2024-09-06 21:15:00,0.0,0.30029296875,0.6015625,0.0,0.30126953125
2024-09-06 21:30:00,0.10009765625,0.09985351562863798,0.296875,0.0,0.09692382812136202
2024-09-06 22:30:00,0.0,0.099609375,0.80078125,0.0999755859375,0.6011962890625
2024-09-06 22:45:00,0.0999755859375,0.0,0.19921875,0.0,0.0992431640625
2024-09-06 23:00:00,0.0,0.0,0.203125,0.0,0.203125
2024-09-06 23:30:00,0.0,0.0,0.19921875,0.0,0.19921875
2024-09-06 23:45:00,0.0,0.0,0.19921875,0.0,0.19921875
2024-09-07 00:15:00,0.0999755859375,0.0,0.3984375,0.0,0.2984619140625
2024-09-07 01:00:00,0.0,0.0,0.5,0.0,0.5
2024-09-07 01:30:00,0.0,0.0,0.30078125,0.10003662109375,0.20074462890625
2024-09-07 02:00:00,0.0999755859375,0.0,0.40234375,0.0,0.3023681640625
2024-09-07 02:30:00,0.0,0.0,0.3984375,0.0,0.3984375
2024-09-07 02:45:00,0.0,0.0,0.19921875,0.0,0.19921875
2024-09-07 03:00:00,0.0,0.0,0.19921875,0.0,0.19921875
2024-09-07 03:15:00,0.0999755859375,0.0,0.203125,0.0,0.1031494140625
2024-09-07 03:45:00,0.0,0.0,0.3984375,0.0,0.3984375
2024-09-07 04:30:00,0.10009765625,0.0,0.5,0.0999755859375,0.2999267578125
2024-09-07 04:45:00,0.0,0.0,0.30078125,0.0,0.30078125
2024-09-07 05:00:00,0.0,0.0,0.09765625,0.0,0.09765625
2024-09-07 05:15:00,0.0,0.0,0.1015625,0.0,0.1015625
2024-09-07 05:45:00,0.0,0.0,0.5,0.0,0.5
2024-09-07 06:15:00,0.0999755859375,0.0,0.3984375,0.0,0.2984619140625
2024-09-07 06:30:00,0.0,0.0,0.203125,0.0,0.203125
2024-09-07 07:00:00,0.0,0.0,0.3984375,0.0,0.3984375
2024-09-07 07:15:00,0.0999755859375,0.0,0.19921875,0.0,0.0992431640625
2024-09-07 07:30:00,0.0,0.0,0.1015625,0.0999755859375,0.0015869140625
2024-09-07 08:30:00,0.0,0.0,0.80078125,0.0,0.80078125
2024-09-07 09:00:00,0.0999755859375,0.20019531249636202,0.59765625,0.0,0.297485351566138
2024-09-07 09:15:00,0.0,0.0,0.1015625,0.0,0.1015625
2024-09-07 09:30:00,0.0,0.0,0.19921875,0.0,0.19921875
2024-09-07 09:45:00,0.0,0.0,0.19921875,0.0,0.19921875
2024-09-07 10:15:00,0.0,0.0,0.30078125,0.0,0.30078125
2024-09-07 10:30:00,0.0999755859375,0.0,0.19921875,0.0,0.0992431640625
2024-09-07 11:00:00,0.0,0.0,0.40234375,0.10003662109375,0.30230712890625
2024-09-07 11:15:00,0.0,0.0,0.19921875,0.0,0.19921875
2024-09-07 11:45:00,0.10009765625,0.0,0.3984375,0.0,0.29833984375
2024-09-07 12:00:00,0.0,0.0,0.1015625,0.0,0.1015625
2024-09-07 12:15:00,0.0,0.0,0.19921875,0.0,0.19921875
2024-09-07 14:15:00,0.0999755859375,0.0,1.5,0.0999755859375,1.300048828125
2024-09-07 14:45:00,0.0999755859375,0.0,0.3984375,0.0,0.2984619140625
2024-09-07 15:00:00,0.0,0.0,0.1015625,0.0,0.1015625
2024-09-07 15:15:00,0.0,0.0,0.19921875,0.0,0.19921875
2024-09-07 15:30:00,0.0,0.0,0.19921875,0.0,0.19921875
2024-09-07 16:30:00,0.0999755859375,0.0,0.703125,0.0,0.6031494140625
2024-09-07 16:45:00,0.0,0.0,0.19921875,0.10003662109375,0.09918212890625
2024-09-07 17:30:00,0.0999755859375,0.0,0.5,0.0,0.4000244140625
2024-09-07 18:00:00,0.0,0.0,0.30078125,0.0,0.30078125
2024-09-07 18:15:00,0.0,0.0,0.19921875,0.0,0.19921875
2024-09-07 18:30:00,0.0,0.0,0.30078125,0.0,0.30078125
2024-09-07 18:45:00,0.10009765625,0.0,0.09765625,0.0,-0.00244140625
2024-09-07 19:00:00,0.0,0.0,0.1015625,0.0,0.1015625
2024-09-07 19:15:00,0.0,0.0,0.09765625,0.0,0.09765625
2024-09-07 19:30:00,0.0,0.0,0.30078125,0.0,0.30078125
2024-09-07 20:15:00,0.0999755859375,0.0,0.6015625,0.0999755859375,0.401611328125
2024-09-07 20:30:00,0.0,0.0,0.09765625,0.0,0.09765625
2024-09-07 20:45:00,0.0,0.0,0.30078125,0.0,0.30078125
2024-09-07 21:00:00,0.0,0.0,0.1015625,0.0,0.1015625
2024-09-07 21:30:00,0.0,0.0,0.30078125,0.0,0.30078125
2024-09-07 21:45:00,0.0999755859375,0.0,0.296875,0.0,0.1968994140625
2024-09-07 22:15:00,0.0,0.0,0.30078125,0.0,0.30078125
2024-09-07 22:30:00,0.0,0.0,0.19921875,0.0,0.19921875
2024-09-07 23:00:00,0.0,0.0,0.203125,0.0999755859375,0.1031494140625
2024-09-07 23:15:00,0.0999755859375,0.0,0.296875,0.0,0.1968994140625
2024-09-07 23:30:00,0.0,0.0,0.203125,0.0,0.203125
2024-09-07 23:45:00,0.0,0.0,0.09765625,0.0,0.09765625
2024-09-08 00:00:00,0.0,0.0,0.1015625,0.0,0.1015625
2024-09-08 00:45:00,0.0999755859375,0.0,0.69921875,0.0,0.5992431640625
2024-09-08 01:00:00,0.0,0.0,0.0,0.0,0.0
2024-09-08 01:30:00,0.0,0.0,0.30078125,0.0,0.30078125
2024-09-08 01:45:00,0.10009765625,0.0,0.30078125,0.0,0.20068359375
2024-09-08 02:15:00,0.0,0.0,0.3984375,0.10003662109375,0.29840087890625
2024-09-08 02:45:00,0.0,0.0,0.19921875,0.0,0.19921875
2024-09-08 04:00:00,0.0999755859375,0.0,1.0,0.0,0.9000244140625
2024-09-08 04:30:00,0.0,0.0,0.19921875,0.0,0.19921875
2024-09-08 05:00:00,0.0999755859375,0.0,0.40234375,0.0999755859375,0.202392578125
2024-09-08 05:15:00,0.0,0.0,0.19921875,0.0,0.19921875
2024-09-08 05:45:00,0.0,0.0,0.3984375,0.0,0.3984375
2024-09-08 06:00:00,0.0,0.0,0.203125,0.0,0.203125
2024-09-08 06:30:00,0.0999755859375,0.0,0.3984375,0.0,0.2984619140625
2024-09-08 06:45:00,0.0,0.0,0.1015625,0.0,0.1015625
2024-09-08 07:15:00,0.0,0.0,0.5,0.0,0.5
2024-09-08 07:30:00,0.0999755859375,0.0,0.09765625,0.0,-0.0023193359375
2024-09-08 08:00:00,0.0,0.0,0.5,0.10003662109375,0.39996337890625
2024-09-08 08:30:00,0.0,0.0,0.30078125,0.0,0.30078125
2024-09-08 08:45:00,0.0,0.0,0.19921875,0.0,0.19921875
2024-09-08 09:15:00,0.10009765625,0.0,0.40234375,0.0,0.30224609375
2024-09-08 09:30:00,0.0,0.0,0.19921875,0.0,0.19921875
2024-09-08 09:45:00,0.0,0.0,0.09765625,0.0,0.09765625
2024-09-08 10:15:00,0.0999755859375,0.0,0.5,0.0,0.4000244140625
2024-09-08 10:30:00,0.0,0.0,0.1015625,0.0,0.1015625
2024-09-08 10:45:00,0.0,0.0,0.1015625,0.0,0.1015625
2024-09-08 11:00:00,0.0,0.0,0.296875,0.0,0.296875
2024-09-08 11:30:00,0.0,0.0,0.40234375,0.0999755859375,0.3023681640625
2024-09-08 11:45:00,0.0999755859375,0.0,0.19921875,0.0,0.0992431640625
2024-09-08 12:00:00,0.0,0.0,0.19921875,0.0,0.19921875
2024-09-08 12:15:00,0.0,0.0,0.19921875,0.0,0.19921875
2024-09-08 12:30:00,0.0,0.0,0.1015625,0.0,0.1015625
2024-09-08 12:45:00,0.0,0.0,0.19921875,0.0,0.19921875
2024-09-08 13:30:00,0.0999755859375,0.0,0.6015625,0.0,0.5015869140625
2024-09-08 13:45:00,0.0,0.0,0.19921875,0.0,0.19921875
2024-09-08 14:00:00,0.0,0.20019531250363798,0.3984375,0.0,0.19824218749636202
2024-09-08 14:30:00,0.0,0.20019531249636202,0.6015625,0.0999755859375,0.301391601566138
2024-09-08 15:00:00,0.0999755859375,0.299804687503638,0.6015625,0.0,0.20178222655886202
2024-09-08 15:15:00,0.0,0.099609375,0.5,0.0,0.400390625
2024-09-08 16:00:00,0.10009765625,0.5,1.19921875,0.0,0.59912109375
2024-09-08 16:15:00,0.0,0.10058593749636202,0.19921875,0.0,0.09863281250363798
2024-09-08 16:30:00,0.0,0.099609375,0.30078125,0.0,0.201171875
2024-09-08 17:00:00,0.0,0.20019531250363798,0.59765625,0.0,0.397460937496362
2024-09-08 17:15:00,0.0,0.20019531249636202,0.40234375,0.0,0.20214843750363798
2024-09-08 17:30:00,0.0999755859375,0.19921875,0.3984375,0.10003662109375,-0.00079345703125
2024-09-08 18:15:00,0.0,0.0,0.6015625,0.0,0.6015625
2024-09-08 18:30:00,0.0,0.0,0.09765625,0.0,0.09765625
2024-09-08 18:45:00,0.0,0.10058593750363798,0.30078125,0.0,0.20019531249636202
2024-09-08 19:00:00,0.0999755859375,0.099609375,0.30078125,0.0,0.1011962890625
2024-09-08 19:45:00,0.0,0.20019531249636202,0.69921875,0.0,0.499023437503638
2024-09-08 20:00:00,0.0,0.099609375,0.30078125,0.0,0.201171875
2024-09-08 20:15:00,0.0999755859375,0.10058593750363798,0.3984375,0.0,0.19787597655886202
2024-09-08 20:30:00,0.0,0.099609375,0.1015625,0.0999755859375,-0.0980224609375
2024-09-08 20:45:00,0.0,0.10058593749636202,0.3984375,0.0,0.297851562503638
2024-09-08 21:00:00,0.0,0.0,0.30078125,0.0,0.30078125
2024-09-08 21:15:00,0.0,0.0,0.0,0.0,0.0
2024-09-08 21:45:00,0.0999755859375,0.0,0.40234375,0.0,0.3023681640625
2024-09-08 22:00:00,0.0,0.0,0.296875,0.0,0.296875
2024-09-08 23:00:00,0.0,0.0,0.703125,0.0,0.703125
2024-09-08 23:45:00,0.10009765625,0.0,0.5,0.10003662109375,0.29986572265625
2024-09-09 00:00:00,0.0,0.0,0.0,0.0,0.0
2024-09-09 00:30:00,0.0999755859375,0.0,0.5,0.0,0.4000244140625
2024-09-09 01:00:00,0.0,0.0,0.19921875,0.0,0.19921875
2024-09-09 01:45:00,0.0,0.0,0.3984375,0.0,0.3984375
2024-09-09 02:00:00,0.0999755859375,0.0,0.30078125,0.0,0.2008056640625
2024-09-09 02:15:00,0.0,0.0,0.19921875,0.0,0.19921875
2024-09-09 02:30:00,0.0,0.0,0.19921875,0.0999755859375,0.0992431640625
2024-09-09 03:00:00,0.0,0.0,0.203125,0.0,0.203125
2024-09-09 03:15:00,0.0,0.0,0.296875,0.0,0.296875
2024-09-09 03:30:00,0.0999755859375,0.0,0.203125,0.0,0.1031494140625
2024-09-09 03:45:00,0.0,0.0,0.19921875,0.0,0.19921875
2024-09-09 04:00:00,0.0,0.0,0.19921875,0.0,0.19921875
2024-09-09 04:15:00,0.0,0.0,0.1015625,0.0,0.1015625
2024-09-09 05:00:00,0.0999755859375,0.10009765625,0.59765625,0.0,0.3975830078125
2024-09-09 06:00:00,0.0,0.199951171875,1.1015625,0.0999755859375,0.8016357421875
2024-09-09 06:30:00,0.10009765625,0.10009765625,0.19921875,0.0,-0.0009765625
2024-09-09 07:00:00,0.0999755859375,0.399169921875,1.1015625,0.0,0.6024169921875
2024-09-09 07:30:00,0.199951171875,1.29998779296875,2.19921875,0.0,0.69927978515625
2024-09-09 07:45:00,0.0999755859375,0.60009765625,1.0,0.0,0.2999267578125
2024-09-09 08:30:00,0.2000732421875,1.70025634765625,2.5,0.0,0.59967041015625
2024-09-09 09:00:00,0.199951171875,1.80029296875,3.30078125,0.10003662109375,1.20050048828125
2024-09-09 09:15:00,0.0999755859375,0.79931640625,1.3984375,0.0,0.4991455078125
2024-09-09 09:30:00,0.10009765625,0.50042724609375,1.0,0.0,0.39947509765625
2024-09-09 10:00:00,0.0999755859375,1.2999267578125,2.80078125,0.0,1.40087890625
2024-09-09 10:15:00,0.0999755859375,0.60052490234375,1.0,0.0,0.29949951171875
2024-09-09 10:45:00,0.0999755859375,1.4990234375,2.8984375,0.0,1.2994384765625
2024-09-09 11:00:00,0.0,0.70062255859375,1.40234375,0.0,0.70172119140625
2024-09-09 11:15:00,0.0999755859375,1.2994384765625,2.5,0.0,1.1005859375
2024-09-09 11:45:00,0.10009765625,1.10052490234375,2.19921875,0.0999755859375,0.89862060546875
2024-09-09 12:00:00,0.0999755859375,0.5001220703125,0.80078125,0.0,0.20068359375
2024-09-09 12:15:00,0.0,1.0994873046875,1.8984375,0.0,0.7989501953125
2024-09-09 12:45:00,0.0999755859375,1.00042724609375,1.69921875,0.0,0.59881591796875
2024-09-09 13:00:00,0.0999755859375,1.2994384765625,2.30078125,0.0,0.9013671875
2024-09-09 13:15:00,0.0999755859375,0.30029296875,0.8984375,0.0,0.4981689453125
2024-09-09 13:30:00,0.0,0.59979248046875,0.90234375,0.0,0.30255126953125
2024-09-09 14:00:00,0.10009765625,1.8001708984375,3.80078125,0.0,1.9005126953125
2024-09-09 14:15:00,0.0999755859375,0.700317382816138,1.0,0.0,0.19970703124636202
2024-09-09 14:30:00,0.0,0.399902343746362,0.8984375,0.0,0.498535156253638
2024-09-09 15:15:00,0.199951171875,2.19976806640625,4.30078125,0.10003662109375,1.801025390625
2024-09-09 16:00:00,0.2000732421875,2.8001708984375,5.30078125,0.0,2.300537109375
2024-09-09 16:30:00,0.0999755859375,1.1002197265625,2.3984375,0.0,1.1982421875
2024-09-09 16:45:00,0.0,0.599548339847388,0.8984375,0.0,0.298889160152612
2024-09-09 17:00:00,0.0999755859375,0.700195312496362,1.40234375,0.0,0.602172851566138
2024-09-09 17:30:00,0.199951171875,1.5997314453125,3.19921875,0.0,1.3995361328125
2024-09-09 17:45:00,0.0,0.900146484375,1.69921875,0.0,0.799072265625
2024-09-09 18:00:00,0.0,0.1005859375,0.5,0.0999755859375,0.2994384765625
2024-09-09 18:15:00,0.10009765625,1.19970703125,2.0,0.0,0.7001953125
2024-09-09 18:30:00,0.0999755859375,0.6005859375,1.19921875,0.0,0.4986572265625
2024-09-09 19:15:00,0.0999755859375,1.798828125,2.90234375,0.0,1.0035400390625
2024-09-09 19:30:00,0.0,0.5,1.0,0.0,0.5
2024-09-09 20:15:00,0.0999755859375,1.599853515625,2.3984375,0.0,0.6986083984375
2024-09-09 20:45:00,0.0999755859375,1.100341796875,1.80078125,0.0,0.6004638671875
2024-09-09 21:00:00,0.0,0.2001953125,0.30078125,0.0999755859375,0.0006103515625
2024-09-09 22:30:00,0.10009765625,0.7998046875,2.0,0.0,1.10009765625
2024-09-09 22:45:00,0.0999755859375,0.0,0.19921875,0.0,0.0992431640625
2024-09-09 23:00:00,0.0,0.0,0.19921875,0.0,0.19921875
2024-09-09 23:15:00,0.0,0.0,0.19921875,0.0,0.19921875
2024-09-09 23:30:00,0.0,0.0,0.1015625,0.0,0.1015625
2024-09-09 23:45:00,0.0,0.0,0.19921875,0.0,0.19921875
2024-09-10 00:00:00,0.0,0.0,0.1015625,0.10003662109375,0.00152587890625
2024-09-10 00:15:00,0.0999755859375,0.0,0.19921875,0.0,0.0992431640625
2024-09-10 00:30:00,0.0,0.0,0.19921875,0.0,0.19921875
2024-09-10 01:00:00,0.0,0.0,0.19921875,0.0,0.19921875
2024-09-10 01:15:00,0.0,0.0,0.203125,0.0,0.203125
2024-09-10 02:15:00,0.0999755859375,0.0,0.59765625,0.0,0.4976806640625
2024-09-10 02:45:00,0.0,0.0,0.30078125,0.0,0.30078125
2024-09-10 03:15:00,0.0999755859375,0.0,0.3984375,0.0999755859375,0.198486328125
2024-09-10 03:30:00,0.0,0.0,0.203125,0.0,0.203125
2024-09-10 03:45:00,0.0,0.0,0.19921875,0.0,0.19921875
2024-09-10 04:00:00,0.0,0.0,0.09765625,0.0,0.09765625
2024-09-10 04:15:00,0.0,0.0,0.30078125,0.0,0.30078125
2024-09-10 04:30:00,0.0,0.099853515625,0.19921875,0.0,0.099365234375
2024-09-10 04:45:00,0.10009765625,0.0,0.203125,0.0,0.10302734375
2024-09-10 05:00:00,0.0,0.10009765625,0.296875,0.0,0.19677734375
2024-09-10 05:45:00,0.0,0.099853515625,0.80078125,0.0,0.700927734375
2024-09-10 06:00:00,0.0999755859375,0.10009765625,0.1015625,0.0,-0.0985107421875
2024-09-10 06:15:00,0.0,0.0,0.19921875,0.10003662109375,0.09918212890625
2024-09-10 06:30:00,0.0,0.0,0.19921875,0.0,0.19921875
2024-09-10 06:45:00,0.0,0.10009765625,0.30078125,0.0,0.20068359375
2024-09-10 07:45:00,0.5,2.3006591796875,3.80078125,0.0,1.0001220703125
2024-09-10 08:15:00,0.0999755859375,0.79931640625,1.5,0.0,0.6007080078125
2024-09-10 08:30:00,0.0999755859375,0.599853515625,1.09765625,0.0,0.3978271484375
2024-09-10 08:45:00,0.0999755859375,0.5008544921875,0.90234375,0.0,0.301513671875
2024-09-10 09:00:00,0.10009765625,0.79931640625,1.80078125,0.0,0.9013671875
2024-09-10 09:15:00,0.0999755859375,0.699890136722388,0.8984375,0.0,0.09857177734011202
2024-09-10 09:30:00,0.0999755859375,0.700561523433862,1.30078125,0.0999755859375,0.400268554691138
2024-09-10 09:45:00,0.0,0.900390625,1.80078125,0.0,0.900390625
2024-09-10 10:00:00,0.0999755859375,0.49920654296875,0.8984375,0.0,0.29925537109375
2024-09-10 10:15:00,0.0999755859375,0.9998779296875,2.0,0.0,0.900146484375
2024-09-10 10:45:00,0.10009765625,1.1002197265625,2.3984375,0.0,1.1981201171875
2024-09-10 11:00:00,0.0999755859375,1.40020751953125,2.30078125,0.0,0.80059814453125
2024-09-10 12:45:00,0.2999267578125,4.6995849609375,8.6015625,0.0999755859375,3.5020751953125
2024-09-10 13:00:00,0.10009765625,1.19970703125,2.09765625,0.0,0.7978515625
2024-09-10 13:15:00,0.0999755859375,0.90069580078125,1.5,0.0,0.49932861328125
2024-09-10 14:00:00,0.2999267578125,2.500244140625,4.90234375,0.0,2.1021728515625
2024-09-10 14:15:00,0.0,0.1995849609375,0.59765625,0.0,0.3980712890625
2024-09-10 14:45:00,0.2000732421875,1.7000732421875,3.1015625,0.0,1.201416015625
2024-09-10 15:00:00,0.0999755859375,0.9996337890625,2.0,0.0,0.900390625
2024-09-10 15:15:00,0.0,1.000732421875,1.5,0.0,0.499267578125
2024-09-10 15:45:00,0.199951171875,1.1995849609375,2.6015625,0.10003662109375,1.10198974609375
2024-09-10 16:00:00,0.10009765625,0.7998046875,1.5,0.0,0.60009765625
2024-09-10 16:15:00,0.0999755859375,1.200439453125,2.3984375,0.0,1.0980224609375
2024-09-10 16:45:00,0.199951171875,1.60009765625,3.0,0.0,1.199951171875
2024-09-10 17:15:00,0.0999755859375,1.199951171875,2.5,0.0,1.2000732421875
2024-09-10 17:45:00,0.10009765625,1.399536132816138,2.3984375,0.0,0.898803710933862
2024-09-10 18:00:00,0.0999755859375,0.899536132808862,1.90234375,0.0,0.902832031253638
2024-09-10 18:15:00,0.0999755859375,0.801025390625,1.19921875,0.0,0.2982177734375
2024-09-10 18:30:00,0.0,0.69970703125,1.1015625,0.0999755859375,0.3018798828125
2024-09-10 19:15:00,0.199951171875,2.200439453125,3.69921875,0.0,1.298828125
2024-09-10 19:30:00,0.10009765625,0.399658203125,0.69921875,0.0,0.199462890625
2024-09-10 19:45:00,0.0,0.30029296875,0.3984375,0.0,0.09814453125
2024-09-10 20:00:00,0.0,0.39990234375,0.80078125,0.0,0.40087890625
2024-09-10 20:30:00,0.0999755859375,0.199462890625,0.6015625,0.0,0.3021240234375
2024-09-10 20:45:00,0.0,0.20068359375,0.59765625,0.0,0.39697265625
2024-09-10 21:00:00,0.0,0.099609375,0.30078125,0.0,0.201171875
2024-09-10 21:30:00,0.0999755859375,0.300048828125,0.6015625,0.0,0.2015380859375
2024-09-10 21:45:00,0.0,0.10009765625,0.3984375,0.10003662109375,0.19830322265625
2024-09-10 22:45:00,0.0999755859375,0.099609375,1.1015625,0.0,0.9019775390625
2024-09-10 23:15:00,0.0,0.0,0.30078125,0.0,0.30078125
2024-09-10 23:45:00,0.0,0.0,0.5,0.0,0.5
2024-09-11 00:00:00,0.0,0.0,0.296875,0.0,0.296875
2024-09-11 00:30:00,0.0999755859375,0.0,0.40234375,0.0999755859375,0.202392578125
2024-09-11 01:00:00,0.0,0.0,0.30078125,0.0,0.30078125
2024-09-11 01:15:00,0.0,0.0,0.296875,0.0,0.296875
2024-09-11 01:30:00,0.0,0.0,0.30078125,0.0,0.30078125
2024-09-11 02:00:00,0.10009765625,0.0,0.30078125,0.0,0.20068359375
2024-09-11 02:15:00,0.0,0.0,0.19921875,0.0,0.19921875
2024-09-11 02:30:00,0.0,0.0,0.30078125,0.0,0.30078125
2024-09-11 02:45:00,0.0,0.0,0.30078125,0.0,0.30078125
2024-09-11 03:00:00,0.0999755859375,0.0,0.19921875,0.0,0.0992431640625
2024-09-11 03:45:00,0.0,0.0,0.6015625,0.0999755859375,0.5015869140625
2024-09-11 04:00:00,0.0,0.0,0.19921875,0.0,0.19921875
2024-09-11 04:15:00,0.0,0.0,0.30078125,0.0,0.30078125
2024-09-11 05:15:00,0.0999755859375,0.199951171875,1.0,0.0,0.7000732421875
2024-09-11 05:30:00,0.0,0.10009765625,0.296875,0.0,0.19677734375
2024-09-11 06:00:00,0.0999755859375,0.0,0.40234375,0.0,0.3023681640625
2024-09-11 06:15:00,0.0,0.099853515625,0.3984375,0.0,0.298583984375
2024-09-11 06:30:00,0.0,0.0,0.19921875,0.0,0.19921875
2024-09-11 07:00:00,0.0999755859375,0.40087890625,1.0,0.10003662109375,0.39910888671875
2024-09-11 07:30:00,0.300048828125,1.299072265625,2.30078125,0.0,0.70166015625
2024-09-11 07:45:00,0.0,0.10009765625,0.30078125,0.0,0.20068359375
2024-09-11 08:00:00,0.0,0.700439453125,1.30078125,0.0,0.600341796875
2024-09-11 08:15:00,0.0999755859375,0.49951171875,0.80078125,0.0,0.2012939453125
2024-09-11 08:45:00,0.2000732421875,1.300048828125,2.3984375,0.0,0.8983154296875
2024-09-11 09:00:00,0.0999755859375,0.1005859375,0.3984375,0.0,0.1978759765625
2024-09-11 09:15:00,0.0999755859375,0.89990234375,1.6015625,0.0,0.6016845703125
2024-09-11 10:15:00,0.5,2.69921875,5.19921875,0.0999755859375,1.9000244140625
2024-09-11 11:00:00,0.199951171875,1.900634765625,4.1015625,0.0,2.0009765625
2024-09-11 11:30:00,0.10009765625,1.4998779296875,3.0,0.0,1.4000244140625
2024-09-11 11:45:00,0.0,0.19970703125,0.3984375,0.0,0.19873046875
2024-09-11 12:00:00,0.199951171875,1.100830078128638,1.90234375,0.0,0.601562499996362
2024-09-11 12:30:00,0.0999755859375,1.299072265621362,2.19921875,0.0,0.800170898441138
2024-09-11 12:45:00,0.0999755859375,0.400329589840112,0.8984375,0.0,0.398132324222388
2024-09-11 13:00:00,0.0,0.499511718753638,0.90234375,0.10003662109375,0.302795410152612
2024-09-11 13:15:00,0.10009765625,0.7008056640625,1.296875,0.0,0.4959716796875
2024-09-11 13:30:00,0.0999755859375,0.69964599609375,1.40234375,0.0,0.60272216796875
2024-09-11 13:45:00,0.0999755859375,0.8997802734375,1.80078125,0.0,0.801025390625
2024-09-11 14:00:00,0.0,1.0006103515625,1.796875,0.0,0.7962646484375
2024-09-11 14:15:00,0.0999755859375,0.69915771484375,1.30078125,0.0,0.50164794921875
2024-09-11 14:30:00,0.0,0.20068359375,0.5,0.0,0.29931640625
2024-09-11 14:45:00,0.0,1.0997314453125,2.1015625,0.0,1.0018310546875
2024-09-11 15:00:00,0.0999755859375,0.69964599609375,1.3984375,0.0,0.59881591796875
2024-09-11 15:15:00,0.0,0.300292968746362,0.40234375,0.0,0.10205078125363798
2024-09-11 15:30:00,0.0,1.200317382816138,2.19921875,0.0,0.998901367183862
2024-09-11 16:00:00,0.10009765625,1.39971923828125,2.59765625,0.0999755859375,0.99786376953125
2024-09-11 16:15:00,0.0,0.399658203125,0.80078125,0.0,0.401123046875
2024-09-11 16:30:00,0.0999755859375,1.0003662109375,1.69921875,0.0,0.598876953125
2024-09-11 17:00:00,0.0999755859375,1.39996337890625,2.5,0.0,1.00006103515625
2024-09-11 17:15:00,0.0999755859375,0.7000732421875,1.203125,0.0,0.403076171875
2024-09-11 17:30:00,0.0999755859375,0.49993896484375,1.0,0.0,0.40008544921875
2024-09-11 18:00:00,0.2000732421875,1.50006103515625,2.69921875,0.0,0.99908447265625
2024-09-11 18:45:00,0.0999755859375,1.7003173828125,2.8984375,0.0,1.09814453125
2024-09-11 19:15:00,0.0999755859375,1.399658203125,2.19921875,0.0999755859375,0.599609375
2024-09-11 19:30:00,0.0,0.50048828125,1.0,0.0,0.49951171875
2024-09-11 19:45:00,0.0,0.099853515625,0.30078125,0.0,0.200927734375
2024-09-11 20:15:00,0.0999755859375,1.10009765625,2.0,0.0,0.7999267578125
2024-09-11 20:30:00,0.0,0.19970703125,0.19921875,0.0,-0.00048828125
2024-09-11 20:45:00,0.10009765625,0.499755859375,1.0,0.0,0.400146484375
2024-09-11 21:00:00,0.0,0.400390625,0.703125,0.0,0.302734375
2024-09-11 21:30:00,0.0999755859375,0.699462890625,1.3984375,0.0,0.5989990234375
2024-09-11 21:45:00,0.0,0.1005859375,0.3984375,0.0,0.2978515625
2024-09-11 22:00:00,0.0999755859375,0.0,0.203125,0.0,0.1031494140625
2024-09-11 22:15:00,0.0,0.0,0.19921875,0.10003662109375,0.09918212890625
2024-09-11 22:30:00,0.0,0.0,0.09765625,0.0,0.09765625
2024-09-11 23:15:00,0.0,0.0,0.80078125,0.0,0.80078125
2024-09-12 00:45:00,0.0999755859375,0.0,1.0,0.0,0.9000244140625
2024-09-12 01:00:00,0.0999755859375,0.0,0.19921875,0.0,0.0992431640625
2024-09-12 01:30:00,0.0,0.0,0.30078125,0.0999755859375,0.2008056640625
2024-09-12 01:45:00,0.0,0.0,0.19921875,0.0,0.19921875
2024-09-12 02:00:00,0.0,0.0,0.30078125,0.0,0.30078125
2024-09-12 02:30:00,0.10009765625,0.0,0.30078125,0.0,0.20068359375
2024-09-12 02:45:00,0.0,0.0,0.30078125,0.0,0.30078125
2024-09-12 03:00:00,0.0,0.0,0.09765625,0.0,0.09765625
2024-09-12 03:15:00,0.0,0.0,0.30078125,0.0,0.30078125
2024-09-12 03:30:00,0.0,0.0,0.19921875,0.0,0.19921875
2024-09-12 04:00:00,0.0999755859375,0.0,0.40234375,0.0,0.3023681640625
2024-09-12 05:00:00,0.0999755859375,0.199951171875,1.0,0.10003662109375,0.60003662109375
2024-09-12 05:45:00,0.0,0.199951171875,0.80078125,0.0,0.600830078125
2024-09-12 06:30:00,0.0999755859375,0.10009765625,0.69921875,0.0,0.4991455078125
2024-09-12 06:45:00,0.0,0.0,0.30078125,0.0,0.30078125
2024-09-12 07:00:00,0.0999755859375,0.39990234375,0.59765625,0.0,0.0977783203125
2024-09-12 07:30:00,0.4000244140625,1.399658203125,2.6015625,0.0999755859375,0.701904296875
2024-09-12 07:45:00,0.0999755859375,0.499755859375,0.80078125,0.0,0.2010498046875
2024-09-12 08:45:00,0.10009765625,2.100830078125,3.5,0.0,1.299072265625
2024-09-12 09:45:00,0.2999267578125,2.800048828125,5.19921875,0.0,2.0992431640625
2024-09-12 10:00:00,0.0,0.29931640625,0.8984375,0.0,0.59912109375
2024-09-12 10:45:00,0.2000732421875,2.1005859375,3.90234375,0.0999755859375,1.501708984375
2024-09-12 11:15:00,0.0999755859375,1.7991943359375,3.8984375,0.0,1.999267578125
2024-09-12 11:45:00,0.0999755859375,1.1007080078125,2.19921875,0.0,0.99853515625
2024-09-12 12:15:00,0.0,1.199462890625,1.90234375,0.0,0.702880859375
2024-09-12 12:30:00,0.0999755859375,0.6005859375,1.0,0.0,0.2994384765625
2024-09-12 12:45:00,0.0,0.79931640625,1.69921875,0.0,0.89990234375
2024-09-12 13:00:00,0.0999755859375,0.700439453125,1.30078125,0.0,0.5003662109375
2024-09-12 13:45:00,0.10009765625,1.700439453125,3.59765625,0.10003662109375,1.69708251953125
2024-09-12 14:00:00,0.0999755859375,1.0994873046875,2.19921875,0.0,0.999755859375
2024-09-12 14:30:00,0.0999755859375,0.89990234375,1.80078125,0.0,0.8009033203125
2024-09-12 14:45:00,0.0,1.000244140625,1.69921875,0.0,0.698974609375
2024-09-12 15:15:00,0.0999755859375,1.2999267578125,2.6015625,0.0,1.20166015625
2024-09-12 15:45:00,0.0999755859375,1.5,3.19921875,0.0,1.5992431640625
2024-09-12 16:00:00,0.0,0.19970703125,0.5,0.0,0.30029296875
2024-09-12 16:30:00,0.10009765625,1.500732421875,3.1015625,0.0,1.500732421875
2024-09-12 17:15:00,0.199951171875,1.999755859375,3.69921875,0.0999755859375,1.3995361328125
2024-09-12 17:30:00,0.0,0.499755859375,0.8984375,0.0,0.398681640625
2024-09-12 17:45:00,0.0999755859375,1.0,1.90234375,0.0,0.8023681640625
2024-09-12 18:00:00,0.0,0.800048828125,1.0,0.0,0.199951171875
2024-09-12 18:30:00,0.0999755859375,0.99951171875,1.80078125,0.0,0.7012939453125
2024-09-12 19:00:00,0.0,1.499755859375,2.3984375,0.0,0.898681640625
2024-09-12 19:15:00,0.10009765625,0.50048828125,0.6015625,0.0,0.0009765625
2024-09-12 19:30:00,0.0,0.39990234375,0.69921875,0.0,0.29931640625
2024-09-12 20:15:00,0.0999755859375,2.099853515625,3.30078125,0.10003662109375,1.00091552734375
2024-09-12 20:30:00,0.0,0.500244140625,0.796875,0.0,0.296630859375
2024-09-12 20:45:00,0.0,0.30029296875,0.703125,0.0,0.40283203125
2024-09-12 21:15:00,0.0999755859375,1.0,1.59765625,0.0,0.4976806640625
2024-09-12 22:15:00,0.0,1.199951171875,2.19921875,0.0,0.999267578125
2024-09-12 22:30:00,0.0,0.0,0.203125,0.0,0.203125
2024-09-12 22:45:00,0.0999755859375,0.0,0.296875,0.0999755859375,0.096923828125
2024-09-12 23:00:00,0.0,0.0,0.203125,0.0,0.203125
2024-09-12 23:45:00,0.0,0.0,0.59765625,0.0,0.59765625
2024-09-13 00:00:00,0.0,0.0,0.19921875,0.0,0.19921875
2024-09-13 00:15:00,0.0999755859375,0.0,0.1015625,0.0,0.0015869140625
2024-09-13 00:45:00,0.0,0.0,0.5,0.0,0.5
2024-09-13 01:00:00,0.0,0.0,0.1015625,0.0,0.1015625
2024-09-13 02:00:00,0.10009765625,0.0,1.0,0.0999755859375,0.7999267578125
2024-09-13 03:15:00,0.0999755859375,0.0,1.0,0.0,0.9000244140625
2024-09-13 03:30:00,0.0,0.0,0.3984375,0.0,0.3984375
2024-09-13 04:00:00,0.0,0.0,0.3984375,0.0,0.3984375
2024-09-13 04:15:00,0.0,0.0,0.1015625,0.0,0.1015625
2024-09-13 04:30:00,0.0999755859375,0.0,0.19921875,0.0,0.0992431640625
2024-09-13 04:45:00,0.0,0.0,0.40234375,0.0,0.40234375
2024-09-13 05:00:00,0.0,0.099853515625,0.09765625,0.10003662109375,-0.10223388671875
2024-09-13 05:15:00,0.0,0.0,0.40234375,0.0,0.40234375
2024-09-13 06:00:00,0.0999755859375,0.199951171875,0.69921875,0.0,0.3992919921875
2024-09-13 06:15:00,0.0,0.0,0.30078125,0.0,0.30078125
2024-09-13 06:30:00,0.0,0.10009765625,0.19921875,0.0,0.09912109375
2024-09-13 06:45:00,0.0,0.0,0.3984375,0.0,0.3984375
2024-09-13 07:00:00,0.0999755859375,0.10009765625,0.19921875,0.0,-0.0008544921875
2024-09-13 07:15:00,0.2000732421875,0.999267578125,1.703125,0.0,0.5037841796875
2024-09-13 07:30:00,0.0,0.30078125,0.59765625,0.0,0.296875
2024-09-13 07:45:00,0.0999755859375,0.699951171875,1.19921875,0.0,0.3992919921875
2024-09-13 08:45:00,0.300048828125,2.299560546875,3.80078125,0.0999755859375,1.1011962890625
2024-09-13 09:00:00,0.0999755859375,0.39990234375,0.69921875,0.0,0.1993408203125
2024-09-13 09:30:00,0.0,1.800537109375,3.0,0.0,1.199462890625
2024-09-13 09:45:00,0.0999755859375,0.7001953125,1.203125,0.0,0.4029541015625
2024-09-13 10:00:00,0.0,0.5,1.19921875,0.0,0.69921875
2024-09-13 10:15:00,0.0,0.400146484375,0.80078125,0.0,0.400634765625
2024-09-13 10:30:00,0.0999755859375,0.79931640625,1.296875,0.0,0.3975830078125
2024-09-13 10:45:00,0.0,0.599853515625,1.203125,0.0,0.603271484375
2024-09-13 11:00:00,0.0999755859375,0.89990234375,1.59765625,0.10003662109375,0.49774169921875
2024-09-13 11:15:00,0.0,0.70068359375,1.19921875,0.0,0.49853515625
2024-09-13 11:30:00,0.0,0.099609375,0.40234375,0.0,0.302734375
2024-09-13 11:45:00,0.10009765625,0.899658203125,1.3984375,0.0,0.398681640625
2024-09-13 12:15:00,0.0999755859375,1.400634765625,2.40234375,0.0,0.9017333984375
2024-09-13 12:45:00,0.0,1.10009765625,1.796875,0.0,0.69677734375
2024-09-13 13:00:00,0.0999755859375,0.800048828125,1.6015625,0.0,0.7015380859375
2024-09-13 13:45:00,0.0999755859375,1.599365234375,2.8984375,0.0,1.1990966796875
2024-09-13 14:00:00,0.0,0.60009765625,1.203125,0.0,0.60302734375
2024-09-13 14:15:00,0.0999755859375,0.800170898433862,1.19921875,0.0999755859375,0.19909667969113798
2024-09-13 14:30:00,0.0,0.600097656253638,1.19921875,0.0,0.599121093746362
2024-09-13 14:45:00,0.10009765625,1.200439453125,2.0,0.0,0.699462890625
2024-09-13 15:15:00,0.0999755859375,1.198974609375,2.19921875,0.0,0.9002685546875
2024-09-13 16:00:00,0.0999755859375,1.5013427734375,2.6015625,0.0,1.000244140625
2024-09-13 17:15:00,0.199951171875,3.19970703125,5.30078125,0.0999755859375,1.8011474609375
2024-09-13 17:30:00,0.10009765625,0.399658203125,0.5,0.0,0.000244140625
2024-09-13 17:45:00,0.0,0.2001953125,0.69921875,0.0,0.4990234375
2024-09-13 18:45:00,0.0999755859375,0.10009765625,1.0,0.0,0.7999267578125
2024-09-13 19:30:00,0.0999755859375,0.0,0.59765625,0.0,0.4976806640625
2024-09-13 20:00:00,0.0,0.0,0.203125,0.0,0.203125
2024-09-13 20:15:00,0.0,0.0,0.296875,0.10003662109375,0.19683837890625
2024-09-13 20:30:00,0.0,0.0,0.1015625,0.0,0.1015625
2024-09-13 20:45:00,0.0999755859375,0.0,0.30078125,0.0,0.2008056640625
2024-09-13 21:00:00,0.0,0.0,0.09765625,0.0,0.09765625
2024-09-13 21:45:00,0.0,0.0,0.5,0.0,0.5
2024-09-13 22:00:00,0.0999755859375,0.0,0.30078125,0.0,0.2008056640625
2024-09-13 22:30:00,0.0,0.0,0.19921875,0.0,0.19921875
2024-09-13 23:15:00,0.0,0.0,0.6015625,0.0,0.6015625
2024-09-14 00:15:00,0.10009765625,0.0,0.5,0.0999755859375,0.2999267578125
2024-09-14 00:45:00,0.0,0.0,0.30078125,0.0,0.30078125
2024-09-14 01:00:00,0.0999755859375,0.0,0.19921875,0.0,0.0992431640625
2024-09-14 01:15:00,0.0,0.0,0.19921875,0.0,0.19921875
2024-09-14 02:30:00,0.0999755859375,0.0,0.90234375,0.10003662109375,0.70233154296875
2024-09-14 03:00:00,0.0,0.0,0.3984375,0.0,0.3984375
2024-09-14 03:30:00,0.0999755859375,0.0,0.30078125,0.0,0.2008056640625
2024-09-14 03:45:00,0.0,0.0,0.09765625,0.0,0.09765625
2024-09-14 04:00:00,0.0,0.0,0.203125,0.0,0.203125
2024-09-14 04:30:00,0.0,0.0,0.296875,0.0,0.296875
2024-09-14 04:45:00,0.0,0.0,0.203125,0.0,0.203125
2024-09-14 05:15:00,0.0999755859375,0.0,0.3984375,0.0,0.2984619140625
2024-09-14 06:00:00,0.0,0.0,0.3984375,0.0999755859375,0.2984619140625
2024-09-14 07:00:00,0.10009765625,0.0,0.703125,0.0,0.60302734375
2024-09-14 07:15:00,0.0,0.0,0.19921875,0.0,0.19921875
2024-09-14 07:30:00,0.0,0.0,0.09765625,0.0,0.09765625
2024-09-14 08:15:00,0.0999755859375,0.0,0.6015625,0.0,0.5015869140625
2024-09-14 09:00:00,0.0,0.0,0.5,0.0999755859375,0.4000244140625
2024-09-14 09:15:00,0.0999755859375,0.0,0.19921875,0.0,0.0992431640625
2024-09-14 09:45:00,0.0,0.2000732421875,0.40234375,0.0,0.2022705078125
2024-09-14 10:00:00,0.0,0.0,0.3984375,0.0,0.3984375
2024-09-14 10:30:00,0.0,0.2000732421875,0.30078125,0.0,0.1007080078125
2024-09-14 10:45:00,0.0999755859375,0.0,0.30078125,0.0,0.2008056640625
2024-09-14 11:00:00,0.0,0.0,0.3984375,0.0,0.3984375
2024-09-14 11:15:00,0.0,0.20007324219113798,0.30078125,0.0,0.10070800780886202
2024-09-14 11:30:00,0.0,0.0,0.09765625,0.0,0.09765625
2024-09-14 12:00:00,0.0,0.0,0.40234375,0.10003662109375,0.30230712890625
2024-09-14 12:15:00,0.0999755859375,0.099609375,0.3984375,0.0,0.1988525390625
2024-09-14 13:00:00,0.0,0.0,0.5,0.0,0.5
2024-09-14 14:00:00,0.10009765625,0.20019531249636202,0.90234375,0.0,0.602050781253638
2024-09-14 14:30:00,0.0,0.0,0.3984375,0.0,0.3984375
2024-09-14 15:00:00,0.0999755859375,0.10009765625,0.5,0.0999755859375,0.199951171875
2024-09-14 15:30:00,0.0,0.0,0.3984375,0.0,0.3984375
2024-09-14 15:45:00,0.0,0.0,0.203125,0.0,0.203125
2024-09-14 16:00:00,0.0,0.0,0.19921875,0.0,0.19921875
2024-09-14 17:15:00,0.0999755859375,0.0,0.59765625,0.0,0.4976806640625
2024-09-14 17:30:00,0.0999755859375,0.0,0.30078125,0.0,0.2008056640625
2024-09-14 18:00:00,0.0,0.0,0.30078125,0.10003662109375,0.20074462890625
2024-09-14 18:15:00,0.0,0.0,0.19921875,0.0,0.19921875
2024-09-14 18:30:00,0.0,0.0,0.19921875,0.0,0.19921875
2024-09-14 18:45:00,0.0,0.0,0.1015625,0.0,0.1015625
2024-09-14 19:00:00,0.0,0.0,0.19921875,0.0,0.19921875
2024-09-14 19:30:00,0.0999755859375,0.0,0.40234375,0.0,0.3023681640625
2024-09-14 20:00:00,0.0,0.0,0.296875,0.0,0.296875
2024-09-14 20:15:00,0.0,0.0,0.1015625,0.0,0.1015625
2024-09-14 20:30:00,0.10009765625,0.0,0.19921875,0.0,0.09912109375
2024-09-14 20:45:00,0.0,0.0,0.19921875,0.0999755859375,0.0992431640625
2024-09-14 21:15:00,0.0,0.0,0.30078125,0.0,0.30078125
2024-09-14 21:45:00,0.0999755859375,0.0,0.30078125,0.0,0.2008056640625
2024-09-14 22:00:00,0.0,0.0,0.1015625,0.0,0.1015625
2024-09-14 22:30:00,0.0,0.0,0.3984375,0.0,0.3984375
2024-09-14 23:15:00,0.0999755859375,0.0,0.5,0.0,0.4000244140625
2024-09-14 23:30:00,0.0,0.0,0.1015625,0.0,0.1015625
2024-09-14 23:45:00,0.0,0.0,0.19921875,0.0,0.19921875
2024-09-15 00:30:00,0.0999755859375,0.0,0.5,0.0999755859375,0.300048828125
2024-09-15 01:30:00,0.0,0.0,0.69921875,0.0,0.69921875
2024-09-15 01:45:00,0.0,0.0,0.1015625,0.0,0.1015625
2024-09-15 03:00:00,0.0999755859375,0.0,0.796875,0.10003662109375,0.59686279296875
2024-09-15 03:30:00,0.10009765625,0.0,0.203125,0.0,0.10302734375
2024-09-15 03:45:00,0.0,0.0,0.296875,0.0,0.296875
2024-09-15 04:15:00,0.0,0.0,0.30078125,0.0,0.30078125
2024-09-15 05:30:00,0.0999755859375,0.099609375,0.80078125,0.0,0.6011962890625
2024-09-15 06:00:00,0.0,0.0,0.3984375,0.0999755859375,0.2984619140625
2024-09-15 06:30:00,0.0999755859375,0.0,0.30078125,0.0,0.2008056640625
2024-09-15 06:45:00,0.0,0.0,0.1015625,0.0,0.1015625
2024-09-15 07:30:00,0.0,0.0,0.5,0.0,0.5
2024-09-15 07:45:00,0.0999755859375,0.0,0.19921875,0.0,0.0992431640625
2024-09-15 08:00:00,0.0,0.0,0.1015625,0.0,0.1015625
2024-09-15 08:15:00,0.0,0.0,0.09765625,0.0,0.09765625
2024-09-15 08:30:00,0.0,0.0,0.1015625,0.0,0.1015625
2024-09-15 08:45:00,0.0,0.0,0.30078125,0.0,0.30078125
2024-09-15 09:15:00,0.0999755859375,0.10009765625363798,0.296875,0.10003662109375,-0.003234863284887979
2024-09-15 09:30:00,0.0,0.0,0.40234375,0.0,0.40234375
2024-09-15 09:45:00,0.0,0.0,0.09765625,0.0,0.09765625
2024-09-15 10:00:00,0.0,0.0,0.1015625,0.0,0.1015625
2024-09-15 10:15:00,0.0,0.0,0.30078125,0.0,0.30078125
2024-09-15 10:30:00,0.10009765625,0.0,0.0,0.0,-0.10009765625
2024-09-15 10:45:00,0.0,0.0,0.30078125,0.0,0.30078125
2024-09-15 11:15:00,0.0,0.0,0.296875,0.0,0.296875
2024-09-15 12:00:00,0.0999755859375,0.0,0.40234375,0.0,0.3023681640625
2024-09-15 12:30:00,0.0,0.0,0.3984375,0.0999755859375,0.2984619140625
2024-09-15 13:00:00,0.0,0.0,0.40234375,0.0,0.40234375
2024-09-15 13:15:00,0.0,0.0,0.09765625,0.0,0.09765625
2024-09-15 14:00:00,0.0999755859375,0.0,0.5,0.0,0.4000244140625
2024-09-15 14:30:00,0.0,0.0,0.30078125,0.0,0.30078125
2024-09-15 15:00:00,0.0999755859375,0.0,0.30078125,0.0,0.2008056640625
2024-09-15 16:30:00,0.0999755859375,0.0,1.19921875,0.0999755859375,0.999267578125
2024-09-15 16:45:00,0.0,0.0,0.1015625,0.0,0.1015625
2024-09-15 17:00:00,0.0,0.0,0.19921875,0.0,0.19921875
2024-09-15 17:15:00,0.0,0.0,0.09765625,0.0,0.09765625
2024-09-15 17:45:00,0.10009765625,0.0,0.40234375,0.0,0.30224609375
2024-09-15 18:00:00,0.0,0.0,0.19921875,0.0,0.19921875
2024-09-15 18:15:00,0.0,0.0,0.19921875,0.10003662109375,0.09918212890625
2024-09-15 18:30:00,0.0,0.0,0.0,0.0,0.0
2024-09-15 18:45:00,0.0,0.0,0.19921875,0.0,0.19921875
2024-09-15 19:15:00,0.0999755859375,0.0,0.40234375,0.0,0.3023681640625
2024-09-15 19:30:00,0.0,0.0,0.19921875,0.0,0.19921875
2024-09-15 19:45:00,0.0,0.0,0.19921875,0.0,0.19921875
2024-09-15 20:00:00,0.0,0.0,0.1015625,0.0,0.1015625
2024-09-15 20:30:00,0.0999755859375,0.0,0.30078125,0.0,0.2008056640625
2024-09-15 20:45:00,0.0,0.0,0.19921875,0.0,0.19921875
2024-09-15 21:00:00,0.0,0.0,0.19921875,0.0,0.19921875
2024-09-15 21:30:00,0.0,0.0,0.19921875,0.0999755859375,0.0992431640625
2024-09-15 22:00:00,0.0999755859375,0.0,0.40234375,0.0,0.3023681640625
2024-09-15 22:15:00,0.0,0.0,0.19921875,0.0,0.19921875
2024-09-15 22:30:00,0.0,0.0,0.09765625,0.0,0.09765625
2024-09-15 23:00:00,0.0,0.0,0.40234375,0.0,0.40234375
2024-09-15 23:15:00,0.0999755859375,0.0,0.19921875,0.0,0.0992431640625
2024-09-15 23:45:00,0.0,0.0,0.30078125,0.0,0.30078125
2024-09-16 00:00:00,0.0,0.0,0.19921875,0.0,0.19921875
2024-09-16 00:30:00,0.0,0.0,0.19921875,0.0,0.19921875
2024-09-16 00:45:00,0.10009765625,0.0,0.19921875,0.10003662109375,-0.00091552734375
2024-09-16 02:00:00,0.0999755859375,0.0,0.80078125,0.0,0.7008056640625
2024-09-16 02:15:00,0.0,0.0,0.1015625,0.0,0.1015625
2024-09-16 02:30:00,0.0,0.0,0.19921875,0.0,0.19921875
2024-09-16 02:45:00,0.0,0.0,0.30078125,0.0,0.30078125
2024-09-16 03:00:00,0.0,0.0,0.09765625,0.0,0.09765625
2024-09-16 03:15:00,0.0,0.0,0.1015625,0.0,0.1015625
2024-09-16 03:30:00,0.0999755859375,0.0,0.30078125,0.0999755859375,0.100830078125
2024-09-16 04:15:00,0.0,0.0,0.5,0.0,0.5
2024-09-16 05:00:00,0.0999755859375,0.0,0.3984375,0.0,0.2984619140625
2024-09-16 05:15:00,0.0,0.0,0.19921875,0.0,0.19921875
2024-09-16 05:30:00,0.0,0.0,0.1015625,0.0,0.1015625
2024-09-16 05:45:00,0.0,0.0,0.30078125,0.0,0.30078125
2024-09-16 06:45:00,0.0999755859375,0.0,0.59765625,0.0999755859375,0.397705078125
2024-09-16 07:00:00,0.0,0.0,0.1015625,0.0,0.1015625
2024-09-16 07:15:00,0.0,0.0,0.19921875,0.0,0.19921875
2024-09-16 07:30:00,0.10009765625,0.0,0.30078125,0.0,0.20068359375
2024-09-16 07:45:00,0.0,0.0,0.1015625,0.0,0.1015625
2024-09-16 09:30:00,0.0999755859375,0.0,1.0,0.0,0.9000244140625
2024-09-16 10:00:00,0.0,0.0,0.296875,0.10003662109375,0.19683837890625
2024-09-16 10:15:00,0.0999755859375,0.0,0.203125,0.0,0.1031494140625
2024-09-16 10:45:00,0.0,0.0,0.3984375,0.0,0.3984375
2024-09-16 11:15:00,0.0,0.0,0.30078125,0.0,0.30078125
2024-09-16 11:45:00,0.0999755859375,0.0,0.3984375,0.0,0.2984619140625
2024-09-16 12:15:00,0.0,0.0,0.30078125,0.0,0.30078125
2024-09-16 12:30:00,0.0,0.0,0.1015625,0.0,0.1015625
2024-09-16 13:00:00,0.0999755859375,0.0,0.3984375,0.0999755859375,0.198486328125
2024-09-16 13:15:00,0.0,0.0,0.1015625,0.0,0.1015625
2024-09-16 13:45:00,0.0,0.0,0.296875,0.0,0.296875
2024-09-16 14:00:00,0.0,0.0,0.30078125,0.0,0.30078125
2024-09-16 14:15:00,0.0,0.0,0.0,0.0,0.0
2024-09-16 14:30:00,0.10009765625,0.0,0.30078125,0.0,0.20068359375
2024-09-16 14:45:00,0.0,0.0,0.19921875,0.0,0.19921875
2024-09-16 15:00:00,0.0,0.0,0.1015625,0.0,0.1015625
2024-09-16 15:45:00,0.0,0.0,0.3984375,0.0,0.3984375
2024-09-16 16:00:00,0.0999755859375,0.0,0.30078125,0.10003662109375,0.10076904296875
2024-09-16 16:15:00,0.0,0.0,0.1015625,0.0,0.1015625
2024-09-16 17:30:00,0.0999755859375,0.0,0.796875,0.0,0.6968994140625
2024-09-16 17:45:00,0.0,0.0,0.1015625,0.0,0.1015625
2024-09-16 18:00:00,0.0,0.0,0.19921875,0.0,0.19921875
2024-09-16 18:45:00,0.0999755859375,0.0,0.6015625,0.0,0.5015869140625
2024-09-16 19:00:00,0.0,0.0,0.09765625,0.0999755859375,-0.0023193359375
2024-09-16 19:15:00,0.0,0.0,0.1015625,0.0,0.1015625
2024-09-16 19:45:00,0.0,0.0,0.5,0.0,0.5
2024-09-16 20:00:00,0.0,0.0,0.0,0.0,0.0
2024-09-16 20:15:00,0.0999755859375,0.0,0.30078125,0.0,0.2008056640625
2024-09-16 20:30:00,0.0,0.0,0.19921875,0.0,0.19921875
2024-09-16 20:45:00,0.0,0.0,0.19921875,0.0,0.19921875
2024-09-16 21:00:00,0.0,0.0,0.0,0.0,0.0
2024-09-16 21:15:00,0.0,0.0,0.30078125,0.0,0.30078125
2024-09-16 21:30:00,0.10009765625,0.0,0.1015625,0.0,0.00146484375
2024-09-16 21:45:00,0.0,0.0,0.09765625,0.0,0.09765625
2024-09-16 22:00:00,0.0,0.0,0.19921875,0.0,0.19921875
2024-09-16 22:15:00,0.0,0.0,0.30078125,0.0999755859375,0.2008056640625
2024-09-16 22:45:00,0.0,0.0,0.30078125,0.0,0.30078125
2024-09-16 23:00:00,0.0999755859375,0.0,0.19921875,0.0,0.0992431640625
2024-09-16 23:30:00,0.0,0.0,0.30078125,0.0,0.30078125
2024-09-17 00:00:00,0.0,0.0,0.19921875,0.0,0.19921875
2024-09-17 00:15:00,0.0999755859375,0.0,0.19921875,0.0,0.0992431640625
2024-09-17 00:30:00,0.0,0.0,0.1015625,0.0,0.1015625
2024-09-17 01:00:00,0.0,0.0,0.30078125,0.0,0.30078125
2024-09-17 01:15:00,0.0,0.0,0.19921875,0.10003662109375,0.09918212890625
2024-09-17 01:30:00,0.0,0.0,0.1015625,0.0,0.1015625
2024-09-17 02:00:00,0.0999755859375,0.0,0.296875,0.0,0.1968994140625
2024-09-17 02:30:00,0.0,0.0,0.5,0.0,0.5
2024-09-17 02:45:00,0.0,0.0,0.0,0.0,0.0
2024-09-17 03:15:00,0.0999755859375,0.0,0.40234375,0.0,0.3023681640625
2024-09-17 03:30:00,0.0,0.0,0.19921875,0.0,0.19921875
2024-09-17 03:45:00,0.0,0.0,0.19921875,0.0,0.19921875
2024-09-17 04:00:00,0.0,0.0,0.1015625,0.0,0.1015625
2024-09-17 04:15:00,0.0,0.0,0.19921875,0.0999755859375,0.0992431640625
2024-09-17 04:30:00,0.0,0.0,0.1015625,0.0,0.1015625
2024-09-17 05:00:00,0.10009765625,0.0,0.296875,0.0,0.19677734375
2024-09-17 06:00:00,0.0999755859375,0.0,0.80078125,0.0,0.7008056640625
2024-09-17 06:15:00,0.0,0.0,0.1015625,0.0,0.1015625
2024-09-17 07:00:00,0.0,0.0,0.5,0.0,0.5
2024-09-17 07:15:00,0.0999755859375,0.0,0.19921875,0.10003662109375,-0.00079345703125
2024-09-17 08:15:00,0.0,0.0,0.6015625,0.0,0.6015625
2024-09-17 08:30:00,0.0,0.0,0.19921875,0.0,0.19921875
2024-09-17 09:00:00,0.0999755859375,0.0,0.3984375,0.0,0.2984619140625
2024-09-17 09:15:00,0.0,0.0,0.19921875,0.0,0.19921875
2024-09-17 10:00:00,0.0,0.0,0.40234375,0.0,0.40234375
2024-09-17 10:15:00,0.0999755859375,0.0,0.19921875,0.0999755859375,-0.000732421875
2024-09-17 10:30:00,0.0,0.0,0.1015625,0.0,0.1015625
2024-09-17 11:00:00,0.0,0.0,0.296875,0.0,0.296875
2024-09-17 11:15:00,0.0,0.0,0.203125,0.0,0.203125
2024-09-17 11:45:00,0.10009765625,0.0,0.296875,0.0,0.19677734375
2024-09-17 12:30:00,0.0,0.0,0.6015625,0.0,0.6015625
2024-09-17 13:15:00,0.0999755859375,0.0,0.5,0.0999755859375,0.300048828125
2024-09-17 14:00:00,0.0,0.0,0.5,0.0,0.5
2024-09-17 14:15:00,0.0,0.0,0.1015625,0.0,0.1015625
2024-09-17 14:30:00,0.0999755859375,0.0,0.19921875,0.0,0.0992431640625
2024-09-17 14:45:00,0.0,0.0,0.19921875,0.0,0.19921875
2024-09-17 15:15:00,0.0,0.0,0.3984375,0.0,0.3984375
2024-09-17 15:45:00,0.0999755859375,0.0,0.40234375,0.0,0.3023681640625
2024-09-17 16:00:00,0.0,0.0,0.09765625,0.0,0.09765625
2024-09-17 16:15:00,0.0,0.0,0.203125,0.0,0.203125
2024-09-17 16:30:00,0.0,0.0,0.19921875,0.10003662109375,0.09918212890625
2024-09-17 16:45:00,0.0,0.0,0.0,0.0,0.0
2024-09-17 17:00:00,0.0,0.0,0.30078125,0.0,0.30078125
2024-09-17 17:30:00,0.0999755859375,0.0,0.296875,0.0,0.1968994140625
2024-09-17 17:45:00,0.0,0.0,0.203125,0.0,0.203125
2024-09-17 18:00:00,0.0,0.0,0.09765625,0.0,0.09765625
2024-09-17 18:30:00,0.10009765625,0.0,0.40234375,0.0,0.30224609375
2024-09-17 19:00:00,0.0,0.0,0.3984375,0.0,0.3984375
2024-09-17 19:45:00,0.0,0.0,0.3984375,0.0999755859375,0.2984619140625
2024-09-17 20:00:00,0.0999755859375,0.0,0.1015625,0.0,0.0015869140625
2024-09-17 20:30:00,0.0,0.0,0.3984375,0.0,0.3984375
2024-09-17 20:45:00,0.0,0.0,0.0,0.0,0.0
2024-09-17 21:00:00,0.0,0.0,0.203125,0.0,0.203125
2024-09-17 21:15:00,0.0,0.0,0.19921875,0.0,0.19921875
2024-09-17 21:30:00,0.0999755859375,0.0,0.30078125,0.0,0.2008056640625
2024-09-17 21:45:00,0.0,0.0,0.09765625,0.0,0.09765625
2024-09-17 22:15:00,0.0,0.0,0.30078125,0.0,0.30078125
2024-09-17 23:00:00,0.0999755859375,0.0,0.6015625,0.10003662109375,0.40155029296875
2024-09-17 23:15:00,0.0,0.0,0.09765625,0.0,0.09765625
2024-09-17 23:45:00,0.0,0.0,0.30078125,0.0,0.30078125
2024-09-18 00:30:00,0.0999755859375,0.0,0.5,0.0,0.4000244140625
2024-09-18 01:00:00,0.0,0.0,0.3984375,0.0,0.3984375
2024-09-18 02:00:00,0.10009765625,0.0,0.5,0.0999755859375,0.2999267578125
2024-09-18 02:15:00,0.0,0.0,0.30078125,0.0,0.30078125
2024-09-18 02:30:00,0.0,0.0,0.1015625,0.0,0.1015625
2024-09-18 02:45:00,0.0,0.0,0.09765625,0.0,0.09765625
2024-09-18 03:00:00,0.0999755859375,0.0,0.203125,0.0,0.1031494140625
2024-09-18 03:15:00,0.0,0.0,0.19921875,0.0,0.19921875
2024-09-18 03:30:00,0.0,0.0,0.19921875,0.0,0.19921875
2024-09-18 03:45:00,0.0,0.0,0.19921875,0.0,0.19921875
2024-09-18 04:15:00,0.0999755859375,0.0,0.30078125,0.0,0.2008056640625
2024-09-18 04:30:00,0.0,0.0,0.19921875,0.0,0.19921875
2024-09-18 04:45:00,0.0,0.0,0.19921875,0.0999755859375,0.0992431640625
2024-09-18 05:00:00,0.0,0.0,0.1015625,0.0,0.1015625
2024-09-18 05:15:00,0.0,0.0,0.19921875,0.0,0.19921875
2024-09-18 05:30:00,0.0,0.0,0.1015625,0.0,0.1015625
2024-09-18 05:45:00,0.0,0.0,0.09765625,0.0,0.09765625
2024-09-18 06:00:00,0.0999755859375,0.0,0.203125,0.0,0.1031494140625
2024-09-18 06:15:00,0.0,0.0,0.296875,0.0,0.296875
2024-09-18 06:30:00,0.0,0.0,0.1015625,0.0,0.1015625
2024-09-18 07:15:00,0.0999755859375,0.0,0.5,0.0,0.4000244140625
2024-09-18 07:30:00,0.0,0.0,0.1015625,0.0,0.1015625
2024-09-18 08:30:00,0.10009765625,0.0,0.69921875,0.10003662109375,0.49908447265625
2024-09-18 09:00:00,0.0,0.0,0.30078125,0.0,0.30078125
2024-09-18 09:15:00,0.0,0.0,0.09765625,0.0,0.09765625
2024-09-18 09:45:00,0.0,0.0,0.40234375,0.0,0.40234375
2024-09-18 10:15:00,0.0999755859375,0.0,0.3984375,0.0,0.2984619140625
2024-09-18 10:30:00,0.0,0.0,0.19921875,0.0,0.19921875
2024-09-18 10:45:00,0.0,0.0,0.1015625,0.0,0.1015625
2024-09-18 11:00:00,0.0,0.0,0.19921875,0.0999755859375,0.0992431640625
2024-09-18 11:15:00,0.0,0.0,0.0,0.0,0.0
2024-09-18 11:30:00,0.0999755859375,0.0,0.19921875,0.0,0.0992431640625
2024-09-18 12:00:00,0.0,0.099609375,0.6015625,0.0,0.501953125
2024-09-18 12:15:00,0.0,0.0,0.09765625,0.0,0.09765625
2024-09-18 13:00:00,0.0999755859375,0.10009765624636202,0.703125,0.0,0.503051757816138
2024-09-18 13:30:00,0.0,0.19970703125,0.59765625,0.0,0.39794921875
2024-09-18 14:45:00,0.0999755859375,0.80029296875,1.80078125,0.10003662109375,0.80047607421875
2024-09-18 15:15:00,0.0,0.300292968753638,0.6015625,0.0,0.301269531246362
2024-09-18 15:45:00,0.10009765625,0.299804687496362,1.0,0.0,0.600097656253638
2024-09-18 16:00:00,0.0,0.20019531250363798,0.19921875,0.0,-0.0009765625036379788
2024-09-18 16:15:00,0.0,0.19921875,0.3984375,0.0,0.19921875
2024-09-18 16:30:00,0.0,0.0,0.30078125,0.0,0.30078125
2024-09-18 16:45:00,0.0999755859375,0.400878906246362,0.6015625,0.0,0.10070800781613798
2024-09-18 17:00:00,0.0999755859375,0.099609375,0.296875,0.0999755859375,-0.002685546875
2024-09-18 17:15:00,0.0999755859375,0.099609375,0.6015625,0.0,0.4019775390625
2024-09-18 17:45:00,0.2000732421875,0.40087890625,0.8984375,0.0,0.2974853515625
2024-09-18 18:45:00,0.2999267578125,0.60009765625,1.5,0.0,0.5999755859375
2024-09-18 19:00:00,0.0999755859375,0.099609375,0.5,0.0,0.3004150390625
2024-09-18 19:30:00,0.10009765625,0.0,0.5,0.0,0.39990234375
2024-09-18 20:00:00,0.0999755859375,0.0,0.30078125,0.0999755859375,0.100830078125
2024-09-18 20:15:00,0.0,0.0,0.1015625,0.0,0.1015625
2024-09-18 20:45:00,0.0,0.0,0.30078125,0.0,0.30078125
2024-09-18 21:00:00,0.0,0.0,0.296875,0.0,0.296875
2024-09-18 21:30:00,0.0999755859375,0.0,0.30078125,0.0,0.2008056640625
2024-09-18 21:45:00,0.0,0.0,0.19921875,0.0,0.19921875
2024-09-18 22:00:00,0.0,0.0,0.1015625,0.0,0.1015625
2024-09-18 22:15:00,0.0,0.0,0.19921875,0.0,0.19921875
2024-09-18 22:30:00,0.0,0.0,0.19921875,0.0,0.19921875
2024-09-18 22:45:00,0.0999755859375,0.0,0.203125,0.0,0.1031494140625
2024-09-18 23:00:00,0.0,0.0,0.09765625,0.0,0.09765625
2024-09-18 23:15:00,0.0,0.0,0.1015625,0.10003662109375,0.00152587890625
2024-09-18 23:30:00,0.0,0.0,0.19921875,0.0,0.19921875
2024-09-19 00:00:00,0.0,0.0,0.3984375,0.0,0.3984375
2024-09-19 00:15:00,0.0999755859375,0.0,0.1015625,0.0,0.0015869140625
2024-09-19 00:30:00,0.0,0.0,0.1015625,0.0,0.1015625
2024-09-19 00:45:00,0.0,0.0,0.296875,0.0,0.296875
2024-09-19 01:15:00,0.0,0.0,0.203125,0.0,0.203125
2024-09-19 01:45:00,0.10009765625,0.0,0.3984375,0.0,0.29833984375
2024-09-19 02:00:00,0.0,0.0,0.1015625,0.0,0.1015625
2024-09-19 02:15:00,0.0,0.0,0.296875,0.0999755859375,0.1968994140625
2024-09-19 02:45:00,0.0,0.0,0.30078125,0.0,0.30078125
2024-09-19 03:00:00,0.0999755859375,0.0,0.19921875,0.0,0.0992431640625
2024-09-19 03:15:00,0.0,0.0,0.1015625,0.0,0.1015625
2024-09-19 03:45:00,0.0,0.0,0.3984375,0.0,0.3984375
2024-09-19 04:15:00,0.0,0.0,0.40234375,0.0,0.40234375
2024-09-19 04:30:00,0.0999755859375,0.099853515625,0.09765625,0.0,-0.1021728515625
2024-09-19 05:00:00,0.0,0.10009765625,0.40234375,0.0,0.30224609375
2024-09-19 05:15:00,0.0,0.0,0.30078125,0.10003662109375,0.20074462890625
2024-09-19 05:30:00,0.0,0.10009765625,0.19921875,0.0,0.09912109375
2024-09-19 06:00:00,0.0999755859375,0.099853515625,0.5,0.0,0.3001708984375
2024-09-19 06:15:00,0.0,0.0,0.09765625,0.0,0.09765625
2024-09-19 06:30:00,0.0,0.10009765625,0.40234375,0.0,0.30224609375
2024-09-19 06:45:00,0.0,0.0,0.30078125,0.0,0.30078125
2024-09-19 07:00:00,0.0999755859375,0.099853515625,0.19921875,0.0,-0.0006103515625
2024-09-19 07:15:00,0.2000732421875,0.7001953125,1.09765625,0.0,0.1973876953125
2024-09-19 07:30:00,0.199951171875,0.900390625,1.40234375,0.0,0.302001953125
2024-09-19 07:45:00,0.2000732421875,0.799072265625,1.59765625,0.0,0.5985107421875
2024-09-19 08:00:00,0.0,0.10058593750363798,0.40234375,0.0,0.301757812496362
2024-09-19 08:15:00,0.199951171875,0.900390625,1.3984375,0.0999755859375,0.1981201171875
2024-09-19 08:45:00,0.300048828125,1.299072265621362,2.40234375,0.0,0.803222656253638
2024-09-19 09:45:00,0.39990234375,2.301025390625,4.796875,0.0,2.095947265625
2024-09-19 10:00:00,0.2000732421875,1.19940185546875,2.40234375,0.0,1.00286865234375
2024-09-19 10:30:00,0.0999755859375,0.899902343746362,1.8984375,0.0,0.898559570316138
2024-09-19 10:45:00,0.0999755859375,1.199829101566138,2.5,0.0,1.200195312496362
2024-09-19 11:15:00,0.2000732421875,1.1005859375,2.40234375,0.0,1.1016845703125
2024-09-19 11:30:00,0.0999755859375,0.799072265625,1.796875,0.0999755859375,0.7978515625
2024-09-19 12:00:00,0.0999755859375,0.900390625,1.5,0.0,0.4996337890625
2024-09-19 12:30:00,0.199951171875,1.600585937503638,2.703125,0.0,0.902587890621362
2024-09-19 12:45:00,0.10009765625,0.799194335933862,1.296875,0.0,0.397583007816138
2024-09-19 14:30:00,0.5999755859375,5.600830078125,11.0,0.10003662109375,4.69915771484375
2024-09-19 14:45:00,0.0,0.3992919921875,1.0,0.0,0.6007080078125
2024-09-19 15:00:00,0.0999755859375,0.700683593753638,1.1015625,0.0,0.300903320308862
2024-09-19 15:15:00,0.0,0.599975585933862,1.5,0.0,0.900024414066138
2024-09-19 15:30:00,0.0999755859375,1.3992919921875,2.3984375,0.0,0.899169921875
2024-09-19 15:45:00,0.0999755859375,0.700439453125,1.5,0.0,0.6995849609375
2024-09-19 16:00:00,0.0,0.19970703125,0.5,0.0,0.30029296875
2024-09-19 16:45:00,0.2000732421875,2.300048828125,4.5,0.0,1.9998779296875
2024-09-19 17:00:00,0.0999755859375,1.2005615234375,2.5,0.0,1.199462890625
2024-09-19 18:15:00,0.4000244140625,3.6990966796875,7.0,0.0999755859375,2.8009033203125
2024-09-19 18:45:00,0.0999755859375,1.80078125,2.90234375,0.0,1.0015869140625
2024-09-19 19:15:00,0.0999755859375,1.099853515625,1.8984375,0.0,0.6986083984375
2024-09-19 19:30:00,0.0999755859375,0.80029296875,1.30078125,0.0,0.4005126953125
2024-09-19 20:15:00,0.10009765625,1.399658203125,2.3984375,0.0,0.898681640625
2024-09-19 20:45:00,0.0,1.000244140625,1.40234375,0.10003662109375,0.30206298828125
2024-09-19 21:00:00,0.0,0.2998046875,0.80078125,0.0,0.5009765625
2024-09-19 21:15:00,0.0,0.099609375,0.09765625,0.0,-0.001953125
2024-09-19 21:30:00,0.0999755859375,0.39990234375,0.80078125,0.0,0.3009033203125
2024-09-19 21:45:00,0.0,0.200439453125,0.19921875,0.0,-0.001220703125
2024-09-19 23:15:00,0.0999755859375,0.0,1.30078125,0.0,1.2008056640625
2024-09-19 23:30:00,0.0,0.0,0.19921875,0.0999755859375,0.0992431640625
2024-09-19 23:45:00,0.0,0.0,0.1015625,0.0,0.1015625
2024-09-20 00:30:00,0.0999755859375,0.0,0.59765625,0.0,0.4976806640625
2024-09-20 01:45:00,0.0999755859375,0.0,1.0,0.0,0.9000244140625
2024-09-20 02:15:00,0.0,0.0,0.40234375,0.0,0.40234375
2024-09-20 02:30:00,0.0,0.0,0.09765625,0.0,0.09765625
2024-09-20 03:00:00,0.10009765625,0.0,0.5,0.0999755859375,0.2999267578125
2024-09-20 03:15:00,0.0,0.0,0.203125,0.0,0.203125
2024-09-20 03:30:00,0.0,0.0,0.19921875,0.0,0.19921875
2024-09-20 04:00:00,0.0,0.0,0.3984375,0.0,0.3984375
2024-09-20 05:15:00,0.0999755859375,0.10009765625,1.19921875,0.0,0.9991455078125
2024-09-20 06:00:00,0.0999755859375,0.199951171875,0.703125,0.10003662109375,0.30316162109375
2024-09-20 06:15:00,0.0,0.10009765625,0.296875,0.0,0.19677734375
2024-09-20 06:30:00,0.0,0.0,0.30078125,0.0,0.30078125
2024-09-20 07:00:00,0.0999755859375,0.099853515625,0.5,0.0,0.3001708984375
2024-09-20 07:15:00,0.0,0.499511718753638,0.90234375,0.0,0.402832031246362
2024-09-20 07:30:00,0.2000732421875,0.700439453121362,1.296875,0.0,0.396362304691138
2024-09-20 07:45:00,0.0999755859375,0.69970703125,1.203125,0.0,0.4034423828125
2024-09-20 08:00:00,0.0,0.30029296875,0.296875,0.0,-0.00341796875
2024-09-20 08:15:00,0.0,0.60003662109375,1.0,0.0,0.39996337890625
2024-09-20 08:30:00,0.199951171875,1.3004150390625,1.90234375,0.0,0.4019775390625
2024-09-20 08:45:00,0.0999755859375,0.5994873046875,1.09765625,0.0999755859375,0.2982177734375
2024-09-20 09:45:00,0.2000732421875,2.50048828125,4.203125,0.0,1.5025634765625
2024-09-20 10:00:00,0.0999755859375,0.7994384765625,1.3984375,0.0,0.4990234375
2024-09-20 10:15:00,0.0,0.6995849609375,1.30078125,0.0,0.6011962890625
2024-09-20 10:30:00,0.0999755859375,1.10076904296875,2.19921875,0.0,0.99847412109375
2024-09-20 10:45:00,0.0999755859375,0.6995849609375,0.8984375,0.0,0.098876953125
2024-09-20 11:00:00,0.0,0.30029296875,0.90234375,0.0,0.60205078125
2024-09-20 11:15:00,0.10009765625,1.39947509765625,2.30078125,0.0,0.80120849609375
2024-09-20 12:00:00,0.0999755859375,1.4996337890625,2.8984375,0.10003662109375,1.19879150390625
2024-09-20 12:15:00,0.0999755859375,1.10101318359375,1.69921875,0.0,0.49822998046875
2024-09-20 12:30:00,0.0999755859375,0.69921875,1.1015625,0.0,0.3023681640625
2024-09-20 13:00:00,0.0999755859375,1.50054931640625,2.59765625,0.0,0.99713134765625
2024-09-20 13:45:00,0.10009765625,1.699707031253638,3.1015625,0.0,1.301757812496362
2024-09-20 14:00:00,0.0999755859375,1.200622558590112,2.30078125,0.0,1.000183105472388
2024-09-20 14:15:00,0.0,0.2996826171875,0.3984375,0.0,0.0987548828125
2024-09-20 14:30:00,0.0999755859375,1.20037841796875,2.30078125,0.0,1.00042724609375
2024-09-20 14:45:00,0.0999755859375,0.7994384765625,1.30078125,0.0,0.4013671875
2024-09-20 15:00:00,0.0,0.2001953125,0.5,0.0,0.2998046875
2024-09-20 15:45:00,0.2000732421875,2.60015869140625,4.8984375,0.0999755859375,1.99822998046875
2024-09-20 16:00:00,0.0,0.2996826171875,0.40234375,0.0,0.1026611328125
2024-09-20 16:15:00,0.0999755859375,0.99993896484375,1.796875,0.0,0.69696044921875
2024-09-20 16:30:00,0.0,0.6998291015625,1.40234375,0.0,0.7025146484375
2024-09-20 16:45:00,0.0999755859375,0.9998779296875,1.69921875,0.0,0.599365234375
2024-09-20 17:00:00,0.0,0.70111083984375,1.30078125,0.0,0.59967041015625
2024-09-20 17:15:00,0.0,0.499267578121362,0.8984375,0.0,0.399169921878638
2024-09-20 17:30:00,0.0999755859375,0.999816894538526,1.6015625,0.0,0.501770019523974
2024-09-20 17:45:00,0.0,0.799926757808862,1.19921875,0.0,0.399291992191138
2024-09-20 18:30:00,0.0999755859375,1.400390625,2.30078125,0.0999755859375,0.700439453125
2024-09-20 18:45:00,0.0,0.799560546875,1.30078125,0.0,0.501220703125
2024-09-20 19:00:00,0.10009765625,0.4002685546875,0.69921875,0.0,0.1988525390625
2024-09-20 19:15:00,0.0,0.2001953125,0.59765625,0.0,0.3974609375
2024-09-20 19:45:00,0.0,0.499755859375,0.90234375,0.0,0.402587890625
2024-09-20 20:00:00,0.0999755859375,0.4002685546875,0.80078125,0.0,0.300537109375
2024-09-20 20:15:00,0.0,0.099609375,0.3984375,0.0,0.298828125
2024-09-20 20:30:00,0.0,0.30029296875,0.5,0.0,0.19970703125
2024-09-20 20:45:00,0.0999755859375,0.5,0.80078125,0.0,0.2008056640625
2024-09-20 21:00:00,0.0,0.200439453125,0.5,0.0,0.299560546875
2024-09-20 21:15:00,0.0,0.19970703125,0.3984375,0.10003662109375,0.09869384765625
2024-09-20 21:45:00,0.0999755859375,0.50048828125,0.90234375,0.0,0.3018798828125
2024-09-20 22:15:00,0.0,0.199462890625,0.59765625,0.0,0.398193359375
2024-09-20 22:30:00,0.0,0.0,0.1015625,0.0,0.1015625
2024-09-20 23:15:00,0.0999755859375,0.0,0.59765625,0.0,0.4976806640625
2024-09-20 23:30:00,0.0,0.0,0.30078125,0.0,0.30078125
2024-09-20 23:45:00,0.0,0.0,0.0,0.0,0.0
2024-09-21 00:00:00,0.10009765625,0.0,0.30078125,0.0,0.20068359375
2024-09-21 00:15:00,0.0,0.0,0.19921875,0.0999755859375,0.0992431640625
2024-09-21 00:30:00,0.0,0.0,0.1015625,0.0,0.1015625
2024-09-21 01:00:00,0.0,0.0,0.5,0.0,0.5
2024-09-21 01:15:00,0.0,0.0,0.19921875,0.0,0.19921875
2024-09-21 02:00:00,0.0999755859375,0.0,0.3984375,0.0,0.2984619140625
2024-09-21 02:15:00,0.0,0.0,0.30078125,0.0,0.30078125
2024-09-21 02:30:00,0.0,0.0,0.19921875,0.0,0.19921875
2024-09-21 02:45:00,0.0,0.0,0.1015625,0.0,0.1015625
2024-09-21 03:15:00,0.0999755859375,0.0,0.5,0.10003662109375,0.29998779296875
2024-09-21 03:30:00,0.0,0.0,0.19921875,0.0,0.19921875
2024-09-21 03:45:00,0.0,0.0,0.1015625,0.0,0.1015625
2024-09-21 04:15:00,0.0999755859375,0.0,0.5,0.0,0.4000244140625
2024-09-21 04:30:00,0.0,0.0,0.09765625,0.0,0.09765625
2024-09-21 04:45:00,0.0,0.0,0.203125,0.0,0.203125
2024-09-21 05:00:00,0.0,0.0,0.19921875,0.0,0.19921875
2024-09-21 05:30:00,0.0,0.0,0.5,0.0,0.5
2024-09-21 06:00:00,0.0999755859375,0.0,0.30078125,0.0,0.2008056640625
2024-09-21 06:15:00,0.0,0.0,0.19921875,0.0,0.19921875
2024-09-21 06:30:00,0.0,0.0,0.30078125,0.0999755859375,0.2008056640625
2024-09-21 07:15:00,0.10009765625,0.0,0.5,0.0,0.39990234375
2024-09-21 07:45:00,0.0,0.0,0.3984375,0.0,0.3984375
2024-09-21 08:00:00,0.0,0.0,0.30078125,0.0,0.30078125
2024-09-21 08:15:00,0.0,0.0,0.09765625,0.0,0.09765625
2024-09-21 08:30:00,0.0,0.0,0.203125,0.0,0.203125
2024-09-21 08:45:00,0.0999755859375,0.0,0.19921875,0.0,0.0992431640625
2024-09-21 09:30:00,0.0,0.0,0.59765625,0.0999755859375,0.4976806640625
2024-09-21 09:45:00,0.0,0.0,0.203125,0.0,0.203125
2024-09-21 10:00:00,0.0999755859375,0.0,0.19921875,0.0,0.0992431640625
2024-09-21 10:15:00,0.0,0.0,0.30078125,0.0,0.30078125
2024-09-21 10:30:00,0.0,0.0,0.19921875,0.0,0.19921875
2024-09-21 10:45:00,0.0,0.0,0.19921875,0.0,0.19921875
2024-09-21 11:15:00,0.0999755859375,0.0,0.3984375,0.0,0.2984619140625
2024-09-21 11:30:00,0.0,0.0,0.203125,0.0,0.203125
2024-09-21 12:00:00,0.0,0.0,0.296875,0.0,0.296875
2024-09-21 12:30:00,0.0,0.0,0.40234375,0.10003662109375,0.30230712890625
2024-09-21 12:45:00,0.0999755859375,0.0,0.30078125,0.0,0.2008056640625
2024-09-21 13:00:00,0.0,0.0,0.19921875,0.0,0.19921875
2024-09-21 13:15:00,0.0,0.0,0.19921875,0.0,0.19921875
2024-09-21 13:30:00,0.0,0.0,0.19921875,0.0,0.19921875
2024-09-21 13:45:00,0.0,0.0,0.19921875,0.0,0.19921875
2024-09-21 14:00:00,0.0,0.0,0.203125,0.0,0.203125
2024-09-21 14:15:00,0.10009765625,0.0,0.09765625,0.0,-0.00244140625
2024-09-21 14:45:00,0.0,0.0,0.40234375,0.0,0.40234375
2024-09-21 15:00:00,0.0,0.0,0.19921875,0.0,0.19921875
2024-09-21 15:45:00,0.0999755859375,0.0,0.5,0.0999755859375,0.300048828125
2024-09-21 16:15:00,0.0,0.0,0.3984375,0.0,0.3984375
2024-09-21 16:45:00,0.0,0.0,0.30078125,0.0,0.30078125
2024-09-21 17:00:00,0.0999755859375,0.0,0.30078125,0.0,0.2008056640625
2024-09-21 17:15:00,0.0,0.0,0.19921875,0.0,0.19921875
2024-09-21 17:30:00,0.0,0.0,0.1015625,0.0,0.1015625
2024-09-21 17:45:00,0.0,0.0,0.19921875,0.0,0.19921875
2024-09-21 18:00:00,0.0,0.0,0.09765625,0.0,0.09765625
2024-09-21 18:15:00,0.0,0.0,0.30078125,0.0,0.30078125
2024-09-21 18:45:00,0.0999755859375,0.0,0.30078125,0.10003662109375,0.10076904296875
2024-09-21 19:15:00,0.0,0.0,0.5,0.0,0.5
2024-09-21 19:30:00,0.0,0.0,0.1015625,0.0,0.1015625
2024-09-21 19:45:00,0.0999755859375,0.0,0.19921875,0.0,0.0992431640625
2024-09-21 21:00:00,0.0,0.0,1.0,0.0,1.0
2024-09-21 21:15:00,0.10009765625,0.0,0.19921875,0.0,0.09912109375
2024-09-21 21:30:00,0.0,0.0,0.19921875,0.0,0.19921875
2024-09-21 22:15:00,0.0,0.0,0.5,0.0999755859375,0.4000244140625
2024-09-21 22:30:00,0.0,0.0,0.19921875,0.0,0.19921875
2024-09-21 22:45:00,0.0999755859375,0.0,0.30078125,0.0,0.2008056640625
2024-09-21 23:00:00,0.0,0.0,0.19921875,0.0,0.19921875
2024-09-21 23:15:00,0.0,0.0,0.1015625,0.0,0.1015625
2024-09-21 23:30:00,0.0,0.0,0.19921875,0.0,0.19921875
2024-09-22 00:15:00,0.0999755859375,0.0,0.40234375,0.0,0.3023681640625
2024-09-22 00:45:00,0.0,0.0,0.296875,0.0,0.296875
2024-09-22 01:15:00,0.0,0.0,0.5,0.0999755859375,0.4000244140625
2024-09-22 01:30:00,0.0999755859375,0.0,0.30078125,0.0,0.2008056640625
2024-09-22 02:15:00,0.0,0.0,0.6015625,0.0,0.6015625
2024-09-22 02:30:00,0.0,0.0,0.19921875,0.0,0.19921875
2024-09-22 02:45:00,0.0,0.0,0.1015625,0.0,0.1015625
2024-09-22 03:15:00,0.0999755859375,0.0,0.3984375,0.0,0.2984619140625
2024-09-22 03:30:00,0.0,0.0,0.1015625,0.0,0.1015625
2024-09-22 03:45:00,0.0,0.0,0.19921875,0.0,0.19921875
2024-09-22 04:00:00,0.0,0.0,0.19921875,0.10003662109375,0.09918212890625
2024-09-22 05:00:00,0.10009765625,0.0,0.69921875,0.0,0.59912109375
2024-09-22 05:15:00,0.0,0.0,0.19921875,0.0,0.19921875
2024-09-22 05:30:00,0.0,0.0,0.30078125,0.0,0.30078125
2024-09-22 06:00:00,0.0999755859375,0.0,0.30078125,0.0,0.2008056640625
2024-09-22 06:15:00,0.0,0.0,0.19921875,0.0,0.19921875
2024-09-22 06:30:00,0.0,0.0,0.30078125,0.0,0.30078125
2024-09-22 06:45:00,0.0,0.0,0.1015625,0.0,0.1015625
2024-09-22 07:45:00,0.0999755859375,0.0,0.8984375,0.0999755859375,0.698486328125
2024-09-22 08:00:00,0.0,0.0,0.19921875,0.0,0.19921875
2024-09-22 08:15:00,0.0,0.0,0.1015625,0.0,0.1015625
2024-09-22 08:30:00,0.0,0.0,0.19921875,0.0,0.19921875
2024-09-22 09:00:00,0.0999755859375,0.19921875,0.8984375,0.0,0.5992431640625
2024-09-22 09:15:00,0.0,0.30029296875,0.30078125,0.0,0.00048828125
2024-09-22 09:45:00,0.0,0.0,0.40234375,0.0,0.40234375
2024-09-22 10:15:00,0.0999755859375,0.0,0.3984375,0.10003662109375,0.19842529296875
2024-09-22 10:30:00,0.0,0.10009765625,0.30078125,0.0,0.20068359375
2024-09-22 11:00:00,0.0,0.0,0.3984375,0.0,0.3984375
2024-09-22 11:15:00,0.0,0.10009765625,0.40234375,0.0,0.30224609375
2024-09-22 11:30:00,0.0,0.0,0.09765625,0.0,0.09765625
2024-09-22 11:45:00,0.10009765625,0.0,0.5,0.0,0.39990234375
2024-09-22 12:00:00,0.0,0.10009765625,0.19921875,0.0,0.09912109375
2024-09-22 12:15:00,0.0,0.0,0.1015625,0.0,0.1015625
2024-09-22 12:45:00,0.0,0.0,0.6015625,0.0,0.6015625
2024-09-22 13:15:00,0.0999755859375,0.099609375,0.5,0.0999755859375,0.200439453125
2024-09-22 13:30:00,0.0,0.0,0.19921875,0.0,0.19921875
2024-09-22 13:45:00,0.0,0.0,0.09765625,0.0,0.09765625
2024-09-22 14:15:00,0.0,0.10009765625,0.5,0.0,0.39990234375
2024-09-22 14:45:00,0.0999755859375,0.10009765625,0.6015625,0.0,0.4014892578125
2024-09-22 15:15:00,0.0,0.0,0.3984375,0.0,0.3984375
2024-09-22 15:30:00,0.0,0.0,0.203125,0.0,0.203125
2024-09-22 15:45:00,0.0,0.0,0.09765625,0.0,0.09765625
2024-09-22 16:00:00,0.0999755859375,0.0,0.19921875,0.0,0.0992431640625
2024-09-22 16:15:00,0.0,0.0,0.30078125,0.0999755859375,0.2008056640625
2024-09-22 17:00:00,0.0,0.10009765625,0.90234375,0.0,0.80224609375
2024-09-22 17:15:00,0.0999755859375,0.0,0.09765625,0.0,-0.0023193359375
2024-09-22 17:30:00,0.0,0.10009765625,0.30078125,0.0,0.20068359375
2024-09-22 17:45:00,0.0,0.0,0.1015625,0.0,0.1015625
2024-09-22 18:00:00,0.0,0.0,0.3984375,0.0,0.3984375
2024-09-22 18:15:00,0.0,0.099609375,0.19921875,0.0,0.099609375
2024-09-22 18:30:00,0.10009765625,0.0,0.19921875,0.0,0.09912109375
2024-09-22 18:45:00,0.0,0.0,0.1015625,0.0,0.1015625
2024-09-22 19:15:00,0.0,0.0,0.3984375,0.10003662109375,0.29840087890625
2024-09-22 19:30:00,0.0,0.0,0.30078125,0.0,0.30078125
2024-09-22 20:00:00,0.0999755859375,0.0,0.40234375,0.0,0.3023681640625
2024-09-22 20:15:00,0.0,0.0,0.09765625,0.0,0.09765625
2024-09-22 20:45:00,0.0,0.0,0.5,0.0,0.5
2024-09-22 22:00:00,0.0999755859375,0.0,0.90234375,0.0,0.8023681640625
2024-09-22 22:45:00,0.0,0.0,0.59765625,0.0999755859375,0.4976806640625
2024-09-22 23:00:00,0.0999755859375,0.0,0.30078125,0.0,0.2008056640625
2024-09-22 23:30:00,0.0,0.0,0.30078125,0.0,0.30078125
2024-09-22 23:45:00,0.0,0.0,0.09765625,0.0,0.09765625
2024-09-23 01:15:00,0.0999755859375,0.0,1.1015625,0.0,1.0015869140625
2024-09-23 01:30:00,0.0,0.0,0.19921875,0.10003662109375,0.09918212890625
2024-09-23 01:45:00,0.10009765625,0.0,0.19921875,0.0,0.09912109375
2024-09-23 02:00:00,0.0,0.0,0.1015625,0.0,0.1015625
2024-09-23 02:15:00,0.0,0.0,0.30078125,0.0,0.30078125
2024-09-23 02:30:00,0.0,0.0,0.09765625,0.0,0.09765625
2024-09-23 02:45:00,0.0,0.0,0.203125,0.0,0.203125
2024-09-23 03:00:00,0.0,0.0,0.09765625,0.0,0.09765625
2024-09-23 03:30:00,0.0999755859375,0.0,0.40234375,0.0,0.3023681640625
2024-09-23 03:45:00,0.0,0.0,0.296875,0.0,0.296875
2024-09-23 04:00:00,0.0,0.0,0.0,0.0,0.0
2024-09-23 04:15:00,0.0,0.0,0.30078125,0.0,0.30078125
2024-09-23 04:45:00,0.0999755859375,0.2001953125,0.6015625,0.0999755859375,0.201416015625
2024-09-23 05:30:00,0.0,0.099853515625,0.80078125,0.0,0.700927734375
2024-09-23 06:00:00,0.0999755859375,0.10009765625,0.296875,0.0,0.0968017578125
2024-09-23 06:15:00,0.0,0.099853515625,0.5,0.0,0.400146484375
2024-09-23 06:30:00,0.0,0.0,0.203125,0.0,0.203125
2024-09-23 06:45:00,0.0,0.0,0.19921875,0.0,0.19921875
2024-09-23 07:15:00,0.0,0.60009765625,1.09765625,0.0,0.49755859375
2024-09-23 07:30:00,0.0999755859375,1.000122070316138,1.6015625,0.0999755859375,0.401489257808862
2024-09-23 07:45:00,0.0,0.600036621090112,0.80078125,0.0,0.20074462890988798
2024-09-23 08:00:00,0.10009765625,0.20068359375,0.30078125,0.0,0.0
2024-09-23 08:15:00,0.0999755859375,1.1993408203125,1.796875,0.0,0.49755859375
2024-09-23 09:00:00,0.199951171875,2.09967041015625,3.5,0.0,1.20037841796875
2024-09-23 09:30:00,0.0999755859375,1.2008056640625,2.203125,0.0,0.90234375
2024-09-23 09:45:00,0.10009765625,0.39984130859375,0.8984375,0.0,0.39849853515625
2024-09-23 10:00:00,0.0999755859375,1.2000732421875,2.3984375,0.0,1.098388671875
2024-09-23 10:30:00,0.0999755859375,1.19927978515625,2.40234375,0.0,1.10308837890625
2024-09-23 10:45:00,0.0999755859375,1.0003662109375,1.80078125,0.10003662109375,0.60040283203125
2024-09-23 11:00:00,0.0999755859375,0.600341796871362,1.5,0.0,0.799682617191138
2024-09-23 11:45:00,0.10009765625,1.499938964847388,3.0,0.0,1.399963378902612
2024-09-23 12:00:00,0.0999755859375,0.800048828125,1.3984375,0.0,0.4984130859375
2024-09-23 12:15:00,0.0999755859375,0.89990234375,1.3984375,0.0,0.3985595703125
2024-09-23 12:30:00,0.0,0.599853515621362,1.203125,0.0,0.603271484378638
2024-09-23 13:00:00,0.199951171875,1.099487304691138,2.09765625,0.0,0.798217773433862
2024-09-23 13:15:00,0.0,0.500976562503638,0.90234375,0.0,0.401367187496362
2024-09-23 13:30:00,0.10009765625,1.099792480461474,2.3984375,0.0,1.198547363288526
2024-09-23 13:45:00,0.0999755859375,0.299316406253638,0.5,0.0999755859375,0.0007324218713620212
2024-09-23 14:00:00,0.0999755859375,1.1007080078125,2.19921875,0.0,0.99853515625
2024-09-23 14:15:00,0.0,0.500366210933862,0.90234375,0.0,0.401977539066138
2024-09-23 14:45:00,0.199951171875,1.699768066409888,3.19921875,0.0,1.299499511715112
2024-09-23 15:00:00,0.0,0.099609375,0.3984375,0.0,0.298828125
2024-09-23 16:00:00,0.2000732421875,2.79986572265625,5.40234375,0.0,2.40240478515625
2024-09-23 16:30:00,0.0999755859375,1.59967041015625,3.09765625,0.0,1.39801025390625
2024-09-23 17:00:00,0.199951171875,1.70062255859375,3.0,0.10003662109375,0.9993896484375
2024-09-23 17:15:00,0.0,0.49951171875,1.0,0.0,0.50048828125
2024-09-23 17:30:00,0.0,0.1005859375,0.30078125,0.0,0.2001953125
2024-09-23 17:45:00,0.10009765625,0.799926757816138,1.19921875,0.0,0.299194335933862
2024-09-23 18:00:00,0.0,0.499511718746362,1.30078125,0.0,0.801269531253638
2024-09-23 18:15:00,0.0999755859375,0.2998046875,0.5,0.0,0.1002197265625
2024-09-23 18:30:00,0.0,0.500244140625,1.1015625,0.0,0.601318359375
2024-09-23 19:00:00,0.0999755859375,0.7998046875,1.296875,0.0,0.3970947265625
2024-09-23 19:15:00,0.0,0.500244140628638,0.80078125,0.0,0.300537109371362
2024-09-23 19:45:00,0.0999755859375,0.800292968746362,1.5,0.0999755859375,0.499755859378638
2024-09-23 20:15:00,0.0,0.699951171875,1.30078125,0.0,0.600830078125
2024-09-23 20:45:00,0.0,0.39990234375,0.69921875,0.0,0.29931640625
2024-09-23 21:45:00,0.0999755859375,1.599609375,2.6015625,0.0,0.9019775390625
2024-09-23 22:00:00,0.0,0.2998046875,0.59765625,0.0,0.2978515625
2024-09-23 22:15:00,0.0,0.10009765624636202,0.203125,0.0,0.10302734375363798
2024-09-23 22:30:00,0.10009765625,0.0,0.19921875,0.0,0.09912109375
2024-09-23 23:15:00,0.0,0.0,0.5,0.0999755859375,0.4000244140625
2024-09-23 23:30:00,0.0,0.0,0.09765625,0.0,0.09765625
2024-09-23 23:45:00,0.0,0.0,0.203125,0.0,0.203125
2024-09-24 00:00:00,0.0999755859375,0.0,0.19921875,0.0,0.0992431640625
2024-09-24 00:15:00,0.0,0.0,0.09765625,0.0,0.09765625
2024-09-24 00:30:00,0.0,0.0,0.203125,0.0,0.203125
2024-09-24 00:45:00,0.0,0.0,0.19921875,0.0,0.19921875
2024-09-24 01:00:00,0.0,0.0,0.19921875,0.0,0.19921875
2024-09-24 01:15:00,0.0,0.0,0.0,0.0,0.0
2024-09-24 01:30:00,0.0999755859375,0.0,0.19921875,0.0,0.0992431640625
2024-09-24 01:45:00,0.0,0.0,0.30078125,0.0,0.30078125
2024-09-24 02:00:00,0.0,0.0,0.1015625,0.10003662109375,0.00152587890625
2024-09-24 02:15:00,0.0,0.0,0.19921875,0.0,0.19921875
2024-09-24 02:30:00,0.0,0.0,0.19921875,0.0,0.19921875
2024-09-24 02:45:00,0.0999755859375,0.0,0.1015625,0.0,0.0015869140625
2024-09-24 03:00:00,0.0,0.0,0.19921875,0.0,0.19921875
2024-09-24 03:30:00,0.0,0.0,0.3984375,0.0,0.3984375
2024-09-24 03:45:00,0.0,0.0,0.19921875,0.0,0.19921875
2024-09-24 04:45:00,0.0999755859375,0.0,0.6015625,0.0,0.5015869140625
2024-09-24 05:00:00,0.0,0.10009765625363798,0.30078125,0.0999755859375,0.10070800780886202
2024-09-24 05:15:00,0.0,0.0,0.09765625,0.0,0.09765625
2024-09-24 05:30:00,0.10009765625,0.09985351562863798,0.40234375,0.0,0.20239257812136202
2024-09-24 05:45:00,0.0,0.10009765624636202,0.19921875,0.0,0.09912109375363798
2024-09-24 06:15:00,0.0,0.0,0.30078125,0.0,0.30078125
2024-09-24 06:45:00,0.0,0.19995117187136202,0.59765625,0.0,0.397705078128638
2024-09-24 07:15:00,0.0999755859375,0.701049804691138,1.203125,0.0,0.402099609371362
2024-09-24 07:30:00,0.0,0.800048828125,1.19921875,0.0,0.399169921875
2024-09-24 08:00:00,0.0999755859375,0.59912109375,1.19921875,0.0,0.5001220703125
2024-09-24 08:30:00,0.0999755859375,1.700439453125,2.69921875,0.10003662109375,0.79876708984375
2024-09-24 08:45:00,0.0,0.19964599609375,0.30078125,0.0,0.10113525390625
2024-09-24 09:30:00,0.0999755859375,2.40020751953125,3.80078125,0.0,1.30059814453125
2024-09-24 10:30:00,0.2000732421875,2.49945068359375,4.59765625,0.0,1.89813232421875
2024-09-24 10:45:00,0.0999755859375,0.7010498046875,1.203125,0.0,0.402099609375
2024-09-24 11:00:00,0.0,0.99969482421875,1.59765625,0.0,0.59796142578125
2024-09-24 11:15:00,0.0,0.4998779296875,0.80078125,0.0999755859375,0.200927734375
2024-09-24 11:45:00,0.0999755859375,1.39990234375,2.69921875,0.0,1.1993408203125
2024-09-24 12:00:00,0.0,0.6998291015625,1.0,0.0,0.3001708984375
2024-09-24 12:15:00,0.0,0.60009765625,0.6015625,0.0,0.00146484375
2024-09-24 12:30:00,0.0999755859375,1.000244140625,1.80078125,0.0,0.7005615234375
2024-09-24 12:45:00,0.0,0.19964599609375,0.3984375,0.0,0.19879150390625
2024-09-24 13:15:00,0.10009765625,1.700439453125,3.0,0.0,1.199462890625
2024-09-24 13:30:00,0.0999755859375,0.7996826171875,1.19921875,0.0,0.299560546875
2024-09-24 13:45:00,0.0,0.500488281246362,1.30078125,0.0,0.800292968753638
2024-09-24 14:00:00,0.0999755859375,0.599853515628638,0.80078125,0.0,0.10095214843386202
2024-09-24 14:15:00,0.0,0.79931640625,1.69921875,0.0999755859375,0.7999267578125
2024-09-24 14:30:00,0.0999755859375,0.60101318359375,0.80078125,0.0,0.09979248046875
2024-09-24 15:00:00,0.0,1.099365234375,2.0,0.0,0.900634765625
2024-09-24 15:15:00,0.0999755859375,1.1002197265625,2.09765625,0.0,0.8974609375
2024-09-24 15:30:00,0.0,0.2998046875,0.40234375,0.0,0.1025390625
2024-09-24 16:00:00,0.10009765625,1.69970703125,3.30078125,0.0,1.5009765625
2024-09-24 16:15:00,0.0999755859375,0.8004150390625,1.19921875,0.0,0.298828125
2024-09-24 17:30:00,0.4000244140625,3.200378417972388,6.30078125,0.10003662109375,2.600341796871362
2024-09-24 17:45:00,0.0999755859375,0.599365234371362,0.796875,0.0,0.09753417969113798
2024-09-24 18:00:00,0.0,0.30029296875,0.80078125,0.0,0.50048828125
2024-09-24 18:15:00,0.199951171875,1.1998291015625,1.69921875,0.0,0.2994384765625
2024-09-24 18:30:00,0.0,0.3994140625,0.90234375,0.0,0.5029296875
2024-09-24 18:45:00,0.0,0.70068359375,1.0,0.0,0.29931640625
2024-09-24 19:00:00,0.0999755859375,0.70068359375,1.0,0.0,0.1993408203125
2024-09-24 19:15:00,0.0,0.099609375,0.30078125,0.0,0.201171875
2024-09-24 19:30:00,0.10009765625,0.399658203121362,0.796875,0.0,0.297119140628638
2024-09-24 19:45:00,0.0,0.19970703125363798,0.203125,0.0,0.003417968746362021
2024-09-24 20:00:00,0.0,0.2001953125,0.59765625,0.0,0.3974609375
2024-09-24 21:00:00,0.0999755859375,0.900146484375,1.6015625,0.0999755859375,0.50146484375
2024-09-24 21:15:00,0.0,0.30029296875,0.59765625,0.0,0.29736328125
2024-09-24 21:30:00,0.0,0.19921875,0.40234375,0.0,0.203125
2024-09-24 21:45:00,0.0,0.0,0.19921875,0.0,0.19921875
2024-09-24 22:00:00,0.0999755859375,0.0,0.1015625,0.0,0.0015869140625
2024-09-24 22:15:00,0.0,0.0,0.296875,0.0,0.296875
2024-09-24 22:30:00,0.0,0.0,0.1015625,0.0,0.1015625
2024-09-24 22:45:00,0.0,0.0,0.1015625,0.0,0.1015625
2024-09-24 23:15:00,0.0999755859375,0.0,0.3984375,0.0,0.2984619140625
2024-09-25 00:00:00,0.0,0.0,0.6015625,0.10003662109375,0.50152587890625
2024-09-25 00:15:00,0.0,0.0,0.0,0.0,0.0
2024-09-25 00:30:00,0.0,0.0,0.19921875,0.0,0.19921875
2024-09-25 00:45:00,0.0999755859375,0.0,0.09765625,0.0,-0.0023193359375
2024-09-25 01:00:00,0.0,0.0,0.30078125,0.0,0.30078125
2024-09-25 01:15:00,0.0,0.0,0.1015625,0.0,0.1015625
2024-09-25 01:30:00,0.0,0.0,0.19921875,0.0,0.19921875
2024-09-25 01:45:00,0.0,0.0,0.19921875,0.0,0.19921875
2024-09-25 02:00:00,0.10009765625,0.0,0.19921875,0.0,0.09912109375
2024-09-25 02:30:00,0.0,0.0,0.30078125,0.0,0.30078125
2024-09-25 02:45:00,0.0,0.0,0.1015625,0.0999755859375,0.0015869140625
2024-09-25 03:00:00,0.0,0.0,0.19921875,0.0,0.19921875
2024-09-25 03:15:00,0.0,0.0,0.30078125,0.0,0.30078125
2024-09-25 03:30:00,0.0,0.0,0.09765625,0.0,0.09765625
2024-09-25 04:15:00,0.0999755859375,0.0,0.703125,0.0,0.6031494140625
2024-09-25 04:30:00,0.0,0.099853515625,0.09765625,0.0,-0.002197265625
2024-09-25 04:45:00,0.0,0.0,0.30078125,0.0,0.30078125
2024-09-25 05:30:00,0.0999755859375,0.199951171875,0.69921875,0.0,0.3992919921875
2024-09-25 06:00:00,0.0,0.10009765625,0.5,0.0999755859375,0.2999267578125
2024-09-25 06:45:00,0.0999755859375,0.10009765625,0.6015625,0.0,0.4014892578125
2024-09-25 07:00:00,0.0,0.099853515625,0.59765625,0.0,0.497802734375
2024-09-25 07:45:00,0.0999755859375,1.400146484375,2.203125,0.0,0.7030029296875
2024-09-25 08:00:00,0.0,0.50048828125,0.796875,0.0,0.29638671875
2024-09-25 08:30:00,0.10009765625,1.699951171871362,2.703125,0.0,0.903076171878638
2024-09-25 08:45:00,0.0999755859375,0.600097656253638,1.09765625,0.10003662109375,0.297546386715112
2024-09-25 09:15:00,0.199951171875,1.50006103515625,2.5,0.0,0.79998779296875
2024-09-25 09:30:00,0.0,0.30029296875,0.5,0.0,0.19970703125
2024-09-25 10:00:00,0.0999755859375,1.89898681640625,3.40234375,0.0,1.40338134765625
2024-09-25 10:15:00,0.0,0.70068359375,1.3984375,0.0,0.69775390625
2024-09-25 10:30:00,0.10009765625,0.6998291015625,1.3984375,0.0,0.5985107421875
2024-09-25 11:00:00,0.0,0.99993896484375,1.80078125,0.0,0.80084228515625
2024-09-25 11:15:00,0.0999755859375,0.9998779296875,1.80078125,0.0,0.700927734375
2024-09-25 11:45:00,0.0999755859375,1.5001220703125,3.0,0.0999755859375,1.2999267578125
2024-09-25 12:00:00,0.0,0.40008544921875,0.3984375,0.0,-0.00164794921875
2024-09-25 12:45:00,0.199951171875,1.9998779296875,3.40234375,0.0,1.2025146484375
2024-09-25 13:30:00,0.2000732421875,2.39984130859375,4.80078125,0.0,2.20086669921875
2024-09-25 13:45:00,0.0,0.30078125,0.5,0.0,0.19921875
2024-09-25 14:30:00,0.199951171875,2.39984130859375,4.59765625,0.0,1.99786376953125
2024-09-25 14:45:00,0.0,0.3994140625,0.80078125,0.0,0.4013671875
2024-09-25 15:00:00,0.0,1.1002197265625,2.1015625,0.10003662109375,0.90130615234375
2024-09-25 15:15:00,0.0999755859375,0.2998046875,0.5,0.0,0.1002197265625
2024-09-25 15:30:00,0.0,0.80072021484375,1.3984375,0.0,0.59771728515625
2024-09-25 16:00:00,0.10009765625,1.2999267578125,2.5,0.0,1.0999755859375
2024-09-25 16:30:00,0.0,1.39898681640625,2.5,0.0,1.10101318359375
2024-09-25 17:30:00,0.199951171875,3.10113525390625,5.80078125,0.0,2.49969482421875
2024-09-25 17:45:00,0.0,0.19921875,0.3984375,0.0,0.19921875
2024-09-25 18:00:00,0.0999755859375,1.100830078125,1.90234375,0.0999755859375,0.6015625
2024-09-25 18:15:00,0.0,0.59912109375,1.09765625,0.0,0.49853515625
2024-09-25 18:30:00,0.0,0.5,1.0,0.0,0.5
2024-09-25 18:45:00,0.0999755859375,0.600830078125,0.69921875,0.0,-0.0015869140625
2024-09-25 19:00:00,0.0,0.599609375,1.1015625,0.0,0.501953125
2024-09-25 19:45:00,0.10009765625,1.499755859375,2.3984375,0.0,0.798583984375
2024-09-25 20:00:00,0.0999755859375,0.60009765625,1.1015625,0.0,0.4014892578125
2024-09-25 20:15:00,0.0,0.2001953125,0.3984375,0.0,0.1982421875
2024-09-25 20:30:00,0.0,0.300048828125,0.40234375,0.0,0.102294921875
2024-09-25 21:00:00,0.0999755859375,0.899169921875,1.59765625,0.0999755859375,0.49853515625
2024-09-25 21:15:00,0.0,0.30078125,0.5,0.0,0.19921875
2024-09-25 21:45:00,0.0999755859375,0.39990234375,0.80078125,0.0,0.3009033203125
2024-09-25 22:30:00,0.0999755859375,0.10009765625,0.69921875,0.0,0.4991455078125
2024-09-25 22:45:00,0.0,0.0,0.203125,0.0,0.203125
2024-09-25 23:00:00,0.0,0.0,0.09765625,0.0,0.09765625
2024-09-25 23:15:00,0.0,0.0,0.1015625,0.0,0.1015625
2024-09-25 23:45:00,0.10009765625,0.0,0.5,0.0,0.39990234375
2024-09-26 00:15:00,0.0,0.0,0.30078125,0.10003662109375,0.20074462890625
2024-09-26 00:45:00,0.0999755859375,0.0,0.19921875,0.0,0.0992431640625
2024-09-26 01:00:00,0.0,0.0,0.19921875,0.0,0.19921875
2024-09-26 01:15:00,0.0,0.0,0.19921875,0.0,0.19921875
2024-09-26 01:45:00,0.0999755859375,0.0,0.5,0.0,0.4000244140625
2024-09-26 02:00:00,0.0,0.0,0.1015625,0.0,0.1015625
2024-09-26 02:30:00,0.0,0.0,0.30078125,0.0,0.30078125
2024-09-26 03:00:00,0.0999755859375,0.0,0.3984375,0.0,0.2984619140625
2024-09-26 04:15:00,0.0999755859375,0.0,0.8984375,0.0999755859375,0.698486328125
2024-09-26 04:45:00,0.0,0.099853515625,0.5,0.0,0.400146484375
2024-09-26 05:00:00,0.0,0.10009765625,0.30078125,0.0,0.20068359375
2024-09-26 05:15:00,0.10009765625,0.0,0.1015625,0.0,0.00146484375
2024-09-26 06:30:00,0.0999755859375,0.300048828125,1.30078125,0.10003662109375,0.80072021484375
2024-09-26 07:00:00,0.0,0.0,0.3984375,0.0,0.3984375
2024-09-26 07:15:00,0.0,0.7999267578125,1.1015625,0.0,0.3016357421875
2024-09-26 07:30:00,0.0,0.2001953125,0.296875,0.0,0.0966796875
2024-09-26 08:00:00,0.0999755859375,1.299560546871362,2.203125,0.0,0.803588867191138
2024-09-26 08:15:00,0.0999755859375,0.700683593753638,1.19921875,0.0,0.398559570308862
2024-09-26 08:30:00,0.0,0.599365234375,0.8984375,0.0,0.299072265625
2024-09-26 09:00:00,0.0999755859375,1.00048828125,1.69921875,0.0,0.5987548828125
2024-09-26 09:15:00,0.0,0.599853515621362,1.203125,0.0,0.603271484378638
2024-09-26 09:45:00,0.10009765625,1.099609375,2.09765625,0.0999755859375,0.7979736328125
2024-09-26 11:00:00,0.2999267578125,3.900146484378638,8.0,0.0,3.799926757808862
2024-09-26 11:15:00,0.0,0.20068359375,0.5,0.0,0.29931640625
2024-09-26 11:30:00,0.0999755859375,0.899658203125,1.80078125,0.0,0.8011474609375
2024-09-26 11:45:00,0.0,0.899902343746362,1.5,0.0,0.600097656253638
2024-09-26 12:00:00,0.0,0.299316406253638,0.69921875,0.0,0.399902343746362
2024-09-26 12:45:00,0.300048828125,2.2003173828125,4.0,0.0999755859375,1.399658203125
2024-09-26 13:15:00,0.199951171875,1.200439453125,2.40234375,0.0,1.001953125
2024-09-26 13:30:00,0.10009765625,0.599853515625,1.3984375,0.0,0.698486328125
2024-09-26 13:45:00,0.0,0.89990234375,1.80078125,0.0,0.90087890625
2024-09-26 14:00:00,0.099853515625,0.49993896484375,0.8984375,0.0,0.29864501953125
2024-09-26 14:15:00,0.10009765625,0.80029296875,1.80078125,0.0,0.900390625
2024-09-26 14:45:00,0.10009765625,1.099853515625,2.30078125,0.0,1.100830078125
2024-09-26 15:00:00,0.099853515625,0.9996337890625,1.8984375,0.0,0.7989501953125
2024-09-26 15:15:00,0.10009765625,0.400390625,0.90234375,0.0,0.40185546875
2024-09-26 15:30:00,0.0,0.69921875,1.3984375,0.10003662109375,0.59918212890625
2024-09-26 15:45:00,0.0,0.60107421875,1.3984375,0.0,0.79736328125
2024-09-26 16:00:00,0.099853515625,0.899658203125,1.80078125,0.0,0.80126953125
2024-09-26 16:15:00,0.0,0.3994140625,1.0,0.0,0.6005859375
2024-09-26 16:30:00,0.10009765625,0.900146484375,1.90234375,0.0,0.902099609375
2024-09-26 16:45:00,0.10009765625,0.6005859375,0.8984375,0.0,0.19775390625
2024-09-26 17:00:00,0.0,0.5,1.5,0.0,1.0
2024-09-26 17:15:00,0.099853515625,0.69921875,1.3984375,0.0,0.599365234375
2024-09-26 17:45:00,0.199951171875,1.100830078125,2.40234375,0.0,1.1015625
2024-09-26 18:30:00,0.2001953125,2.300048828121362,4.59765625,0.0999755859375,1.997436523441138
2024-09-26 18:45:00,0.0,0.399902343753638,0.703125,0.0,0.303222656246362
2024-09-26 19:15:00,0.099853515625,1.299560546875,2.296875,0.0,0.8974609375
2024-09-26 19:30:00,0.0,0.600341796875,0.90234375,0.0,0.302001953125
2024-09-26 19:45:00,0.0,0.5,0.8984375,0.0,0.3984375
2024-09-26 20:30:00,0.10009765625,1.599853515625,2.69921875,0.0,0.999267578125
2024-09-26 20:45:00,0.0,0.2001953125,0.30078125,0.0,0.1005859375
2024-09-26 21:00:00,0.0,0.699951171875,1.19921875,0.0,0.499267578125
2024-09-26 21:15:00,0.099853515625,0.5,0.80078125,0.0,0.200927734375
2024-09-26 21:30:00,0.0,0.20019531249636202,0.5,0.0,0.299804687503638
2024-09-26 22:00:00,0.0,0.999755859378638,1.69921875,0.10003662109375,0.599426269527612
2024-09-26 22:15:00,0.10009765625,0.39990234375,0.40234375,0.0,-0.09765625
2024-09-26 22:45:00,0.0,0.399658203125,0.8984375,0.0,0.498779296875
2024-09-26 23:15:00,0.10009765625,0.2998046875,0.80078125,0.0,0.40087890625
2024-09-26 23:30:00,0.0,0.0,0.30078125,0.0,0.30078125
2024-09-26 23:45:00,0.0,0.0,0.30078125,0.0,0.30078125
2024-09-27 00:00:00,0.099853515625,0.0,0.19921875,0.0,0.099365234375
2024-09-27 00:15:00,0.0,0.0,0.19921875,0.0,0.19921875
2024-09-27 00:30:00,0.0,0.0,0.19921875,0.0,0.19921875
2024-09-27 01:30:00,0.10009765625,0.0,0.80078125,0.0999755859375,0.6007080078125
2024-09-27 02:15:00,0.099853515625,0.0,0.6015625,0.0,0.501708984375
2024-09-27 02:30:00,0.0,0.0,0.3984375,0.0,0.3984375
2024-09-27 02:45:00,0.0,0.0,0.0,0.0,0.0
2024-09-27 03:00:00,0.10009765625,0.0,0.3984375,0.0,0.29833984375
2024-09-27 03:15:00,0.0,0.0,0.203125,0.0,0.203125
2024-09-27 03:30:00,0.0,0.0,0.296875,0.0,0.296875
2024-09-27 03:45:00,0.0,0.0,0.203125,0.0999755859375,0.1031494140625
2024-09-27 04:00:00,0.0,0.0,0.09765625,0.0,0.09765625
2024-09-27 04:15:00,0.10009765625,0.0,0.30078125,0.0,0.20068359375
2024-09-27 05:00:00,0.0,0.2001953125,0.80078125,0.0,0.6005859375
2024-09-27 05:30:00,0.099853515625,0.0,0.3984375,0.0,0.298583984375
2024-09-27 06:30:00,0.0,0.199951171875,1.1015625,0.0,0.901611328125
2024-09-27 06:45:00,0.10009765625,0.099853515625,0.5,0.10003662109375,0.20001220703125
2024-09-27 07:00:00,0.0,0.0,0.09765625,0.0,0.09765625
2024-09-27 07:30:00,0.0,1.800048828125,2.5,0.0,0.699951171875
2024-09-27 08:15:00,0.099853515625,1.600341796875,2.90234375,0.0,1.2021484375
2024-09-27 09:00:00,0.2001953125,1.5,2.59765625,0.0,0.8974609375
2024-09-27 09:15:00,0.0,0.800048828125,1.40234375,0.0,0.602294921875
2024-09-27 10:00:00,0.199951171875,1.700439453121362,3.19921875,0.0999755859375,1.198852539066138
2024-09-27 10:45:00,0.099853515625,1.899658203128638,3.69921875,0.0,1.699707031246362
2024-09-27 11:00:00,0.0,0.7998046875,1.5,0.0,0.7001953125
2024-09-27 11:15:00,0.10009765625,1.00054931640625,1.69921875,0.0,0.59857177734375
2024-09-27 11:45:00,0.10009765625,1.099609375,1.90234375,0.0,0.70263671875
2024-09-27 13:00:00,0.199951171875,3.0003662109375,5.19921875,0.0,1.9989013671875
2024-09-27 13:15:00,0.099853515625,0.599609375,1.19921875,0.10003662109375,0.39971923828125
2024-09-27 13:30:00,0.0,0.999755859375,2.0,0.0,1.000244140625
2024-09-27 14:30:00,0.300048828125,2.9002685546875,5.19921875,0.0,1.9989013671875
2024-09-27 14:45:00,0.0,0.8006591796875,1.40234375,0.0,0.6016845703125
2024-09-27 15:15:00,0.10009765625,1.3994140625,2.3984375,0.0,0.89892578125
2024-09-27 15:30:00,0.099853515625,1.19964599609375,1.80078125,0.0,0.50128173828125
2024-09-27 15:45:00,0.0,0.1995849609375,0.5,0.0,0.3004150390625
2024-09-27 16:00:00,0.0,1.0008544921875,1.80078125,0.0,0.7999267578125
2024-09-27 16:15:00,0.10009765625,1.09979248046875,1.8984375,0.0999755859375,0.59857177734375
2024-09-27 16:30:00,0.0,0.69970703125,0.90234375,0.0,0.20263671875
2024-09-27 17:30:00,0.199951171875,3.00006103515625,5.0,0.0,1.79998779296875
2024-09-27 17:45:00,0.0,0.7005615234375,1.19921875,0.0,0.4986572265625
2024-09-27 18:15:00,0.10009765625,1.600097656246362,2.59765625,0.0,0.897460937503638
2024-09-27 18:30:00,0.0,0.499877929691138,0.703125,0.0,0.20324707030886202
2024-09-27 18:45:00,0.0,0.69921875,1.09765625,0.0,0.3984375
2024-09-27 19:00:00,0.099853515625,0.70068359375,1.0,0.0,0.199462890625
2024-09-27 19:15:00,0.0,0.7000732421875,1.1015625,0.0999755859375,0.301513671875
2024-09-27 19:30:00,0.0,0.699951171875,1.0,0.0,0.300048828125
2024-09-27 19:45:00,0.10009765625,0.39990234375,0.69921875,0.0,0.19921875
2024-09-27 20:30:00,0.0,0.599853515625,1.19921875,0.0,0.599365234375
2024-09-27 20:45:00,0.0,0.0,0.1015625,0.0,0.1015625
2024-09-27 21:30:00,0.10009765625,0.0,0.69921875,0.0,0.59912109375
2024-09-27 22:15:00,0.099853515625,0.0,0.5,0.0,0.400146484375
2024-09-27 22:30:00,0.0,0.0,0.30078125,0.10003662109375,0.20074462890625
2024-09-27 22:45:00,0.0,0.0,0.09765625,0.0,0.09765625
2024-09-27 23:15:00,0.0,0.0,0.5,0.0,0.5
2024-09-27 23:45:00,0.10009765625,0.0,0.40234375,0.0,0.30224609375
2024-09-28 00:30:00,0.0,0.0,0.3984375,0.0,0.3984375
2024-09-28 01:30:00,0.099853515625,0.0,0.90234375,0.0999755859375,0.7025146484375
2024-09-28 01:45:00,0.0,0.0,0.19921875,0.0,0.19921875
2024-09-28 02:00:00,0.0,0.0,0.19921875,0.0,0.19921875
2024-09-28 02:15:00,0.0,0.0,0.0,0.0,0.0
2024-09-28 03:15:00,0.10009765625,0.0,0.80078125,0.0,0.70068359375
2024-09-28 03:30:00,0.0,0.0,0.30078125,0.0,0.30078125
2024-09-28 04:15:00,0.10009765625,0.0,0.5,0.0,0.39990234375
2024-09-28 05:00:00,0.099853515625,0.0,0.69921875,0.10003662109375,0.49932861328125
2024-09-28 05:30:00,0.0,0.0,0.19921875,0.0,0.19921875
2024-09-28 06:15:00,0.0,0.0,0.80078125,0.0,0.80078125
2024-09-28 06:30:00,0.10009765625,0.0,0.09765625,0.0,-0.00244140625
2024-09-28 07:00:00,0.0,0.0,0.40234375,0.0,0.40234375
2024-09-28 07:15:00,0.0,0.0,0.19921875,0.0,0.19921875
2024-09-28 07:30:00,0.0,0.0,0.19921875,0.0999755859375,0.0992431640625
2024-09-28 07:45:00,0.0,0.0,0.1015625,0.0,0.1015625
2024-09-28 08:00:00,0.099853515625,0.0,0.19921875,0.0,0.099365234375
2024-09-28 08:30:00,0.0,0.0999755859375,0.5,0.0,0.4000244140625
2024-09-28 08:45:00,0.0,0.099609375,0.3984375,0.0,0.298828125
2024-09-28 09:15:00,0.10009765625,0.0999755859375,0.6015625,0.0,0.4014892578125
2024-09-28 09:30:00,0.0,0.10009765624636202,0.19921875,0.0,0.09912109375363798
2024-09-28 10:00:00,0.0,0.10009765625363798,0.5,0.0,0.399902343746362
2024-09-28 10:15:00,0.0,0.09997558594113798,0.5,0.0,0.400024414058862
2024-09-28 11:45:00,0.10009765625,0.300292968746362,1.69921875,0.0999755859375,1.198852539066138
2024-09-28 12:45:00,0.099853515625,0.1995849609375,0.90234375,0.0,0.6029052734375
2024-09-28 13:15:00,0.0,0.0999755859375,0.5,0.0,0.4000244140625
2024-09-28 13:30:00,0.10009765625,0.10009765625,0.5,0.0,0.2998046875
2024-09-28 14:15:00,0.0,0.2000732421875,0.80078125,0.10003662109375,0.50067138671875
2024-09-28 14:30:00,0.0,0.0,0.19921875,0.0,0.19921875
2024-09-28 14:45:00,0.0,0.09997558594113798,0.30078125,0.0,0.20080566405886202
2024-09-28 15:15:00,0.099853515625,0.0,0.3984375,0.0,0.298583984375
2024-09-28 16:15:00,0.0,0.10009765624636202,1.19921875,0.0,1.099121093753638
2024-09-28 16:30:00,0.10009765625,0.0999755859375,0.30078125,0.0,0.1007080078125
2024-09-28 16:45:00,0.0,0.0,0.19921875,0.0999755859375,0.0992431640625
2024-09-28 17:00:00,0.0,0.0,0.1015625,0.0,0.1015625
2024-09-28 17:30:00,0.0,0.0999755859375,0.5,0.0,0.4000244140625
2024-09-28 17:45:00,0.0,0.0,0.30078125,0.0,0.30078125
2024-09-28 18:00:00,0.10009765625,0.0,0.19921875,0.0,0.09912109375
2024-09-28 18:15:00,0.0,0.0,0.19921875,0.0,0.19921875
2024-09-28 19:00:00,0.0,0.0,0.69921875,0.0,0.69921875
2024-09-28 19:15:00,0.0,0.0,0.1015625,0.0,0.1015625
2024-09-28 19:30:00,0.099853515625,0.0,0.19921875,0.0,0.099365234375
2024-09-28 19:45:00,0.0,0.0,0.19921875,0.10003662109375,0.09918212890625
2024-09-28 20:00:00,0.0,0.0,0.19921875,0.0,0.19921875
2024-09-28 20:15:00,0.0,0.0,0.1015625,0.0,0.1015625
2024-09-28 20:45:00,0.10009765625,0.0,0.3984375,0.0,0.29833984375
2024-09-28 21:15:00,0.0,0.0,0.5,0.0,0.5
2024-09-28 21:45:00,0.0,0.0,0.30078125,0.0,0.30078125
2024-09-28 22:00:00,0.0,0.0,0.19921875,0.0,0.19921875
2024-09-28 22:15:00,0.099853515625,0.0,0.203125,0.0,0.103271484375
2024-09-28 22:30:00,0.0,0.0,0.19921875,0.0,0.19921875
2024-09-28 22:45:00,0.0,0.0,0.09765625,0.0,0.09765625
2024-09-28 23:15:00,0.0,0.0,0.30078125,0.0999755859375,0.2008056640625
2024-09-28 23:45:00,0.10009765625,0.0,0.40234375,0.0,0.30224609375
2024-09-29 00:00:00,0.0,0.0,0.09765625,0.0,0.09765625
2024-09-29 00:15:00,0.0,0.0,0.19921875,0.0,0.19921875
2024-09-29 00:30:00,0.0,0.0,0.203125,0.0,0.203125
2024-09-29 01:15:00,0.10009765625,0.0,0.5,0.0,0.39990234375
2024-09-29 01:45:00,0.0,0.0,0.3984375,0.0,0.3984375
2024-09-29 02:00:00,0.0,0.0,0.1015625,0.0999755859375,0.0015869140625
2024-09-29 02:15:00,0.099853515625,0.0,0.3984375,0.0,0.298583984375
2024-09-29 02:30:00,0.0,0.0,0.0,0.0,0.0
2024-09-29 02:45:00,0.0,0.0,0.3984375,0.0,0.3984375
2024-09-29 03:45:00,0.10009765625,0.0,0.703125,0.0,0.60302734375
2024-09-29 04:00:00,0.0,0.0,0.09765625,0.0,0.09765625
2024-09-29 04:45:00,0.0,0.0,0.6015625,0.0,0.6015625
2024-09-29 05:30:00,0.099853515625,0.0,0.59765625,0.10003662109375,0.39776611328125
2024-09-29 05:45:00,0.0,0.0,0.1015625,0.0,0.1015625
2024-09-29 06:00:00,0.0,0.0,0.19921875,0.0,0.19921875
2024-09-29 06:15:00,0.0,0.0,0.19921875,0.0,0.19921875
2024-09-29 06:45:00,0.10009765625,0.0,0.5,0.0,0.39990234375
2024-09-29 07:00:00,0.0,0.0,0.203125,0.0,0.203125
2024-09-29 07:15:00,0.0,0.0,0.09765625,0.0,0.09765625
2024-09-29 07:45:00,0.0,0.0,0.5,0.0,0.5
2024-09-29 08:00:00,0.10009765625,0.0,0.19921875,0.0999755859375,-0.0008544921875
2024-09-29 08:30:00,0.0,0.0,0.40234375,0.0,0.40234375
2024-09-29 09:00:00,0.0,0.0,0.30078125,0.0,0.30078125
2024-09-29 09:30:00,0.099853515625,0.0,0.5,0.0,0.400146484375
2024-09-29 09:45:00,0.0,0.0,0.09765625,0.0,0.09765625
2024-09-29 10:15:00,0.0,0.0,0.40234375,0.0,0.40234375
2024-09-29 10:30:00,0.0,0.0,0.19921875,0.0,0.19921875
2024-09-29 10:45:00,0.0,0.0,0.09765625,0.0,0.09765625
2024-09-29 11:00:00,0.10009765625,0.0,0.203125,0.0,0.10302734375
2024-09-29 11:45:00,0.0,0.0,0.59765625,0.10003662109375,0.49761962890625
2024-09-29 12:00:00,0.0,0.0,0.19921875,0.0,0.19921875
2024-09-29 12:15:00,0.099853515625,0.0,0.203125,0.0,0.103271484375
2024-09-29 12:30:00,0.0,0.0,0.19921875,0.0,0.19921875
2024-09-29 12:45:00,0.0,0.0,0.09765625,0.0,0.09765625
2024-09-29 13:00:00,0.0,0.0,0.30078125,0.0,0.30078125
2024-09-29 14:00:00,0.10009765625,0.0,0.69921875,0.0,0.59912109375
2024-09-29 14:45:00,0.0,0.0,0.6015625,0.0999755859375,0.5015869140625
2024-09-29 15:30:00,0.10009765625,0.0,0.6015625,0.0,0.50146484375
2024-09-29 15:45:00,0.0,0.0,0.296875,0.0,0.296875
2024-09-29 16:00:00,0.0,0.0,0.0,0.0,0.0
2024-09-29 17:15:00,0.099853515625,0.0,1.0,0.0,0.900146484375
2024-09-29 17:45:00,0.10009765625,0.0,0.5,0.0999755859375,0.2999267578125
2024-09-29 18:15:00,0.0,0.0,0.30078125,0.0,0.30078125
2024-09-29 18:45:00,0.0,0.0,0.5,0.0,0.5
2024-09-29 19:30:00,0.099853515625,0.0,0.6015625,0.0,0.501708984375
2024-09-29 20:00:00,0.0,0.0,0.30078125,0.0,0.30078125
2024-09-29 20:30:00,0.0,0.0,0.3984375,0.10003662109375,0.29840087890625
2024-09-29 20:45:00,0.10009765625,0.0,0.1015625,0.0,0.00146484375
2024-09-29 21:00:00,0.0,0.0,0.19921875,0.0,0.19921875
2024-09-29 21:30:00,0.0,0.10009765625,0.5,0.0,0.39990234375
2024-09-29 21:45:00,0.0,0.0,0.19921875,0.0,0.19921875
2024-09-29 22:15:00,0.10009765625,0.0,0.3984375,0.0,0.29833984375
2024-09-29 22:30:00,0.0,0.0,0.203125,0.0,0.203125
2024-09-29 22:45:00,0.0,0.0,0.09765625,0.0,0.09765625
2024-09-29 23:15:00,0.0,0.0,0.30078125,0.0,0.30078125
2024-09-29 23:45:00,0.099853515625,0.0,0.3984375,0.0999755859375,0.1986083984375
2024-09-30 00:00:00,0.0,0.0,0.203125,0.0,0.203125
2024-09-30 00:15:00,0.0,0.0,0.09765625,0.0,0.09765625
2024-09-30 00:30:00,0.0,0.0,0.1015625,0.0,0.1015625
2024-09-30 00:45:00,0.0,0.0,0.19921875,0.0,0.19921875
2024-09-30 01:00:00,0.10009765625,0.0,0.19921875,0.0,0.09912109375
2024-09-30 01:15:00,0.0,0.0,0.19921875,0.0,0.19921875
2024-09-30 01:45:00,0.0,0.0,0.5,0.0,0.5
2024-09-30 02:30:00,0.099853515625,0.0,0.40234375,0.0,0.302490234375
2024-09-30 02:45:00,0.0,0.0,0.19921875,0.10003662109375,0.09918212890625
2024-09-30 03:00:00,0.0,0.0,0.30078125,0.0,0.30078125
2024-09-30 03:15:00,0.0,0.0,0.19921875,0.0,0.19921875
2024-09-30 03:30:00,0.0,0.0,0.1015625,0.0,0.1015625
2024-09-30 04:00:00,0.10009765625,0.0,0.5,0.0,0.39990234375
2024-09-30 04:15:00,0.0,0.0,0.09765625,0.0,0.09765625
2024-09-30 04:45:00,0.0,0.10009765625,0.6015625,0.0,0.50146484375
2024-09-30 05:15:00,0.10009765625,0.10009765625,0.5,0.0,0.2998046875
2024-09-30 05:45:00,0.0,0.099853515625,0.30078125,0.0999755859375,0.1009521484375
2024-09-30 06:00:00,0.0,0.0,0.19921875,0.0,0.19921875
2024-09-30 06:15:00,0.0,0.10009765625,0.30078125,0.0,0.20068359375
2024-09-30 06:30:00,0.0,0.0,0.19921875,0.0,0.19921875
2024-09-30 06:45:00,0.099853515625,0.199951171875,0.5,0.0,0.2001953125
2024-09-30 07:00:00,0.0,0.099609375,0.3984375,0.0,0.298828125
2024-09-30 07:15:00,0.0,0.5999755859375,1.0,0.0,0.4000244140625
2024-09-30 07:30:00,0.0,0.80029296875,1.19921875,0.0,0.39892578125
2024-09-30 08:00:00,0.10009765625,1.10028076171875,1.80078125,0.0,0.60040283203125
2024-09-30 08:30:00,0.099853515625,1.39990234375,2.19921875,0.0,0.699462890625
2024-09-30 09:00:00,0.10009765625,1.49993896484375,2.703125,0.0999755859375,1.00311279296875
2024-09-30 09:15:00,0.0,0.400146484378638,0.3984375,0.0,-0.0017089843786379788
2024-09-30 09:45:00,0.199951171875,1.799377441402612,3.6015625,0.0,1.602233886722388
2024-09-30 10:15:00,0.10009765625,1.200927734375,2.3984375,0.0,1.097412109375
2024-09-30 11:00:00,0.099853515625,2.19970703125,4.3984375,0.0,2.098876953125
2024-09-30 11:15:00,0.0,0.699340820316138,1.40234375,0.0,0.703002929683862
2024-09-30 11:45:00,0.10009765625,1.600952148433862,3.0,0.10003662109375,1.198913574222388
2024-09-30 12:00:00,0.0,0.69940185546875,1.19921875,0.0,0.49981689453125
2024-09-30 12:15:00,0.10009765625,0.7005615234375,1.1015625,0.0,0.3009033203125
2024-09-30 12:30:00,0.0,0.599609375,1.296875,0.0,0.697265625
2024-09-30 12:45:00,0.0,0.50018310546875,0.80078125,0.0,0.30059814453125
2024-09-30 13:00:00,0.099853515625,0.9998779296875,1.80078125,0.0,0.7010498046875
2024-09-30 13:15:00,0.0,0.69970703125,1.3984375,0.0,0.69873046875
2024-09-30 13:30:00,0.0,0.4002685546875,0.90234375,0.0,0.5020751953125
2024-09-30 13:45:00,0.10009765625,0.89959716796875,1.8984375,0.0,0.89874267578125
2024-09-30 14:00:00,0.0,0.500488281253638,0.90234375,0.0,0.401855468746362
2024-09-30 14:15:00,0.099853515625,0.800415039058862,1.5,0.0,0.599731445316138
2024-09-30 14:45:00,0.10009765625,1.39923095703125,2.796875,0.0,1.29754638671875
2024-09-30 15:00:00,0.0,0.30029296875,1.0,0.0999755859375,0.5997314453125
2024-09-30 15:15:00,0.0,1.099670410159888,1.80078125,0.0,0.701110839840112
2024-09-30 15:30:00,0.10009765625,0.700073242183862,1.40234375,0.0,0.602172851566138
2024-09-30 15:45:00,0.0,0.699951171875,1.296875,0.0,0.596923828125
2024-09-30 16:00:00,0.0,0.50042724609375,1.0,0.0,0.49957275390625
2024-09-30 16:30:00,0.199951171875,2.199951171875,3.90234375,0.0,1.50244140625
2024-09-30 16:45:00,0.099853515625,0.4002685546875,1.0,0.0,0.4998779296875
2024-09-30 17:30:00,0.10009765625,2.29949951171875,4.09765625,0.0,1.69805908203125
2024-09-30 18:00:00,0.10009765625,1.9998779296875,3.40234375,0.10003662109375,1.20233154296875
2024-09-30 18:45:00,0.099853515625,1.69970703125,2.69921875,0.0,0.899658203125
2024-09-30 19:15:00,0.10009765625,1.501220703125,2.5,0.0,0.898681640625
2024-09-30 19:45:00,0.099853515625,1.198974609375,1.8984375,0.0,0.599609375
2024-09-30 20:15:00,0.10009765625,0.800048828128638,1.6015625,0.0,0.701416015621362
2024-09-30 20:30:00,0.0,0.300292968746362,0.6015625,0.0,0.301269531253638
2024-09-30 20:45:00,0.0,0.20068359375,0.3984375,0.0,0.19775390625
2024-09-30 21:15:00,0.10009765625,0.499267578125,1.19921875,0.0999755859375,0.4998779296875
2024-09-30 21:30:00,0.0,0.30029296875,0.80078125,0.0,0.50048828125
2024-09-30 22:00:00,0.0,0.499755859375,1.0,0.0,0.500244140625
2024-09-30 22:30:00,0.099853515625,0.600097656253638,1.30078125,0.0,0.600830078121362
2024-09-30 23:00:00,0.0,0.20019531249636202,0.59765625,0.0,0.397460937503638
2024-09-30 23:15:00,0.0,0.20019531250363798,0.40234375,0.0,0.20214843749636202
2024-09-30 23:30:00,0.10009765625,0.300048828121362,0.5,0.0,0.09985351562863798
2024-09-30 23:45:00,0.0,0.099609375,0.3984375,0.0,0.298828125
2024-10-01 00:00:00,0.0,0.2998046875,0.69921875,0.0999755859375,0.2994384765625
2024-10-01 00:45:00,0.099853515625,0.2998046875,0.80078125,0.0,0.401123046875
2024-10-01 01:00:00,0.0,0.0,0.19921875,0.0,0.19921875
2024-10-01 01:30:00,0.0,0.0,0.40234375,0.0,0.40234375
2024-10-01 02:15:00,0.10009765625,0.0,0.69921875,0.0,0.59912109375
2024-10-01 02:45:00,0.0,0.0,0.30078125,0.0,0.30078125
2024-10-01 03:15:00,0.10009765625,0.0,0.5,0.10003662109375,0.29986572265625
2024-10-01 03:30:00,0.0,0.0,0.19921875,0.0,0.19921875
2024-10-01 04:00:00,0.0,0.0,0.3984375,0.0,0.3984375
2024-10-01 04:15:00,0.099853515625,0.0,0.203125,0.0,0.103271484375
2024-10-01 05:00:00,0.0,0.0,0.59765625,0.0,0.59765625
2024-10-01 05:45:00,0.10009765625,0.0,0.5,0.0,0.39990234375
2024-10-01 06:15:00,0.0,0.0,0.40234375,0.0,0.40234375
2024-10-01 06:30:00,0.0,0.0,0.19921875,0.0999755859375,0.0992431640625
2024-10-01 07:00:00,0.099853515625,0.0,0.3984375,0.0,0.298583984375
2024-10-01 07:15:00,0.0,0.0,0.30078125,0.0,0.30078125
2024-10-01 07:30:00,0.0,0.0,0.19921875,0.0,0.19921875
2024-10-01 07:45:00,0.0,0.1005859375,0.30078125,0.0,0.2001953125
2024-10-01 08:30:00,0.10009765625,0.0,0.5,0.0,0.39990234375
2024-10-01 08:45:00,0.0,0.0,0.19921875,0.0,0.19921875
2024-10-01 09:00:00,0.0,0.0,0.19921875,0.0,0.19921875
2024-10-01 09:15:00,0.0,0.0,0.1015625,0.0,0.1015625
2024-10-01 09:30:00,0.0,0.0,0.19921875,0.10003662109375,0.09918212890625
2024-10-01 09:45:00,0.10009765625,0.0,0.40234375,0.0,0.30224609375
2024-10-01 10:00:00,0.0,0.0,0.19921875,0.0,0.19921875
2024-10-01 10:15:00,0.0,0.0,0.09765625,0.0,0.09765625
2024-10-01 10:30:00,0.0,0.0,0.203125,0.0,0.203125
2024-10-01 10:45:00,0.099853515625,0.0,0.296875,0.0,0.197021484375
2024-10-01 11:00:00,0.0,0.0,0.1015625,0.0,0.1015625
2024-10-01 11:15:00,0.0,0.0,0.19921875,0.0,0.19921875
2024-10-01 11:30:00,0.0,0.0,0.30078125,0.0,0.30078125
2024-10-01 11:45:00,0.0,0.0,0.19921875,0.0,0.19921875
2024-10-01 12:00:00,0.0,0.0,0.19921875,0.0,0.19921875
2024-10-01 12:15:00,0.10009765625,0.0,0.203125,0.0,0.10302734375
2024-10-01 12:45:00,0.0,0.0,0.19921875,0.0999755859375,0.0992431640625
2024-10-01 13:15:00,0.0,0.0,0.3984375,0.0,0.3984375
2024-10-01 13:45:00,0.099853515625,0.0,0.40234375,0.0,0.302490234375
2024-10-01 14:15:00,0.0,0.0,0.3984375,0.0,0.3984375
2024-10-01 15:00:00,0.10009765625,0.0,0.69921875,0.0,0.59912109375
2024-10-01 15:15:00,0.0,0.0,0.1015625,0.0,0.1015625
2024-10-01 15:30:00,0.0,0.0,0.30078125,0.0999755859375,0.2008056640625
2024-10-01 15:45:00,0.0,0.0,0.19921875,0.0,0.19921875
2024-10-01 16:00:00,0.0,0.0,0.19921875,0.0,0.19921875
2024-10-01 16:15:00,0.0,0.0,0.1015625,0.0,0.1015625
2024-10-01 16:30:00,0.0,0.0,0.19921875,0.0,0.19921875
2024-10-01 16:45:00,0.10009765625,0.0,0.19921875,0.0,0.09912109375
2024-10-01 17:00:00,0.0,0.0,0.30078125,0.0,0.30078125
2024-10-01 17:30:00,0.0,0.0,0.19921875,0.0,0.19921875
2024-10-01 17:45:00,0.0,0.0,0.30078125,0.0,0.30078125
2024-10-01 18:00:00,0.099853515625,0.0,0.09765625,0.0,-0.002197265625
2024-10-01 19:00:00,0.0,0.0,0.80078125,0.10003662109375,0.70074462890625
2024-10-01 19:45:00,0.10009765625,0.0,0.6015625,0.0,0.50146484375
2024-10-01 20:15:00,0.0,0.0,0.3984375,0.0,0.3984375
2024-10-01 20:30:00,0.0,0.0,0.30078125,0.0,0.30078125
2024-10-01 21:00:00,0.099853515625,0.0,0.3984375,0.0,0.298583984375
2024-10-01 21:15:00,0.0,0.0,0.0,0.0,0.0
2024-10-01 21:45:00,0.0,0.0,0.5,0.0999755859375,0.4000244140625
2024-10-01 22:00:00,0.0,0.0,0.1015625,0.0,0.1015625
2024-10-01 22:15:00,0.10009765625,0.0,0.30078125,0.0,0.20068359375
2024-10-01 22:45:00,0.0,0.0,0.19921875,0.0,0.19921875
2024-10-01 23:15:00,0.0,0.0,0.5,0.0,0.5
2024-10-01 23:30:00,0.10009765625,0.0,0.1015625,0.0,0.00146484375
2024-10-01 23:45:00,0.0,0.0,0.09765625,0.0,0.09765625
2024-10-02 00:00:00,0.0,0.0,0.30078125,0.0,0.30078125
2024-10-02 00:15:00,0.0,0.0,0.1015625,0.0,0.1015625
2024-10-02 00:45:00,0.0,0.0,0.19921875,0.10003662109375,0.09918212890625
2024-10-02 01:00:00,0.0,0.0,0.19921875,0.0,0.19921875
2024-10-02 01:15:00,0.099853515625,0.0,0.30078125,0.0,0.200927734375
2024-10-02 01:30:00,0.0,0.0,0.19921875,0.0,0.19921875
2024-10-02 02:00:00,0.0,0.0,0.3984375,0.0,0.3984375
2024-10-02 02:15:00,0.0,0.0,0.203125,0.0,0.203125
2024-10-02 02:30:00,0.10009765625,0.0,0.09765625,0.0,-0.00244140625
2024-10-02 02:45:00,0.0,0.0,0.30078125,0.0,0.30078125
2024-10-02 03:15:00,0.0,0.0,0.30078125,0.0,0.30078125
2024-10-02 03:30:00,0.0,0.0,0.30078125,0.0,0.30078125
2024-10-02 03:45:00,0.0,0.0,0.09765625,0.0999755859375,-0.0023193359375
2024-10-02 04:00:00,0.099853515625,0.0,0.19921875,0.0,0.099365234375
2024-10-02 04:15:00,0.0,0.19970703125,0.203125,0.0,0.00341796875
2024-10-02 04:30:00,0.0,0.0,0.296875,0.0,0.296875
2024-10-02 04:45:00,0.0,0.099853515625,0.203125,0.0,0.103271484375
2024-10-02 05:00:00,0.0,0.0,0.09765625,0.0,0.09765625
2024-10-02 05:15:00,0.0,0.0,0.19921875,0.0,0.19921875
2024-10-02 05:30:00,0.10009765625,0.10009765625,0.40234375,0.0,0.2021484375
2024-10-02 05:45:00,0.0,0.10009765625363798,0.30078125,0.0,0.20068359374636202
2024-10-02 06:00:00,0.0,0.0,0.09765625,0.0,0.09765625
2024-10-02 06:15:00,0.0,0.09985351562136202,0.6015625,0.0,0.501708984378638
2024-10-02 06:30:00,0.0,0.10009765625,0.09765625,0.0,-0.00244140625
2024-10-02 07:00:00,0.10009765625,0.2001953125,0.80078125,0.0999755859375,0.4005126953125
2024-10-02 07:30:00,0.0,0.999755859375,1.69921875,0.0,0.699462890625
2024-10-02 07:45:00,0.0,0.30029296875,0.6015625,0.0,0.30126953125
2024-10-02 08:00:00,0.0,0.69970703125,0.8984375,0.0,0.19873046875
2024-10-02 08:15:00,0.099853515625,0.79998779296875,1.0,0.0,0.10015869140625
2024-10-02 08:30:00,0.0,0.9007568359375,1.40234375,0.0,0.5015869140625
2024-10-02 08:45:00,0.10009765625,0.3994140625,0.80078125,0.0,0.30126953125
2024-10-02 09:30:00,0.099853515625,2.29974365234375,4.0,0.0,1.60040283203125
2024-10-02 10:00:00,0.0,1.60028076171875,2.8984375,0.10003662109375,1.1981201171875
2024-10-02 10:15:00,0.10009765625,0.6998291015625,1.30078125,0.0,0.5008544921875
2024-10-02 10:45:00,0.0,1.1995849609375,2.19921875,0.0,0.9996337890625
2024-10-02 11:00:00,0.0,0.5009765625,1.0,0.0,0.4990234375
2024-10-02 11:30:00,0.0,1.39898681640625,2.6015625,0.0,1.20257568359375
2024-10-02 11:45:00,0.10009765625,0.600830078125,1.19921875,0.0,0.498291015625
2024-10-02 12:45:00,0.099853515625,2.699890136715112,5.09765625,0.0,2.297912597659888
2024-10-02 13:00:00,0.0,1.000366210941138,1.6015625,0.0999755859375,0.501220703121362
2024-10-02 13:30:00,0.10009765625,1.2989501953125,2.6015625,0.0,1.2025146484375
2024-10-02 13:45:00,0.0,0.80072021484375,1.296875,0.0,0.49615478515625
2024-10-02 14:00:00,0.0,0.6993408203125,1.30078125,0.0,0.6014404296875
2024-10-02 14:15:00,0.0,0.80072021484375,1.30078125,0.0,0.50006103515625
2024-10-02 14:45:00,0.099853515625,1.099609375,1.80078125,0.0,0.601318359375
2024-10-02 15:00:00,0.0,1.10040283203125,2.30078125,0.0,1.20037841796875
2024-10-02 15:15:00,0.0,0.5,0.8984375,0.0,0.3984375
2024-10-02 15:30:00,0.10009765625,0.99957275390625,1.80078125,0.0,0.70111083984375
2024-10-02 16:15:00,0.0,1.69970703125,3.0,0.10003662109375,1.20025634765625
2024-10-02 16:30:00,0.10009765625,0.70013427734375,1.3984375,0.0,0.59820556640625
2024-10-02 16:45:00,0.0,0.7005615234375,1.1015625,0.0,0.4010009765625
2024-10-02 17:00:00,0.0,0.3994140625,1.19921875,0.0,0.7998046875
2024-10-02 17:30:00,0.0,1.90020751953125,3.0,0.0,1.09979248046875
2024-10-02 18:00:00,0.099853515625,1.0003662109375,1.8984375,0.0,0.7982177734375
2024-10-02 18:15:00,0.0,0.69964599609375,1.30078125,0.0,0.60113525390625
2024-10-02 19:00:00,0.0,1.300537109375,2.1015625,0.0,0.801025390625
2024-10-02 19:15:00,0.10009765625,0.499267578125,1.0,0.0999755859375,0.3006591796875
2024-10-02 19:30:00,0.0,0.099609375,0.19921875,0.0,0.099609375
2024-10-02 19:45:00,0.0,0.50048828125,0.8984375,0.0,0.39794921875
2024-10-02 20:00:00,0.0,0.20019531250363798,0.203125,0.0,0.002929687496362021
2024-10-02 20:15:00,0.0,0.5,1.09765625,0.0,0.59765625
2024-10-02 20:30:00,0.099853515625,0.499511718746362,0.69921875,0.0,0.09985351562863798
2024-10-02 20:45:00,0.0,0.1005859375,0.203125,0.0,0.1025390625
2024-10-02 21:00:00,0.0,0.3994140625,0.69921875,0.0,0.2998046875
2024-10-02 21:15:00,0.0,0.700439453125,1.09765625,0.0,0.397216796875
2024-10-02 21:30:00,0.0,0.2998046875,0.703125,0.0,0.4033203125
2024-10-02 21:45:00,0.0,0.099609375,0.19921875,0.0,0.099609375
2024-10-02 22:15:00,0.10009765625,0.70068359375,1.19921875,0.0999755859375,0.2984619140625
2024-10-02 22:30:00,0.0,0.0,0.19921875,0.0,0.19921875
2024-10-02 22:45:00,0.0,0.0,0.1015625,0.0,0.1015625
2024-10-02 23:15:00,0.0,0.0,0.3984375,0.0,0.3984375
2024-10-03 00:15:00,0.10009765625,0.0,0.90234375,0.0,0.80224609375
2024-10-03 00:30:00,0.0,0.0,0.296875,0.0,0.296875
2024-10-03 01:00:00,0.099853515625,0.0,0.40234375,0.0,0.302490234375
2024-10-03 01:15:00,0.0,0.0,0.19921875,0.0,0.19921875
2024-10-03 01:30:00,0.0,0.0,0.1015625,0.10003662109375,0.00152587890625
2024-10-03 01:45:00,0.0,0.0,0.19921875,0.0,0.19921875
2024-10-03 02:15:00,0.10009765625,0.0,0.5,0.0,0.39990234375
2024-10-03 02:30:00,0.0,0.0,0.30078125,0.0,0.30078125
2024-10-03 02:45:00,0.0,0.0,0.09765625,0.0,0.09765625
2024-10-03 03:00:00,0.0,0.0,0.30078125,0.0,0.30078125
2024-10-03 03:15:00,0.0,0.0,0.1015625,0.0,0.1015625
2024-10-03 03:30:00,0.099853515625,0.0,0.19921875,0.0,0.099365234375
2024-10-03 03:45:00,0.0,0.0,0.19921875,0.0,0.19921875
2024-10-03 04:15:00,0.0,0.0,0.3984375,0.0,0.3984375
2024-10-03 04:30:00,0.0,0.0,0.203125,0.0999755859375,0.1031494140625
2024-10-03 04:45:00,0.0,0.0,0.19921875,0.0,0.19921875
2024-10-03 06:00:00,0.10009765625,0.10009765625,1.19921875,0.0,0.9990234375
2024-10-03 06:30:00,0.10009765625,0.0,0.30078125,0.0,0.20068359375
2024-10-03 06:45:00,0.0,0.0,0.3984375,0.0,0.3984375
2024-10-03 07:15:00,0.0,0.0,0.30078125,0.0,0.30078125
2024-10-03 07:30:00,0.0,0.0,0.30078125,0.10003662109375,0.20074462890625
2024-10-03 07:45:00,0.099853515625,0.0,0.19921875,0.0,0.099365234375
2024-10-03 08:00:00,0.0,0.0,0.19921875,0.0,0.19921875
2024-10-03 08:30:00,0.0,0.0,0.5,0.0,0.5
2024-10-03 09:45:00,0.10009765625,0.0,0.90234375,0.0,0.80224609375
2024-10-03 10:45:00,0.099853515625,0.10009765625,1.19921875,0.0999755859375,0.8992919921875
2024-10-03 11:00:00,0.0,0.0,0.19921875,0.0,0.19921875
2024-10-03 11:30:00,0.0,0.0,0.5,0.0,0.5
2024-10-03 12:00:00,0.10009765625,0.0,0.3984375,0.0,0.29833984375
2024-10-03 13:00:00,0.0,0.0,0.6015625,0.0,0.6015625
2024-10-03 13:15:00,0.0,0.0,0.19921875,0.0,0.19921875
2024-10-03 13:30:00,0.10009765625,0.0,0.40234375,0.0999755859375,0.2022705078125
2024-10-03 14:00:00,0.0,0.0,0.296875,0.0,0.296875
2024-10-03 14:30:00,0.0,0.0,0.5,0.0,0.5
2024-10-03 14:45:00,0.0,0.0,0.1015625,0.0,0.1015625
2024-10-03 15:00:00,0.099853515625,0.0,0.19921875,0.0,0.099365234375
2024-10-03 15:15:00,0.0,0.0,0.30078125,0.0,0.30078125
2024-10-03 15:30:00,0.0,0.0,0.19921875,0.0,0.19921875
2024-10-03 15:45:00,0.0,0.0,0.30078125,0.0,0.30078125
2024-10-03 16:00:00,0.0,0.0,0.1015625,0.0,0.1015625
2024-10-03 16:30:00,0.10009765625,0.0,0.5,0.0,0.39990234375
2024-10-03 16:45:00,0.0,0.0,0.19921875,0.10003662109375,0.09918212890625
2024-10-03 17:30:00,0.0,0.0,0.5,0.0,0.5
2024-10-03 17:45:00,0.099853515625,0.0,0.19921875,0.0,0.099365234375
2024-10-03 18:00:00,0.0,0.0,0.3984375,0.0,0.3984375
2024-10-03 18:15:00,0.0,0.0,0.1015625,0.0,0.1015625
2024-10-03 18:30:00,0.0,0.0,0.30078125,0.0,0.30078125
2024-10-03 18:45:00,0.0,0.0,0.09765625,0.0,0.09765625
2024-10-03 19:00:00,0.0,0.0,0.203125,0.0,0.203125
2024-10-03 19:30:00,0.10009765625,0.0,0.3984375,0.0,0.29833984375
2024-10-03 19:45:00,0.0,0.0,0.30078125,0.0999755859375,0.2008056640625
2024-10-03 20:00:00,0.0,0.0,0.19921875,0.0,0.19921875
2024-10-03 20:30:00,0.0,0.0,0.30078125,0.0,0.30078125
2024-10-03 20:45:00,0.10009765625,0.0,0.3984375,0.0,0.29833984375
2024-10-03 21:00:00,0.0,0.0,0.19921875,0.0,0.19921875
2024-10-03 21:15:00,0.0,0.0,0.1015625,0.0,0.1015625
2024-10-03 21:30:00,0.0,0.0,0.19921875,0.0,0.19921875
2024-10-03 21:45:00,0.0,0.0,0.19921875,0.0,0.19921875
2024-10-03 22:45:00,0.099853515625,0.0,0.90234375,0.0,0.802490234375
2024-10-03 23:15:00,0.10009765625,0.0,0.5,0.10003662109375,0.29986572265625
2024-10-03 23:30:00,0.0,0.0,0.09765625,0.0,0.09765625
2024-10-03 23:45:00,0.0,0.0,0.1015625,0.0,0.1015625
2024-10-04 00:00:00,0.0,0.0,0.3984375,0.0,0.3984375
2024-10-04 00:30:00,0.0,0.0,0.40234375,0.0,0.40234375
2024-10-04 00:45:00,0.099853515625,0.0,0.09765625,0.0,-0.002197265625
2024-10-04 01:15:00,0.0,0.0,0.5,0.0,0.5
2024-10-04 01:45:00,0.0,0.0,0.40234375,0.0,0.40234375
2024-10-04 02:15:00,0.10009765625,0.0,0.30078125,0.0999755859375,0.1007080078125
2024-10-04 02:45:00,0.0,0.0,0.3984375,0.0,0.3984375
2024-10-04 03:00:00,0.0,0.0,0.30078125,0.0,0.30078125
2024-10-04 03:15:00,0.0,0.0,0.30078125,0.0,0.30078125
2024-10-04 04:00:00,0.10009765625,0.0,0.5,0.0,0.39990234375
2024-10-04 04:15:00,0.0,0.0,0.09765625,0.0,0.09765625
2024-10-04 04:45:00,0.0,0.0,0.5,0.0,0.5
2024-10-04 05:00:00,0.0,0.0,0.1015625,0.0,0.1015625
2024-10-04 05:15:00,0.099853515625,0.0,0.19921875,0.0999755859375,-0.0006103515625
2024-10-04 05:30:00,0.0,0.0,0.3984375,0.0,0.3984375
2024-10-04 05:45:00,0.0,0.0,0.203125,0.0,0.203125
2024-10-04 06:15:00,0.0,0.0,0.5,0.0,0.5
2024-10-04 06:30:00,0.10009765625,0.299560546875,0.3984375,0.0,-0.001220703125
2024-10-04 06:45:00,0.0,0.50048828125,0.8984375,0.0,0.39794921875
2024-10-04 07:00:00,0.0,0.10009765625363798,0.203125,0.0,0.10302734374636202
2024-10-04 07:15:00,0.0,0.0,0.296875,0.0,0.296875
2024-10-04 07:45:00,0.0,0.099609375,0.40234375,0.0,0.302734375
2024-10-04 08:15:00,0.099853515625,0.20019531249636202,0.69921875,0.10003662109375,0.299133300784888
2024-10-04 08:45:00,0.0,0.299804687503638,0.69921875,0.0,0.399414062496362
2024-10-04 09:00:00,0.0,0.20019531249636202,0.80078125,0.0,0.600585937503638
2024-10-04 09:15:00,0.10009765625,0.099609375,0.19921875,0.0,-0.00048828125
2024-10-04 09:30:00,0.0,0.19970703125,0.90234375,0.0,0.70263671875
2024-10-04 10:00:00,0.0,0.80078125,1.69921875,0.0,0.8984375
2024-10-04 10:15:00,0.0,0.5997314453125,1.0,0.0,0.4002685546875
2024-10-04 10:30:00,0.10009765625,0.6005859375,0.8984375,0.0,0.19775390625
2024-10-04 11:00:00,0.0,1.0992431640625,2.1015625,0.0,1.0023193359375
2024-10-04 11:15:00,0.0,0.2001953125,0.59765625,0.0999755859375,0.2974853515625
2024-10-04 11:30:00,0.0,0.49951171875,0.90234375,0.0,0.40283203125
2024-10-04 11:45:00,0.099853515625,0.30078125,0.8984375,0.0,0.497802734375
2024-10-04 12:15:00,0.0,0.99951171875,1.80078125,0.0,0.80126953125
2024-10-04 12:45:00,0.10009765625,0.900634765625,1.6015625,0.0,0.600830078125
2024-10-04 13:00:00,0.0,0.19970703125,0.296875,0.0,0.09716796875
2024-10-04 13:15:00,0.099853515625,0.599853515625,1.30078125,0.0,0.60107421875
2024-10-04 13:30:00,0.0,0.600524902340112,1.1015625,0.0,0.501037597659888
2024-10-04 13:45:00,0.10009765625,0.799682617191138,1.30078125,0.0,0.401000976558862
2024-10-04 14:00:00,0.0,0.10009765625,0.3984375,0.0,0.29833984375
2024-10-04 14:15:00,0.10009765625,0.5997314453125,1.30078125,0.10003662109375,0.50091552734375
2024-10-04 14:30:00,0.0,0.59954833984375,0.69921875,0.0,0.09967041015625
2024-10-04 14:45:00,0.099853515625,0.599853515625,1.3984375,0.0,0.69873046875
2024-10-04 15:15:00,0.10009765625,0.90020751953125,1.80078125,0.0,0.80047607421875
2024-10-04 15:30:00,0.0,0.5,1.0,0.0,0.5
2024-10-04 15:45:00,0.0,0.7003173828125,0.90234375,0.0,0.2020263671875
2024-10-04 16:00:00,0.0,0.499389648433862,1.0,0.0,0.500610351566138
2024-10-04 16:15:00,0.099853515625,0.700927734378638,1.296875,0.0,0.496093749996362
2024-10-04 16:30:00,0.0,0.39984130859375,0.703125,0.0,0.30328369140625
2024-10-04 17:30:00,0.10009765625,2.2996826171875,4.5,0.0999755859375,2.000244140625
2024-10-04 18:00:00,0.0,0.599609375,1.09765625,0.0,0.498046875
2024-10-04 18:15:00,0.0,0.5009765625,1.0,0.0,0.4990234375
2024-10-04 18:45:00,0.10009765625,0.499755859375,0.90234375,0.0,0.302490234375
2024-10-04 19:00:00,0.0,0.099609375,0.5,0.0,0.400390625
2024-10-04 19:15:00,0.0,0.300048828125,0.3984375,0.0,0.098388671875
2024-10-04 20:30:00,0.099853515625,1.300537109378638,2.3984375,0.0999755859375,0.898071289058862
2024-10-04 20:45:00,0.0,0.099609375,0.30078125,0.0,0.201171875
2024-10-04 22:00:00,0.10009765625,0.599853515621362,1.80078125,0.0,1.100830078128638
2024-10-04 22:30:00,0.099853515625,0.0,0.3984375,0.0,0.298583984375
2024-10-04 22:45:00,0.0,0.0,0.1015625,0.0,0.1015625
2024-10-04 23:00:00,0.0,0.0,0.19921875,0.0,0.19921875
2024-10-04 23:30:00,0.0,0.0,0.5,0.10003662109375,0.39996337890625
2024-10-04 23:45:00,0.0,0.0,0.1015625,0.0,0.1015625
2024-10-05 00:00:00,0.10009765625,0.0,0.19921875,0.0,0.09912109375
2024-10-05 00:15:00,0.0,0.0,0.1015625,0.0,0.1015625
2024-10-05 00:30:00,0.0,0.0,0.3984375,0.0,0.3984375
2024-10-05 00:45:00,0.0,0.0,0.0,0.0,0.0
2024-10-05 01:00:00,0.0,0.0,0.3984375,0.0,0.3984375
2024-10-05 01:15:00,0.0,0.0,0.0,0.0,0.0
2024-10-05 01:30:00,0.10009765625,0.0,0.30078125,0.0,0.20068359375
2024-10-05 01:45:00,0.0,0.0,0.19921875,0.0,0.19921875
2024-10-05 02:15:00,0.0,0.0,0.40234375,0.0,0.40234375
2024-10-05 02:45:00,0.099853515625,0.0,0.5,0.0999755859375,0.3001708984375
2024-10-05 03:00:00,0.0,0.0,0.19921875,0.0,0.19921875
2024-10-05 03:15:00,0.0,0.0,0.0,0.0,0.0
2024-10-05 03:30:00,0.0,0.0,0.3984375,0.0,0.3984375
2024-10-05 03:45:00,0.0,0.0,0.203125,0.0,0.203125
2024-10-05 04:00:00,0.0,0.0,0.0,0.0,0.0
2024-10-05 04:15:00,0.0,0.0,0.19921875,0.0,0.19921875
2024-10-05 04:30:00,0.10009765625,0.0,0.19921875,0.0,0.09912109375
2024-10-05 04:45:00,0.0,0.0,0.19921875,0.0,0.19921875
2024-10-05 05:00:00,0.0,0.0,0.1015625,0.0,0.1015625
2024-10-05 06:00:00,0.099853515625,0.0,1.0,0.10003662109375,0.80010986328125
2024-10-05 06:30:00,0.0,0.0,0.30078125,0.0,0.30078125
2024-10-05 07:00:00,0.0,0.0,0.3984375,0.0,0.3984375
2024-10-05 07:15:00,0.10009765625,0.0,0.1015625,0.0,0.00146484375
2024-10-05 07:30:00,0.0,0.0,0.296875,0.0,0.296875
2024-10-05 07:45:00,0.0,0.0,0.203125,0.0,0.203125
2024-10-05 08:30:00,0.10009765625,0.0,0.69921875,0.0,0.59912109375
2024-10-05 09:00:00,0.0,0.0999755859375,0.3984375,0.0999755859375,0.198486328125
2024-10-05 09:15:00,0.0,0.0,0.5,0.0,0.5
2024-10-05 09:30:00,0.0,0.0,0.19921875,0.0,0.19921875
2024-10-05 10:00:00,0.099853515625,0.0999755859375,0.5,0.0,0.3001708984375
2024-10-05 10:15:00,0.0,0.0,0.40234375,0.0,0.40234375
2024-10-05 10:45:00,0.0,0.10009765625,0.3984375,0.0,0.29833984375
2024-10-05 11:45:00,0.10009765625,0.0999755859375,1.1015625,0.0,0.9014892578125
2024-10-05 12:00:00,0.0,0.0,0.19921875,0.0999755859375,0.0992431640625
2024-10-05 12:15:00,0.0,0.0,0.30078125,0.0,0.30078125
2024-10-05 12:30:00,0.0,0.0999755859375,0.30078125,0.0,0.2008056640625
2024-10-05 12:45:00,0.0,0.0,0.19921875,0.0,0.19921875
2024-10-05 13:15:00,0.099853515625,0.0,0.5,0.0,0.400146484375
2024-10-05 13:30:00,0.0,0.0999755859375,0.3984375,0.0,0.2984619140625
2024-10-05 13:45:00,0.0,0.0,0.30078125,0.0,0.30078125
2024-10-05 14:00:00,0.0,0.0,0.1015625,0.0,0.1015625
2024-10-05 14:15:00,0.10009765625,0.0999755859375,0.5,0.0,0.2999267578125
2024-10-05 14:30:00,0.0,0.0,0.0,0.0,0.0
2024-10-05 15:00:00,0.0,0.0,0.69921875,0.10003662109375,0.59918212890625
2024-10-05 15:30:00,0.0,0.10009765625,0.3984375,0.0,0.29833984375
2024-10-05 15:45:00,0.10009765625,0.0,0.40234375,0.0,0.30224609375
2024-10-05 16:15:00,0.0,0.0999755859375,0.5,0.0,0.4000244140625
2024-10-05 17:00:00,0.0,0.0999755859375,0.69921875,0.0,0.5992431640625
2024-10-05 17:15:00,0.099853515625,0.0,0.30078125,0.0,0.200927734375
2024-10-05 17:45:00,0.0,0.0,0.5,0.0,0.5
2024-10-05 18:00:00,0.0,0.0,0.09765625,0.0,0.09765625
2024-10-05 18:30:00,0.10009765625,0.0,0.6015625,0.0999755859375,0.4014892578125
2024-10-05 18:45:00,0.0,0.0,0.19921875,0.0,0.19921875
2024-10-05 19:15:00,0.0,0.0,0.3984375,0.0,0.3984375
2024-10-05 19:30:00,0.0,0.0,0.1015625,0.0,0.1015625
2024-10-05 19:45:00,0.0,0.0,0.19921875,0.0,0.19921875
2024-10-05 20:15:00,0.099853515625,0.0,0.40234375,0.0,0.302490234375
2024-10-05 20:45:00,0.0,0.0,0.5,0.0,0.5
2024-10-05 21:00:00,0.0,0.0,0.19921875,0.10003662109375,0.09918212890625
2024-10-05 21:30:00,0.10009765625,0.0,0.3984375,0.0,0.29833984375
2024-10-05 22:15:00,0.0,0.0,0.5,0.0,0.5
2024-10-05 22:30:00,0.0,0.0,0.19921875,0.0,0.19921875
2024-10-05 23:00:00,0.10009765625,0.0,0.5,0.0,0.39990234375
2024-10-05 23:15:00,0.0,0.0,0.1015625,0.0,0.1015625
2024-10-06 00:30:00,0.099853515625,0.0,0.8984375,0.0999755859375,0.6986083984375
2024-10-06 00:45:00,0.0,0.0,0.203125,0.0,0.203125
2024-10-06 01:00:00,0.0,0.0,0.19921875,0.0,0.19921875
2024-10-06 01:30:00,0.10009765625,0.0,0.3984375,0.0,0.29833984375
2024-10-06 01:45:00,0.0,0.0,0.19921875,0.0,0.19921875
2024-10-06 02:00:00,0.0,0.0,0.203125,0.0,0.203125
2024-10-06 02:30:00,0.0,0.0,0.296875,0.0,0.296875
2024-10-06 03:00:00,0.099853515625,0.0,0.5,0.0,0.400146484375
2024-10-06 03:15:00,0.0,0.0,0.203125,0.0999755859375,0.1031494140625
2024-10-06 03:30:00,0.0,0.0,0.09765625,0.0,0.09765625
2024-10-06 03:45:00,0.0,0.0,0.40234375,0.0,0.40234375
2024-10-06 04:15:00,0.0,0.0,0.296875,0.0,0.296875
2024-10-06 04:30:00,0.10009765625,0.0,0.203125,0.0,0.10302734375
2024-10-06 04:45:00,0.0,0.0,0.09765625,0.0,0.09765625
2024-10-06 05:00:00,0.0,0.0,0.19921875,0.0,0.19921875
2024-10-06 05:15:00,0.0,0.0,0.203125,0.0,0.203125
2024-10-06 05:30:00,0.0,0.0,0.296875,0.0,0.296875
2024-10-06 05:45:00,0.0,0.0,0.0,0.0,0.0
2024-10-06 06:00:00,0.10009765625,0.0,0.30078125,0.0,0.20068359375
2024-10-06 06:15:00,0.0,0.0,0.1015625,0.0,0.1015625
2024-10-06 06:30:00,0.0,0.0,0.30078125,0.10003662109375,0.20074462890625
2024-10-06 06:45:00,0.0,0.0,0.296875,0.0,0.296875
2024-10-06 07:00:00,0.0,0.0,0.1015625,0.0,0.1015625
2024-10-06 07:30:00,0.099853515625,0.0,0.3984375,0.0,0.298583984375
2024-10-06 07:45:00,0.0,0.0,0.30078125,0.0,0.30078125
2024-10-06 08:45:00,0.10009765625,0.0,0.80078125,0.0,0.70068359375
2024-10-06 09:00:00,0.0,0.0,0.1015625,0.0,0.1015625
2024-10-06 09:15:00,0.0,0.10009765625,0.3984375,0.0999755859375,0.1983642578125
2024-10-06 09:30:00,0.0,0.10009765625,0.19921875,0.0,0.09912109375
2024-10-06 09:45:00,0.0,0.0,0.30078125,0.0,0.30078125
2024-10-06 10:00:00,0.0,0.0,0.1015625,0.0,0.1015625
2024-10-06 10:15:00,0.099853515625,0.0,0.09765625,0.0,-0.002197265625
2024-10-06 10:30:00,0.0,0.0,0.30078125,0.0,0.30078125
2024-10-06 10:45:00,0.0,0.0,0.19921875,0.0,0.19921875
2024-10-06 11:00:00,0.0,0.0,0.19921875,0.0,0.19921875
2024-10-06 11:45:00,0.10009765625,0.0,0.6015625,0.0,0.50146484375
2024-10-06 12:15:00,0.0,0.0,0.3984375,0.0,0.3984375
2024-10-06 12:45:00,0.0,0.099609375,0.6015625,0.10003662109375,0.40191650390625
2024-10-06 13:00:00,0.10009765625,0.0,0.30078125,0.0,0.20068359375
2024-10-06 13:45:00,0.0,0.10009765625,0.59765625,0.0,0.49755859375
2024-10-06 14:45:00,0.099853515625,0.10009765625,0.90234375,0.0,0.702392578125
2024-10-06 15:00:00,0.0,0.0,0.19921875,0.0,0.19921875
2024-10-06 15:30:00,0.0,0.10009765625,0.6015625,0.0999755859375,0.4014892578125
2024-10-06 15:45:00,0.0,0.0,0.19921875,0.0,0.19921875
2024-10-06 16:00:00,0.10009765625,0.0,0.19921875,0.0,0.09912109375
2024-10-06 16:30:00,0.0,0.0,0.19921875,0.0,0.19921875
2024-10-06 16:45:00,0.0,0.0,0.30078125,0.0,0.30078125
2024-10-06 17:15:00,0.0,0.0,0.19921875,0.0,0.19921875
2024-10-06 17:30:00,0.099853515625,0.0,0.30078125,0.0,0.200927734375
2024-10-06 17:45:00,0.0,0.0,0.19921875,0.0,0.19921875
2024-10-06 18:00:00,0.0,0.0,0.19921875,0.0,0.19921875
2024-10-06 18:15:00,0.0,0.0,0.1015625,0.0,0.1015625
2024-10-06 18:30:00,0.0,0.0,0.30078125,0.0999755859375,0.2008056640625
2024-10-06 18:45:00,0.0,0.0,0.09765625,0.0,0.09765625
2024-10-06 19:00:00,0.10009765625,0.0,0.203125,0.0,0.10302734375
2024-10-06 19:15:00,0.0,0.0,0.09765625,0.0,0.09765625
2024-10-06 20:00:00,0.0,0.0,0.69921875,0.0,0.69921875
2024-10-06 20:30:00,0.10009765625,0.0,0.40234375,0.0,0.30224609375
2024-10-06 20:45:00,0.0,0.0,0.19921875,0.0,0.19921875
2024-10-06 21:00:00,0.0,0.0,0.30078125,0.0,0.30078125
2024-10-06 21:30:00,0.0,0.0,0.30078125,0.0,0.30078125
2024-10-06 22:45:00,0.099853515625,0.0,0.796875,0.10003662109375,0.59698486328125
2024-10-06 23:00:00,0.10009765625,0.0,0.30078125,0.0,0.20068359375
2024-10-06 23:30:00,0.0,0.0,0.19921875,0.0,0.19921875
2024-10-07 00:15:00,0.0,0.0,0.6015625,0.0,0.6015625
2024-10-07 00:30:00,0.099853515625,0.0,0.19921875,0.0,0.099365234375
2024-10-07 00:45:00,0.0,0.0,0.19921875,0.0999755859375,0.0992431640625
2024-10-07 01:00:00,0.0,0.0,0.0,0.0,0.0
2024-10-07 01:30:00,0.0,0.0,0.5,0.0,0.5
2024-10-07 02:15:00,0.10009765625,0.0,0.5,0.0,0.39990234375
2024-10-07 02:45:00,0.0,0.0,0.5,0.0,0.5
2024-10-07 03:00:00,0.0,0.0,0.1015625,0.0,0.1015625
2024-10-07 03:15:00,0.10009765625,0.0,0.30078125,0.0,0.20068359375
2024-10-07 03:45:00,0.0,0.0,0.30078125,0.0,0.30078125
2024-10-07 04:00:00,0.0,0.0,0.09765625,0.10003662109375,-0.00238037109375
2024-10-07 04:30:00,0.0,0.2001953125,0.5,0.0,0.2998046875
2024-10-07 04:45:00,0.0,0.10009765625,0.19921875,0.0,0.09912109375
2024-10-07 05:00:00,0.099853515625,0.0,0.30078125,0.0,0.200927734375
2024-10-07 05:45:00,0.0,0.199951171875,0.80078125,0.0,0.600830078125
2024-10-07 06:00:00,0.0,0.0,0.1015625,0.0,0.1015625
2024-10-07 06:15:00,0.10009765625,0.300048828125,0.3984375,0.0,-0.001708984375
2024-10-07 06:30:00,0.0,0.2001953125,0.69921875,0.0,0.4990234375
2024-10-07 07:00:00,0.0,0.8997802734375,1.40234375,0.0999755859375,0.402587890625
2024-10-07 07:15:00,0.0,0.599365234375,0.8984375,0.0,0.299072265625
2024-10-07 07:45:00,0.099853515625,0.900390625,1.19921875,0.0,0.198974609375
2024-10-07 08:30:00,0.0,2.59954833984375,4.0,0.0,1.40045166015625
2024-10-07 09:45:00,0.400146484375,3.100830078125,6.40234375,0.0,2.9013671875
2024-10-07 10:00:00,0.0,0.7991943359375,1.3984375,0.0999755859375,0.499267578125
2024-10-07 10:15:00,0.099853515625,0.9005126953125,2.0,0.0,0.9996337890625
2024-10-07 10:45:00,0.0,0.7998046875,2.0,0.0,1.2001953125
2024-10-07 11:00:00,0.0,0.80047607421875,1.5,0.0,0.69952392578125
2024-10-07 11:30:00,0.10009765625,1.3992919921875,2.8984375,0.0,1.3990478515625
2024-10-07 11:45:00,0.10009765625,0.80047607421875,1.703125,0.0,0.80255126953125
2024-10-07 12:00:00,0.0,0.89990234375,1.5,0.0,0.60009765625
2024-10-07 12:15:00,0.0,0.39990234375,0.69921875,0.0,0.29931640625
2024-10-07 12:30:00,0.099853515625,0.800048828125,1.5,0.0,0.60009765625
2024-10-07 12:45:00,0.0,0.599609375,1.19921875,0.0,0.599609375
2024-10-07 14:00:00,0.199951171875,3.7001953125,7.19921875,0.10003662109375,3.19903564453125
2024-10-07 14:15:00,0.0,0.4998779296875,0.90234375,0.0,0.4024658203125
2024-10-07 14:30:00,0.10009765625,0.7005615234375,1.5,0.0,0.6993408203125
2024-10-07 14:45:00,0.0,0.79949951171875,1.5,0.0,0.70050048828125
2024-10-07 15:00:00,0.10009765625,0.9002685546875,2.0,0.0,0.9996337890625
2024-10-07 15:15:00,0.0,0.69940185546875,1.3984375,0.0,0.69903564453125
2024-10-07 15:30:00,0.099853515625,0.40087890625,1.0,0.0,0.499267578125
2024-10-07 15:45:00,0.0,0.7000732421875,1.3984375,0.0,0.6983642578125
2024-10-07 16:30:00,0.0,1.99908447265625,3.703125,0.0999755859375,1.60406494140625
2024-10-07 17:00:00,0.10009765625,1.9000244140625,3.69921875,0.0,1.6990966796875
2024-10-07 17:45:00,0.0,1.500732421875,3.09765625,0.0,1.596923828125
2024-10-07 18:15:00,0.099853515625,1.699951171875,3.30078125,0.0,1.5009765625
2024-10-07 18:30:00,0.0,0.60009765625,1.19921875,0.0,0.59912109375
2024-10-07 18:45:00,0.0,0.19970703124636202,0.30078125,0.0,0.10107421875363798
2024-10-07 19:30:00,0.10009765625,2.399658203128638,3.80078125,0.10003662109375,1.200988769527612
2024-10-07 19:45:00,0.0,0.600830078125,0.8984375,0.0,0.297607421875
2024-10-07 20:00:00,0.0,0.4990234375,0.80078125,0.0,0.3017578125
2024-10-07 20:30:00,0.10009765625,1.1005859375,1.69921875,0.0,0.49853515625
2024-10-07 20:45:00,0.0,0.19970703125,0.5,0.0,0.30029296875
2024-10-07 21:00:00,0.0,0.400146484375,0.5,0.0,0.099853515625
2024-10-07 21:15:00,0.0,0.89990234375,1.40234375,0.0,0.50244140625
2024-10-07 21:30:00,0.0,0.2998046875,0.3984375,0.0,0.0986328125
2024-10-07 21:45:00,0.099853515625,0.19995117187136202,0.40234375,0.0,0.10253906250363798
2024-10-07 22:00:00,0.0,0.0,0.19921875,0.0,0.19921875
2024-10-07 22:15:00,0.0,0.0,0.30078125,0.0999755859375,0.2008056640625
2024-10-07 22:30:00,0.0,0.0,0.0,0.0,0.0
2024-10-07 22:45:00,0.0,0.0,0.296875,0.0,0.296875
2024-10-07 23:00:00,0.0,0.0,0.203125,0.0,0.203125
2024-10-07 23:15:00,0.10009765625,0.0,0.09765625,0.0,-0.00244140625
2024-10-07 23:30:00,0.0,0.0,0.30078125,0.0,0.30078125
2024-10-07 23:45:00,0.0,0.0,0.1015625,0.0,0.1015625
2024-10-08 00:45:00,0.099853515625,0.0,0.59765625,0.0,0.497802734375
2024-10-08 01:00:00,0.0,0.0,0.19921875,0.0,0.19921875
2024-10-08 01:15:00,0.0,0.0,0.30078125,0.0,0.30078125
2024-10-08 01:30:00,0.0,0.0,0.1015625,0.0999755859375,0.0015869140625
2024-10-08 01:45:00,0.0,0.0,0.30078125,0.0,0.30078125
2024-10-08 02:00:00,0.10009765625,0.0,0.0,0.0,-0.10009765625
2024-10-08 02:15:00,0.0,0.0,0.296875,0.0,0.296875
2024-10-08 02:30:00,0.0,0.0,0.203125,0.0,0.203125
2024-10-08 02:45:00,0.0,0.0,0.09765625,0.0,0.09765625
2024-10-08 03:00:00,0.0,0.0,0.19921875,0.0,0.19921875
2024-10-08 03:15:00,0.0,0.0,0.203125,0.0,0.203125
2024-10-08 03:30:00,0.10009765625,0.0,0.09765625,0.0,-0.00244140625
2024-10-08 03:45:00,0.0,0.0,0.30078125,0.0,0.30078125
2024-10-08 04:00:00,0.0,0.0,0.1015625,0.0,0.1015625
2024-10-08 04:30:00,0.0,0.0,0.5,0.10003662109375,0.39996337890625
2024-10-08 05:00:00,0.099853515625,0.10009765625363798,0.296875,0.0,0.09692382812136202
2024-10-08 05:15:00,0.0,0.0,0.203125,0.0,0.203125
2024-10-08 05:30:00,0.0,0.10009765625,0.19921875,0.0,0.09912109375
2024-10-08 05:45:00,0.0,0.099853515625,0.3984375,0.0,0.298583984375
2024-10-08 06:15:00,0.10009765625,0.10009765625,0.40234375,0.0,0.2021484375
2024-10-08 06:30:00,0.0,0.0,0.19921875,0.0,0.19921875
2024-10-08 06:45:00,0.0,0.09985351562136202,0.30078125,0.0,0.20092773437863798
2024-10-08 07:00:00,0.0,0.0,0.19921875,0.0,0.19921875
2024-10-08 07:15:00,0.0,0.5,1.0,0.0,0.5
2024-10-08 07:30:00,0.0,0.600097656253638,0.8984375,0.0,0.298339843746362
2024-10-08 08:00:00,0.099853515625,1.200439453125,1.90234375,0.0999755859375,0.5020751953125
2024-10-08 08:15:00,0.0,0.599853515621362,0.8984375,0.0,0.298583984378638
2024-10-08 08:45:00,0.10009765625,1.399902343753638,2.3984375,0.0,0.898437499996362
2024-10-08 09:00:00,0.0,0.30029296875,0.40234375,0.0,0.10205078125
2024-10-08 09:30:00,0.10009765625,1.59979248046875,2.8984375,0.0,1.19854736328125
2024-10-08 10:00:00,0.0,1.30029296875,2.40234375,0.0,1.10205078125
2024-10-08 10:30:00,0.099853515625,1.899719238277612,4.0,0.0,2.000427246097388
2024-10-08 11:15:00,0.0,2.099792480472388,3.8984375,0.10003662109375,1.698608398433862
2024-10-08 11:30:00,0.10009765625,0.90032958984375,2.0,0.0,0.99957275390625
2024-10-08 12:15:00,0.099853515625,1.8995361328125,4.19921875,0.0,2.1998291015625
2024-10-08 12:30:00,0.0,0.60009765625,1.30078125,0.0,0.70068359375
2024-10-08 12:45:00,0.0,0.70037841796875,0.80078125,0.0,0.10040283203125
2024-10-08 13:00:00,0.10009765625,0.9002685546875,1.8984375,0.0,0.8980712890625
2024-10-08 13:30:00,0.0,0.8992919921875,1.90234375,0.0,1.0030517578125
2024-10-08 13:45:00,0.10009765625,0.900146484375,1.8984375,0.0999755859375,0.7982177734375
2024-10-08 14:00:00,0.0,0.99993896484375,1.8984375,0.0,0.89849853515625
2024-10-08 14:15:00,0.0,0.5001220703125,1.0,0.0,0.4998779296875
2024-10-08 14:30:00,0.099853515625,0.99993896484375,1.80078125,0.0,0.70098876953125
2024-10-08 15:00:00,0.0,1.5001220703125,2.80078125,0.0,1.3006591796875
2024-10-08 16:15:00,0.199951171875,2.90032958984375,5.8984375,0.0,2.79815673828125
2024-10-08 16:30:00,0.0,1.19940185546875,2.1015625,0.0,0.90216064453125
2024-10-08 16:45:00,0.0,0.20068359375,0.5,0.0,0.29931640625
2024-10-08 17:45:00,0.10009765625,3.09954833984375,5.6015625,0.0999755859375,2.30194091796875
2024-10-08 18:00:00,0.10009765625,0.6998291015625,1.19921875,0.0,0.3992919921875
2024-10-08 18:15:00,0.0,0.90032958984375,1.5,0.0,0.59967041015625
2024-10-08 19:15:00,0.199951171875,2.400146484375,4.09765625,0.0,1.49755859375
2024-10-08 19:45:00,0.0,0.900146484375,1.203125,0.0,0.302978515625
2024-10-08 20:45:00,0.099853515625,2.699951171875,3.69921875,0.10003662109375,0.79937744140625
2024-10-08 21:00:00,0.0,0.099609375,0.3984375,0.0,0.298828125
2024-10-08 21:45:00,0.10009765625,0.0,0.69921875,0.0,0.59912109375
2024-10-08 22:00:00,0.0,0.1005859375,0.30078125,0.0,0.2001953125
2024-10-08 22:30:00,0.0,0.0,0.30078125,0.0,0.30078125
2024-10-08 23:00:00,0.0,0.0,0.30078125,0.0,0.30078125
2024-10-08 23:45:00,0.10009765625,0.0,0.69921875,0.0999755859375,0.4991455078125
2024-10-09 00:00:00,0.0,0.0,0.19921875,0.0,0.19921875
2024-10-09 00:30:00,0.0,0.0,0.30078125,0.0,0.30078125
2024-10-09 00:45:00,0.099853515625,0.0,0.1015625,0.0,0.001708984375
2024-10-09 01:45:00,0.0,0.0,0.796875,0.0,0.796875
2024-10-09 02:15:00,0.10009765625,0.0,0.40234375,0.10003662109375,0.20220947265625
2024-10-09 02:45:00,0.0,0.0,0.5,0.0,0.5
2024-10-09 03:30:00,0.099853515625,0.0,0.5,0.0,0.400146484375
2024-10-09 04:00:00,0.0,0.0,0.30078125,0.0,0.30078125
2024-10-09 04:15:00,0.0,0.0,0.296875,0.0,0.296875
2024-10-09 04:30:00,0.0,0.0,0.203125,0.0,0.203125
2024-10-09 05:00:00,0.10009765625,0.0,0.296875,0.0,0.19677734375
2024-10-09 05:30:00,0.0,0.199951171875,0.5,0.0999755859375,0.2000732421875
2024-10-09 05:45:00,0.0,0.0,0.1015625,0.0,0.1015625
2024-10-09 06:15:00,0.10009765625,0.0,0.3984375,0.0,0.29833984375
2024-10-09 06:30:00,0.0,0.0,0.30078125,0.0,0.30078125
2024-10-09 06:45:00,0.0,0.0,0.19921875,0.0,0.19921875
2024-10-09 07:30:00,0.0,0.0,0.40234375,0.0,0.40234375
2024-10-09 07:45:00,0.099853515625,0.0,0.30078125,0.0,0.200927734375
2024-10-09 08:45:00,0.0,0.0,0.69921875,0.0999755859375,0.5992431640625
2024-10-09 10:15:00,0.10009765625,0.10009765625,1.19921875,0.0,0.9990234375
2024-10-09 10:30:00,0.099853515625,0.0,0.3984375,0.0,0.298583984375
2024-10-09 11:00:00,0.0,0.099609375,0.5,0.0,0.400390625
2024-10-09 11:15:00,0.0,0.0,0.30078125,0.10003662109375,0.20074462890625
2024-10-09 11:30:00,0.0,0.0,0.1015625,0.0,0.1015625
2024-10-09 11:45:00,0.0,0.10009765625,0.3984375,0.0,0.29833984375
2024-10-09 12:00:00,0.10009765625,0.0,0.1015625,0.0,0.00146484375
2024-10-09 12:15:00,0.0,0.0,0.19921875,0.0,0.19921875
2024-10-09 12:30:00,0.0,0.0,0.19921875,0.0,0.19921875
2024-10-09 12:45:00,0.0,0.0,0.19921875,0.0,0.19921875
2024-10-09 13:15:00,0.0,0.0,0.40234375,0.0,0.40234375
2024-10-09 14:15:00,0.10009765625,0.10009765625,1.0,0.0,0.7998046875
2024-10-09 14:30:00,0.0,0.0,0.09765625,0.0999755859375,-0.0023193359375
2024-10-09 15:00:00,0.099853515625,0.10009765625,0.703125,0.0,0.503173828125
2024-10-09 15:15:00,0.0,0.0,0.19921875,0.0,0.19921875
2024-10-09 16:00:00,0.0,0.10009765625,0.69921875,0.0,0.59912109375
2024-10-09 16:30:00,0.10009765625,0.0,0.3984375,0.0,0.29833984375
2024-10-09 16:45:00,0.0,0.099609375,0.40234375,0.0,0.302734375
2024-10-09 17:15:00,0.0,0.0,0.3984375,0.0,0.3984375
2024-10-09 17:30:00,0.0,0.10009765625,0.30078125,0.10003662109375,0.10064697265625
2024-10-09 18:00:00,0.099853515625,0.0,0.3984375,0.0,0.298583984375
2024-10-09 18:15:00,0.0,0.0,0.203125,0.0,0.203125
2024-10-09 19:15:00,0.10009765625,0.0,0.796875,0.0,0.69677734375
2024-10-09 19:30:00,0.0,0.0,0.203125,0.0,0.203125
2024-10-09 20:00:00,0.0,0.0,0.296875,0.0,0.296875
2024-10-09 20:15:00,0.0,0.0,0.30078125,0.0,0.30078125
2024-10-09 20:30:00,0.10009765625,0.0,0.0,0.0,-0.10009765625
2024-10-09 20:45:00,0.0,0.0,0.40234375,0.0999755859375,0.3023681640625
2024-10-09 21:00:00,0.0,0.0,0.19921875,0.0,0.19921875
2024-10-09 21:15:00,0.0,0.0,0.19921875,0.0,0.19921875
2024-10-09 21:30:00,0.0,0.0,0.19921875,0.0,0.19921875
2024-10-09 21:45:00,0.0,0.0,0.1015625,0.0,0.1015625
2024-10-09 22:15:00,0.099853515625,0.0,0.5,0.0,0.400146484375
2024-10-09 22:30:00,0.0,0.0,0.09765625,0.0,0.09765625
2024-10-09 23:00:00,0.0,0.0,0.30078125,0.0,0.30078125
2024-10-09 23:15:00,0.10009765625,0.0,0.19921875,0.0,0.09912109375
2024-10-10 00:00:00,0.0,0.0,0.40234375,0.0999755859375,0.3023681640625
2024-10-10 00:30:00,0.0,0.0,0.5,0.0,0.5
2024-10-10 00:45:00,0.099853515625,0.0,0.19921875,0.0,0.099365234375
2024-10-10 01:00:00,0.0,0.0,0.1015625,0.0,0.1015625
2024-10-10 01:30:00,0.0,0.0,0.3984375,0.0,0.3984375
2024-10-10 02:15:00,0.10009765625,0.0,0.6015625,0.0,0.50146484375
2024-10-10 03:30:00,0.10009765625,0.0,1.0,0.10003662109375,0.79986572265625
2024-10-10 03:45:00,0.0,0.0,0.0,0.0,0.0
2024-10-10 04:00:00,0.0,0.0,0.19921875,0.0,0.19921875
2024-10-10 04:30:00,0.0,0.0,0.5,0.0,0.5
2024-10-10 05:00:00,0.099853515625,0.10009765625,0.5,0.0,0.300048828125
2024-10-10 05:45:00,0.0,0.199951171875,0.69921875,0.0,0.499267578125
2024-10-10 06:00:00,0.0,0.0,0.30078125,0.0999755859375,0.2008056640625
2024-10-10 06:15:00,0.0,0.10009765625,0.19921875,0.0,0.09912109375
2024-10-10 06:30:00,0.10009765625,0.0,0.19921875,0.0,0.09912109375
2024-10-10 07:00:00,0.0,0.3995361328125,0.80078125,0.0,0.4012451171875
2024-10-10 07:15:00,0.0,0.900146484375,1.30078125,0.0,0.400634765625
2024-10-10 07:30:00,0.0,0.19921875,0.3984375,0.0,0.19921875
2024-10-10 07:45:00,0.099853515625,1.0009765625,1.69921875,0.0,0.598388671875
2024-10-10 08:15:00,0.0,1.099365234375,1.6015625,0.0,0.502197265625
2024-10-10 08:45:00,0.0,1.200195312496362,2.19921875,0.0,0.999023437503638
2024-10-10 09:00:00,0.10009765625,0.800537109378638,1.5,0.10003662109375,0.499328613277612
2024-10-10 09:15:00,0.0,0.599609375,1.30078125,0.0,0.701171875
2024-10-10 09:30:00,0.0,0.69970703125,1.30078125,0.0,0.60107421875
2024-10-10 09:45:00,0.0,0.700439453125,1.3984375,0.0,0.697998046875
2024-10-10 10:00:00,0.10009765625,0.099609375,0.5,0.0,0.30029296875
2024-10-10 10:15:00,0.0,1.200439453128638,2.5,0.0,1.299560546871362
2024-10-10 10:30:00,0.0,0.799316406246362,1.40234375,0.0,0.603027343753638
2024-10-10 11:00:00,0.099853515625,1.3006591796875,2.8984375,0.0,1.4979248046875
2024-10-10 11:15:00,0.0,0.699462890625,1.3984375,0.0,0.698974609375
2024-10-10 11:30:00,0.0,0.8006591796875,1.30078125,0.0,0.5001220703125
2024-10-10 11:45:00,0.0,0.399658203125,0.80078125,0.0,0.401123046875
2024-10-10 12:15:00,0.0,1.5999755859375,2.69921875,0.0999755859375,0.999267578125
2024-10-10 12:30:00,0.10009765625,0.39990234375,0.69921875,0.0,0.19921875
2024-10-10 13:00:00,0.0,1.300048828125,2.30078125,0.0,1.000732421875
2024-10-10 14:00:00,0.199951171875,2.80059814453125,5.80078125,0.0,2.80023193359375
2024-10-10 14:15:00,0.0,1.09967041015625,2.1015625,0.0,1.00189208984375
2024-10-10 14:30:00,0.10009765625,0.4993896484375,1.09765625,0.0,0.4981689453125
2024-10-10 14:45:00,0.099853515625,0.8009033203125,1.40234375,0.0,0.5015869140625
2024-10-10 15:00:00,0.0,0.999938964840112,2.0,0.0999755859375,0.900085449222388
2024-10-10 15:15:00,0.10009765625,0.599975585941138,1.0,0.0,0.299926757808862
2024-10-10 15:30:00,0.099853515625,0.599609375,1.3984375,0.0,0.698974609375
2024-10-10 15:45:00,0.0,0.50018310546875,1.0,0.0,0.49981689453125
2024-10-10 16:00:00,0.10009765625,1.100341796875,2.0,0.0,0.799560546875
2024-10-10 16:15:00,0.10009765625,1.09967041015625,2.1015625,0.0,0.90179443359375
2024-10-10 16:30:00,0.0,0.19970703125,0.5,0.0,0.30029296875
2024-10-10 17:15:00,0.099853515625,2.499938964847388,5.09765625,0.0,2.497863769527612
2024-10-10 18:00:00,0.10009765625,2.000244140621362,4.19921875,0.0,2.098876953128638
2024-10-10 18:15:00,0.0,0.8006591796875,1.30078125,0.10003662109375,0.40008544921875
2024-10-10 18:45:00,0.099853515625,1.198974609375,2.40234375,0.0,1.103515625
2024-10-10 19:00:00,0.0,0.80023193359375,1.0,0.0,0.19976806640625
2024-10-10 19:15:00,0.0,0.300048828125,0.59765625,0.0,0.297607421875
2024-10-10 19:30:00,0.0,0.8997802734375,1.30078125,0.0,0.4010009765625
2024-10-10 20:00:00,0.10009765625,0.7001953125,1.1015625,0.0,0.30126953125
2024-10-10 20:30:00,0.0,1.5003662109375,2.19921875,0.0,0.6988525390625
2024-10-10 20:45:00,0.0,0.2998046875,0.5,0.0,0.2001953125
2024-10-10 21:00:00,0.0,0.49951171875,0.69921875,0.0,0.19970703125
2024-10-10 21:15:00,0.0,0.1005859375,0.3984375,0.0999755859375,0.1978759765625
2024-10-10 22:00:00,0.10009765625,0.400146484375,0.90234375,0.0,0.402099609375
2024-10-10 22:30:00,0.0,0.0,0.69921875,0.0,0.69921875
2024-10-10 22:45:00,0.099853515625,0.0,0.19921875,0.0,0.099365234375
2024-10-10 23:00:00,0.0,0.0,0.19921875,0.0,0.19921875
2024-10-10 23:15:00,0.0,0.0,0.1015625,0.0,0.1015625
2024-10-10 23:30:00,0.0,0.0,0.1015625,0.0,0.1015625
2024-10-10 23:45:00,0.0,0.0,0.3984375,0.0,0.3984375
2024-10-11 00:15:00,0.10009765625,0.0,0.19921875,0.0,0.09912109375
2024-10-11 00:30:00,0.0,0.0,0.19921875,0.10003662109375,0.09918212890625
2024-10-11 00:45:00,0.0,0.0,0.203125,0.0,0.203125
2024-10-11 01:15:00,0.0,0.0,0.59765625,0.0,0.59765625
2024-10-11 01:45:00,0.099853515625,0.0,0.40234375,0.0,0.302490234375
2024-10-11 02:00:00,0.0,0.0,0.19921875,0.0,0.19921875
2024-10-11 02:15:00,0.0,0.0,0.19921875,0.0,0.19921875
2024-10-11 02:30:00,0.0,0.0,0.30078125,0.0,0.30078125
2024-10-11 03:15:00,0.10009765625,0.0,0.59765625,0.0999755859375,0.3975830078125
2024-10-11 03:30:00,0.0,0.0,0.1015625,0.0,0.1015625
2024-10-11 03:45:00,0.0,0.0,0.19921875,0.0,0.19921875
2024-10-11 04:00:00,0.0,0.0,0.30078125,0.0,0.30078125
2024-10-11 04:15:00,0.10009765625,0.10009765625363798,0.30078125,0.0,0.10058593749636202
2024-10-11 04:30:00,0.0,0.0,0.09765625,0.0,0.09765625
2024-10-11 05:00:00,0.0,0.09985351562136202,0.5,0.0,0.400146484378638
2024-10-11 05:15:00,0.0,0.10009765625,0.30078125,0.0,0.20068359375
2024-10-11 05:30:00,0.0,0.0,0.30078125,0.0,0.30078125
2024-10-11 06:00:00,0.099853515625,0.10009765625,0.3984375,0.0,0.198486328125
2024-10-11 06:45:00,0.0,0.19995117187863798,1.0,0.0999755859375,0.700073242183862
2024-10-11 07:00:00,0.0,0.499267578121362,0.80078125,0.0,0.301513671878638
2024-10-11 07:45:00,0.10009765625,1.400390625,2.30078125,0.0,0.80029296875
2024-10-11 08:30:00,0.099853515625,2.099609375,3.3984375,0.0,1.198974609375
2024-10-11 08:45:00,0.0,0.19970703125,0.40234375,0.0,0.20263671875
2024-10-11 09:00:00,0.10009765625,0.80029296875,1.5,0.0,0.599609375
2024-10-11 09:15:00,0.0,0.400390625,0.80078125,0.0,0.400390625
2024-10-11 09:30:00,0.10009765625,1.100341796878638,2.0,0.10003662109375,0.699523925777612
2024-10-11 09:45:00,0.0,0.19970703124636202,0.5,0.0,0.300292968753638
2024-10-11 10:15:00,0.099853515625,1.299560546875,2.59765625,0.0,1.1982421875
2024-10-11 10:30:00,0.10009765625,0.60009765625,1.30078125,0.0,0.6005859375
2024-10-11 11:00:00,0.0,1.699951171875,3.5,0.0,1.800048828125
2024-10-11 11:45:00,0.099853515625,2.0999755859375,3.8984375,0.0,1.6986083984375
2024-10-11 12:00:00,0.0,0.70062255859375,0.80078125,0.0,0.10015869140625
2024-10-11 12:15:00,0.0,0.699829101566138,1.1015625,0.0,0.401733398433862
2024-10-11 13:00:00,0.10009765625,2.600402832027612,4.3984375,0.0999755859375,1.597961425784888
2024-10-11 13:15:00,0.0,0.5994873046875,1.40234375,0.0,0.8028564453125
2024-10-11 13:45:00,0.10009765625,1.30047607421875,2.796875,0.0,1.39630126953125
2024-10-11 14:15:00,0.0,0.9993896484375,2.0,0.0,1.0006103515625
2024-10-11 14:30:00,0.099853515625,0.8006591796875,1.30078125,0.0,0.4002685546875
2024-10-11 14:45:00,0.0,0.298828125,0.80078125,0.0,0.501953125
2024-10-11 15:15:00,0.10009765625,1.79986572265625,3.19921875,0.0,1.29925537109375
2024-10-11 15:30:00,0.0,0.400390625,0.80078125,0.0,0.400390625
2024-10-11 15:45:00,0.099853515625,0.80023193359375,1.69921875,0.10003662109375,0.6990966796875
2024-10-11 16:00:00,0.0,0.6995849609375,1.30078125,0.0,0.6011962890625
2024-10-11 16:45:00,0.2001953125,2.00079345703125,3.80078125,0.0,1.59979248046875
2024-10-11 17:00:00,0.0,0.30029296875,0.80078125,0.0,0.50048828125
2024-10-11 17:30:00,0.099853515625,1.1988525390625,2.296875,0.0,0.9981689453125
2024-10-11 17:45:00,0.0,0.6005859375,1.1015625,0.0,0.5009765625
2024-10-11 18:00:00,0.0,0.69970703125,1.30078125,0.0,0.60107421875
2024-10-11 18:15:00,0.10009765625,0.60009765625,0.8984375,0.0,0.1982421875
2024-10-11 18:30:00,0.0,0.6005859375,1.1015625,0.0,0.5009765625
2024-10-11 19:00:00,0.0,0.799072265625,1.30078125,0.0999755859375,0.4017333984375
2024-10-11 19:15:00,0.0,0.6005859375,1.0,0.0,0.3994140625
2024-10-11 19:30:00,0.099853515625,0.9998779296875,1.5,0.0,0.4002685546875
2024-10-11 19:45:00,0.0,0.3994140625,0.69921875,0.0,0.2998046875
2024-10-11 20:00:00,0.0,0.400390625,0.80078125,0.0,0.400390625
2024-10-11 20:15:00,0.0,0.700439453125,0.8984375,0.0,0.197998046875
2024-10-11 20:30:00,0.0,0.099609375,0.30078125,0.0,0.201171875
2024-10-11 20:45:00,0.0,1.000732421875,1.5,0.0,0.499267578125
2024-10-11 21:15:00,0.10009765625,0.69970703125,1.30078125,0.0,0.5009765625
2024-10-11 21:45:00,0.0,0.69970703125,1.5,0.0,0.80029296875
2024-10-11 22:00:00,0.0,0.199462890625,0.59765625,0.0999755859375,0.2982177734375
2024-10-11 22:15:00,0.10009765625,0.30078125,0.6015625,0.0,0.20068359375
2024-10-11 22:45:00,0.0,0.0,0.3984375,0.0,0.3984375
2024-10-11 23:00:00,0.0,0.0,0.30078125,0.0,0.30078125
2024-10-11 23:15:00,0.0,0.0,0.19921875,0.0,0.19921875
2024-10-11 23:45:00,0.099853515625,0.0,0.40234375,0.0,0.302490234375
2024-10-12 00:00:00,0.0,0.0,0.296875,0.0,0.296875
2024-10-12 00:15:00,0.0,0.0,0.30078125,0.0,0.30078125
2024-10-12 01:00:00,0.0,0.0,0.6015625,0.10003662109375,0.50152587890625
2024-10-12 01:45:00,0.10009765625,0.0,0.69921875,0.0,0.59912109375
2024-10-12 02:00:00,0.0,0.0,0.19921875,0.0,0.19921875
2024-10-12 02:30:00,0.0,0.0,0.5,0.0,0.5
2024-10-12 03:00:00,0.099853515625,0.0,0.6015625,0.0,0.501708984375
2024-10-12 03:30:00,0.0,0.0,0.59765625,0.0,0.59765625
2024-10-12 03:45:00,0.0,0.0,0.1015625,0.0,0.1015625
2024-10-12 04:15:00,0.10009765625,0.0,0.6015625,0.0999755859375,0.4014892578125
2024-10-12 04:30:00,0.0,0.0,0.09765625,0.0,0.09765625
2024-10-12 04:45:00,0.0,0.0,0.40234375,0.0,0.40234375
2024-10-12 05:00:00,0.0,0.0,0.09765625,0.0,0.09765625
2024-10-12 05:45:00,0.10009765625,0.0,0.90234375,0.0,0.80224609375
2024-10-12 06:00:00,0.0,0.0,0.19921875,0.0,0.19921875
2024-10-12 06:15:00,0.0,0.0,0.19921875,0.0,0.19921875
2024-10-12 06:30:00,0.0,0.0,0.30078125,0.0,0.30078125
2024-10-12 06:45:00,0.0,0.0,0.09765625,0.0,0.09765625
2024-10-12 07:00:00,0.099853515625,0.0,0.30078125,0.10003662109375,0.10089111328125
2024-10-12 07:45:00,0.0,0.0,0.6015625,0.0,0.6015625
2024-10-12 08:00:00,0.0,0.0,0.3984375,0.0,0.3984375
2024-10-12 08:30:00,0.10009765625,0.0,0.40234375,0.0,0.30224609375
2024-10-12 09:00:00,0.0,0.10009765625,0.5,0.0,0.39990234375
2024-10-12 10:00:00,0.099853515625,0.400146484378638,1.59765625,0.0,1.097656249996362
2024-10-12 10:30:00,0.0,0.0,0.5,0.0999755859375,0.4000244140625
2024-10-12 11:15:00,0.10009765625,0.20007324218386202,1.1015625,0.0,0.801391601566138
2024-10-12 11:30:00,0.0,0.099609375,0.30078125,0.0,0.201171875
2024-10-12 11:45:00,0.0,0.0999755859375,0.296875,0.0,0.1968994140625
2024-10-12 12:00:00,0.0,0.0,0.40234375,0.0,0.40234375
2024-10-12 13:00:00,0.10009765625,0.10009765625,0.8984375,0.0,0.6982421875
2024-10-12 13:15:00,0.0,0.0,0.5,0.0999755859375,0.4000244140625
2024-10-12 13:30:00,0.0,0.0999755859375,0.1015625,0.0,0.0015869140625
2024-10-12 14:00:00,0.099853515625,0.0,0.80078125,0.0,0.700927734375
2024-10-12 14:15:00,0.0,0.0999755859375,0.296875,0.0,0.1968994140625
2024-10-12 14:30:00,0.0,0.0,0.30078125,0.0,0.30078125
2024-10-12 14:45:00,0.0,0.0,0.30078125,0.0,0.30078125
2024-10-12 15:00:00,0.0,0.0,0.1015625,0.0,0.1015625
2024-10-12 15:15:00,0.10009765625,0.0999755859375,0.3984375,0.0,0.1983642578125
2024-10-12 15:30:00,0.0,0.0,0.30078125,0.0,0.30078125
2024-10-12 15:45:00,0.0,0.0,0.3984375,0.0,0.3984375
2024-10-12 16:00:00,0.0,0.0,0.19921875,0.0,0.19921875
2024-10-12 16:15:00,0.0,0.0999755859375,0.203125,0.0,0.1031494140625
2024-10-12 16:45:00,0.099853515625,0.0,0.796875,0.10003662109375,0.59698486328125
2024-10-12 17:15:00,0.0,0.10009765625,0.6015625,0.0,0.50146484375
2024-10-12 17:30:00,0.0,0.0,0.19921875,0.0,0.19921875
2024-10-12 17:45:00,0.0,0.0999755859375,0.40234375,0.0,0.3023681640625
2024-10-12 18:15:00,0.10009765625,0.0,0.5,0.0,0.39990234375
2024-10-12 18:45:00,0.0,0.0,0.5,0.0,0.5
2024-10-12 19:00:00,0.0,0.0,0.19921875,0.0,0.19921875
2024-10-12 19:45:00,0.10009765625,0.0,0.69921875,0.0999755859375,0.4991455078125
2024-10-12 20:15:00,0.0,0.0,0.5,0.0,0.5
2024-10-12 20:30:00,0.0,0.0,0.1015625,0.0,0.1015625
2024-10-12 20:45:00,0.0,0.0,0.3984375,0.0,0.3984375
2024-10-12 21:00:00,0.099853515625,0.0,0.19921875,0.0,0.099365234375
2024-10-12 21:15:00,0.0,0.0,0.1015625,0.0,0.1015625
2024-10-12 21:30:00,0.0,0.0,0.30078125,0.0,0.30078125
2024-10-12 21:45:00,0.0,0.0,0.09765625,0.0,0.09765625
2024-10-12 22:00:00,0.0,0.0,0.30078125,0.0,0.30078125
2024-10-12 22:30:00,0.10009765625,0.0,0.5,0.10003662109375,0.29986572265625
2024-10-12 23:00:00,0.0,0.0,0.5,0.0,0.5
2024-10-12 23:15:00,0.0,0.0,0.0,0.0,0.0
2024-10-12 23:30:00,0.0,0.0,0.30078125,0.0,0.30078125
2024-10-12 23:45:00,0.099853515625,0.0,0.30078125,0.0,0.200927734375
2024-10-13 00:15:00,0.0,0.0,0.3984375,0.0,0.3984375
2024-10-13 00:30:00,0.0,0.0,0.19921875,0.0,0.19921875
2024-10-13 01:15:00,0.10009765625,0.0,0.80078125,0.0,0.70068359375
2024-10-13 01:30:00,0.0,0.0,0.1015625,0.0999755859375,0.0015869140625
2024-10-13 01:45:00,0.0,0.0,0.296875,0.0,0.296875
2024-10-13 02:00:00,0.0,0.0,0.30078125,0.0,0.30078125
2024-10-13 02:30:00,0.10009765625,0.0,0.30078125,0.0,0.20068359375
2024-10-13 02:45:00,0.0,0.0,0.30078125,0.0,0.30078125
2024-10-13 03:15:00,0.0,0.0,0.3984375,0.0,0.3984375
2024-10-13 04:00:00,0.099853515625,0.0,0.69921875,0.0,0.599365234375
2024-10-13 04:30:00,0.0,0.0,0.5,0.0999755859375,0.4000244140625
2024-10-13 04:45:00,0.0,0.0,0.203125,0.0,0.203125
2024-10-13 05:00:00,0.0,0.0,0.19921875,0.0,0.19921875
2024-10-13 05:15:00,0.10009765625,0.0,0.19921875,0.0,0.09912109375
2024-10-13 05:30:00,0.0,0.0,0.19921875,0.0,0.19921875
2024-10-13 05:45:00,0.0,0.0,0.1015625,0.0,0.1015625
2024-10-13 06:00:00,0.0,0.0,0.30078125,0.0,0.30078125
2024-10-13 06:15:00,0.0,0.0,0.19921875,0.0,0.19921875
2024-10-13 06:30:00,0.0,0.0,0.30078125,0.0,0.30078125
2024-10-13 07:00:00,0.099853515625,0.0,0.59765625,0.0,0.497802734375
2024-10-13 07:15:00,0.0,0.0,0.1015625,0.0,0.1015625
2024-10-13 07:30:00,0.0,0.0,0.3984375,0.0,0.3984375
2024-10-13 07:45:00,0.0,0.0,0.19921875,0.10003662109375,0.09918212890625
2024-10-13 08:00:00,0.0,0.0,0.203125,0.0,0.203125
2024-10-13 08:15:00,0.10009765625,0.0,0.19921875,0.0,0.09912109375
2024-10-13 08:45:00,0.0,0.0,0.3984375,0.0,0.3984375
2024-10-13 09:30:00,0.0,0.0,0.6015625,0.0,0.6015625
2024-10-13 09:45:00,0.10009765625,0.0,0.30078125,0.0,0.20068359375
2024-10-13 10:00:00,0.0,0.0,0.3984375,0.0,0.3984375
2024-10-13 10:15:00,0.0,0.0,0.1015625,0.0,0.1015625
2024-10-13 10:30:00,0.0,0.0,0.296875,0.0,0.296875
2024-10-13 11:00:00,0.099853515625,0.0,0.5,0.0999755859375,0.3001708984375
2024-10-13 11:15:00,0.0,0.0,0.203125,0.0,0.203125
2024-10-13 11:30:00,0.0,0.0,0.296875,0.0,0.296875
2024-10-13 11:45:00,0.0,0.0,0.1015625,0.0,0.1015625
2024-10-13 12:00:00,0.0,0.0,0.30078125,0.0,0.30078125
2024-10-13 12:15:00,0.0,0.0,0.30078125,0.0,0.30078125
2024-10-13 13:00:00,0.10009765625,0.10009765625,0.69921875,0.0,0.4990234375
2024-10-13 13:45:00,0.099853515625,0.10009765624636202,0.8984375,0.10003662109375,0.598449707034888
2024-10-13 14:00:00,0.0,0.0,0.30078125,0.0,0.30078125
2024-10-13 14:30:00,0.0,0.10009765625363798,0.30078125,0.0,0.20068359374636202
2024-10-13 15:15:00,0.10009765625,0.10009765625,1.0,0.0,0.7998046875
2024-10-13 15:30:00,0.0,0.0,0.19921875,0.0,0.19921875
2024-10-13 15:45:00,0.0,0.0,0.19921875,0.0,0.19921875
2024-10-13 16:15:00,0.0,0.099609375,0.6015625,0.0,0.501953125
2024-10-13 17:30:00,0.10009765625,0.10009765625,1.3984375,0.0999755859375,1.0982666015625
2024-10-13 18:45:00,0.099853515625,0.10009765624636202,1.30078125,0.0,1.100830078128638
2024-10-13 19:00:00,0.0,0.0,0.30078125,0.0,0.30078125
2024-10-13 19:30:00,0.10009765625,0.0,0.5,0.0,0.39990234375
2024-10-13 19:45:00,0.0,0.0,0.30078125,0.0,0.30078125
2024-10-13 20:00:00,0.0,0.0,0.19921875,0.0999755859375,0.0992431640625
2024-10-13 20:15:00,0.0,0.0,0.09765625,0.0,0.09765625
2024-10-13 20:30:00,0.0,0.0,0.203125,0.0,0.203125
2024-10-13 20:45:00,0.0,0.0,0.296875,0.0,0.296875
2024-10-13 21:00:00,0.099853515625,0.0,0.203125,0.0,0.103271484375
2024-10-13 21:45:00,0.0,0.0,0.69921875,0.0,0.69921875
2024-10-13 22:15:00,0.10009765625,0.0,0.5,0.0,0.39990234375
2024-10-13 22:30:00,0.0,0.0,0.09765625,0.0,0.09765625
2024-10-13 22:45:00,0.0,0.0,0.30078125,0.0,0.30078125
2024-10-13 23:15:00,0.0,0.0,0.40234375,0.10003662109375,0.30230712890625
2024-10-13 23:30:00,0.0,0.0,0.296875,0.0,0.296875
2024-10-13 23:45:00,0.10009765625,0.0,0.1015625,0.0,0.00146484375
2024-10-14 00:00:00,0.0,0.0,0.1015625,0.0,0.1015625
2024-10-14 00:15:00,0.0,0.0,0.3984375,0.0,0.3984375
2024-10-14 00:30:00,0.0,0.0,0.1015625,0.0,0.1015625
2024-10-14 01:00:00,0.0,0.0,0.5,0.0,0.5
2024-10-14 01:15:00,0.099853515625,0.0,0.296875,0.0,0.197021484375
2024-10-14 01:30:00,0.0,0.0,0.1015625,0.0,0.1015625
2024-10-14 01:45:00,0.0,0.0,0.19921875,0.0,0.19921875
2024-10-14 02:00:00,0.0,0.0,0.30078125,0.0,0.30078125
2024-10-14 02:15:00,0.0,0.0,0.19921875,0.0999755859375,0.0992431640625
2024-10-14 02:30:00,0.0,0.0,0.1015625,0.0,0.1015625
2024-10-14 02:45:00,0.10009765625,0.0,0.3984375,0.0,0.29833984375
2024-10-14 03:00:00,0.0,0.0,0.1015625,0.0,0.1015625
2024-10-14 03:15:00,0.0,0.0,0.3984375,0.0,0.3984375
2024-10-14 04:30:00,0.099853515625,0.10009765625363798,1.19921875,0.0,0.999267578121362
2024-10-14 04:45:00,0.0,0.0,0.1015625,0.0,0.1015625
2024-10-14 05:00:00,0.0,0.0,0.30078125,0.0,0.30078125
2024-10-14 05:30:00,0.10009765625,0.099853515625,0.5,0.10003662109375,0.20001220703125
2024-10-14 06:00:00,0.0,0.10009765625,0.5,0.0,0.39990234375
2024-10-14 06:15:00,0.0,0.10009765625,0.30078125,0.0,0.20068359375
2024-10-14 06:30:00,0.0,0.09985351562136202,0.3984375,0.0,0.298583984378638
2024-10-14 06:45:00,0.10009765625,0.0,0.3984375,0.0,0.29833984375
2024-10-14 07:00:00,0.0,0.19970703125363798,0.40234375,0.0,0.20263671874636202
2024-10-14 07:15:00,0.0,0.19970703125,0.30078125,0.0,0.10107421875
2024-10-14 08:00:00,0.099853515625,2.40057373046875,3.796875,0.0,1.29644775390625
2024-10-14 08:15:00,0.10009765625,0.499755859375,1.1015625,0.0999755859375,0.4017333984375
2024-10-14 08:30:00,0.0,0.799682617191138,1.1015625,0.0,0.301879882808862
2024-10-14 08:45:00,0.099853515625,0.799926757808862,1.19921875,0.0,0.299438476566138
2024-10-14 09:30:00,0.10009765625,1.60003662109375,3.09765625,0.0,1.39752197265625
2024-10-14 09:45:00,0.10009765625,1.0001220703125,1.80078125,0.0,0.7005615234375
2024-10-14 10:00:00,0.0,0.40032958984375,1.0,0.0,0.59967041015625
2024-10-14 10:15:00,0.0,0.7996826171875,1.40234375,0.0,0.6026611328125
2024-10-14 10:30:00,0.0,0.700439453125,1.5,0.0,0.799560546875
2024-10-14 10:45:00,0.0,1.09991455078125,2.0,0.0,0.90008544921875
2024-10-14 11:00:00,0.0,0.400390625,1.0,0.0,0.599609375
2024-10-14 12:30:00,0.199951171875,4.69921875,8.5,0.0999755859375,3.5008544921875
2024-10-14 12:45:00,0.0,0.6998291015625,1.19921875,0.0,0.4993896484375
2024-10-14 13:15:00,0.0,1.20037841796875,2.19921875,0.0,0.99884033203125
2024-10-14 13:30:00,0.099853515625,0.9002685546875,1.80078125,0.0,0.8006591796875
2024-10-14 14:30:00,0.10009765625,2.799255371090112,5.3984375,0.10003662109375,2.399047851566138
2024-10-14 15:15:00,0.10009765625,2.10064697265625,3.80078125,0.0,1.60003662109375
2024-10-14 15:30:00,0.0,0.19970703125363798,0.3984375,0.0,0.19873046874636202
2024-10-14 15:45:00,0.0,0.9000244140625,1.80078125,0.0,0.9007568359375
2024-10-14 16:15:00,0.0,1.19989013671875,2.30078125,0.0,1.10089111328125
2024-10-14 16:30:00,0.099853515625,1.099731445308862,1.8984375,0.0,0.698852539066138
2024-10-14 16:45:00,0.10009765625,1.200500488284888,1.90234375,0.0,0.601745605465112
2024-10-14 17:00:00,0.0,0.5997314453125,1.3984375,0.0,0.7987060546875
2024-10-14 17:15:00,0.0,0.3001708984375,0.5,0.0,0.1998291015625
2024-10-14 17:30:00,0.099853515625,1.199951171875,2.19921875,0.0999755859375,0.7994384765625
2024-10-14 18:30:00,0.0,3.10009765625,5.203125,0.0,2.10302734375
2024-10-14 18:45:00,0.10009765625,0.69970703125,1.19921875,0.0,0.3994140625
2024-10-14 19:00:00,0.0,0.7008056640625,1.0,0.0,0.2991943359375
2024-10-14 19:15:00,0.0,0.2991943359375,0.3984375,0.0,0.0992431640625
2024-10-14 19:30:00,0.0,0.7000732421875,1.0,0.0,0.2999267578125
2024-10-14 19:45:00,0.0,0.80029296875,1.5,0.0,0.69970703125
2024-10-14 20:00:00,0.0,0.499755859375,0.69921875,0.0,0.199462890625
2024-10-14 20:45:00,0.10009765625,1.099853515625,2.0,0.10003662109375,0.70001220703125
2024-10-14 21:00:00,0.0,0.2001953125,0.40234375,0.0,0.2021484375
2024-10-14 21:30:00,0.0,0.400390625,0.80078125,0.0,0.400390625
2024-10-14 22:00:00,0.099853515625,0.299560546875,0.69921875,0.0,0.2998046875
2024-10-14 22:15:00,0.0,0.19970703125,0.3984375,0.0,0.19873046875
2024-10-14 22:45:00,0.0,0.0,0.30078125,0.0,0.30078125
2024-10-14 23:45:00,0.10009765625,0.0,1.0,0.0999755859375,0.7999267578125
2024-10-15 00:00:00,0.0,0.0,0.19921875,0.0,0.19921875
2024-10-15 00:15:00,0.0,0.0,0.1015625,0.0,0.1015625
2024-10-15 00:30:00,0.099853515625,0.0,0.19921875,0.0,0.099365234375
2024-10-15 00:45:00,0.0,0.0,0.19921875,0.0,0.19921875
2024-10-15 01:30:00,0.0,0.0,0.90234375,0.0,0.90234375
2024-10-15 01:45:00,0.0,0.0,0.09765625,0.0,0.09765625
2024-10-15 02:15:00,0.10009765625,0.0,0.40234375,0.0,0.30224609375
2024-10-15 02:45:00,0.0,0.0,0.59765625,0.0999755859375,0.4976806640625
2024-10-15 03:15:00,0.10009765625,0.0,0.40234375,0.0,0.30224609375
2024-10-15 03:30:00,0.0,0.0,0.0,0.0,0.0
2024-10-15 03:45:00,0.0,0.0,0.296875,0.0,0.296875
2024-10-15 04:00:00,0.0,0.0,0.203125,0.0,0.203125
2024-10-15 04:15:00,0.0,0.0,0.3984375,0.0,0.3984375
2024-10-15 04:30:00,0.0,0.10009765625,0.19921875,0.0,0.09912109375
2024-10-15 04:45:00,0.099853515625,0.0,0.19921875,0.0,0.099365234375
2024-10-15 05:45:00,0.0,0.199951171875,1.1015625,0.0,0.901611328125
2024-10-15 06:00:00,0.10009765625,0.10009765625,0.3984375,0.10003662109375,0.09820556640625
2024-10-15 06:15:00,0.0,0.0,0.203125,0.0,0.203125
2024-10-15 06:45:00,0.0,0.099853515625,0.69921875,0.0,0.599365234375
2024-10-15 07:00:00,0.0,0.30078125,0.3984375,0.0,0.09765625
2024-10-15 07:15:00,0.0,0.4991455078125,0.69921875,0.0,0.2000732421875
2024-10-15 07:30:00,0.099853515625,0.5,1.0,0.0,0.400146484375
2024-10-15 08:15:00,0.10009765625,1.7003173828125,2.90234375,0.0,1.1019287109375
2024-10-15 08:45:00,0.10009765625,1.80035400390625,2.59765625,0.0,0.69720458984375
2024-10-15 09:15:00,0.099853515625,1.0003662109375,2.0,0.0999755859375,0.7998046875
2024-10-15 09:30:00,0.0,0.799255371097388,1.40234375,0.0,0.603088378902612
2024-10-15 10:15:00,0.199951171875,2.400146484371362,4.59765625,0.0,1.997558593753638
2024-10-15 10:30:00,0.0,0.5,0.90234375,0.0,0.40234375
2024-10-15 11:15:00,0.10009765625,2.400390625,4.59765625,0.0,2.09716796875
2024-10-15 11:30:00,0.0,0.69970703125,1.30078125,0.0,0.60107421875
2024-10-15 11:45:00,0.10009765625,0.599365234378638,1.1015625,0.0,0.402099609371362
2024-10-15 12:30:00,0.0,2.100341796871362,3.59765625,0.10003662109375,1.397277832034888
2024-10-15 12:45:00,0.099853515625,0.600097656246362,1.203125,0.0,0.503173828128638
2024-10-15 13:45:00,0.10009765625,2.499938964847388,4.59765625,0.0,1.997619628902612
2024-10-15 14:15:00,0.099853515625,2.000061035152612,3.80078125,0.0,1.700866699222388
2024-10-15 14:30:00,0.0,0.300659179691138,0.3984375,0.0,0.09777832030886202
2024-10-15 14:45:00,0.0,0.8995361328125,1.90234375,0.0,1.0028076171875
2024-10-15 15:00:00,0.10009765625,0.89984130859375,1.80078125,0.0999755859375,0.70086669921875
2024-10-15 15:15:00,0.0,0.9002685546875,1.3984375,0.0,0.4981689453125
2024-10-15 15:30:00,0.0,0.299560546875,0.3984375,0.0,0.098876953125
2024-10-15 15:45:00,0.0,1.00042724609375,1.90234375,0.0,0.90191650390625
2024-10-15 16:00:00,0.0,0.9000244140625,1.80078125,0.0,0.9007568359375
2024-10-15 16:45:00,0.10009765625,1.6995849609375,3.19921875,0.0,1.3995361328125
2024-10-15 17:45:00,0.099853515625,2.5,5.09765625,0.0,2.497802734375
2024-10-15 18:00:00,0.0,0.7001953125,1.203125,0.0,0.5029296875
2024-10-15 18:15:00,0.0,0.7998046875,1.5,0.0999755859375,0.6002197265625
2024-10-15 18:30:00,0.10009765625,0.800537109375,1.19921875,0.0,0.298583984375
2024-10-15 18:45:00,0.0,0.400390625,0.80078125,0.0,0.400390625
2024-10-15 19:15:00,0.0,1.198974609375,2.296875,0.0,1.097900390625
2024-10-15 19:30:00,0.099853515625,0.80029296875,1.30078125,0.0,0.400634765625
2024-10-15 19:45:00,0.0,0.10009765625,0.19921875,0.0,0.09912109375
2024-10-15 20:00:00,0.0,0.299560546875,0.703125,0.0,0.403564453125
2024-10-15 20:15:00,0.0,0.30078125,0.69921875,0.0,0.3984375
2024-10-15 20:45:00,0.10009765625,0.800048828125,1.3984375,0.0,0.498291015625
2024-10-15 21:00:00,0.0,0.19970703125,0.40234375,0.0,0.20263671875
2024-10-15 21:15:00,0.0,0.3994140625,0.8984375,0.10003662109375,0.39898681640625
2024-10-15 21:45:00,0.0,0.600830078125,1.1015625,0.0,0.500732421875
2024-10-15 22:30:00,0.10009765625,0.0,0.59765625,0.0,0.49755859375
2024-10-15 22:45:00,0.0,0.0,0.40234375,0.0,0.40234375
2024-10-15 23:00:00,0.0,0.0,0.19921875,0.0,0.19921875
2024-10-15 23:15:00,0.0,0.0,0.09765625,0.0,0.09765625
2024-10-15 23:30:00,0.099853515625,0.0,0.30078125,0.0,0.200927734375
2024-10-16 00:00:00,0.0,0.0,0.40234375,0.0,0.40234375
2024-10-16 00:15:00,0.0,0.0,0.296875,0.0,0.296875
2024-10-16 01:00:00,0.10009765625,0.0,0.703125,0.0999755859375,0.5030517578125
2024-10-16 01:30:00,0.0,0.0,0.5,0.0,0.5
2024-10-16 01:45:00,0.0,0.0,0.3984375,0.0,0.3984375
2024-10-16 02:00:00,0.0,0.0,0.0,0.0,0.0
2024-10-16 02:15:00,0.099853515625,0.0,0.3984375,0.0,0.298583984375
2024-10-16 02:30:00,0.0,0.0,0.203125,0.0,0.203125
2024-10-16 03:00:00,0.0,0.0,0.5,0.0,0.5
2024-10-16 03:30:00,0.0,0.0,0.3984375,0.10003662109375,0.29840087890625
2024-10-16 03:45:00,0.10009765625,0.0,0.5,0.0,0.39990234375
2024-10-16 04:15:00,0.0,0.0,0.5,0.0,0.5
2024-10-16 05:00:00,0.0,0.199951171875,0.69921875,0.0,0.499267578125
2024-10-16 05:15:00,0.10009765625,0.0,0.30078125,0.0,0.20068359375
2024-10-16 06:30:00,0.0,0.300048828125,1.19921875,0.0,0.899169921875
2024-10-16 06:45:00,0.099853515625,0.0,0.30078125,0.0999755859375,0.1009521484375
2024-10-16 07:00:00,0.0,0.10009765625,0.30078125,0.0,0.20068359375
2024-10-16 07:30:00,0.0,0.899658203125,1.69921875,0.0,0.799560546875
2024-10-16 07:45:00,0.0,0.7998046875,1.19921875,0.0,0.3994140625
2024-10-16 08:00:00,0.10009765625,0.599853515628638,0.90234375,0.0,0.20239257812136202
2024-10-16 08:45:00,0.099853515625,1.499755859371362,2.5,0.0,0.900390625003638
2024-10-16 09:30:00,0.10009765625,2.10052490234375,4.09765625,0.0,1.89703369140625
2024-10-16 09:45:00,0.10009765625,0.699462890625,1.40234375,0.0999755859375,0.5028076171875
2024-10-16 10:00:00,0.099853515625,0.80029296875,1.796875,0.0,0.896728515625
2024-10-16 10:15:00,0.0,0.700439453125,1.30078125,0.0,0.600341796875
2024-10-16 10:30:00,0.0,0.5,0.90234375,0.0,0.40234375
2024-10-16 10:45:00,0.0,0.9998779296875,1.59765625,0.0,0.5977783203125
2024-10-16 11:15:00,0.0,0.900146484375,2.1015625,0.0,1.201416015625
2024-10-16 11:30:00,0.10009765625,1.0997314453125,1.59765625,0.0,0.3978271484375
2024-10-16 11:45:00,0.0,0.19970703125,0.40234375,0.0,0.20263671875
2024-10-16 12:15:00,0.0,1.80029296875,3.09765625,0.0,1.29736328125
2024-10-16 12:45:00,0.099853515625,1.400024414066138,2.30078125,0.10003662109375,0.700866699215112
2024-10-16 13:15:00,0.0,1.099243164058862,1.90234375,0.0,0.803100585941138
2024-10-16 13:30:00,0.0,0.400390625,0.69921875,0.0,0.298828125
2024-10-16 13:45:00,0.0,0.900390625,1.59765625,0.0,0.697265625
2024-10-16 14:00:00,0.10009765625,0.3997802734375,1.0,0.0,0.5001220703125
2024-10-16 14:15:00,0.10009765625,1.5,2.6015625,0.0,1.00146484375
2024-10-16 14:30:00,0.099853515625,0.999938964847388,1.80078125,0.0,0.700988769527612
2024-10-16 15:45:00,0.300048828125,4.400390625,8.30078125,0.0999755859375,3.5003662109375
2024-10-16 16:00:00,0.0,0.799804687496362,1.09765625,0.0,0.297851562503638
2024-10-16 16:15:00,0.10009765625,1.100341796875,2.19921875,0.0,0.998779296875
2024-10-16 16:30:00,0.0,0.19921875,0.5,0.0,0.30078125
2024-10-16 17:00:00,0.0,2.400390625,4.1015625,0.0,1.701171875
2024-10-16 17:30:00,0.099853515625,1.100341796875,1.8984375,0.0,0.6982421875
2024-10-16 17:45:00,0.0,0.6993408203125,1.40234375,0.0,0.7030029296875
2024-10-16 18:00:00,0.0,1.301025390625,2.09765625,0.0,0.796630859375
2024-10-16 18:15:00,0.10009765625,0.8990478515625,1.30078125,0.0,0.3016357421875
2024-10-16 18:45:00,0.0,1.400146484371362,2.40234375,0.10003662109375,0.902160644534888
2024-10-16 19:15:00,0.099853515625,1.299926757816138,1.8984375,0.0,0.498657226558862
2024-10-16 19:30:00,0.0,0.900146484375,1.5,0.0,0.599853515625
2024-10-16 19:45:00,0.0,0.400268554691138,0.3984375,0.0,-0.0018310546911379788
2024-10-16 20:00:00,0.10009765625,1.199829101558862,1.80078125,0.0,0.500854492191138
2024-10-16 20:30:00,0.0,1.5,2.1015625,0.0,0.6015625
2024-10-16 20:45:00,0.0,0.400390625,0.5,0.0,0.099609375
2024-10-16 21:00:00,0.10009765625,0.7998046875,1.09765625,0.0,0.19775390625
2024-10-16 21:15:00,0.0,0.099609375,0.30078125,0.0,0.201171875
2024-10-16 21:45:00,0.0,1.200439453125,1.6015625,0.0,0.401123046875
2024-10-16 22:00:00,0.099853515625,0.899169921875,1.3984375,0.0999755859375,0.2994384765625
2024-10-16 22:15:00,0.0,0.20068359375,0.30078125,0.0,0.10009765625
2024-10-16 22:30:00,0.0,0.80029296875,1.1015625,0.0,0.30126953125
2024-10-16 22:45:00,0.0,0.30029296875,0.5,0.0,0.19970703125
2024-10-16 23:15:00,0.0,0.299072265625,0.8984375,0.0,0.599365234375
2024-10-16 23:30:00,0.10009765625,0.0,0.19921875,0.0,0.09912109375
2024-10-16 23:45:00,0.0,0.0,0.1015625,0.0,0.1015625
2024-10-17 00:00:00,0.0,0.0,0.19921875,0.0,0.19921875
2024-10-17 00:15:00,0.0,0.0,0.19921875,0.0,0.19921875
2024-10-17 00:30:00,0.0,0.0,0.30078125,0.0,0.30078125
2024-10-17 00:45:00,0.099853515625,0.0,0.19921875,0.0,0.099365234375
2024-10-17 01:00:00,0.0,0.0,0.19921875,0.0999755859375,0.0992431640625
2024-10-17 01:15:00,0.0,0.0,0.203125,0.0,0.203125
2024-10-17 01:30:00,0.0,0.0,0.296875,0.0,0.296875
2024-10-17 01:45:00,0.0,0.0,0.203125,0.0,0.203125
2024-10-17 02:30:00,0.10009765625,0.0,0.5,0.0,0.39990234375
2024-10-17 02:45:00,0.0,0.0,0.296875,0.0,0.296875
2024-10-17 03:00:00,0.0,0.0,0.30078125,0.0,0.30078125
2024-10-17 03:30:00,0.0,0.0,0.40234375,0.0,0.40234375
2024-10-17 03:45:00,0.10009765625,0.0,0.19921875,0.0,0.09912109375
2024-10-17 04:00:00,0.0,0.0,0.30078125,0.10003662109375,0.20074462890625
2024-10-17 04:15:00,0.0,0.0,0.19921875,0.0,0.19921875
2024-10-17 04:45:00,0.0,0.0,0.3984375,0.0,0.3984375
2024-10-17 05:15:00,0.099853515625,0.0,0.40234375,0.0,0.302490234375
2024-10-17 05:45:00,0.0,0.0,0.5,0.0,0.5
2024-10-17 06:00:00,0.0,0.0,0.19921875,0.0,0.19921875
2024-10-17 06:15:00,0.0,0.0,0.19921875,0.0,0.19921875
2024-10-17 06:30:00,0.10009765625,0.0,0.30078125,0.0,0.20068359375
2024-10-17 06:45:00,0.0,0.0,0.0,0.0,0.0
2024-10-17 07:00:00,0.0,0.099609375,0.59765625,0.0,0.498046875
2024-10-17 07:30:00,0.0,1.2003173828125,1.90234375,0.0999755859375,0.60205078125
2024-10-17 08:00:00,0.099853515625,1.1005859375,1.80078125,0.0,0.600341796875
2024-10-17 08:15:00,0.10009765625,0.400390625,0.69921875,0.0,0.19873046875
2024-10-17 08:30:00,0.0,0.899658203125,1.3984375,0.0,0.498779296875
2024-10-17 10:15:00,0.199951171875,4.6993408203125,9.0,0.10003662109375,4.00067138671875
2024-10-17 10:30:00,0.0,0.099609375,0.5,0.0,0.400390625
2024-10-17 10:45:00,0.10009765625,1.0009765625,2.19921875,0.0,1.09814453125
2024-10-17 11:15:00,0.0,1.099365234375,2.30078125,0.0,1.201416015625
2024-10-17 12:30:00,0.199951171875,3.40057373046875,6.5,0.0,2.89947509765625
2024-10-17 12:45:00,0.0,0.299560546875,0.40234375,0.0,0.102783203125
2024-10-17 13:00:00,0.0,1.00048828125,2.296875,0.0,1.29638671875
2024-10-17 13:15:00,0.0,0.399169921875,1.0,0.0999755859375,0.5008544921875
2024-10-17 13:30:00,0.10009765625,1.0003662109375,1.90234375,0.0,0.8018798828125
2024-10-17 13:45:00,0.0,0.299804687496362,1.0,0.0,0.700195312503638
2024-10-17 14:30:00,0.099853515625,2.200317382816138,4.69921875,0.0,2.399047851558862
2024-10-17 14:45:00,0.0,0.39959716796875,0.3984375,0.0,-0.00115966796875
2024-10-17 15:00:00,0.0,0.700683593753638,1.40234375,0.0,0.701660156246362
2024-10-17 15:15:00,0.10009765625,1.099609375,2.30078125,0.0,1.10107421875
2024-10-17 15:45:00,0.0,1.000244140621362,2.19921875,0.0,1.198974609378638
2024-10-17 16:00:00,0.0,0.60009765625,1.5,0.0,0.89990234375
2024-10-17 16:30:00,0.099853515625,1.399658203128638,3.19921875,0.0999755859375,1.599731445308862
2024-10-17 16:45:00,0.0,0.300292968746362,0.5,0.0,0.19970703125363798
2024-10-17 17:45:00,0.10009765625,2.500488281253638,5.3984375,0.0,2.797851562496362
2024-10-17 18:00:00,0.10009765625,0.899902343746362,1.703125,0.0,0.703125000003638
2024-10-17 18:15:00,0.0,0.699707031253638,1.59765625,0.0,0.897949218746362
2024-10-17 18:45:00,0.099853515625,1.300048828117724,2.19921875,0.0,0.799316406257276
2024-10-17 19:00:00,0.0,0.19970703125363798,0.40234375,0.0,0.20263671874636202
2024-10-17 19:15:00,0.0,1.000244140628638,1.8984375,0.0,0.898193359371362
2024-10-17 19:45:00,0.10009765625,1.0,1.69921875,0.10003662109375,0.49908447265625
2024-10-17 20:00:00,0.0,0.399414062496362,0.703125,0.0,0.303710937503638
2024-10-17 20:15:00,0.0,0.400146484375,0.796875,0.0,0.396728515625
2024-10-17 20:30:00,0.0,0.5,0.703125,0.0,0.203125
2024-10-17 20:45:00,0.0,0.20068359375,0.19921875,0.0,-0.00146484375
2024-10-17 21:00:00,0.0,0.399658203125,0.69921875,0.0,0.299560546875
2024-10-17 21:15:00,0.099853515625,0.599609375,0.8984375,0.0,0.198974609375
2024-10-17 21:30:00,0.0,0.6005859375,0.90234375,0.0,0.3017578125
2024-10-17 21:45:00,0.0,0.099609375,0.19921875,0.0,0.099609375
2024-10-17 22:00:00,0.10009765625,0.700439453125,1.19921875,0.0,0.398681640625
2024-10-17 22:15:00,0.0,0.2001953125,0.5,0.0,0.2998046875
2024-10-17 22:30:00,0.0,0.099609375,0.1015625,0.0,0.001953125
2024-10-17 23:30:00,0.0,0.7001953125,1.69921875,0.0999755859375,0.8990478515625
2024-10-17 23:45:00,0.10009765625,0.2001953125,0.6015625,0.0,0.30126953125
2024-10-18 00:00:00,0.0,0.2998046875,0.59765625,0.0,0.2978515625
2024-10-18 00:15:00,0.0,0.0,0.1015625,0.0,0.1015625
2024-10-18 00:30:00,0.0,0.2998046875,0.59765625,0.0,0.2978515625
2024-10-18 00:45:00,0.0,0.2001953125,0.5,0.0,0.2998046875
2024-10-18 01:00:00,0.099853515625,0.099609375,0.40234375,0.0,0.202880859375
2024-10-18 01:15:00,0.0,0.0,0.0,0.0,0.0
2024-10-18 01:45:00,0.0,0.0,0.69921875,0.10003662109375,0.59918212890625
2024-10-18 02:00:00,0.0,0.0,0.19921875,0.0,0.19921875
2024-10-18 02:30:00,0.10009765625,0.0,0.40234375,0.0,0.30224609375
2024-10-18 03:00:00,0.0,0.0,0.5,0.0,0.5
2024-10-18 03:45:00,0.0,0.0,0.59765625,0.0,0.59765625
2024-10-18 04:00:00,0.099853515625,0.0,0.30078125,0.0,0.200927734375
2024-10-18 04:15:00,0.0,0.0,0.3984375,0.0,0.3984375
2024-10-18 04:45:00,0.0,0.10009765625,0.5,0.0999755859375,0.2999267578125
2024-10-18 05:00:00,0.0,0.099853515625,0.30078125,0.0,0.200927734375
2024-10-18 05:15:00,0.10009765625,0.0,0.30078125,0.0,0.20068359375
2024-10-18 05:45:00,0.0,0.10009765625,0.6015625,0.0,0.50146484375
2024-10-18 06:00:00,0.0,0.10009765625,0.296875,0.0,0.19677734375
2024-10-18 06:15:00,0.0,0.0,0.30078125,0.0,0.30078125
2024-10-18 06:30:00,0.10009765625,0.099853515625,0.30078125,0.0,0.100830078125
2024-10-18 06:45:00,0.0,0.0,0.19921875,0.0,0.19921875
2024-10-18 07:15:00,0.0,0.999755859375,1.80078125,0.0,0.801025390625
2024-10-18 07:30:00,0.0,0.39990234375,0.69921875,0.0,0.29931640625
2024-10-18 08:00:00,0.099853515625,1.0,1.69921875,0.0999755859375,0.4993896484375
2024-10-18 08:15:00,0.10009765625,1.000732421875,1.703125,0.0,0.602294921875
2024-10-18 08:45:00,0.0,1.099365234375,1.796875,0.0,0.697509765625
2024-10-18 09:00:00,0.0,0.400390625,0.703125,0.0,0.302734375
2024-10-18 09:30:00,0.0,1.2001953125,2.296875,0.0,1.0966796875
2024-10-18 10:00:00,0.099853515625,1.7999267578125,3.30078125,0.0,1.4010009765625
2024-10-18 10:30:00,0.0,0.799560546875,1.80078125,0.0,1.001220703125
2024-10-18 11:00:00,0.0,1.900024414066138,3.5,0.10003662109375,1.499938964840112
2024-10-18 11:15:00,0.10009765625,0.600585937496362,1.30078125,0.0,0.600097656253638
2024-10-18 11:45:00,0.0,0.800048828125,1.5,0.0,0.699951171875
2024-10-18 12:00:00,0.0,0.999938964840112,1.5,0.0,0.500061035159888
2024-10-18 12:30:00,0.0,1.099609375,2.19921875,0.0,1.099609375
2024-10-18 12:45:00,0.10009765625,0.499755859378638,0.80078125,0.0,0.20092773437136202
2024-10-18 13:00:00,0.0,1.1009521484375,1.8984375,0.0,0.7974853515625
2024-10-18 13:30:00,0.0,1.198974609378638,2.6015625,0.0,1.402587890621362
2024-10-18 14:30:00,0.099853515625,2.300415039058862,4.19921875,0.0999755859375,1.698974609378638
2024-10-18 15:00:00,0.0,1.70037841796875,3.30078125,0.0,1.60040283203125
2024-10-18 15:15:00,0.0,0.59912109375,1.19921875,0.0,0.60009765625
2024-10-18 15:30:00,0.10009765625,0.20068359375,0.3984375,0.0,0.09765625
2024-10-18 15:45:00,0.0,1.1002197265625,1.703125,0.0,0.6029052734375
2024-10-18 16:15:00,0.0,1.399658203125,2.796875,0.0,1.397216796875
2024-10-18 16:30:00,0.0,0.099609375,0.40234375,0.0,0.302734375
2024-10-18 16:45:00,0.0,0.9998779296875,1.69921875,0.0,0.6993408203125
2024-10-18 18:00:00,0.099853515625,3.20062255859375,5.69921875,0.10003662109375,2.2987060546875
2024-10-18 18:15:00,0.10009765625,0.49951171875,0.69921875,0.0,0.099609375
2024-10-18 18:30:00,0.0,0.600341796875,1.0,0.0,0.399658203125
2024-10-18 18:45:00,0.0,0.7998046875,1.30078125,0.0,0.5009765625
2024-10-18 19:30:00,0.0,0.900146484378638,1.5,0.0,0.599853515621362
2024-10-18 19:45:00,0.10009765625,0.399902343746362,0.80078125,0.0,0.300781250003638
2024-10-18 20:00:00,0.0,0.099609375,0.19921875,0.0,0.099609375
2024-10-18 20:15:00,0.0,0.400634765625,0.80078125,0.0999755859375,0.3001708984375
2024-10-18 20:30:00,0.0,0.10009765625,0.30078125,0.0,0.20068359375
2024-10-18 20:45:00,0.0,0.0,0.30078125,0.0,0.30078125
2024-10-18 21:30:00,0.099853515625,0.199951171875,0.69921875,0.0,0.3994140625
2024-10-18 21:45:00,0.0,0.0,0.19921875,0.0,0.19921875
2024-10-18 22:00:00,0.0,0.10009765625,0.3984375,0.0,0.29833984375
2024-10-18 22:30:00,0.10009765625,0.099609375,0.6015625,0.0,0.40185546875
2024-10-18 22:45:00,0.0,0.0,0.19921875,0.0,0.19921875
2024-10-18 23:00:00,0.0,0.0,0.19921875,0.0999755859375,0.0992431640625
2024-10-18 23:15:00,0.0,0.0,0.1015625,0.0,0.1015625
2024-10-19 00:45:00,0.099853515625,0.0,1.5,0.0,1.400146484375
2024-10-19 01:00:00,0.0,0.0,0.19921875,0.0,0.19921875
2024-10-19 02:00:00,0.10009765625,0.0,0.90234375,0.0,0.80224609375
2024-10-19 02:30:00,0.0,0.0,0.5,0.10003662109375,0.39996337890625
2024-10-19 02:45:00,0.10009765625,0.0,0.19921875,0.0,0.09912109375
2024-10-19 03:00:00,0.0,0.0,0.19921875,0.0,0.19921875
2024-10-19 03:15:00,0.0,0.0,0.30078125,0.0,0.30078125
2024-10-19 04:00:00,0.099853515625,0.0,0.59765625,0.0,0.497802734375
2024-10-19 04:15:00,0.0,0.0,0.203125,0.0,0.203125
2024-10-19 04:30:00,0.0,0.0,0.19921875,0.0,0.19921875
2024-10-19 04:45:00,0.0,0.0,0.30078125,0.0,0.30078125
2024-10-19 05:00:00,0.0,0.0,0.09765625,0.0,0.09765625
2024-10-19 05:15:00,0.0,0.0,0.30078125,0.0,0.30078125
2024-10-19 05:45:00,0.10009765625,0.0,0.6015625,0.0999755859375,0.4014892578125
2024-10-19 06:00:00,0.0,0.0,0.19921875,0.0,0.19921875
2024-10-19 06:15:00,0.0,0.0,0.19921875,0.0,0.19921875
2024-10-19 06:30:00,0.0,0.0,0.19921875,0.0,0.19921875
2024-10-19 07:00:00,0.099853515625,0.0,0.5,0.0,0.400146484375
2024-10-19 07:15:00,0.0,0.0,0.19921875,0.0,0.19921875
2024-10-19 07:45:00,0.0,0.0,0.30078125,0.0,0.30078125
2024-10-19 08:30:00,0.10009765625,0.0,0.80078125,0.10003662109375,0.60064697265625
2024-10-19 08:45:00,0.0,0.0,0.30078125,0.0,0.30078125
2024-10-19 09:15:00,0.0,0.0,0.3984375,0.0,0.3984375
2024-10-19 09:30:00,0.0,0.0,0.30078125,0.0,0.30078125
2024-10-19 09:45:00,0.0,0.0,0.0,0.0,0.0
2024-10-19 10:15:00,0.10009765625,0.0,0.5,0.0,0.39990234375
2024-10-19 10:30:00,0.0,0.0,0.30078125,0.0,0.30078125
2024-10-19 10:45:00,0.0,0.0,0.30078125,0.0,0.30078125
2024-10-19 11:00:00,0.0,0.0,0.19921875,0.0,0.19921875
2024-10-19 11:15:00,0.099853515625,0.0,0.19921875,0.0,0.099365234375
2024-10-19 11:30:00,0.0,0.0,0.19921875,0.0999755859375,0.0992431640625
2024-10-19 11:45:00,0.0,0.0,0.19921875,0.0,0.19921875
2024-10-19 12:15:00,0.0,0.0,0.5,0.0,0.5
2024-10-19 12:30:00,0.10009765625,0.0,0.30078125,0.0,0.20068359375
2024-10-19 13:00:00,0.0,0.0,0.40234375,0.0,0.40234375
2024-10-19 13:30:00,0.0,0.0,0.296875,0.0,0.296875
2024-10-19 13:45:00,0.0,0.0,0.30078125,0.0,0.30078125
2024-10-19 14:00:00,0.0,0.0,0.19921875,0.0,0.19921875
2024-10-19 14:15:00,0.099853515625,0.0,0.40234375,0.0,0.302490234375
2024-10-19 14:30:00,0.0,0.0,0.0,0.0,0.0
2024-10-19 14:45:00,0.0,0.0,0.30078125,0.0999755859375,0.2008056640625
2024-10-19 15:00:00,0.0,0.0,0.19921875,0.0,0.19921875
2024-10-19 15:15:00,0.0,0.0,0.19921875,0.0,0.19921875
2024-10-19 15:30:00,0.10009765625,0.0,0.30078125,0.0,0.20068359375
2024-10-19 15:45:00,0.0,0.0,0.19921875,0.0,0.19921875
2024-10-19 16:00:00,0.0,0.0,0.30078125,0.0,0.30078125
2024-10-19 16:15:00,0.0,0.0,0.19921875,0.0,0.19921875
2024-10-19 16:30:00,0.0,0.0,0.19921875,0.0,0.19921875
2024-10-19 17:30:00,0.10009765625,0.0,0.90234375,0.0,0.80224609375
2024-10-19 17:45:00,0.0,0.0,0.19921875,0.10003662109375,0.09918212890625
2024-10-19 18:15:00,0.099853515625,0.0,0.5,0.0,0.400146484375
2024-10-19 18:30:00,0.0,0.0,0.19921875,0.0,0.19921875
2024-10-19 18:45:00,0.0,0.0,0.30078125,0.0,0.30078125
2024-10-19 19:45:00,0.10009765625,0.0,0.69921875,0.0,0.59912109375
2024-10-19 20:15:00,0.0,0.0,0.3984375,0.0,0.3984375
2024-10-19 20:30:00,0.0,0.0,0.5,0.0,0.5
2024-10-19 20:45:00,0.0,0.0,0.0,0.0999755859375,-0.0999755859375
2024-10-19 21:15:00,0.099853515625,0.0,0.5,0.0,0.400146484375
2024-10-19 21:45:00,0.0,0.0,0.5,0.0,0.5
2024-10-19 22:00:00,0.0,0.0,0.203125,0.0,0.203125
2024-10-19 22:15:00,0.0,0.0,0.19921875,0.0,0.19921875
2024-10-19 22:30:00,0.10009765625,0.0,0.19921875,0.0,0.09912109375
2024-10-19 23:00:00,0.0,0.0,0.3984375,0.0,0.3984375
2024-10-19 23:15:00,0.0,0.0,0.1015625,0.0,0.1015625
2024-10-19 23:30:00,0.0,0.0,0.30078125,0.0,0.30078125
2024-10-19 23:45:00,0.0,0.0,0.09765625,0.0,0.09765625
2024-10-20 00:15:00,0.10009765625,0.0,0.40234375,0.10003662109375,0.20220947265625
2024-10-20 00:30:00,0.0,0.0,0.30078125,0.0,0.30078125
2024-10-20 00:45:00,0.0,0.0,0.296875,0.0,0.296875
2024-10-20 01:30:00,0.099853515625,0.0,0.80078125,0.0,0.700927734375
2024-10-20 01:45:00,0.0,0.0,0.19921875,0.0,0.19921875
2024-10-20 02:00:00,0.0,0.0,0.203125,0.0,0.203125
2024-10-20 02:30:00,0.0,0.0,0.296875,0.0,0.296875
2024-10-20 03:00:00,0.10009765625,0.0,0.5,0.0999755859375,0.2999267578125
2024-10-20 03:15:00,0.0,0.0,0.203125,0.0,0.203125
2024-10-20 03:30:00,0.0,0.0,0.19921875,0.0,0.19921875
2024-10-20 04:30:00,0.099853515625,0.0,1.0,0.0,0.900146484375
2024-10-20 04:45:00,0.0,0.0,0.09765625,0.0,0.09765625
2024-10-20 05:30:00,0.0,0.0,0.6015625,0.0,0.6015625
2024-10-20 05:45:00,0.10009765625,0.0,0.19921875,0.0,0.09912109375
2024-10-20 06:00:00,0.0,0.0,0.30078125,0.0999755859375,0.2008056640625
2024-10-20 06:45:00,0.0,0.0,0.69921875,0.0,0.69921875
2024-10-20 07:00:00,0.10009765625,0.0,0.19921875,0.0,0.09912109375
2024-10-20 07:30:00,0.0,0.0,0.6015625,0.0,0.6015625
2024-10-20 07:45:00,0.0,0.0,0.30078125,0.0,0.30078125
2024-10-20 08:00:00,0.0,0.0,0.19921875,0.0,0.19921875
2024-10-20 08:15:00,0.0,0.0,0.0,0.0,0.0
2024-10-20 09:00:00,0.099853515625,0.0,0.69921875,0.0,0.599365234375
2024-10-20 09:15:00,0.0,0.0,0.40234375,0.10003662109375,0.30230712890625
2024-10-20 09:30:00,0.0,0.0,0.09765625,0.0,0.09765625
2024-10-20 09:45:00,0.10009765625,0.0,0.30078125,0.0,0.20068359375
2024-10-20 10:00:00,0.0,0.0,0.1015625,0.0,0.1015625
2024-10-20 10:15:00,0.0,0.19970703125363798,0.59765625,0.0,0.397949218746362
2024-10-20 10:30:00,0.0,0.10058593749636202,0.19921875,0.0,0.09863281250363798
2024-10-20 10:45:00,0.0,0.699951171875,0.90234375,0.0,0.202392578125
2024-10-20 11:00:00,0.0,0.0,0.30078125,0.0,0.30078125
2024-10-20 11:15:00,0.099853515625,0.0,0.19921875,0.0,0.099365234375
2024-10-20 11:45:00,0.0,0.0,0.30078125,0.0,0.30078125
2024-10-20 12:00:00,0.0,0.0,0.19921875,0.0,0.19921875
2024-10-20 12:15:00,0.0,0.0,0.30078125,0.0999755859375,0.2008056640625
2024-10-20 12:45:00,0.10009765625,0.0,0.5,0.0,0.39990234375
2024-10-20 13:15:00,0.0,0.0,0.5,0.0,0.5
2024-10-20 13:30:00,0.0,0.0,0.19921875,0.0,0.19921875
2024-10-20 13:45:00,0.0,0.0,0.09765625,0.0,0.09765625
2024-10-20 14:00:00,0.10009765625,0.0,0.40234375,0.0,0.30224609375
2024-10-20 14:15:00,0.0,0.0,0.09765625,0.0,0.09765625
2024-10-20 14:45:00,0.0,0.0,0.6015625,0.0,0.6015625
2024-10-20 15:00:00,0.0,0.0,0.1015625,0.0,0.1015625
2024-10-20 15:15:00,0.099853515625,0.0,0.296875,0.10003662109375,0.09698486328125
2024-10-20 15:30:00,0.0,0.0,0.1015625,0.0,0.1015625
2024-10-20 15:45:00,0.0,0.0,0.30078125,0.0,0.30078125
2024-10-20 16:15:00,0.0,0.0,0.3984375,0.0,0.3984375
2024-10-20 16:30:00,0.0,0.0,0.30078125,0.0,0.30078125
2024-10-20 16:45:00,0.0,0.0,0.1015625,0.0,0.1015625
2024-10-20 17:00:00,0.10009765625,0.0,0.296875,0.0,0.19677734375
2024-10-20 17:30:00,0.0,0.0,0.30078125,0.0,0.30078125
2024-10-20 17:45:00,0.0,0.0,0.40234375,0.0,0.40234375
2024-10-20 18:00:00,0.0,0.0,0.09765625,0.0,0.09765625
2024-10-20 18:15:00,0.099853515625,0.0,0.30078125,0.0999755859375,0.1009521484375
2024-10-20 18:30:00,0.0,0.0,0.19921875,0.0,0.19921875
2024-10-20 18:45:00,0.0,0.0,0.19921875,0.0,0.19921875
2024-10-20 19:15:00,0.0,0.0,0.40234375,0.0,0.40234375
2024-10-20 19:30:00,0.0,0.0,0.30078125,0.0,0.30078125
2024-10-20 19:45:00,0.10009765625,0.0,0.19921875,0.0,0.09912109375
2024-10-20 20:45:00,0.0,0.0,1.0,0.0,1.0
2024-10-20 21:00:00,0.10009765625,0.0,0.19921875,0.0,0.09912109375
2024-10-20 21:15:00,0.0,0.0,0.19921875,0.0999755859375,0.0992431640625
2024-10-20 21:30:00,0.0,0.0,0.1015625,0.0,0.1015625
2024-10-20 22:00:00,0.0,0.0,0.3984375,0.0,0.3984375
2024-10-20 22:30:00,0.099853515625,0.0,0.40234375,0.0,0.302490234375
2024-10-20 22:45:00,0.0,0.0,0.296875,0.0,0.296875
2024-10-20 23:00:00,0.0,0.0,0.203125,0.0,0.203125
2024-10-20 23:15:00,0.0,0.0,0.19921875,0.0,0.19921875
2024-10-20 23:30:00,0.0,0.0,0.09765625,0.0,0.09765625
2024-10-21 00:00:00,0.10009765625,0.0,0.40234375,0.0,0.30224609375
2024-10-21 00:30:00,0.0,0.0,0.5,0.10003662109375,0.39996337890625
2024-10-21 00:45:00,0.0,0.0,0.19921875,0.0,0.19921875
2024-10-21 01:00:00,0.0,0.0,0.19921875,0.0,0.19921875
2024-10-21 01:15:00,0.099853515625,0.0,0.30078125,0.0,0.200927734375
2024-10-21 02:00:00,0.0,0.0,0.69921875,0.0,0.69921875
2024-10-21 02:15:00,0.0,0.0,0.1015625,0.0,0.1015625
2024-10-21 02:30:00,0.0,0.0,0.3984375,0.0,0.3984375
2024-10-21 03:15:00,0.10009765625,0.0,0.6015625,0.0,0.50146484375
2024-10-21 04:00:00,0.10009765625,0.0,0.69921875,0.0999755859375,0.4991455078125
2024-10-21 04:15:00,0.0,0.0,0.19921875,0.0,0.19921875
2024-10-21 04:45:00,0.0,0.199951171875,0.6015625,0.0,0.401611328125
2024-10-21 05:00:00,0.0,0.0,0.09765625,0.0,0.09765625
2024-10-21 05:15:00,0.0,0.10009765625,0.40234375,0.0,0.30224609375
2024-10-21 05:30:00,0.0,0.0,0.09765625,0.0,0.09765625
2024-10-21 05:45:00,0.099853515625,0.10009765625,0.40234375,0.0,0.202392578125
2024-10-21 06:00:00,0.0,0.0,0.09765625,0.0,0.09765625
2024-10-21 06:15:00,0.0,0.099609375,0.40234375,0.0,0.302734375
2024-10-21 06:30:00,0.0,0.099853515625,0.5,0.10003662109375,0.30010986328125
2024-10-21 07:00:00,0.10009765625,0.30029296875,0.8984375,0.0,0.498046875
2024-10-21 07:15:00,0.0,0.500244140625,0.80078125,0.0,0.300537109375
2024-10-21 07:30:00,0.0,0.4993896484375,0.6015625,0.0,0.1021728515625
2024-10-21 07:45:00,0.0,0.90032958984375,1.3984375,0.0,0.49810791015625
2024-10-21 08:00:00,0.0,0.19970703125,0.30078125,0.0,0.10107421875
2024-10-21 08:30:00,0.099853515625,1.999755859375,2.8984375,0.0,0.798828125
2024-10-21 08:45:00,0.0,0.40087890625,1.19921875,0.0,0.79833984375
2024-10-21 09:00:00,0.0,0.699645996097388,0.80078125,0.0,0.10113525390261202
2024-10-21 09:15:00,0.0,0.600097656246362,1.30078125,0.0,0.700683593753638
2024-10-21 09:45:00,0.10009765625,1.39996337890625,2.69921875,0.0999755859375,1.09918212890625
2024-10-21 10:15:00,0.0,1.400390625,3.0,0.0,1.599609375
2024-10-21 10:30:00,0.0,0.7998046875,1.80078125,0.0,1.0009765625
2024-10-21 11:00:00,0.0,1.10040283203125,2.0,0.0,0.89959716796875
2024-10-21 11:45:00,0.10009765625,2.69940185546875,5.0,0.0,2.20050048828125
2024-10-21 12:00:00,0.0,0.5,1.19921875,0.0,0.69921875
2024-10-21 12:30:00,0.0,0.899658203125,1.6015625,0.0,0.701904296875
2024-10-21 13:00:00,0.099853515625,1.50018310546875,2.8984375,0.0999755859375,1.19842529296875
2024-10-21 13:15:00,0.0,0.7000732421875,1.5,0.0,0.7999267578125
2024-10-21 13:45:00,0.10009765625,1.30010986328125,2.5,0.0,1.09979248046875
2024-10-21 14:00:00,0.0,0.9996337890625,2.0,0.0,1.0003662109375
2024-10-21 14:15:00,0.099853515625,0.5003662109375,1.0,0.0,0.3997802734375
2024-10-21 14:30:00,0.0,1.09930419921875,2.5,0.0,1.40069580078125
2024-10-21 14:45:00,0.10009765625,0.7010498046875,1.5,0.0,0.6988525390625
2024-10-21 15:30:00,0.10009765625,2.19964599609375,4.19921875,0.0,1.89947509765625
2024-10-21 16:00:00,0.0,1.299316406246362,2.40234375,0.10003662109375,1.002990722659888
2024-10-21 16:15:00,0.0,0.601074218753638,1.3984375,0.0,0.797363281246362
2024-10-21 16:30:00,0.0,0.59912109375,1.30078125,0.0,0.70166015625
2024-10-21 16:45:00,0.099853515625,1.000244140625,1.80078125,0.0,0.70068359375
2024-10-21 17:15:00,0.0,1.00048828125,2.19921875,0.0,1.19873046875
2024-10-21 17:30:00,0.0,0.799560546875,1.80078125,0.0,1.001220703125
2024-10-21 17:45:00,0.0,0.70013427734375,1.30078125,0.0,0.60064697265625
2024-10-21 18:00:00,0.0,0.50048828125,0.796875,0.0,0.29638671875
2024-10-21 18:30:00,0.10009765625,0.999267578125,2.0,0.0,0.900634765625
2024-10-21 18:45:00,0.0,1.0999755859375,1.90234375,0.0,0.8023681640625
2024-10-21 19:00:00,0.0,0.400146484375,0.59765625,0.0999755859375,0.0975341796875
2024-10-21 19:30:00,0.0,1.10052490234375,1.703125,0.0,0.60260009765625
2024-10-21 20:45:00,0.099853515625,2.5994873046875,4.0,0.0,1.3006591796875
2024-10-21 21:00:00,0.10009765625,0.80029296875,1.19921875,0.0,0.298828125
2024-10-21 21:15:00,0.0,0.19958496093386202,0.30078125,0.0,0.10119628906613798
2024-10-21 21:45:00,0.0,1.300048828128638,2.0,0.0,0.699951171871362
2024-10-21 22:00:00,0.0,0.300292968753638,0.5,0.10003662109375,0.09967041015261202
2024-10-21 22:15:00,0.10009765625,0.600097656246362,0.796875,0.0,0.09667968750363798
2024-10-21 23:00:00,0.0,0.899902343753638,1.5,0.0,0.600097656246362
2024-10-21 23:15:00,0.0,0.300292968746362,0.6015625,0.0,0.301269531253638
2024-10-21 23:30:00,0.0,0.0,0.19921875,0.0,0.19921875
2024-10-21 23:45:00,0.099853515625,0.3994140625,0.69921875,0.0,0.199951171875
2024-10-22 00:15:00,0.0,0.0,0.40234375,0.0,0.40234375
2024-10-22 00:45:00,0.0,0.0,0.30078125,0.0,0.30078125
2024-10-22 01:15:00,0.10009765625,0.0,0.3984375,0.0999755859375,0.1983642578125
2024-10-22 01:30:00,0.0,0.0,0.3984375,0.0,0.3984375
2024-10-22 01:45:00,0.0,0.0,0.1015625,0.0,0.1015625
2024-10-22 02:00:00,0.0,0.0,0.19921875,0.0,0.19921875
2024-10-22 02:15:00,0.0,0.0,0.19921875,0.0,0.19921875
2024-10-22 02:45:00,0.099853515625,0.0,0.5,0.0,0.400146484375
2024-10-22 03:15:00,0.0,0.0,0.30078125,0.0,0.30078125
2024-10-22 04:00:00,0.10009765625,0.0,0.6015625,0.0,0.50146484375
2024-10-22 04:15:00,0.0,0.0,0.30078125,0.0999755859375,0.2008056640625
2024-10-22 04:30:00,0.0,0.10009765625,0.19921875,0.0,0.09912109375
2024-10-22 04:45:00,0.0,0.09985351562136202,0.30078125,0.0,0.20092773437863798
2024-10-22 05:00:00,0.0,0.0,0.296875,0.0,0.296875
2024-10-22 05:45:00,0.10009765625,0.20019531250363798,0.6015625,0.0,0.301269531246362
2024-10-22 06:00:00,0.0,0.0,0.3984375,0.0,0.3984375
2024-10-22 06:15:00,0.0,0.099853515625,0.203125,0.0,0.103271484375
2024-10-22 06:30:00,0.0,0.0,0.296875,0.0,0.296875
2024-10-22 07:00:00,0.099853515625,0.10009765625,0.5,0.0,0.300048828125
2024-10-22 07:15:00,0.0,0.9000244140625,1.40234375,0.10003662109375,0.40228271484375
2024-10-22 07:30:00,0.0,0.2001953125,0.30078125,0.0,0.1005859375
2024-10-22 07:45:00,0.0,0.7001953125,1.19921875,0.0,0.4990234375
2024-10-22 08:15:00,0.10009765625,1.399658203125,2.09765625,0.0,0.597900390625
2024-10-22 08:30:00,0.0,0.30029296875,0.40234375,0.0,0.10205078125
2024-10-22 08:45:00,0.0,0.900146484375,1.59765625,0.0,0.697509765625
2024-10-22 09:00:00,0.0,0.49951171875,0.703125,0.0,0.20361328125
2024-10-22 09:45:00,0.099853515625,2.40045166015625,4.09765625,0.0,1.59735107421875
2024-10-22 10:00:00,0.0,0.19964599609375,0.5,0.0,0.30035400390625
2024-10-22 10:30:00,0.0,1.69970703125,3.0,0.0999755859375,1.2003173828125
2024-10-22 11:00:00,0.10009765625,1.49969482421875,3.0,0.0,1.40020751953125
2024-10-22 11:30:00,0.0,1.4000244140625,2.40234375,0.0,1.0023193359375
2024-10-22 11:45:00,0.0,0.39990234375,0.69921875,0.0,0.29931640625
2024-10-22 12:15:00,0.0,1.40087890625,2.59765625,0.0,1.19677734375
2024-10-22 12:30:00,0.10009765625,0.399169921875,0.703125,0.0,0.203857421875
2024-10-22 12:45:00,0.0,0.5009765625,0.796875,0.0,0.2958984375
2024-10-22 13:00:00,0.0,0.799072265625,1.5,0.0,0.700927734375
2024-10-22 13:15:00,0.0,0.6005859375,1.1015625,0.0,0.5009765625
2024-10-22 13:30:00,0.0,0.69970703125,1.19921875,0.10003662109375,0.39947509765625
2024-10-22 13:45:00,0.099853515625,0.80023193359375,1.6015625,0.0,0.70147705078125
2024-10-22 14:00:00,0.0,0.700439453125,1.19921875,0.0,0.498779296875
2024-10-22 14:15:00,0.0,0.599609375,1.19921875,0.0,0.599609375
2024-10-22 14:30:00,0.0,0.699462890625,1.30078125,0.0,0.601318359375
2024-10-22 14:45:00,0.0,0.5003662109375,0.80078125,0.0,0.3004150390625
2024-10-22 15:00:00,0.0,0.60009765625,1.19921875,0.0,0.59912109375
2024-10-22 15:15:00,0.10009765625,0.60009765625,1.30078125,0.0,0.6005859375
2024-10-22 15:30:00,0.0,0.700439453128638,1.19921875,0.0,0.498779296871362
2024-10-22 15:45:00,0.0,0.498901367183862,0.80078125,0.0,0.301879882816138
2024-10-22 16:30:00,0.0,2.301025390625,4.69921875,0.0999755859375,2.2982177734375
2024-10-22 17:30:00,0.099853515625,2.59942626953125,5.0,0.0,2.30072021484375
2024-10-22 17:45:00,0.0,0.30023193359375,0.3984375,0.0,0.09820556640625
2024-10-22 18:00:00,0.0,1.0003662109375,1.703125,0.0,0.7027587890625
2024-10-22 18:15:00,0.10009765625,0.9996337890625,1.59765625,0.0,0.4979248046875
2024-10-22 18:30:00,0.0,0.39935302734375,0.69921875,0.0,0.29986572265625
2024-10-22 18:45:00,0.0,0.9002685546875,1.5,0.0,0.5997314453125
2024-10-22 19:00:00,0.0,0.200439453125,0.40234375,0.0,0.201904296875
2024-10-22 19:15:00,0.0,1.09954833984375,1.80078125,0.0,0.70123291015625
2024-10-22 19:45:00,0.10009765625,1.200805664066138,1.59765625,0.0999755859375,0.19677734374636202
2024-10-22 20:00:00,0.0,0.099609375,0.5,0.0,0.400390625
2024-10-22 20:15:00,0.0,0.599853515621362,1.0,0.0,0.400146484378638
2024-10-22 20:30:00,0.0,0.400390625,0.69921875,0.0,0.298828125
2024-10-22 20:45:00,0.0,0.399414062496362,0.703125,0.0,0.303710937503638
2024-10-22 21:15:00,0.099853515625,0.5,0.8984375,0.0,0.298583984375
2024-10-22 21:30:00,0.0,0.699951171882276,1.1015625,0.0,0.40161132811772404
2024-10-22 21:45:00,0.0,0.20019531249636202,0.5,0.0,0.299804687503638
2024-10-22 22:00:00,0.0,0.10058593750363798,0.296875,0.0,0.19628906249636202
2024-10-22 22:15:00,0.0,0.19946289062136202,0.30078125,0.0,0.10131835937863798
2024-10-22 22:30:00,0.10009765625,0.20019531249636202,0.40234375,0.0,0.10205078125363798
2024-10-22 22:45:00,0.0,0.20019531250363798,0.59765625,0.10003662109375,0.297424316402612
2024-10-22 23:00:00,0.0,0.099609375,0.19921875,0.0,0.099609375
2024-10-22 23:15:00,0.0,0.0,0.203125,0.0,0.203125
2024-10-22 23:30:00,0.0,0.0,0.296875,0.0,0.296875
2024-10-22 23:45:00,0.099853515625,0.0,0.203125,0.0,0.103271484375
2024-10-23 00:00:00,0.0,0.0,0.19921875,0.0,0.19921875
2024-10-23 00:15:00,0.0,0.0,0.19921875,0.0,0.19921875
2024-10-23 00:30:00,0.0,0.0,0.19921875,0.0,0.19921875
2024-10-23 00:45:00,0.0,0.0,0.30078125,0.0,0.30078125
2024-10-23 01:00:00,0.0,0.0,0.19921875,0.0,0.19921875
2024-10-23 01:15:00,0.10009765625,0.0,0.30078125,0.0,0.20068359375
2024-10-23 01:45:00,0.0,0.0,0.3984375,0.0999755859375,0.2984619140625
2024-10-23 02:15:00,0.0,0.0,0.5,0.0,0.5
2024-10-23 02:30:00,0.10009765625,0.0,0.203125,0.0,0.10302734375
2024-10-23 02:45:00,0.0,0.0,0.09765625,0.0,0.09765625
2024-10-23 03:15:00,0.0,0.0,0.6015625,0.0,0.6015625
2024-10-23 03:30:00,0.0,0.0,0.09765625,0.0,0.09765625
2024-10-23 04:15:00,0.099853515625,0.20019531249636202,0.703125,0.0,0.403076171878638
2024-10-23 04:45:00,0.0,0.10009765625363798,0.69921875,0.10003662109375,0.499084472652612
2024-10-23 05:15:00,0.10009765625,0.09985351562863798,0.5,0.0,0.300048828121362
2024-10-23 05:30:00,0.0,0.10009765624636202,0.30078125,0.0,0.20068359375363798
2024-10-23 06:00:00,0.0,0.099853515625,0.5,0.0,0.400146484375
2024-10-23 06:15:00,0.0,0.0,0.19921875,0.0,0.19921875
2024-10-23 06:30:00,0.0,0.10009765624636202,0.3984375,0.0,0.298339843753638
2024-10-23 07:15:00,0.099853515625,0.799438476566138,1.69921875,0.0,0.799926757808862
2024-10-23 07:30:00,0.0,0.20068359375,0.30078125,0.0,0.10009765625
2024-10-23 07:45:00,0.0,0.49951171875,1.1015625,0.0,0.60205078125
2024-10-23 08:00:00,0.0,0.600341796875,0.59765625,0.0999755859375,-0.1026611328125
2024-10-23 08:15:00,0.10009765625,0.7996826171875,1.5,0.0,0.6002197265625
2024-10-23 08:30:00,0.0,0.99993896484375,1.40234375,0.0,0.40240478515625
2024-10-23 08:45:00,0.0,0.30029296875,0.80078125,0.0,0.50048828125
2024-10-23 09:00:00,0.0,1.0001220703125,1.5,0.0,0.4998779296875
2024-10-23 09:15:00,0.0,0.39990234375,0.796875,0.0,0.39697265625
2024-10-23 10:00:00,0.10009765625,2.40032958984375,4.40234375,0.0,1.90191650390625
2024-10-23 10:45:00,0.0,1.799316406253638,3.19921875,0.0,1.399902343746362
2024-10-23 11:15:00,0.099853515625,1.5,2.80078125,0.0999755859375,1.1009521484375
2024-10-23 12:00:00,0.0,1.900085449215112,3.80078125,0.0,1.900695800784888
2024-10-23 12:30:00,0.10009765625,1.399658203125,2.59765625,0.0,1.097900390625
2024-10-23 13:15:00,0.0,2.100646972659888,3.80078125,0.0,1.700134277340112
2024-10-23 13:45:00,0.099853515625,1.699707031246362,3.1015625,0.0,1.302001953128638
2024-10-23 14:00:00,0.0,0.399902343753638,0.8984375,0.0,0.498535156246362
2024-10-23 14:30:00,0.0,1.500305175777612,2.69921875,0.10003662109375,1.098876953128638
2024-10-23 14:45:00,0.0,0.79949951171875,1.80078125,0.0,1.00128173828125
2024-10-23 15:00:00,0.0,0.6009521484375,0.8984375,0.0,0.2974853515625
2024-10-23 15:30:00,0.10009765625,1.69976806640625,3.1015625,0.0,1.30169677734375
2024-10-23 16:15:00,0.0,1.99993896484375,3.6015625,0.0,1.60162353515625
2024-10-23 16:45:00,0.10009765625,1.59967041015625,3.09765625,0.0,1.39788818359375
2024-10-23 17:15:00,0.0,1.0994873046875,2.1015625,0.0999755859375,0.902099609375
2024-10-23 18:00:00,0.0,1.700439453125,3.09765625,0.0,1.397216796875
2024-10-23 18:45:00,0.099853515625,2.000244140625,3.5,0.0,1.39990234375
2024-10-23 19:00:00,0.0,0.60009765625,1.0,0.0,0.39990234375
2024-10-23 19:15:00,0.0,0.499755859375,0.6015625,0.0,0.101806640625
2024-10-23 19:30:00,0.10009765625,0.600097656253638,1.30078125,0.0,0.600585937496362
2024-10-23 19:45:00,0.0,0.300292968746362,0.5,0.0,0.19970703125363798
2024-10-23 20:00:00,0.0,0.699462890625,1.30078125,0.0,0.601318359375
2024-10-23 20:15:00,0.0,0.20068359375,0.19921875,0.0,-0.00146484375
2024-10-23 20:30:00,0.0,0.39990234375,0.69921875,0.10003662109375,0.19927978515625
2024-10-23 20:45:00,0.0,0.39990234375,0.69921875,0.0,0.29931640625
2024-10-23 21:00:00,0.099853515625,0.399658203125,0.6015625,0.0,0.10205078125
2024-10-23 21:45:00,0.0,0.699951171875,1.59765625,0.0,0.897705078125
2024-10-23 22:00:00,0.0,0.19970703125,0.40234375,0.0,0.20263671875
2024-10-23 22:15:00,0.10009765625,0.0,0.19921875,0.0,0.09912109375
2024-10-23 22:30:00,0.0,0.0,0.30078125,0.0,0.30078125
2024-10-23 22:45:00,0.0,0.0,0.19921875,0.0,0.19921875
2024-10-23 23:30:00,0.0,0.0,0.3984375,0.0999755859375,0.2984619140625
2024-10-23 23:45:00,0.10009765625,0.0,0.203125,0.0,0.10302734375
2024-10-24 00:00:00,0.0,0.0,0.296875,0.0,0.296875
2024-10-24 00:15:00,0.0,0.0,0.203125,0.0,0.203125
2024-10-24 01:00:00,0.0,0.0,0.59765625,0.0,0.59765625
2024-10-24 01:15:00,0.099853515625,0.0,0.19921875,0.0,0.099365234375
2024-10-24 01:30:00,0.0,0.0,0.40234375,0.0,0.40234375
2024-10-24 01:45:00,0.0,0.0,0.19921875,0.0,0.19921875
2024-10-24 02:15:00,0.0,0.0,0.30078125,0.0,0.30078125
2024-10-24 02:30:00,0.10009765625,0.0,0.30078125,0.0999755859375,0.1007080078125
2024-10-24 02:45:00,0.0,0.0,0.09765625,0.0,0.09765625
2024-10-24 03:00:00,0.0,0.0,0.40234375,0.0,0.40234375
2024-10-24 03:15:00,0.0,0.0,0.0,0.0,0.0
2024-10-24 03:30:00,0.0,0.0,0.3984375,0.0,0.3984375
2024-10-24 03:45:00,0.0,0.0,0.1015625,0.0,0.1015625
2024-10-24 04:30:00,0.099853515625,0.10009765625,0.69921875,0.0,0.499267578125
2024-10-24 05:00:00,0.0,0.099853515625,0.5,0.0,0.400146484375
2024-10-24 05:30:00,0.10009765625,0.10009765625363798,0.3984375,0.0,0.19824218749636202
2024-10-24 06:00:00,0.0,0.09985351562136202,0.5,0.10003662109375,0.300109863284888
2024-10-24 06:15:00,0.0,0.0,0.40234375,0.0,0.40234375
2024-10-24 06:45:00,0.0,0.10009765625,0.5,0.0,0.39990234375
2024-10-24 07:00:00,0.10009765625,0.10009765625,0.3984375,0.0,0.1982421875
2024-10-24 07:30:00,0.0,1.10028076171875,1.6015625,0.0,0.50128173828125
2024-10-24 07:45:00,0.0,0.700195312503638,1.296875,0.0,0.596679687496362
2024-10-24 08:00:00,0.0,0.699462890621362,1.1015625,0.0,0.402099609378638
2024-10-24 08:15:00,0.099853515625,0.600585937496362,1.0,0.0,0.299560546878638
2024-10-24 08:30:00,0.0,0.800292968753638,1.3984375,0.0999755859375,0.498168945308862
2024-10-24 08:45:00,0.0,0.499267578128638,0.703125,0.0,0.20385742187136202
2024-10-24 09:00:00,0.0,0.400390625,0.796875,0.0,0.396484375
2024-10-24 09:15:00,0.0,1.000244140621362,1.703125,0.0,0.702880859378638
2024-10-24 09:45:00,0.10009765625,1.39990234375,3.19921875,0.0,1.69921875
2024-10-24 10:15:00,0.0,0.899169921875,1.80078125,0.0,0.901611328125
2024-10-24 11:00:00,0.099853515625,2.3009033203125,4.796875,0.0,2.3961181640625
2024-10-24 11:30:00,0.0,1.099609375,2.203125,0.0,1.103515625
2024-10-24 11:45:00,0.0,0.600341796875,1.19921875,0.10003662109375,0.49884033203125
2024-10-24 12:00:00,0.0,0.999877929683862,1.59765625,0.0,0.597778320316138
2024-10-24 12:15:00,0.0,0.499145507816138,0.90234375,0.0,0.403198242183862
2024-10-24 12:30:00,0.10009765625,0.5003662109375,0.8984375,0.0,0.2979736328125
2024-10-24 12:45:00,0.0,1.40057373046875,2.30078125,0.0,0.90020751953125
2024-10-24 13:00:00,0.0,0.8994140625,1.5,0.0,0.6005859375
2024-10-24 13:15:00,0.0,0.3006591796875,0.5,0.0,0.1993408203125
2024-10-24 13:30:00,0.0,1.39959716796875,2.69921875,0.0,1.29962158203125
2024-10-24 14:45:00,0.10009765625,3.89990234375,6.80078125,0.0,2.80078125
2024-10-24 15:00:00,0.0,1.0006103515625,1.69921875,0.0999755859375,0.5986328125
2024-10-24 15:15:00,0.099853515625,1.09912109375,2.30078125,0.0,1.101806640625
2024-10-24 15:30:00,0.0,1.10028076171875,2.30078125,0.0,1.20050048828125
2024-10-24 15:45:00,0.10009765625,0.6995849609375,1.09765625,0.0,0.2979736328125
2024-10-24 16:15:00,0.099853515625,1.700439453125,3.1015625,0.0,1.30126953125
2024-10-24 16:30:00,0.0,0.5999755859375,1.0,0.0,0.4000244140625
2024-10-24 17:15:00,0.2001953125,2.39971923828125,4.80078125,0.0,2.20086669921875
2024-10-24 17:30:00,0.099853515625,1.100219726558862,2.0,0.0,0.799926757816138
2024-10-24 18:45:00,0.300048828125,3.500610351566138,6.0,0.0999755859375,2.099365234371362
2024-10-24 19:00:00,0.10009765625,0.79931640625,1.5,0.0,0.6005859375
2024-10-24 19:30:00,0.099853515625,0.60009765625,1.30078125,0.0,0.600830078125
2024-10-24 19:45:00,0.0,0.599853515625,1.19921875,0.0,0.599365234375
2024-10-24 20:00:00,0.10009765625,0.2001953125,0.69921875,0.0,0.39892578125
2024-10-24 20:30:00,0.0,0.5,0.8984375,0.0,0.3984375
2024-10-24 21:15:00,0.099853515625,0.800537109375,1.90234375,0.10003662109375,0.90191650390625
2024-10-24 21:30:00,0.0,0.19921875,0.59765625,0.0,0.3984375
2024-10-24 21:45:00,0.0,0.0,0.1015625,0.0,0.1015625
2024-10-24 22:00:00,0.0,0.400634765625,0.69921875,0.0,0.298583984375
2024-10-24 22:45:00,0.10009765625,0.69970703125,1.6015625,0.0,0.8017578125
2024-10-24 23:00:00,0.0,0.2001953125,0.5,0.0,0.2998046875
2024-10-24 23:15:00,0.0,0.099609375,0.3984375,0.0,0.298828125
2024-10-24 23:45:00,0.0,0.39990234375,0.90234375,0.0,0.50244140625
2024-10-25 00:00:00,0.0,0.2001953125,0.3984375,0.0999755859375,0.0982666015625
2024-10-25 00:30:00,0.10009765625,0.500244140625,1.19921875,0.0,0.598876953125
2024-10-25 00:45:00,0.0,0.2001953125,0.40234375,0.0,0.2021484375
2024-10-25 01:15:00,0.0,0.0,0.3984375,0.0,0.3984375
2024-10-25 01:30:00,0.0,0.0,0.19921875,0.0,0.19921875
2024-10-25 01:45:00,0.099853515625,0.0,0.19921875,0.0,0.099365234375
2024-10-25 02:00:00,0.0,0.0,0.30078125,0.0,0.30078125
2024-10-25 03:00:00,0.10009765625,0.0,0.90234375,0.0,0.80224609375
2024-10-25 03:15:00,0.0,0.0,0.19921875,0.10003662109375,0.09918212890625
2024-10-25 03:30:00,0.0,0.0,0.30078125,0.0,0.30078125
2024-10-25 03:45:00,0.0,0.0,0.19921875,0.0,0.19921875
2024-10-25 04:00:00,0.0,0.10009765625,0.30078125,0.0,0.20068359375
2024-10-25 04:15:00,0.0,0.0,0.09765625,0.0,0.09765625
2024-10-25 04:45:00,0.099853515625,0.199462890625,0.69921875,0.0,0.39990234375
2024-10-25 05:00:00,0.0,0.10009765625,0.40234375,0.0,0.30224609375
2024-10-25 05:15:00,0.0,0.0,0.30078125,0.0,0.30078125
2024-10-25 05:30:00,0.0,0.0,0.19921875,0.0,0.19921875
2024-10-25 05:45:00,0.10009765625,0.10009765625,0.30078125,0.0,0.1005859375
2024-10-25 06:15:00,0.0,0.099853515625,0.69921875,0.0999755859375,0.4993896484375
2024-10-25 06:30:00,0.0,0.10009765625,0.19921875,0.0,0.09912109375
2024-10-25 06:45:00,0.0,0.0,0.3984375,0.0,0.3984375
2024-10-25 07:00:00,0.0,0.099853515625,0.203125,0.0,0.103271484375
2024-10-25 07:15:00,0.10009765625,0.400268554691138,0.796875,0.0,0.296508789058862
2024-10-25 07:30:00,0.0,0.899902343746362,1.30078125,0.0,0.400878906253638
2024-10-25 07:45:00,0.0,0.39990234375,0.80078125,0.0,0.40087890625
2024-10-25 08:15:00,0.0,0.799560546875,1.30078125,0.0,0.501220703125
2024-10-25 08:45:00,0.099853515625,1.499755859375,2.3984375,0.0,0.798828125
2024-10-25 09:00:00,0.0,0.5009765625,0.69921875,0.0,0.1982421875
2024-10-25 09:15:00,0.0,1.0,1.90234375,0.0999755859375,0.8023681640625
2024-10-25 09:30:00,0.0,0.699462890625,1.19921875,0.0,0.499755859375
2024-10-25 10:00:00,0.10009765625,0.89990234375,1.6015625,0.0,0.6015625
2024-10-25 10:15:00,0.0,0.599853515625,1.3984375,0.0,0.798583984375
2024-10-25 10:45:00,0.0,1.7001953125,3.30078125,0.0,1.6005859375
2024-10-25 11:00:00,0.0,0.700439453125,1.30078125,0.0,0.600341796875
2024-10-25 11:45:00,0.099853515625,1.899658203128638,3.3984375,0.0,1.398925781246362
2024-10-25 12:00:00,0.0,0.400390625,0.69921875,0.0,0.298828125
2024-10-25 12:15:00,0.0,0.900146484371362,1.30078125,0.10003662109375,0.300598144534888
2024-10-25 12:30:00,0.0,0.499511718746362,1.1015625,0.0,0.602050781253638
2024-10-25 12:45:00,0.10009765625,0.700683593753638,1.0,0.0,0.19921874999636202
2024-10-25 13:00:00,0.0,0.399169921875,0.796875,0.0,0.397705078125
2024-10-25 13:15:00,0.0,0.7001953125,1.203125,0.0,0.5029296875
2024-10-25 13:30:00,0.0,0.400390625,0.796875,0.0,0.396484375
2024-10-25 14:00:00,0.10009765625,1.499755859375,3.0,0.0,1.400146484375
2024-10-25 14:15:00,0.0,0.89990234375,1.703125,0.0,0.80322265625
2024-10-25 15:00:00,0.0,1.5997314453125,3.0,0.0,1.4002685546875
2024-10-25 15:30:00,0.099853515625,1.4000244140625,2.5,0.0999755859375,0.900146484375
2024-10-25 15:45:00,0.0,0.70068359375,1.296875,0.0,0.59619140625
2024-10-25 16:30:00,0.10009765625,2.49969482421875,4.80078125,0.0,2.20098876953125
2024-10-25 16:45:00,0.0,0.19970703125,0.40234375,0.0,0.20263671875
2024-10-25 17:00:00,0.0,0.700439453125,1.19921875,0.0,0.498779296875
2024-10-25 17:15:00,0.099853515625,1.199829101566138,2.09765625,0.0,0.797973632808862
2024-10-25 17:45:00,0.0,1.299804687496362,2.30078125,0.0,1.000976562503638
2024-10-25 18:00:00,0.0,0.70013427734375,1.1015625,0.0,0.40142822265625
2024-10-25 18:15:00,0.0,0.699951171875,1.09765625,0.0,0.397705078125
2024-10-25 18:30:00,0.10009765625,0.400390625,0.6015625,0.10003662109375,0.00103759765625
2024-10-25 18:45:00,0.0,0.599609375,1.0,0.0,0.400390625
2024-10-25 19:00:00,0.0,0.800048828125,1.19921875,0.0,0.399169921875
2024-10-25 19:15:00,0.0,0.39990234375,0.6015625,0.0,0.20166015625
2024-10-25 19:30:00,0.10009765625,0.399902343753638,0.69921875,0.0,0.19921874999636202
2024-10-25 19:45:00,0.0,0.39965820311772404,0.6015625,0.0,0.20190429688227596
2024-10-25 20:00:00,0.0,0.10058593750363798,0.3984375,0.0,0.297851562496362
2024-10-25 20:30:00,0.0,0.900146484378638,1.19921875,0.0,0.299072265621362
2024-10-25 20:45:00,0.0,0.399902343746362,0.80078125,0.0,0.400878906253638
2024-10-25 21:30:00,0.099853515625,0.699707031253638,1.19921875,0.0,0.399658203121362
2024-10-25 22:00:00,0.0,0.600341796871362,1.1015625,0.0999755859375,0.401245117191138
2024-10-25 22:15:00,0.0,0.0,0.09765625,0.0,0.09765625
2024-10-25 22:30:00,0.10009765625,0.0,0.1015625,0.0,0.00146484375
2024-10-25 22:45:00,0.0,0.0,0.19921875,0.0,0.19921875
2024-10-25 23:00:00,0.0,0.0,0.30078125,0.0,0.30078125
2024-10-25 23:45:00,0.099853515625,0.0,0.6015625,0.0,0.501708984375
2024-10-26 00:00:00,0.0,0.0,0.09765625,0.0,0.09765625
2024-10-26 00:45:00,0.0,0.0,0.5,0.0999755859375,0.4000244140625
2024-10-26 01:00:00,0.0,0.0,0.19921875,0.0,0.19921875
2024-10-26 01:15:00,0.10009765625,0.0,0.30078125,0.0,0.20068359375
2024-10-26 01:30:00,0.0,0.0,0.19921875,0.0,0.19921875
2024-10-26 01:45:00,0.0,0.0,0.203125,0.0,0.203125
2024-10-26 02:15:00,0.0,0.0,0.3984375,0.0,0.3984375
2024-10-26 02:30:00,0.0,0.0,0.1015625,0.0,0.1015625
2024-10-26 02:45:00,0.10009765625,0.0,0.296875,0.0,0.19677734375
2024-10-26 03:00:00,0.0,0.0,0.0,0.0,0.0
2024-10-26 04:00:00,0.099853515625,0.0,0.80078125,0.10003662109375,0.60089111328125
2024-10-26 04:30:00,0.0,0.0,0.40234375,0.0,0.40234375
2024-10-26 05:00:00,0.0,0.0,0.3984375,0.0,0.3984375
2024-10-26 05:30:00,0.10009765625,0.0,0.3984375,0.0,0.29833984375
2024-10-26 05:45:00,0.0,0.0,0.203125,0.0,0.203125
2024-10-26 07:00:00,0.099853515625,0.0,0.8984375,0.0999755859375,0.6986083984375
2024-10-26 07:15:00,0.0,0.0,0.19921875,0.0,0.19921875
2024-10-26 07:30:00,0.0,0.0,0.1015625,0.0,0.1015625
2024-10-26 07:45:00,0.0,0.0,0.30078125,0.0,0.30078125
2024-10-26 08:00:00,0.0,0.0,0.09765625,0.0,0.09765625
2024-10-26 08:15:00,0.10009765625,0.0,0.1015625,0.0,0.00146484375
2024-10-26 08:30:00,0.0,0.0,0.19921875,0.0,0.19921875
2024-10-26 08:45:00,0.0,0.0,0.30078125,0.0,0.30078125
2024-10-26 09:15:00,0.0,0.0,0.30078125,0.0,0.30078125
2024-10-26 09:30:00,0.0,0.0,0.19921875,0.0,0.19921875
2024-10-26 10:00:00,0.10009765625,0.5,0.8984375,0.10003662109375,0.19830322265625
2024-10-26 10:15:00,0.0,0.39990234375,0.5,0.0,0.10009765625
2024-10-26 10:30:00,0.0,0.0,0.19921875,0.0,0.19921875
2024-10-26 10:45:00,0.0,0.0,0.203125,0.0,0.203125
2024-10-26 11:00:00,0.099853515625,0.0,0.09765625,0.0,-0.002197265625
2024-10-26 11:15:00,0.0,0.0,0.30078125,0.0,0.30078125
2024-10-26 11:30:00,0.0,0.0,0.0,0.0,0.0
2024-10-26 12:00:00,0.0,0.0,0.3984375,0.0,0.3984375
2024-10-26 13:00:00,0.10009765625,0.0,0.80078125,0.0,0.70068359375
2024-10-26 13:30:00,0.0,0.0,0.5,0.0999755859375,0.4000244140625
2024-10-26 14:00:00,0.099853515625,0.0,0.30078125,0.0,0.200927734375
2024-10-26 14:30:00,0.0,0.0,0.3984375,0.0,0.3984375
2024-10-26 14:45:00,0.0,0.0,0.30078125,0.0,0.30078125
2024-10-26 15:00:00,0.0,0.0,0.1015625,0.0,0.1015625
2024-10-26 15:15:00,0.10009765625,0.0,0.19921875,0.0,0.09912109375
2024-10-26 15:30:00,0.0,0.0,0.1015625,0.0,0.1015625
2024-10-26 16:00:00,0.0,0.0,0.5,0.0,0.5
2024-10-26 16:30:00,0.0,0.0,0.19921875,0.0999755859375,0.0992431640625
2024-10-26 17:00:00,0.10009765625,0.0,0.5,0.0,0.39990234375
2024-10-26 17:15:00,0.0,0.0,0.09765625,0.0,0.09765625
2024-10-26 17:30:00,0.0,0.0,0.203125,0.0,0.203125
2024-10-26 18:00:00,0.099853515625,0.0,0.3984375,0.0,0.298583984375
2024-10-26 18:15:00,0.0,0.0,0.1015625,0.0,0.1015625
2024-10-26 18:30:00,0.0,0.0,0.19921875,0.0,0.19921875
2024-10-26 18:45:00,0.0,0.099609375,0.5,0.0,0.400390625
2024-10-26 19:00:00,0.0,0.0,0.0,0.0,0.0
2024-10-26 19:15:00,0.0,0.0,0.30078125,0.10003662109375,0.20074462890625
2024-10-26 19:30:00,0.10009765625,0.0,0.19921875,0.0,0.09912109375
2024-10-26 19:45:00,0.0,0.0,0.09765625,0.0,0.09765625
2024-10-26 20:00:00,0.0,0.0,0.203125,0.0,0.203125
2024-10-26 20:30:00,0.0,0.0,0.3984375,0.0,0.3984375
2024-10-26 20:45:00,0.099853515625,0.0,0.19921875,0.0,0.099365234375
2024-10-26 21:00:00,0.0,0.0,0.19921875,0.0,0.19921875
2024-10-26 21:30:00,0.0,0.0,0.30078125,0.0,0.30078125
2024-10-26 21:45:00,0.0,0.0,0.40234375,0.0,0.40234375
2024-10-26 22:15:00,0.10009765625,0.0,0.296875,0.0999755859375,0.0968017578125
2024-10-26 22:30:00,0.0,0.0,0.203125,0.0,0.203125
2024-10-26 22:45:00,0.0,0.0,0.09765625,0.0,0.09765625
2024-10-26 23:00:00,0.0,0.0,0.19921875,0.0,0.19921875
2024-10-26 23:15:00,0.0,0.0,0.1015625,0.0,0.1015625
2024-10-27 00:00:00,0.10009765625,0.0,0.5,0.0,0.39990234375
2024-10-27 00:15:00,0.0,0.0,0.30078125,0.0,0.30078125
2024-10-27 00:30:00,0.0,0.0,0.0,0.0,0.0
2024-10-27 01:15:00,0.099853515625,0.0,0.59765625,0.0,0.497802734375
2024-10-27 01:45:00,0.0,0.0,0.30078125,0.10003662109375,0.20074462890625
2024-10-27 02:00:00,0.0,0.0,0.30078125,0.0,0.30078125
2024-10-27 03:00:00,0.10009765625,0.0,0.69921875,0.0,0.59912109375
2024-10-27 03:15:00,0.0,0.0,0.30078125,0.0,0.30078125
2024-10-27 03:45:00,0.099853515625,0.0,0.30078125,0.0,0.200927734375
2024-10-27 04:00:00,0.0,0.0,0.19921875,0.0,0.19921875
2024-10-27 04:15:00,0.0,0.0,0.1015625,0.0,0.1015625
2024-10-27 04:45:00,0.0,0.0,0.296875,0.0999755859375,0.1968994140625
2024-10-27 05:00:00,0.0,0.0,0.203125,0.0,0.203125
2024-10-27 05:45:00,0.10009765625,0.0,0.59765625,0.0,0.49755859375
2024-10-27 06:15:00,0.0,0.0,0.30078125,0.0,0.30078125
2024-10-27 07:00:00,0.10009765625,0.0,0.5,0.0,0.39990234375
2024-10-27 07:15:00,0.0,0.0,0.30078125,0.0,0.30078125
2024-10-27 07:30:00,0.0,0.0,0.30078125,0.0999755859375,0.2008056640625
2024-10-27 07:45:00,0.0,0.0,0.09765625,0.0,0.09765625
2024-10-27 08:00:00,0.099853515625,0.0,0.19921875,0.0,0.099365234375
2024-10-27 08:15:00,0.0,0.0,0.1015625,0.0,0.1015625
2024-10-27 08:45:00,0.0,0.0,0.5,0.0,0.5
2024-10-27 09:00:00,0.0,0.0,0.0,0.0,0.0
2024-10-27 09:15:00,0.0,0.0,0.30078125,0.0,0.30078125
2024-10-27 09:30:00,0.10009765625,0.0,0.09765625,0.0,-0.00244140625
2024-10-27 09:45:00,0.0,0.0,0.30078125,0.0,0.30078125
2024-10-27 10:00:00,0.0,0.0,0.1015625,0.0,0.1015625
2024-10-27 10:15:00,0.0,0.0,0.19921875,0.0,0.19921875
2024-10-27 10:30:00,0.0,0.0,0.19921875,0.0,0.19921875
2024-10-27 10:45:00,0.0,0.0,0.19921875,0.10003662109375,0.09918212890625
2024-10-27 11:00:00,0.099853515625,0.0,0.203125,0.0,0.103271484375
2024-10-27 11:15:00,0.0,0.0,0.09765625,0.0,0.09765625
2024-10-27 11:45:00,0.0,0.0,0.40234375,0.0,0.40234375
2024-10-27 12:00:00,0.0,0.0,0.19921875,0.0,0.19921875
2024-10-27 12:30:00,0.10009765625,0.0,0.30078125,0.0,0.20068359375
2024-10-27 13:45:00,0.10009765625,0.0,1.0,0.0999755859375,0.7999267578125
2024-10-27 14:00:00,0.0,0.0,0.09765625,0.0,0.09765625
2024-10-27 14:15:00,0.0,0.0,0.19921875,0.0,0.19921875
2024-10-27 14:45:00,0.0,0.0,0.40234375,0.0,0.40234375
2024-10-27 15:00:00,0.0,0.0,0.19921875,0.0,0.19921875
2024-10-27 15:15:00,0.099853515625,0.0,0.1015625,0.0,0.001708984375
2024-10-27 15:30:00,0.0,0.0,0.19921875,0.0,0.19921875
2024-10-27 15:45:00,0.0,0.0,0.19921875,0.0,0.19921875
2024-10-27 16:00:00,0.0,0.0,0.1015625,0.0,0.1015625
2024-10-27 16:15:00,0.0,0.0,0.296875,0.0,0.296875
2024-10-27 16:45:00,0.10009765625,0.0,0.40234375,0.10003662109375,0.20220947265625
2024-10-27 17:15:00,0.0,0.0,0.30078125,0.0,0.30078125
2024-10-27 17:30:00,0.0,0.0,0.296875,0.0,0.296875
2024-10-27 17:45:00,0.0,0.0,0.1015625,0.0,0.1015625
2024-10-27 18:00:00,0.099853515625,0.0,0.1015625,0.0,0.001708984375
2024-10-27 18:45:00,0.0,0.0,0.5,0.0,0.5
2024-10-27 19:00:00,0.0,0.0,0.3984375,0.0,0.3984375
2024-10-27 19:30:00,0.10009765625,0.0,0.30078125,0.0,0.20068359375
2024-10-27 19:45:00,0.0,0.0,0.19921875,0.0,0.19921875
2024-10-27 20:00:00,0.0,0.0,0.1015625,0.0999755859375,0.0015869140625
2024-10-27 20:30:00,0.0,0.0,0.296875,0.0,0.296875
2024-10-27 21:00:00,0.10009765625,0.0,0.5,0.0,0.39990234375
2024-10-27 21:15:00,0.0,0.0,0.1015625,0.0,0.1015625
2024-10-27 21:30:00,0.0,0.0,0.30078125,0.0,0.30078125
2024-10-27 22:00:00,0.0,0.0,0.30078125,0.0,0.30078125
2024-10-27 22:30:00,0.099853515625,0.0,0.296875,0.0,0.197021484375
2024-10-27 22:45:00,0.0,0.0,0.203125,0.0,0.203125
2024-10-27 23:00:00,0.0,0.0,0.09765625,0.0,0.09765625
2024-10-27 23:15:00,0.0,0.0,0.1015625,0.0999755859375,0.0015869140625
2024-10-27 23:30:00,0.0,0.0,0.19921875,0.0,0.19921875
2024-10-27 23:45:00,0.10009765625,0.0,0.30078125,0.0,0.20068359375
2024-10-28 00:00:00,0.0,0.0,0.09765625,0.0,0.09765625
2024-10-28 00:15:00,0.0,0.0,0.203125,0.0,0.203125
2024-10-28 00:30:00,0.0,0.0,0.09765625,0.0,0.09765625
2024-10-28 00:45:00,0.0,0.0,0.19921875,0.0,0.19921875
2024-10-28 01:45:00,0.099853515625,0.0,0.80078125,0.0,0.700927734375
2024-10-28 02:00:00,0.0,0.0,0.19921875,0.0,0.19921875
2024-10-28 02:15:00,0.10009765625,0.0,0.203125,0.10003662109375,0.00299072265625
2024-10-28 02:30:00,0.0,0.0,0.09765625,0.0,0.09765625
2024-10-28 03:15:00,0.0,0.0,0.5,0.0,0.5
2024-10-28 03:30:00,0.0,0.0,0.30078125,0.0,0.30078125
2024-10-28 03:45:00,0.10009765625,0.0,0.19921875,0.0,0.09912109375
2024-10-28 04:00:00,0.0,0.0,0.1015625,0.0,0.1015625
2024-10-28 04:30:00,0.0,0.0,0.30078125,0.0,0.30078125
2024-10-28 04:45:00,0.0,0.099853515625,0.296875,0.0,0.197021484375
2024-10-28 05:30:00,0.099853515625,0.2001953125,0.703125,0.0999755859375,0.3031005859375
2024-10-28 05:45:00,0.0,0.0,0.296875,0.0,0.296875
2024-10-28 06:00:00,0.0,0.099853515625,0.1015625,0.0,0.001708984375
2024-10-28 06:15:00,0.0,0.0,0.19921875,0.0,0.19921875
2024-10-28 06:30:00,0.10009765625,0.10009765625,0.30078125,0.0,0.1005859375
2024-10-28 07:00:00,0.0,0.300537109378638,0.80078125,0.0,0.500244140621362
2024-10-28 07:15:00,0.0,0.299804687496362,0.59765625,0.0,0.297851562503638
2024-10-28 07:45:00,0.0,1.10009765625,1.703125,0.0,0.60302734375
2024-10-28 08:15:00,0.099853515625,1.599609375,2.5,0.10003662109375,0.70050048828125
2024-10-28 08:30:00,0.0,0.90008544921875,1.5,0.0,0.59991455078125
2024-10-28 08:45:00,0.0,0.20068359375,0.3984375,0.0,0.19775390625
2024-10-28 09:00:00,0.0,1.199584960941138,2.19921875,0.0,0.999633789058862
2024-10-28 09:30:00,0.10009765625,1.400085449215112,2.6015625,0.0,1.101379394534888
2024-10-28 09:45:00,0.0,0.19970703124636202,0.5,0.0,0.300292968753638
2024-10-28 10:00:00,0.0,0.900512695316138,1.3984375,0.0,0.497924804683862
2024-10-28 10:30:00,0.0,1.89959716796875,3.90234375,0.0,2.00274658203125
2024-10-28 10:45:00,0.10009765625,0.79998779296875,1.5,0.0,0.59991455078125
2024-10-28 11:00:00,0.0,0.400390625,1.0,0.0,0.599609375
2024-10-28 11:15:00,0.0,0.7991943359375,1.3984375,0.0,0.5992431640625
2024-10-28 11:30:00,0.0,0.400146484375,1.0,0.0999755859375,0.4998779296875
2024-10-28 12:15:00,0.099853515625,2.400146484375,4.30078125,0.0,1.80078125
2024-10-28 12:45:00,0.0,1.5001220703125,2.3984375,0.0,0.8983154296875
2024-10-28 13:00:00,0.0,0.2998046875,0.80078125,0.0,0.5009765625
2024-10-28 14:00:00,0.10009765625,2.400146484375,4.80078125,0.0,2.300537109375
2024-10-28 14:15:00,0.0,1.200439453125,2.19921875,0.0,0.998779296875
2024-10-28 14:30:00,0.0,0.599609375,1.3984375,0.0999755859375,0.6988525390625
2024-10-28 14:45:00,0.0,0.599609375,1.30078125,0.0,0.701171875
2024-10-28 15:15:00,0.099853515625,1.400634765628638,2.80078125,0.0,1.300292968746362
2024-10-28 15:30:00,0.0,0.499511718746362,0.8984375,0.0,0.398925781253638
2024-10-28 15:45:00,0.0,0.90008544921875,1.80078125,0.0,0.90069580078125
2024-10-28 16:15:00,0.0,1.0,2.30078125,0.0,1.30078125
2024-10-28 16:30:00,0.10009765625,0.900146484375,1.3984375,0.0,0.398193359375
2024-10-28 17:00:00,0.0,1.499755859375,3.203125,0.0,1.703369140625
2024-10-28 17:15:00,0.0,0.80047607421875,1.296875,0.0,0.49639892578125
2024-10-28 17:45:00,0.10009765625,1.099609375,2.30078125,0.10003662109375,1.00103759765625
2024-10-28 18:00:00,0.0,0.8006591796875,1.69921875,0.0,0.8985595703125
2024-10-28 18:15:00,0.0,0.7989501953125,1.203125,0.0,0.4041748046875
2024-10-28 18:45:00,0.0,1.50054931640625,2.296875,0.0,0.79632568359375
2024-10-28 19:15:00,0.099853515625,0.89984130859375,1.5,0.0,0.50030517578125
2024-10-28 19:30:00,0.0,0.30029296875,0.703125,0.0,0.40283203125
2024-10-28 20:15:00,0.0,0.800048828125,1.69921875,0.0,0.899169921875
2024-10-28 20:45:00,0.10009765625,0.399658203125,0.8984375,0.0999755859375,0.2987060546875
2024-10-28 21:30:00,0.0,1.100341796875,1.80078125,0.0,0.700439453125
2024-10-28 22:30:00,0.099853515625,0.69970703125,1.5,0.0,0.700439453125
2024-10-28 22:45:00,0.0,0.2001953125,0.3984375,0.0,0.1982421875
2024-10-28 23:15:00,0.0,0.400390625,0.90234375,0.0,0.501953125
2024-10-28 23:45:00,0.10009765625,0.2998046875,0.5,0.10003662109375,6.103515625e-05
2024-10-29 00:15:00,0.0,0.2998046875,0.80078125,0.0,0.5009765625
2024-10-29 01:00:00,0.10009765625,0.0,0.59765625,0.0,0.49755859375
2024-10-29 01:45:00,0.0,0.0,0.6015625,0.0,0.6015625
2024-10-29 02:30:00,0.099853515625,0.0,0.5,0.0,0.400146484375
2024-10-29 03:30:00,0.0,0.0,0.80078125,0.0999755859375,0.7008056640625
2024-10-29 04:15:00,0.10009765625,0.0,0.59765625,0.0,0.49755859375
2024-10-29 04:30:00,0.0,0.099853515625,0.19921875,0.0,0.099365234375
2024-10-29 05:00:00,0.099853515625,0.10009765625,0.6015625,0.0,0.401611328125
2024-10-29 05:15:00,0.0,0.0,0.30078125,0.0,0.30078125
2024-10-29 05:45:00,0.0,0.10009765625,0.5,0.0999755859375,0.2999267578125
2024-10-29 06:00:00,0.0,0.099853515625,0.19921875,0.0,0.099365234375
2024-10-29 06:15:00,0.0,0.0,0.1015625,0.0,0.1015625
2024-10-29 06:45:00,0.10009765625,0.10009765625,0.69921875,0.0,0.4990234375
2024-10-29 07:00:00,0.0,0.099853515625,0.19921875,0.0,0.099365234375
2024-10-29 08:00:00,0.10009765625,2.399658203125,4.1015625,0.0,1.601806640625
2024-10-29 08:30:00,0.0,1.000244140625,1.69921875,0.0,0.698974609375
2024-10-29 09:00:00,0.099853515625,1.7998046875,2.80078125,0.10003662109375,0.80108642578125
2024-10-29 09:30:00,0.0,0.800048828125,1.59765625,0.0,0.797607421875
2024-10-29 09:45:00,0.0,0.80029296875,1.6015625,0.0,0.80126953125
2024-10-29 10:00:00,0.0,0.900146484375,1.80078125,0.0,0.900634765625
2024-10-29 10:30:00,0.10009765625,1.19970703125,2.19921875,0.0,0.8994140625
2024-10-29 10:45:00,0.0,0.700439453125,1.30078125,0.0,0.600341796875
2024-10-29 11:00:00,0.0,0.49951171875,1.296875,0.0,0.79736328125
2024-10-29 11:15:00,0.0,1.000244140625,1.703125,0.0,0.702880859375
2024-10-29 12:00:00,0.099853515625,1.7998046875,3.5,0.0999755859375,1.5003662109375
2024-10-29 12:15:00,0.0,0.599853515625,0.69921875,0.0,0.099365234375
2024-10-29 12:45:00,0.0,1.00048828125,1.80078125,0.0,0.80029296875
2024-10-29 13:15:00,0.10009765625,1.499755859375,2.796875,0.0,1.197021484375
2024-10-29 13:45:00,0.0,1.400146484375,2.6015625,0.0,1.201416015625
2024-10-29 14:30:00,0.0,1.899658203125,3.80078125,0.0,1.901123046875
2024-10-29 14:45:00,0.10009765625,0.60009765625,1.19921875,0.0,0.4990234375
2024-10-29 15:30:00,0.0,2.100341796875,3.8984375,0.10003662109375,1.69805908203125
2024-10-29 16:00:00,0.0,0.999755859375,2.1015625,0.0,1.101806640625
2024-10-29 16:15:00,0.099853515625,1.20068359375,2.1015625,0.0,0.801025390625
2024-10-29 16:45:00,0.0,1.198974609375,2.5,0.0,1.301025390625
2024-10-29 17:15:00,0.0,1.300048828125,2.3984375,0.0,1.098388671875
2024-10-29 17:30:00,0.0,0.20068359375,0.3984375,0.0,0.19775390625
2024-10-29 18:45:00,0.199951171875,3.7001953125,6.40234375,0.0999755859375,2.4022216796875
2024-10-29 19:00:00,0.0,0.4990234375,0.69921875,0.0,0.2001953125
2024-10-29 19:15:00,0.0,0.6005859375,1.0,0.0,0.3994140625
2024-10-29 19:45:00,0.0,1.000244140625,1.5,0.0,0.499755859375
2024-10-29 20:00:00,0.0,0.30029296875,0.6015625,0.0,0.30126953125
2024-10-29 20:15:00,0.10009765625,0.099609375,0.3984375,0.0,0.19873046875
2024-10-29 20:30:00,0.0,0.0,0.19921875,0.0,0.19921875
2024-10-29 20:45:00,0.0,0.0,0.19921875,0.0,0.19921875
2024-10-29 21:15:00,0.0,0.0,0.5,0.0999755859375,0.4000244140625
2024-10-29 21:45:00,0.10009765625,0.0,0.40234375,0.0,0.30224609375
2024-10-29 22:15:00,0.0,0.0,0.30078125,0.0,0.30078125
2024-10-29 22:45:00,0.0,0.0,0.5,0.0,0.5
2024-10-29 23:30:00,0.099853515625,0.0,0.59765625,0.0,0.497802734375
2024-10-30 00:00:00,0.0,0.0,0.30078125,0.0,0.30078125
2024-10-30 00:15:00,0.0,0.0,0.30078125,0.10003662109375,0.20074462890625
2024-10-30 00:30:00,0.10009765625,0.0,0.19921875,0.0,0.09912109375
2024-10-30 00:45:00,0.0,0.0,0.19921875,0.0,0.19921875
2024-10-30 01:00:00,0.0,0.0,0.19921875,0.0,0.19921875
2024-10-30 01:15:00,0.0,0.0,0.30078125,0.0,0.30078125
2024-10-30 01:30:00,0.0,0.0,0.1015625,0.0,0.1015625
2024-10-30 02:00:00,0.099853515625,0.0,0.5,0.0,0.400146484375
2024-10-30 02:15:00,0.0,0.0,0.19921875,0.0,0.19921875
2024-10-30 03:30:00,0.10009765625,0.0,0.8984375,0.0999755859375,0.6983642578125
2024-10-30 04:00:00,0.0,0.0,0.40234375,0.0,0.40234375
2024-10-30 04:15:00,0.0,0.0,0.19921875,0.0,0.19921875
2024-10-30 04:30:00,0.0,0.0,0.30078125,0.0,0.30078125
2024-10-30 04:45:00,0.10009765625,0.099853515625,0.3984375,0.0,0.198486328125
2024-10-30 05:15:00,0.0,0.10009765625,0.5,0.0,0.39990234375
2024-10-30 06:00:00,0.0,0.199951171875,0.69921875,0.0,0.499267578125
2024-10-30 06:45:00,0.099853515625,0.10009765625,0.90234375,0.10003662109375,0.60235595703125
2024-10-30 07:00:00,0.0,0.5997314453125,0.69921875,0.0,0.0994873046875
2024-10-30 07:45:00,0.10009765625,1.2998046875,2.19921875,0.0,0.79931640625
2024-10-30 08:00:00,0.0,0.499755859375,0.6015625,0.0,0.101806640625
2024-10-30 08:45:00,0.0,2.60101318359375,3.80078125,0.0,1.19976806640625
2024-10-30 09:30:00,0.099853515625,2.10015869140625,3.59765625,0.0,1.39764404296875
2024-10-30 09:45:00,0.0,0.599121093753638,1.30078125,0.0999755859375,0.601684570308862
2024-10-30 10:00:00,0.0,0.300415039058862,0.5,0.0,0.19958496094113798
2024-10-30 10:15:00,0.0,1.099975585941138,2.30078125,0.0,1.200805664058862
2024-10-30 10:30:00,0.10009765625,0.700195312496362,1.30078125,0.0,0.500488281253638
2024-10-30 10:45:00,0.0,0.69989013671875,1.296875,0.0,0.59698486328125
2024-10-30 11:00:00,0.0,0.7991943359375,1.40234375,0.0,0.6031494140625
2024-10-30 11:15:00,0.0,0.600830078125,1.30078125,0.0,0.699951171875
2024-10-30 12:00:00,0.10009765625,1.7001953125,3.0,0.0,1.19970703125
2024-10-30 12:15:00,0.0,0.3994140625,0.69921875,0.0,0.2998046875
2024-10-30 12:30:00,0.0,0.899658203125,1.5,0.0,0.600341796875
2024-10-30 13:00:00,0.0,1.199951171875,2.30078125,0.0999755859375,1.0008544921875
2024-10-30 13:45:00,0.099853515625,2.000244140625,3.8984375,0.0,1.79833984375
2024-10-30 14:00:00,0.0,0.899902343753638,1.80078125,0.0,0.900878906246362
2024-10-30 14:15:00,0.0,0.800476074215112,1.3984375,0.0,0.597961425784888
2024-10-30 14:30:00,0.0,0.7000732421875,1.40234375,0.0,0.7022705078125
2024-10-30 14:45:00,0.10009765625,0.19921875,0.5,0.0,0.20068359375
2024-10-30 15:00:00,0.0,1.100341796875,1.796875,0.0,0.696533203125
2024-10-30 15:15:00,0.0,0.89959716796875,1.80078125,0.0,0.90118408203125
2024-10-30 15:30:00,0.0,0.6004638671875,1.0,0.0,0.3995361328125
2024-10-30 15:45:00,0.0,0.99969482421875,1.80078125,0.10003662109375,0.7010498046875
2024-10-30 16:00:00,0.0,0.1005859375,0.3984375,0.0,0.2978515625
2024-10-30 16:30:00,0.099853515625,1.799560546875,3.5,0.0,1.6005859375
2024-10-30 16:45:00,0.0,0.599853515625,1.0,0.0,0.400146484375
2024-10-30 17:00:00,0.0,0.90032958984375,1.6015625,0.0,0.70123291015625
2024-10-30 17:45:00,0.10009765625,1.400634765625,2.80078125,0.0,1.300048828125
2024-10-30 18:15:00,0.0,1.599365234375,3.0,0.0,1.400634765625
2024-10-30 19:00:00,0.10009765625,1.499755859375,2.30078125,0.0999755859375,0.6009521484375
2024-10-30 19:15:00,0.0,0.7998046875,1.296875,0.0,0.4970703125
2024-10-30 19:30:00,0.0,1.000244140628638,1.30078125,0.0,0.300537109371362
2024-10-30 19:45:00,0.0,0.300292968746362,0.5,0.0,0.19970703125363798
2024-10-30 20:30:00,0.099853515625,0.999755859375,1.69921875,0.0,0.599609375
2024-10-30 20:45:00,0.0,0.2998046875,0.5,0.0,0.2001953125
2024-10-30 21:00:00,0.0,0.0,0.30078125,0.0,0.30078125
2024-10-30 21:45:00,0.10009765625,0.0,0.69921875,0.0,0.59912109375
2024-10-30 22:15:00,0.0,0.0,0.6015625,0.10003662109375,0.50152587890625
2024-10-30 22:30:00,0.0,0.0,0.1015625,0.0,0.1015625
2024-10-30 22:45:00,0.0,0.0,0.09765625,0.0,0.09765625
2024-10-30 23:00:00,0.099853515625,0.0,0.40234375,0.0,0.302490234375
2024-10-30 23:15:00,0.0,0.0,0.19921875,0.0,0.19921875
2024-10-31 00:30:00,0.0,0.0,1.0,0.0,1.0
2024-10-31 00:45:00,0.10009765625,0.0,0.19921875,0.0,0.09912109375
2024-10-31 01:00:00,0.0,0.0,0.3984375,0.0999755859375,0.2984619140625
2024-10-31 02:00:00,0.10009765625,0.0,0.90234375,0.0,0.80224609375
2024-10-31 02:15:00,0.0,0.0,0.09765625,0.0,0.09765625
2024-10-31 02:45:00,0.0,0.0,0.40234375,0.0,0.40234375
2024-10-31 03:00:00,0.0,0.0,0.3984375,0.0,0.3984375
2024-10-31 03:15:00,0.099853515625,0.0,0.19921875,0.0,0.099365234375
2024-10-31 03:30:00,0.0,0.0,0.1015625,0.0,0.1015625
2024-10-31 03:45:00,0.0,0.0,0.30078125,0.0,0.30078125
2024-10-31 04:15:00,0.0,0.10009765625,0.5,0.0999755859375,0.2999267578125
2024-10-31 04:30:00,0.0,0.0,0.19921875,0.0,0.19921875
2024-10-31 05:00:00,0.10009765625,0.099853515625,0.69921875,0.0,0.499267578125
2024-10-31 05:30:00,0.0,0.10009765625,0.5,0.0,0.39990234375
2024-10-31 05:45:00,0.0,0.099853515625,0.19921875,0.0,0.099365234375
2024-10-31 06:00:00,0.099853515625,0.0,0.30078125,0.0,0.200927734375
2024-10-31 06:30:00,0.0,0.10009765625,0.30078125,0.0,0.20068359375
2024-10-31 07:00:00,0.0,0.400634765625,1.1015625,0.0,0.700927734375
2024-10-31 07:15:00,0.0,0.19970703125,0.59765625,0.10003662109375,0.29791259765625
2024-10-31 07:30:00,0.10009765625,0.599609375,0.90234375,0.0,0.20263671875
2024-10-31 07:45:00,0.0,0.900146484375,1.296875,0.0,0.396728515625
2024-10-31 08:00:00,0.0,0.400390625,0.703125,0.0,0.302734375
2024-10-31 08:15:00,0.0,0.7998046875,1.296875,0.0,0.4970703125
2024-10-31 08:30:00,0.0,0.599853515628638,1.0,0.0,0.400146484371362
2024-10-31 08:45:00,0.0,0.700195312496362,1.1015625,0.0,0.401367187503638
2024-10-31 09:30:00,0.10009765625,1.400146484375,2.6015625,0.0,1.101318359375
2024-10-31 09:45:00,0.0,1.1005859375,1.796875,0.0,0.6962890625
2024-10-31 10:15:00,0.0,0.799560546875,1.703125,0.0,0.903564453125
2024-10-31 10:30:00,0.099853515625,1.199829101558862,2.19921875,0.0999755859375,0.799560546878638
2024-10-31 11:15:00,0.0,1.799926757816138,3.19921875,0.0,1.399291992183862
2024-10-31 11:30:00,0.0,1.4005126953125,2.30078125,0.0,0.9002685546875
2024-10-31 11:45:00,0.0,0.1995849609375,0.3984375,0.0,0.1988525390625
2024-10-31 12:15:00,0.10009765625,2.000366210933862,3.30078125,0.0,1.200317382816138
2024-10-31 13:15:00,0.099853515625,3.199340820316138,5.3984375,0.0,2.099243164058862
2024-10-31 14:00:00,0.0,2.300537109375,4.203125,0.10003662109375,1.80255126953125
2024-10-31 14:45:00,0.10009765625,1.8997802734375,3.09765625,0.0,1.0977783203125
2024-10-31 15:00:00,0.0,1.10009765625,1.80078125,0.0,0.70068359375
2024-10-31 15:45:00,0.0,2.6005859375,4.6015625,0.0,2.0009765625
2024-10-31 16:00:00,0.10009765625,0.5986328125,1.0,0.0,0.30126953125
2024-10-31 16:15:00,0.0,1.0003662109375,1.796875,0.0,0.7965087890625
2024-10-31 16:45:00,0.0,1.5999755859375,2.703125,0.0999755859375,1.003173828125
2024-10-31 17:00:00,0.0,0.300292968746362,0.8984375,0.0,0.598144531253638
2024-10-31 17:15:00,0.099853515625,0.900756835941138,1.30078125,0.0,0.300170898433862
2024-10-31 17:45:00,0.0,1.4990234375,2.5,0.0,1.0009765625
2024-10-31 18:00:00,0.0,0.999511718753638,1.59765625,0.0,0.598144531246362
2024-10-31 18:15:00,0.10009765625,0.500976562496362,1.1015625,0.0,0.500488281253638
2024-10-31 18:30:00,0.0,0.29931640625,0.6015625,0.0,0.30224609375
2024-10-31 18:45:00,0.0,0.5009765625,0.69921875,0.0,0.1982421875
2024-10-31 19:00:00,0.0,0.799560546875,1.19921875,0.0,0.399658203125
2024-10-31 19:15:00,0.0,0.5,1.0,0.0,0.5
2024-10-31 19:30:00,0.099853515625,0.699951171878638,1.0,0.0999755859375,0.10021972655886202
2024-10-31 19:45:00,0.0,0.099609375,0.19921875,0.0,0.099609375
2024-10-31 20:00:00,0.0,0.80078125,1.19921875,0.0,0.3984375
2024-10-31 20:30:00,0.0,0.899169921871362,1.40234375,0.0,0.503173828128638
2024-10-31 20:45:00,0.0,0.1005859375,0.30078125,0.0,0.2001953125
2024-10-31 21:00:00,0.10009765625,0.499267578125,0.69921875,0.0,0.099853515625
2024-10-31 21:15:00,0.0,0.40087890625,0.69921875,0.0,0.29833984375
2024-10-31 21:30:00,0.0,0.699707031253638,1.1015625,0.0,0.401855468746362
2024-10-31 22:15:00,0.10009765625,1.199951171871362,1.796875,0.0,0.496826171878638
2024-10-31 22:45:00,0.0,0.400390625,0.90234375,0.10003662109375,0.40191650390625
2024-10-31 23:00:00,0.0,0.099609375,0.19921875,0.0,0.099609375
2024-10-31 23:45:00,0.099853515625,0.599609375,1.5,0.0,0.800537109375
2024-11-01 00:00:00,0.0,0.1005859375,0.3984375,0.0,0.2978515625
2024-11-01 00:30:00,0.0,0.3994140625,0.80078125,0.0,0.4013671875
2024-11-01 00:45:00,0.0,0.0,0.19921875,0.0,0.19921875
2024-11-01 01:00:00,0.10009765625,0.0,0.203125,0.0,0.10302734375
2024-11-01 01:15:00,0.0,0.0,0.19921875,0.0,0.19921875
2024-11-01 01:30:00,0.0,0.0,0.19921875,0.0,0.19921875
2024-11-01 01:45:00,0.0,0.0,0.1015625,0.0,0.1015625
2024-11-01 02:00:00,0.0,0.0,0.3984375,0.0999755859375,0.2984619140625
2024-11-01 02:15:00,0.0,0.0,0.0,0.0,0.0
2024-11-01 02:45:00,0.099853515625,0.0,0.6015625,0.0,0.501708984375
2024-11-01 03:00:00,0.0,0.0,0.0,0.0,0.0
2024-11-01 03:30:00,0.0,0.0,0.5,0.0,0.5
2024-11-01 03:45:00,0.0,0.0,0.19921875,0.0,0.19921875
2024-11-01 04:00:00,0.10009765625,0.0,0.30078125,0.0,0.20068359375
2024-11-01 04:15:00,0.0,0.0,0.19921875,0.0,0.19921875
2024-11-01 04:45:00,0.0,0.099853515625,0.59765625,0.10003662109375,0.39776611328125
2024-11-01 05:15:00,0.0,0.10009765625,0.30078125,0.0,0.20068359375
2024-11-01 05:30:00,0.10009765625,0.10009765625363798,0.5,0.0,0.299804687496362
2024-11-01 06:30:00,0.0,0.19995117187136202,1.1015625,0.0,0.901611328128638
2024-11-01 07:00:00,0.099853515625,0.500244140625,1.0,0.0,0.39990234375
2024-11-01 07:15:00,0.0,0.19970703125,0.30078125,0.0,0.10107421875
2024-11-01 07:30:00,0.0,0.39990234375,0.796875,0.0,0.39697265625
2024-11-01 07:45:00,0.0,0.801025390625,1.1015625,0.0,0.300537109375
2024-11-01 08:00:00,0.10009765625,0.89990234375,1.3984375,0.0999755859375,0.2984619140625
2024-11-01 09:00:00,0.0,2.79974365234375,4.5,0.0,1.70025634765625
2024-11-01 09:15:00,0.0,0.599365234375,1.30078125,0.0,0.701416015625
2024-11-01 09:30:00,0.0,0.30023193359375,0.40234375,0.0,0.10211181640625
2024-11-01 09:45:00,0.099853515625,0.80078125,1.59765625,0.0,0.697021484375
2024-11-01 10:15:00,0.0,1.500061035159888,2.5,0.0,0.999938964840112
2024-11-01 11:00:00,0.10009765625,2.399353027340112,4.1015625,0.0999755859375,1.502136230472388
2024-11-01 11:15:00,0.0,0.5003662109375,0.80078125,0.0,0.3004150390625
2024-11-01 11:30:00,0.0,0.89959716796875,1.59765625,0.0,0.69805908203125
2024-11-01 12:45:00,0.10009765625,3.199951171871362,5.1015625,0.0,1.801513671878638
2024-11-01 13:00:00,0.0,0.300292968753638,0.69921875,0.0,0.398925781246362
2024-11-01 13:15:00,0.0,1.199707031246362,1.80078125,0.0,0.601074218753638
2024-11-01 13:30:00,0.0,0.60052490234375,1.19921875,0.0,0.59869384765625
2024-11-01 14:00:00,0.099853515625,1.099731445316138,2.0,0.0,0.800415039058862
2024-11-01 14:15:00,0.0,0.79949951171875,1.19921875,0.10003662109375,0.2996826171875
2024-11-01 14:30:00,0.0,0.9998779296875,1.69921875,0.0,0.6993408203125
2024-11-01 14:45:00,0.0,0.1005859375,0.5,0.0,0.3994140625
2024-11-01 15:00:00,0.0,1.10040283203125,1.703125,0.0,0.60272216796875
2024-11-01 15:15:00,0.10009765625,0.89892578125,1.59765625,0.0,0.5986328125
2024-11-01 15:30:00,0.0,0.80072021484375,1.30078125,0.0,0.50006103515625
2024-11-01 15:45:00,0.0,0.6998291015625,1.19921875,0.0,0.4993896484375
2024-11-01 17:00:00,0.099853515625,3.599853515628638,6.1015625,0.0,2.401855468746362
2024-11-01 17:15:00,0.0,0.699951171871362,1.19921875,0.0999755859375,0.399291992191138
2024-11-01 17:30:00,0.0,0.7000732421875,1.19921875,0.0,0.4991455078125
2024-11-01 17:45:00,0.0,0.50042724609375,0.69921875,0.0,0.19879150390625
2024-11-01 18:15:00,0.10009765625,1.2994384765625,2.1015625,0.0,0.7020263671875
2024-11-01 18:30:00,0.0,0.700683593746362,1.30078125,0.0,0.600097656253638
2024-11-01 18:45:00,0.0,0.599365234378638,0.8984375,0.0,0.299072265621362
2024-11-01 20:30:00,0.10009765625,2.000244140621362,3.80078125,0.10003662109375,1.600402832034888
2024-11-01 21:45:00,0.099853515625,0.300048828128638,1.30078125,0.0,0.900878906246362
2024-11-01 22:15:00,0.10009765625,0.0,0.3984375,0.0,0.29833984375
2024-11-01 22:30:00,0.0,0.0,0.1015625,0.0,0.1015625
2024-11-01 22:45:00,0.0,0.0,0.30078125,0.0,0.30078125
2024-11-01 23:30:00,0.099853515625,0.0,0.59765625,0.0999755859375,0.3978271484375
2024-11-01 23:45:00,0.0,0.0,0.30078125,0.0,0.30078125
2024-11-02 00:45:00,0.0,0.0,0.69921875,0.0,0.69921875
2024-11-02 01:00:00,0.10009765625,0.0,0.30078125,0.0,0.20068359375
2024-11-02 01:45:00,0.0,0.0,0.5,0.0,0.5
2024-11-02 02:00:00,0.0,0.0,0.30078125,0.0,0.30078125
2024-11-02 02:15:00,0.0,0.0,0.09765625,0.0,0.09765625
2024-11-02 03:30:00,0.10009765625,0.0,1.203125,0.0999755859375,1.0030517578125
2024-11-02 03:45:00,0.099853515625,0.0,0.19921875,0.0,0.099365234375
2024-11-02 04:15:00,0.0,0.0,0.30078125,0.0,0.30078125
2024-11-02 04:30:00,0.0,0.0,0.296875,0.0,0.296875
2024-11-02 04:45:00,0.0,0.0,0.0,0.0,0.0
2024-11-02 05:00:00,0.0,0.0,0.203125,0.0,0.203125
2024-11-02 05:30:00,0.10009765625,0.0,0.59765625,0.10003662109375,0.39752197265625
2024-11-02 05:45:00,0.0,0.0,0.19921875,0.0,0.19921875
2024-11-02 06:00:00,0.0,0.0,0.1015625,0.0,0.1015625
2024-11-02 06:45:00,0.099853515625,0.0,0.69921875,0.0,0.599365234375
2024-11-02 07:00:00,0.0,0.0,0.19921875,0.0,0.19921875
2024-11-02 07:15:00,0.0,0.0,0.30078125,0.0,0.30078125
2024-11-02 07:45:00,0.0,0.0,0.40234375,0.0,0.40234375
2024-11-02 08:00:00,0.10009765625,0.0,0.19921875,0.0,0.09912109375
2024-11-02 08:30:00,0.0,0.0,0.30078125,0.0,0.30078125
2024-11-02 08:45:00,0.0,0.0,0.296875,0.0999755859375,0.1968994140625
2024-11-02 09:00:00,0.0,0.0,0.1015625,0.0,0.1015625
2024-11-02 09:15:00,0.0,0.0,0.30078125,0.0,0.30078125
2024-11-02 09:45:00,0.10009765625,0.0,0.3984375,0.0,0.29833984375
2024-11-02 10:00:00,0.0,0.0,0.1015625,0.0,0.1015625
2024-11-02 11:00:00,0.099853515625,0.0,0.8984375,0.0,0.798583984375
2024-11-02 11:15:00,0.0,0.0,0.1015625,0.0,0.1015625
2024-11-02 11:45:00,0.0,0.0,0.5,0.10003662109375,0.39996337890625
2024-11-02 12:00:00,0.0,0.0,0.19921875,0.0,0.19921875
2024-11-02 12:15:00,0.10009765625,0.0,0.19921875,0.0,0.09912109375
2024-11-02 12:30:00,0.0,0.0,0.19921875,0.0,0.19921875
2024-11-02 12:45:00,0.0,0.0,0.203125,0.0,0.203125
2024-11-02 13:15:00,0.0,0.0,0.3984375,0.0,0.3984375
2024-11-02 14:00:00,0.099853515625,0.0,0.6015625,0.0,0.501708984375
2024-11-02 14:30:00,0.0,0.0,0.59765625,0.0,0.59765625
2024-11-02 14:45:00,0.0,0.0,0.1015625,0.0,0.1015625
2024-11-02 15:00:00,0.10009765625,0.0,0.30078125,0.0999755859375,0.1007080078125
2024-11-02 15:15:00,0.0,0.0,0.19921875,0.0,0.19921875
2024-11-02 15:30:00,0.0,0.0,0.19921875,0.0,0.19921875
2024-11-02 15:45:00,0.0,0.0,0.19921875,0.0,0.19921875
2024-11-02 16:00:00,0.0,0.0,0.19921875,0.0,0.19921875
2024-11-02 16:30:00,0.10009765625,0.0,0.203125,0.0,0.10302734375
2024-11-02 16:45:00,0.0,0.0,0.3984375,0.0,0.3984375
2024-11-02 17:00:00,0.0,0.0,0.19921875,0.0,0.19921875
2024-11-02 17:15:00,0.0,0.0,0.19921875,0.0,0.19921875
2024-11-02 17:30:00,0.0,0.0,0.1015625,0.0,0.1015625
2024-11-02 17:45:00,0.0,0.0,0.19921875,0.0,0.19921875
2024-11-02 18:00:00,0.099853515625,0.0,0.30078125,0.0999755859375,0.1009521484375
2024-11-02 18:15:00,0.0,0.0,0.1015625,0.0,0.1015625
2024-11-02 19:00:00,0.0,0.0,0.69921875,0.0,0.69921875
2024-11-02 19:15:00,0.10009765625,0.0,0.19921875,0.0,0.09912109375
2024-11-02 19:30:00,0.0,0.0,0.1015625,0.0,0.1015625
2024-11-02 20:00:00,0.0,0.0,0.3984375,0.0,0.3984375
2024-11-02 20:15:00,0.0,0.0,0.19921875,0.0,0.19921875
2024-11-02 20:30:00,0.0,0.0,0.19921875,0.0,0.19921875
2024-11-02 20:45:00,0.099853515625,0.0,0.30078125,0.0,0.200927734375
2024-11-02 21:00:00,0.0,0.0,0.19921875,0.10003662109375,0.09918212890625
2024-11-02 21:15:00,0.0,0.0,0.203125,0.0,0.203125
2024-11-02 21:30:00,0.0,0.0,0.19921875,0.0,0.19921875
2024-11-02 22:00:00,0.10009765625,0.0,0.3984375,0.0,0.29833984375
2024-11-02 22:15:00,0.0,0.0,0.19921875,0.0,0.19921875
2024-11-02 22:30:00,0.0,0.0,0.203125,0.0,0.203125
2024-11-02 23:00:00,0.0,0.0,0.3984375,0.0,0.3984375
2024-11-02 23:15:00,0.0,0.0,0.0,0.0,0.0
2024-11-02 23:30:00,0.10009765625,0.0,0.30078125,0.0,0.20068359375
2024-11-02 23:45:00,0.0,0.0,0.09765625,0.0,0.09765625
2024-11-03 00:30:00,0.0,0.0,0.703125,0.0999755859375,0.6031494140625
2024-11-03 00:45:00,0.0,0.0,0.19921875,0.0,0.19921875
2024-11-03 01:00:00,0.099853515625,0.0,0.09765625,0.0,-0.002197265625
2024-11-03 01:15:00,0.0,0.0,0.203125,0.0,0.203125
2024-11-03 01:30:00,0.0,0.0,0.19921875,0.0,0.19921875
2024-11-03 01:45:00,0.0,0.0,0.5,0.0,0.5
2024-11-03 02:15:00,0.10009765625,0.0,0.3984375,0.0,0.29833984375
2024-11-03 02:30:00,0.0,0.0,0.19921875,0.0,0.19921875
2024-11-03 02:45:00,0.0,0.0,0.1015625,0.0,0.1015625
2024-11-03 03:00:00,0.0,0.0,0.30078125,0.10003662109375,0.20074462890625
2024-11-03 03:45:00,0.099853515625,0.0,0.5,0.0,0.400146484375
2024-11-03 04:00:00,0.0,0.0,0.19921875,0.0,0.19921875
2024-11-03 04:15:00,0.0,0.0,0.30078125,0.0,0.30078125
2024-11-03 04:30:00,0.0,0.0,0.19921875,0.0,0.19921875
2024-11-03 04:45:00,0.0,0.0,0.1015625,0.0,0.1015625
2024-11-03 05:00:00,0.10009765625,0.0,0.296875,0.0,0.19677734375
2024-11-03 05:30:00,0.0,0.0,0.203125,0.0,0.203125
2024-11-03 05:45:00,0.0,0.0,0.296875,0.0,0.296875
2024-11-03 06:30:00,0.0,0.0,0.5,0.0999755859375,0.4000244140625
2024-11-03 06:45:00,0.10009765625,0.0,0.5,0.0,0.39990234375
2024-11-03 07:15:00,0.0,0.0,0.30078125,0.0,0.30078125
2024-11-03 07:30:00,0.0,0.0,0.30078125,0.0,0.30078125
2024-11-03 07:45:00,0.0,0.0,0.1015625,0.0,0.1015625
2024-11-03 08:00:00,0.099853515625,0.0,0.296875,0.0,0.197021484375
2024-11-03 08:45:00,0.0,0.0,0.6015625,0.0,0.6015625
2024-11-03 09:00:00,0.0,0.0,0.19921875,0.0,0.19921875
2024-11-03 09:15:00,0.0,0.0,0.19921875,0.0999755859375,0.0992431640625
2024-11-03 09:45:00,0.10009765625,0.0,0.40234375,0.0,0.30224609375
2024-11-03 10:00:00,0.0,0.0,0.19921875,0.0,0.19921875
2024-11-03 10:15:00,0.0,0.0,0.19921875,0.0,0.19921875
2024-11-03 10:30:00,0.0,0.30029296875,0.5,0.0,0.19970703125
2024-11-03 11:45:00,0.099853515625,0.099609375,1.1015625,0.0,0.902099609375
2024-11-03 12:00:00,0.0,0.0,0.19921875,0.0,0.19921875
2024-11-03 12:30:00,0.10009765625,0.0,0.5,0.10003662109375,0.29986572265625
2024-11-03 13:00:00,0.0,0.0,0.30078125,0.0,0.30078125
2024-11-03 13:15:00,0.0,0.0,0.30078125,0.0,0.30078125
2024-11-03 14:00:00,0.10009765625,0.0,0.5,0.0,0.39990234375
2024-11-03 14:15:00,0.0,0.0,0.3984375,0.0,0.3984375
2024-11-03 14:30:00,0.0,0.0,0.1015625,0.0,0.1015625
2024-11-03 15:00:00,0.0,0.0,0.3984375,0.0,0.3984375
2024-11-03 15:15:00,0.099853515625,0.0,0.30078125,0.0,0.200927734375
2024-11-03 15:30:00,0.0,0.0,0.09765625,0.0,0.09765625
2024-11-03 15:45:00,0.0,0.0,0.203125,0.0999755859375,0.1031494140625
2024-11-03 16:15:00,0.0,0.0,0.5,0.0,0.5
2024-11-03 16:30:00,0.10009765625,0.0,0.09765625,0.0,-0.00244140625
2024-11-03 16:45:00,0.0,0.0,0.30078125,0.0,0.30078125
2024-11-03 17:00:00,0.0,0.0,0.1015625,0.0,0.1015625
2024-11-03 17:15:00,0.0,0.0,0.296875,0.0,0.296875
2024-11-03 17:30:00,0.0,0.0,0.1015625,0.0,0.1015625
2024-11-03 17:45:00,0.099853515625,0.0,0.30078125,0.0,0.200927734375
2024-11-03 18:00:00,0.0,0.0,0.19921875,0.0,0.19921875
2024-11-03 18:45:00,0.0,0.10009765625,0.69921875,0.10003662109375,0.49908447265625
2024-11-03 19:00:00,0.0,0.0,0.19921875,0.0,0.19921875
2024-11-03 19:15:00,0.10009765625,0.0,0.1015625,0.0,0.00146484375
2024-11-03 19:30:00,0.0,0.0,0.30078125,0.0,0.30078125
2024-11-03 20:00:00,0.0,0.0,0.30078125,0.0,0.30078125
2024-11-03 20:15:00,0.0,0.0,0.296875,0.0,0.296875
2024-11-03 20:30:00,0.0,0.0,0.1015625,0.0,0.1015625
2024-11-03 20:45:00,0.10009765625,0.0,0.3984375,0.0,0.29833984375
2024-11-03 21:00:00,0.0,0.0,0.203125,0.0,0.203125
2024-11-03 21:15:00,0.0,0.0,0.09765625,0.0,0.09765625
2024-11-03 21:45:00,0.0,0.0,0.40234375,0.0999755859375,0.3023681640625
2024-11-03 22:00:00,0.0,0.0,0.09765625,0.0,0.09765625
2024-11-03 22:15:00,0.099853515625,0.0,0.19921875,0.0,0.099365234375
2024-11-03 22:30:00,0.0,0.0,0.203125,0.0,0.203125
2024-11-03 23:15:00,0.0,0.0,0.59765625,0.0,0.59765625
2024-11-03 23:30:00,0.10009765625,0.0,0.1015625,0.0,0.00146484375
2024-11-03 23:45:00,0.0,0.0,0.30078125,0.0,0.30078125
2024-11-04 00:15:00,0.0,0.0,0.296875,0.0,0.296875
2024-11-04 00:30:00,0.0,0.0,0.203125,0.0,0.203125
2024-11-04 00:45:00,0.0,0.0,0.296875,0.0999755859375,0.1968994140625
2024-11-04 01:15:00,0.099853515625,0.0,0.40234375,0.0,0.302490234375
2024-11-04 01:30:00,0.0,0.0,0.19921875,0.0,0.19921875
2024-11-04 01:45:00,0.0,0.0,0.3984375,0.0,0.3984375
2024-11-04 02:00:00,0.0,0.0,0.1015625,0.0,0.1015625
2024-11-04 02:15:00,0.10009765625,0.0,0.30078125,0.0,0.20068359375
2024-11-04 02:30:00,0.0,0.0,0.0,0.0,0.0
2024-11-04 02:45:00,0.0,0.0,0.19921875,0.0,0.19921875
2024-11-04 03:30:00,0.10009765625,0.0,0.80078125,0.0,0.70068359375
2024-11-04 03:45:00,0.0,0.0,0.19921875,0.10003662109375,0.09918212890625
2024-11-04 04:00:00,0.0,0.0,0.19921875,0.0,0.19921875
2024-11-04 04:45:00,0.0,0.10009765625,0.6015625,0.0,0.50146484375
2024-11-04 05:00:00,0.0,0.10009765625,0.19921875,0.0,0.09912109375
2024-11-04 05:15:00,0.099853515625,0.0,0.19921875,0.0,0.099365234375
2024-11-04 05:30:00,0.0,0.099853515625,0.40234375,0.0,0.302490234375
2024-11-04 06:00:00,0.0,0.10009765625,0.59765625,0.0,0.49755859375
2024-11-04 06:15:00,0.0,0.099853515625,0.1015625,0.0,0.001708984375
2024-11-04 06:30:00,0.10009765625,0.0,0.30078125,0.0,0.20068359375
2024-11-04 07:00:00,0.0,0.400390625,1.0,0.0999755859375,0.4996337890625
2024-11-04 07:15:00,0.0,0.60009765625,1.0,0.0,0.39990234375
2024-11-04 07:30:00,0.0,0.19946289062136202,0.296875,0.0,0.09741210937863798
2024-11-04 08:00:00,0.099853515625,1.200195312503638,1.80078125,0.0,0.500732421871362
2024-11-04 08:15:00,0.0,0.69989013671875,1.1015625,0.0,0.40167236328125
2024-11-04 08:30:00,0.0,1.1995849609375,1.80078125,0.0,0.6011962890625
2024-11-04 08:45:00,0.0,0.8004150390625,1.19921875,0.0,0.3988037109375
2024-11-04 09:00:00,0.0,0.099609375,0.3984375,0.0,0.298828125
2024-11-04 09:45:00,0.10009765625,2.6005859375,4.69921875,0.0,1.99853515625
2024-11-04 10:00:00,0.0,0.7000732421875,1.40234375,0.10003662109375,0.60223388671875
2024-11-04 10:15:00,0.0,0.699462890628638,1.3984375,0.0,0.698974609371362
2024-11-04 11:30:00,0.10009765625,3.400268554683862,6.80078125,0.0,3.300415039066138
2024-11-04 11:45:00,0.0,0.699951171875,1.19921875,0.0,0.499267578125
2024-11-04 12:00:00,0.099853515625,0.7996826171875,1.1015625,0.0,0.2020263671875
2024-11-04 12:30:00,0.0,1.199951171875,2.30078125,0.0,1.100830078125
2024-11-04 13:30:00,0.10009765625,2.199951171875,4.5,0.0999755859375,2.0999755859375
2024-11-04 13:45:00,0.0,0.60107421875,1.19921875,0.0,0.59814453125
2024-11-04 14:00:00,0.0,0.9996337890625,1.8984375,0.0,0.8988037109375
2024-11-04 15:00:00,0.099853515625,2.7001953125,4.80078125,0.0,2.000732421875
2024-11-04 15:30:00,0.0,1.0992431640625,2.19921875,0.0,1.0999755859375
2024-11-04 15:45:00,0.0,0.7000732421875,1.30078125,0.0,0.6007080078125
2024-11-04 16:15:00,0.10009765625,1.60028076171875,3.19921875,0.0999755859375,1.39886474609375
2024-11-04 16:30:00,0.0,0.7996826171875,1.40234375,0.0,0.6026611328125
2024-11-04 16:45:00,0.0,0.40032958984375,0.8984375,0.0,0.49810791015625
2024-11-04 17:15:00,0.0,1.300048828125,2.69921875,0.0,1.399169921875
2024-11-04 17:45:00,0.10009765625,1.499755859375,2.5,0.0,0.900146484375
2024-11-04 18:00:00,0.0,0.5,1.19921875,0.0,0.69921875
2024-11-04 19:00:00,0.0,2.600341796875,4.5,0.0,1.899658203125
2024-11-04 19:15:00,0.099853515625,1.099365234375,1.80078125,0.10003662109375,0.50152587890625
2024-11-04 19:30:00,0.0,0.60009765625,0.90234375,0.0,0.30224609375
2024-11-04 19:45:00,0.0,0.20068359375,0.19921875,0.0,-0.00146484375
